{
"type": "FeatureCollection",
"name": "11",
"features": [
{ "type": "Feature", "properties": { "Name": null, "Shape_Leng": 25.109632957799999, "VALIDATION_ERRORS": [ ] }, "geometry": { "type": "LineString", "coordinates": [ [ 380279.39000000001397, 5025475.21999999973923 ], [ 382162.849999999976717, 5025014.46999999973923 ], [ 382395.0, 5024929.759999999776483 ], [ 382626.299999999988358, 5024843.360000000335276 ], [ 382856.080000000016298, 5024753.5 ], [ 383083.650000000023283, 5024658.429999999701977 ], [ 383322.21999999997206, 5024550.46999999973923 ], [ 383557.960000000020955, 5024436.309999999590218 ], [ 383791.599999999976717, 5024317.5 ], [ 384023.89000000001397, 5024195.549999999813735 ], [ 384255.580000000016298, 5024072.009999999776483 ] ] } },
{ "type": "Feature", "properties": { "Name": null, "Shape_Leng": 25.109632957799999, "VALIDATION_ERRORS": [ ] }, "geometry": { "type": "LineString", "coordinates": [ [ 386055.32, 5025684.660000000149012 ], [ 386309.849999999976717, 5025650.559999999590218 ], [ 386564.330000000016298, 5025616.929999999701977 ], [ 386818.789999999979045, 5025584.269999999552965 ], [ 387073.24, 5025553.04 ], [ 387327.700000000011642, 5025523.71999999973923 ], [ 387582.18, 5025496.799999999813735 ], [ 387836.71999999997206, 5025472.759999999776483 ], [ 388091.31, 5025452.059999999590218 ], [ 388345.99, 5025435.200000000186265 ], [ 388600.770000000018626, 5025422.650000000372529 ], [ 388855.669999999983702, 5025414.889999999664724 ], [ 389110.700000000011642, 5025412.389999999664724 ], [ 389352.44, 5025415.139999999664724 ], [ 389594.19, 5025422.339999999850988 ], [ 389835.960000000020955, 5025433.29 ], [ 390077.74, 5025447.269999999552965 ], [ 390319.549999999988358, 5025463.589999999850988 ], [ 390561.39000000001397, 5025481.53000000026077 ], [ 390803.26, 5025500.400000000372529 ], [ 391045.18, 5025519.46999999973923 ], [ 391287.14000000001397, 5025538.049999999813735 ], [ 391546.270000000018626, 5025556.78000000026077 ], [ 391805.289999999979045, 5025574.299999999813735 ], [ 392064.25, 5025590.78000000026077 ], [ 392323.169999999983702, 5025606.400000000372529 ], [ 392582.06, 5025621.33 ], [ 392840.96999999997206, 5025635.740000000223517 ], [ 393099.919999999983702, 5025649.809999999590218 ], [ 393358.94, 5025663.71 ] ] } },
{ "type": "Feature", "properties": { "Name": null, "Shape_Leng": 25.109632957799999, "VALIDATION_ERRORS": [ ] }, "geometry": { "type": "LineString", "coordinates": [ [ 387855.06, 5026899.379999999888241 ], [ 388081.789999999979045, 5026714.610000000335276 ], [ 388310.35999999998603, 5026533.139999999664724 ], [ 388542.76, 5026358.190000000409782 ], [ 388780.96999999997206, 5026192.96999999973923 ], [ 389026.99, 5026040.700000000186265 ], [ 389275.38, 5025906.740000000223517 ], [ 389530.549999999988358, 5025784.410000000149012 ], [ 389790.299999999988358, 5025669.799999999813735 ], [ 390052.43, 5025559.0 ] ] } },
{ "type": "Feature", "properties": { "Name": null, "Shape_Leng": 25.109632957799999, "VALIDATION_ERRORS": [ ] }, "geometry": { "type": "LineString", "coordinates": [ [ 381828.01, 5022333.71 ], [ 382077.979999999981374, 5022321.120000000111759 ], [ 382327.479999999981374, 5022311.269999999552965 ], [ 382576.159999999974389, 5022306.929999999701977 ], [ 382823.69, 5022310.870000000111759 ], [ 383069.700000000011642, 5022325.849999999627471 ], [ 383313.849999999976717, 5022354.650000000372529 ], [ 383550.289999999979045, 5022398.019999999552965 ], [ 383784.51, 5022455.17 ], [ 384016.580000000016298, 5022524.139999999664724 ], [ 384246.60999999998603, 5022602.92 ], [ 384474.669999999983702, 5022689.519999999552965 ], [ 384700.849999999976717, 5022781.96 ], [ 384925.25, 5022878.240000000223517 ], [ 385183.520000000018626, 5022992.589999999850988 ], [ 385439.770000000018626, 5023108.879999999888241 ], [ 385694.539999999979045, 5023226.639999999664724 ], [ 385948.37, 5023345.389999999664724 ], [ 386201.81, 5023464.650000000372529 ] ] } },
{ "type": "Feature", "properties": { "Name": null, "Shape_Leng": 25.109632957799999, "VALIDATION_ERRORS": [ ] }, "geometry": { "type": "LineString", "coordinates": [ [ 385615.849999999976717, 5023087.67 ], [ 385876.82, 5023037.230000000447035 ], [ 386137.82, 5022987.67 ], [ 386399.01, 5022939.849999999627471 ], [ 386660.57, 5022894.620000000111759 ], [ 386922.64000000001397, 5022852.849999999627471 ], [ 387185.39000000001397, 5022815.410000000149012 ], [ 387431.64000000001397, 5022784.820000000298023 ], [ 387678.31, 5022757.870000000111759 ], [ 387925.31, 5022733.660000000149012 ], [ 388172.599999999976717, 5022711.25 ], [ 388420.099999999976717, 5022689.75 ] ] } },
{ "type": "Feature", "properties": { "Name": null, "Shape_Leng": 25.109632957799999, "VALIDATION_ERRORS": [ ] }, "geometry": { "type": "LineString", "coordinates": [ [ 384130.01, 5022480.309999999590218 ], [ 384383.93, 5022411.820000000298023 ], [ 384637.76, 5022343.25 ], [ 384891.49, 5022274.490000000223517 ], [ 385145.099999999976717, 5022205.440000000409782 ], [ 385398.580000000016298, 5022135.980000000447035 ], [ 385651.94, 5022066.009999999776483 ], [ 385905.14000000001397, 5021995.429999999701977 ], [ 386158.200000000011642, 5021924.139999999664724 ], [ 386411.080000000016298, 5021852.009999999776483 ], [ 386654.18, 5021781.799999999813735 ], [ 386897.01, 5021710.929999999701977 ], [ 387139.659999999974389, 5021639.570000000298023 ], [ 387382.24, 5021567.870000000111759 ], [ 387624.87, 5021495.96999999973923 ] ] } },
{ "type": "Feature", "properties": { "Name": null, "Shape_Leng": 25.109632957799999, "VALIDATION_ERRORS": [ ] }, "geometry": { "type": "LineString", "coordinates": [ [ 397188.63, 5024993.519999999552965 ], [ 397099.210000000020955, 5024743.259999999776483 ], [ 397010.03000000002794, 5024492.980000000447035 ], [ 396921.299999999988358, 5024242.610000000335276 ], [ 396833.229999999981374, 5023992.070000000298023 ], [ 396746.039999999979045, 5023741.259999999776483 ], [ 396659.93, 5023490.099999999627471 ], [ 396575.12, 5023238.509999999776483 ], [ 396491.82, 5022986.410000000149012 ], [ 396410.25, 5022733.700000000186265 ], [ 396330.60999999998603, 5022480.309999999590218 ], [ 396255.57, 5022234.75 ], [ 396182.090000000025611, 5021988.79 ], [ 396109.62, 5021742.509999999776483 ], [ 396037.63, 5021495.96999999973923 ] ] } },
{ "type": "Feature", "properties": { "Name": null, "Shape_Leng": 25.109632957799999, "VALIDATION_ERRORS": [ ] }, "geometry": { "type": "LineString", "coordinates": [ [ 380363.099999999976717, 5019380.690000000409782 ], [ 380607.909999999974389, 5019229.099999999627471 ], [ 380851.950000000011642, 5019076.690000000409782 ], [ 381094.56, 5018922.549999999813735 ], [ 381335.06, 5018765.769999999552965 ], [ 381572.799999999988358, 5018605.46999999973923 ], [ 381807.090000000025611, 5018440.740000000223517 ], [ 382037.28000000002794, 5018270.690000000409782 ], [ 382301.25, 5018063.820000000298023 ], [ 382559.39000000001397, 5017849.679999999701977 ], [ 382812.63, 5017629.360000000335276 ], [ 383061.93, 5017404.009999999776483 ], [ 383308.21999999997206, 5017174.730000000447035 ], [ 383552.450000000011642, 5016942.650000000372529 ], [ 383795.56, 5016708.900000000372529 ], [ 384038.5, 5016474.589999999850988 ], [ 384282.210000000020955, 5016240.849999999627471 ], [ 384527.63, 5016008.79 ], [ 384776.96999999997206, 5015778.179999999701977 ], [ 385029.150000000023283, 5015551.059999999590218 ], [ 385284.5, 5015327.96 ], [ 385543.340000000025611, 5015109.429999999701977 ], [ 385806.020000000018626, 5014895.96999999973923 ], [ 386072.85999999998603, 5014688.139999999664724 ], [ 386344.19, 5014486.450000000186265 ], [ 386620.35999999998603, 5014291.429999999701977 ], [ 386867.580000000016298, 5014125.58 ], [ 387118.229999999981374, 5013964.849999999627471 ], [ 387371.89000000001397, 5013808.700000000186265 ], [ 387628.169999999983702, 5013656.549999999813735 ], [ 387886.650000000023283, 5013507.839999999850988 ], [ 388146.919999999983702, 5013362.0 ], [ 388408.580000000016298, 5013218.490000000223517 ], [ 388671.229999999981374, 5013076.71999999973923 ], [ 388933.49, 5012936.740000000223517 ], [ 389196.099999999976717, 5012797.879999999888241 ], [ 389459.0, 5012659.929999999701977 ], [ 389722.159999999974389, 5012522.690000000409782 ], [ 389985.549999999988358, 5012385.96999999973923 ], [ 390249.12, 5012249.58 ], [ 390512.830000000016298, 5012113.320000000298023 ] ] } },
{ "type": "Feature", "properties": { "Name": null, "Shape_Leng": 25.109632957799999, "VALIDATION_ERRORS": [ ] }, "geometry": { "type": "LineString", "coordinates": [ [ 390889.520000000018626, 5014835.96 ], [ 390839.96999999997206, 5014595.75 ], [ 390791.75, 5014355.490000000223517 ], [ 390746.159999999974389, 5014115.03000000026077 ], [ 390704.53000000002794, 5013874.21999999973923 ], [ 390668.169999999983702, 5013632.879999999888241 ], [ 390638.39000000001397, 5013390.870000000111759 ], [ 390616.159999999974389, 5013148.259999999776483 ], [ 390600.960000000020955, 5012905.070000000298023 ], [ 390591.900000000023283, 5012661.360000000335276 ], [ 390588.12, 5012417.21 ], [ 390588.729999999981374, 5012172.660000000149012 ], [ 390592.849999999976717, 5011927.78000000026077 ], [ 390599.590000000025611, 5011682.639999999664724 ], [ 390608.090000000025611, 5011437.29 ], [ 390617.460000000020955, 5011191.809999999590218 ] ] } },
{ "type": "Feature", "properties": { "Name": null, "Shape_Leng": 25.109632957799999, "VALIDATION_ERRORS": [ ] }, "geometry": { "type": "LineString", "coordinates": [ [ 380321.25, 5015631.809999999590218 ], [ 380557.479999999981374, 5015599.46 ], [ 380793.830000000016298, 5015566.96 ], [ 381030.5, 5015534.160000000149012 ], [ 381267.69, 5015500.870000000111759 ], [ 381505.590000000025611, 5015466.940000000409782 ], [ 381744.419999999983702, 5015432.190000000409782 ], [ 381984.37, 5015396.450000000186265 ], [ 382225.63, 5015359.549999999813735 ], [ 382463.49, 5015320.08 ], [ 382695.909999999974389, 5015268.04 ], [ 382916.229999999981374, 5015192.0 ], [ 383170.68, 5015049.990000000223517 ], [ 383402.78000000002794, 5014866.03000000026077 ], [ 383620.669999999983702, 5014654.639999999664724 ], [ 383832.460000000020955, 5014430.349999999627471 ], [ 384046.299999999988358, 5014207.660000000149012 ], [ 384267.28000000002794, 5013999.67 ], [ 384497.01, 5013806.019999999552965 ], [ 384734.49, 5013624.990000000223517 ], [ 384978.69, 5013454.889999999664724 ], [ 385228.590000000025611, 5013293.980000000447035 ], [ 385483.169999999983702, 5013140.570000000298023 ], [ 385741.409999999974389, 5012992.940000000409782 ], [ 385965.340000000025611, 5012869.589999999850988 ], [ 386190.74, 5012748.799999999813735 ], [ 386417.349999999976717, 5012630.059999999590218 ], [ 386644.900000000023283, 5012512.839999999850988 ], [ 386873.099999999976717, 5012396.620000000111759 ], [ 387101.68, 5012280.870000000111759 ] ] } },
{ "type": "Feature", "properties": { "Name": null, "Shape_Leng": 25.109632957799999, "VALIDATION_ERRORS": [ ] }, "geometry": { "type": "LineString", "coordinates": [ [ 383355.700000000011642, 5017035.019999999552965 ], [ 383083.650000000023283, 5015129.17 ] ] } },
{ "type": "Feature", "properties": { "Name": null, "Shape_Leng": 25.109632957799999, "VALIDATION_ERRORS": [ ] }, "geometry": { "type": "LineString", "coordinates": [ [ 380907.210000000020955, 5019820.5 ], [ 381147.909999999974389, 5019746.820000000298023 ], [ 381388.799999999988358, 5019673.799999999813735 ], [ 381630.14000000001397, 5019602.059999999590218 ], [ 381872.159999999974389, 5019532.240000000223517 ], [ 382115.13, 5019464.980000000447035 ], [ 382359.289999999979045, 5019400.889999999664724 ], [ 382604.900000000023283, 5019340.620000000111759 ], [ 382852.210000000020955, 5019284.799999999813735 ], [ 383101.46999999997206, 5019234.049999999813735 ], [ 383352.919999999983702, 5019189.009999999776483 ], [ 383606.830000000016298, 5019150.309999999590218 ], [ 383862.44, 5019117.599999999627471 ], [ 384118.12, 5019086.120000000111759 ], [ 384371.43, 5019050.110000000335276 ], [ 384619.919999999983702, 5019003.79 ], [ 384861.150000000023283, 5018941.379999999888241 ], [ 385092.669999999983702, 5018857.099999999627471 ], [ 385356.950000000011642, 5018721.059999999590218 ], [ 385606.830000000016298, 5018552.860000000335276 ], [ 385845.950000000011642, 5018360.54 ], [ 386077.94, 5018152.110000000335276 ], [ 386306.450000000011642, 5017935.589999999850988 ] ] } },
{ "type": "Feature", "properties": { "Name": null, "Shape_Leng": 25.109632957799999, "VALIDATION_ERRORS": [ ] }, "geometry": { "type": "LineString", "coordinates": [ [ 385281.01, 5021286.54 ], [ 385494.049999999988358, 5021034.900000000372529 ], [ 385701.93, 5020780.28000000026077 ], [ 385899.549999999988358, 5020519.54 ], [ 386081.830000000016298, 5020249.53000000026077 ], [ 386243.669999999983702, 5019967.099999999627471 ], [ 386344.68, 5019755.509999999776483 ], [ 386432.650000000023283, 5019537.42 ], [ 386507.789999999979045, 5019314.120000000111759 ], [ 386570.299999999988358, 5019086.92 ], [ 386620.35999999998603, 5018857.099999999627471 ], [ 386660.62, 5018609.129999999888241 ], [ 386688.299999999988358, 5018360.009999999776483 ], [ 386704.979999999981374, 5018109.879999999888241 ], [ 386712.229999999981374, 5017858.849999999627471 ], [ 386711.62, 5017607.08 ], [ 386704.75, 5017354.700000000186265 ], [ 386693.169999999983702, 5017101.839999999850988 ], [ 386678.460000000020955, 5016848.629999999888241 ], [ 386662.210000000020955, 5016595.21 ] ] } },
{ "type": "Feature", "properties": { "Name": null, "Shape_Leng": 25.109632957799999, "VALIDATION_ERRORS": [ ] }, "geometry": { "type": "LineString", "coordinates": [ [ 386139.03000000002794, 5020511.629999999888241 ], [ 386386.37, 5020496.860000000335276 ], [ 386633.0, 5020479.839999999850988 ], [ 386878.31, 5020458.29 ], [ 387121.69, 5020429.940000000409782 ], [ 387362.53000000002794, 5020392.5 ], [ 387600.21999999997206, 5020343.700000000186265 ], [ 387834.14000000001397, 5020281.25 ], [ 388078.87, 5020198.190000000409782 ], [ 388319.44, 5020100.71 ], [ 388556.94, 5019992.400000000372529 ], [ 388792.43, 5019876.849999999627471 ], [ 389026.99, 5019757.67 ] ] } },
{ "type": "Feature", "properties": { "Name": null, "Shape_Leng": 25.109632957799999, "VALIDATION_ERRORS": [ ] }, "geometry": { "type": "LineString", "coordinates": [ [ 384653.19, 5016343.889999999664724 ], [ 384916.76, 5016272.679999999701977 ], [ 385180.39000000001397, 5016203.129999999888241 ], [ 385444.200000000011642, 5016136.929999999701977 ], [ 385708.349999999976717, 5016075.75 ], [ 385972.96999999997206, 5016021.28000000026077 ], [ 386238.19, 5015975.200000000186265 ], [ 386504.159999999974389, 5015939.190000000409782 ], [ 386771.020000000018626, 5015914.92 ], [ 387038.900000000023283, 5015904.08 ], [ 387295.26, 5015907.42 ], [ 387551.89000000001397, 5015923.769999999552965 ], [ 387808.169999999983702, 5015952.440000000409782 ], [ 388063.51, 5015992.730000000447035 ], [ 388317.28000000002794, 5016043.940000000409782 ], [ 388568.89000000001397, 5016105.379999999888241 ], [ 388817.71999999997206, 5016176.339999999850988 ], [ 389064.10999999998603, 5016256.360000000335276 ], [ 389307.299999999988358, 5016344.129999999888241 ], [ 389547.700000000011642, 5016438.570000000298023 ], [ 389785.71999999997206, 5016538.570000000298023 ], [ 390021.76, 5016643.03000000026077 ], [ 390256.229999999981374, 5016750.849999999627471 ], [ 390489.539999999979045, 5016860.940000000409782 ], [ 390722.099999999976717, 5016972.190000000409782 ], [ 390981.840000000025611, 5017096.599999999627471 ], [ 391242.200000000011642, 5017219.240000000223517 ], [ 391504.549999999988358, 5017338.309999999590218 ], [ 391770.200000000011642, 5017452.04 ], [ 392040.520000000018626, 5017558.610000000335276 ], [ 392302.210000000020955, 5017650.099999999627471 ], [ 392567.700000000011642, 5017723.299999999813735 ], [ 392835.75, 5017768.04 ], [ 393078.60999999998603, 5017777.660000000149012 ], [ 393322.12, 5017761.08 ], [ 393566.200000000011642, 5017723.549999999813735 ], [ 393810.71999999997206, 5017670.309999999590218 ], [ 394055.580000000016298, 5017606.599999999627471 ], [ 394300.659999999974389, 5017537.67 ] ] } },
{ "type": "Feature", "properties": { "Name": null, "Shape_Leng": 25.109632957799999, "VALIDATION_ERRORS": [ ] }, "geometry": { "type": "LineString", "coordinates": [ [ 386976.12, 5019296.910000000149012 ], [ 387117.94, 5019061.019999999552965 ], [ 387261.10999999998603, 5018826.129999999888241 ], [ 387407.06, 5018593.150000000372529 ], [ 387557.229999999981374, 5018362.96999999973923 ], [ 387713.06, 5018136.5 ], [ 387875.99, 5017914.650000000372529 ], [ 388067.99, 5017673.440000000409782 ], [ 388271.06, 5017441.53000000026077 ], [ 388485.85999999998603, 5017221.03000000026077 ], [ 388713.080000000016298, 5017014.08 ], [ 388969.94, 5016808.5 ], [ 389236.62, 5016615.089999999850988 ], [ 389508.32, 5016427.660000000149012 ] ] } },
{ "type": "Feature", "properties": { "Name": null, "Shape_Leng": 25.109632957799999, "VALIDATION_ERRORS": [ ] }, "geometry": { "type": "LineString", "coordinates": [ [ 392982.25, 5020700.120000000111759 ], [ 393102.69, 5020453.879999999888241 ], [ 393222.24, 5020207.049999999813735 ], [ 393340.06, 5019958.990000000223517 ], [ 393455.330000000016298, 5019709.009999999776483 ], [ 393567.210000000020955, 5019456.440000000409782 ], [ 393674.87, 5019200.620000000111759 ], [ 393777.479999999981374, 5018940.870000000111759 ], [ 393877.32, 5018672.559999999590218 ], [ 393978.37, 5018405.17 ], [ 394088.090000000025611, 5018144.190000000409782 ], [ 394213.960000000020955, 5017895.08 ], [ 394363.44, 5017663.33 ], [ 394564.830000000016298, 5017428.610000000335276 ], [ 394795.35999999998603, 5017215.610000000335276 ], [ 395045.37, 5017017.04 ], [ 395305.169999999983702, 5016825.589999999850988 ] ] } },
{ "type": "Feature", "properties": { "Name": null, "Shape_Leng": 25.109632957799999, "VALIDATION_ERRORS": [ ] }, "geometry": { "type": "LineString", "coordinates": [ [ 382665.099999999976717, 5011505.96 ], [ 382906.770000000018626, 5011466.46 ], [ 383148.44, 5011427.78000000026077 ], [ 383390.200000000011642, 5011390.759999999776483 ], [ 383632.159999999974389, 5011356.200000000186265 ], [ 383874.419999999983702, 5011324.940000000409782 ], [ 384117.07, 5011297.79 ], [ 384360.210000000020955, 5011275.58 ], [ 384596.64000000001397, 5011259.33 ], [ 384833.39000000001397, 5011248.110000000335276 ], [ 385070.400000000023283, 5011241.490000000223517 ], [ 385307.63, 5011239.070000000298023 ], [ 385545.0, 5011240.440000000409782 ], [ 385782.46999999997206, 5011245.190000000409782 ], [ 386019.960000000020955, 5011252.900000000372529 ], [ 386257.419999999983702, 5011263.17 ], [ 386494.789999999979045, 5011275.58 ], [ 386742.99, 5011290.46999999973923 ], [ 386990.909999999974389, 5011307.089999999850988 ], [ 387238.580000000016298, 5011325.269999999552965 ], [ 387486.049999999988358, 5011344.83 ], [ 387733.340000000025611, 5011365.599999999627471 ], [ 387980.49, 5011387.410000000149012 ], [ 388227.53000000002794, 5011410.089999999850988 ], [ 388474.51, 5011433.450000000186265 ], [ 388721.44, 5011457.33 ], [ 388968.37, 5011481.559999999590218 ], [ 389215.340000000025611, 5011505.96 ] ] } },
{ "type": "Feature", "properties": { "Name": null, "Shape_Leng": 25.109632957799999, "VALIDATION_ERRORS": [ ] }, "geometry": { "type": "LineString", "coordinates": [ [ 382539.539999999979045, 5009306.900000000372529 ], [ 382799.919999999983702, 5009282.200000000186265 ], [ 383060.19, 5009258.480000000447035 ], [ 383320.31, 5009236.740000000223517 ], [ 383580.270000000018626, 5009217.96999999973923 ], [ 383840.020000000018626, 5009203.160000000149012 ], [ 384099.53000000002794, 5009193.29 ], [ 384358.76, 5009189.370000000111759 ], [ 384617.700000000011642, 5009192.370000000111759 ], [ 384876.289999999979045, 5009203.29 ], [ 385134.520000000018626, 5009223.120000000111759 ], [ 385375.080000000016298, 5009249.820000000298023 ], [ 385615.349999999976717, 5009281.650000000372529 ], [ 385855.580000000016298, 5009315.129999999888241 ], [ 386096.020000000018626, 5009346.78000000026077 ], [ 386336.909999999974389, 5009373.120000000111759 ], [ 386578.5, 5009390.67 ], [ 386834.94, 5009397.740000000223517 ], [ 387091.64000000001397, 5009398.559999999590218 ], [ 387348.13, 5009400.679999999701977 ], [ 387603.94, 5009411.620000000111759 ], [ 387871.85999999998603, 5009438.679999999701977 ], [ 388138.549999999988358, 5009479.269999999552965 ], [ 388404.37, 5009528.839999999850988 ], [ 388669.700000000011642, 5009582.820000000298023 ], [ 388934.909999999974389, 5009636.679999999701977 ], [ 389200.38, 5009685.839999999850988 ], [ 389466.460000000020955, 5009725.769999999552965 ], [ 389718.96999999997206, 5009751.740000000223517 ], [ 389972.14000000001397, 5009766.490000000223517 ], [ 390225.909999999974389, 5009771.120000000111759 ], [ 390480.229999999981374, 5009766.78000000026077 ], [ 390735.03000000002794, 5009754.570000000298023 ], [ 390990.26, 5009735.620000000111759 ], [ 391245.85999999998603, 5009711.059999999590218 ], [ 391501.770000000018626, 5009682.019999999552965 ], [ 391757.919999999983702, 5009649.599999999627471 ], [ 392014.25, 5009614.940000000409782 ], [ 392270.71999999997206, 5009579.160000000149012 ] ] } },
{ "type": "Feature", "properties": { "Name": null, "Shape_Leng": 25.109632957799999, "VALIDATION_ERRORS": [ ] }, "geometry": { "type": "LineString", "coordinates": [ [ 389592.03000000002794, 5008050.29 ], [ 389837.31, 5008107.230000000447035 ], [ 390082.549999999988358, 5008164.259999999776483 ], [ 390327.770000000018626, 5008221.5 ], [ 390572.99, 5008279.04 ], [ 390818.25, 5008337.009999999776483 ], [ 391063.549999999988358, 5008395.5 ], [ 391308.93, 5008454.620000000111759 ], [ 391554.400000000023283, 5008514.480000000447035 ], [ 391800.0, 5008575.179999999701977 ], [ 392045.74, 5008636.83 ], [ 392291.650000000023283, 5008699.54 ], [ 392529.28000000002794, 5008760.639999999664724 ], [ 392767.14000000001397, 5008819.570000000298023 ], [ 393005.46999999997206, 5008873.070000000298023 ], [ 393244.51, 5008917.910000000149012 ], [ 393484.5, 5008950.860000000335276 ], [ 393730.669999999983702, 5008969.75 ], [ 393977.74, 5008974.79 ], [ 394225.599999999976717, 5008967.96999999973923 ], [ 394474.12, 5008951.269999999552965 ], [ 394723.200000000011642, 5008926.660000000149012 ], [ 394972.710000000020955, 5008896.129999999888241 ], [ 395222.549999999988358, 5008861.650000000372529 ], [ 395472.590000000025611, 5008825.200000000186265 ] ] } },
{ "type": "Feature", "properties": { "Name": null, "Shape_Leng": 25.109632957799999, "VALIDATION_ERRORS": [ ] }, "geometry": { "type": "LineString", "coordinates": [ [ 383899.81, 5007589.54 ], [ 384143.909999999974389, 5007510.79 ], [ 384388.12, 5007432.889999999664724 ], [ 384632.659999999974389, 5007356.679999999701977 ], [ 384877.729999999981374, 5007283.0 ], [ 385123.53000000002794, 5007212.700000000186265 ], [ 385370.270000000018626, 5007146.620000000111759 ], [ 385618.14000000001397, 5007085.610000000335276 ], [ 385867.349999999976717, 5007030.519999999552965 ], [ 386118.099999999976717, 5006982.179999999701977 ], [ 386366.549999999988358, 5006941.849999999627471 ], [ 386616.26, 5006908.79 ], [ 386867.0, 5006882.860000000335276 ], [ 387118.5, 5006863.96999999973923 ], [ 387370.51, 5006852.0 ], [ 387622.789999999979045, 5006846.849999999627471 ], [ 387875.080000000016298, 5006848.389999999664724 ], [ 388127.12, 5006856.519999999552965 ], [ 388376.979999999981374, 5006870.940000000409782 ], [ 388626.21999999997206, 5006891.240000000223517 ], [ 388874.900000000023283, 5006916.900000000372529 ], [ 389123.03000000002794, 5006947.429999999701977 ], [ 389370.659999999974389, 5006982.309999999590218 ], [ 389617.81, 5007021.03000000026077 ], [ 389864.520000000018626, 5007063.08 ], [ 390110.830000000016298, 5007107.96 ], [ 390356.770000000018626, 5007155.150000000372529 ], [ 390602.37, 5007204.150000000372529 ], [ 390847.659999999974389, 5007254.440000000409782 ], [ 391103.46999999997206, 5007307.870000000111759 ], [ 391358.900000000023283, 5007361.980000000447035 ], [ 391614.080000000016298, 5007416.599999999627471 ], [ 391869.150000000023283, 5007471.570000000298023 ], [ 392124.229999999981374, 5007526.71 ] ] } },
{ "type": "Feature", "properties": { "Name": null, "Shape_Leng": 25.109632957799999, "VALIDATION_ERRORS": [ ] }, "geometry": { "type": "LineString", "coordinates": [ [ 380279.39000000001397, 5006165.379999999888241 ], [ 380522.60999999998603, 5006161.92 ], [ 380765.669999999983702, 5006157.690000000409782 ], [ 381008.49, 5006151.889999999664724 ], [ 381250.99, 5006143.730000000447035 ], [ 381493.090000000025611, 5006132.410000000149012 ], [ 381734.700000000011642, 5006117.139999999664724 ], [ 381975.75, 5006097.139999999664724 ], [ 382216.150000000023283, 5006071.599999999627471 ], [ 382455.830000000016298, 5006039.71999999973923 ], [ 382703.51, 5005999.360000000335276 ], [ 382950.07, 5005951.79 ], [ 383195.450000000011642, 5005897.389999999664724 ], [ 383439.57, 5005836.570000000298023 ], [ 383682.37, 5005769.730000000447035 ], [ 383923.76, 5005697.269999999552965 ], [ 384163.69, 5005619.589999999850988 ], [ 384402.07, 5005537.08 ], [ 384665.26, 5005440.75 ], [ 384927.44, 5005342.769999999552965 ], [ 385189.87, 5005246.879999999888241 ], [ 385453.799999999988358, 5005156.820000000298023 ], [ 385720.479999999981374, 5005076.33 ], [ 385981.419999999983702, 5005010.25 ], [ 386245.169999999983702, 5004954.17 ], [ 386511.039999999979045, 5004905.599999999627471 ], [ 386778.31, 5004862.08 ], [ 387046.28000000002794, 5004821.099999999627471 ], [ 387314.26, 5004780.200000000186265 ], [ 387581.520000000018626, 5004736.889999999664724 ], [ 387847.37, 5004688.690000000409782 ], [ 388111.099999999976717, 5004633.110000000335276 ], [ 388372.0, 5004567.679999999701977 ], [ 388629.37, 5004489.910000000149012 ], [ 388847.409999999974389, 5004412.200000000186265 ], [ 389063.26, 5004327.230000000447035 ], [ 389278.12, 5004238.589999999850988 ] ] } },
{ "type": "Feature", "properties": { "Name": null, "Shape_Leng": 25.109632957799999, "VALIDATION_ERRORS": [ ] }, "geometry": { "type": "LineString", "coordinates": [ [ 380928.14000000001397, 5000887.639999999664724 ], [ 381180.599999999976717, 5000852.129999999888241 ], [ 381433.06, 5000816.870000000111759 ], [ 381685.580000000016298, 5000782.099999999627471 ], [ 381938.210000000020955, 5000748.08 ], [ 382191.039999999979045, 5000715.049999999813735 ], [ 382444.13, 5000683.259999999776483 ], [ 382697.53000000002794, 5000652.96 ], [ 382951.330000000016298, 5000624.400000000372529 ], [ 383205.57, 5000597.83 ], [ 383460.340000000025611, 5000573.490000000223517 ], [ 383717.270000000018626, 5000551.519999999552965 ], [ 383974.539999999979045, 5000532.440000000409782 ], [ 384232.020000000018626, 5000516.620000000111759 ], [ 384489.599999999976717, 5000504.440000000409782 ], [ 384747.159999999974389, 5000496.269999999552965 ], [ 385004.580000000016298, 5000492.5 ], [ 385261.75, 5000493.480000000447035 ], [ 385518.549999999988358, 5000499.599999999627471 ], [ 385774.849999999976717, 5000511.240000000223517 ], [ 386030.549999999988358, 5000528.759999999776483 ], [ 386285.520000000018626, 5000552.549999999813735 ], [ 386540.580000000016298, 5000582.950000000186265 ], [ 386794.74, 5000619.559999999590218 ], [ 387048.080000000016298, 5000661.910000000149012 ], [ 387300.669999999983702, 5000709.509999999776483 ], [ 387552.580000000016298, 5000761.879999999888241 ], [ 387803.88, 5000818.549999999813735 ], [ 388054.650000000023283, 5000879.04 ], [ 388304.960000000020955, 5000942.870000000111759 ], [ 388554.89000000001397, 5001009.570000000298023 ], [ 388804.51, 5001078.660000000149012 ], [ 389053.88, 5001149.660000000149012 ], [ 389303.090000000025611, 5001222.089999999850988 ], [ 389552.200000000011642, 5001295.480000000447035 ], [ 389801.299999999988358, 5001369.339999999850988 ] ] } },
{ "type": "Feature", "properties": { "Name": null, "Shape_Leng": 25.109632957799999, "VALIDATION_ERRORS": [ ] }, "geometry": { "type": "LineString", "coordinates": [ [ 387959.700000000011642, 4998500.089999999850988 ], [ 388218.039999999979045, 4998573.889999999664724 ], [ 388476.349999999976717, 4998647.629999999888241 ], [ 388734.659999999974389, 4998721.29 ], [ 388993.0, 4998794.820000000298023 ], [ 389251.38, 4998868.179999999701977 ], [ 389509.82, 4998941.320000000298023 ], [ 389768.37, 4999014.21 ], [ 390027.020000000018626, 4999086.799999999813735 ], [ 390285.82, 4999159.059999999590218 ], [ 390544.78000000002794, 4999230.940000000409782 ], [ 390803.93, 4999302.400000000372529 ], [ 391063.289999999979045, 4999373.400000000372529 ], [ 391322.88, 4999443.900000000372529 ], [ 391582.729999999981374, 4999513.860000000335276 ], [ 391842.85999999998603, 4999583.230000000447035 ], [ 392103.299999999988358, 4999651.980000000447035 ], [ 392352.53000000002794, 4999717.0 ], [ 392602.0, 4999780.92 ], [ 392851.789999999979045, 4999843.28000000026077 ], [ 393101.950000000011642, 4999903.599999999627471 ], [ 393352.56, 4999961.42 ], [ 393603.68, 5000016.269999999552965 ], [ 393855.38, 5000067.67 ], [ 394107.710000000020955, 5000115.150000000372529 ], [ 394360.76, 5000158.259999999776483 ], [ 394614.57, 5000196.509999999776483 ], [ 394855.0, 5000227.92 ], [ 395095.960000000020955, 5000255.21 ], [ 395337.37, 5000279.019999999552965 ], [ 395579.159999999974389, 5000300.0 ], [ 395821.24, 5000318.79 ], [ 396063.539999999979045, 5000336.04 ], [ 396305.99, 5000352.389999999664724 ], [ 396548.5, 5000368.5 ], [ 396791.01, 5000385.0 ], [ 397051.53000000002794, 5000403.740000000223517 ], [ 397311.82, 5000423.490000000223517 ], [ 397571.919999999983702, 5000444.089999999850988 ], [ 397831.900000000023283, 5000465.370000000111759 ], [ 398091.82, 5000487.150000000372529 ], [ 398351.71999999997206, 5000509.29 ], [ 398611.68, 5000531.599999999627471 ] ] } },
{ "type": "Feature", "properties": { "Name": null, "Shape_Leng": 25.109632957799999, "VALIDATION_ERRORS": [ ] }, "geometry": { "type": "LineString", "coordinates": [ [ 380593.299999999988358, 4997348.200000000186265 ], [ 380856.080000000016298, 4997308.429999999701977 ], [ 381118.830000000016298, 4997268.78000000026077 ], [ 381381.57, 4997229.349999999627471 ], [ 381644.31, 4997190.259999999776483 ], [ 381907.06, 4997151.620000000111759 ], [ 382169.849999999976717, 4997113.54 ], [ 382432.669999999983702, 4997076.129999999888241 ], [ 382695.549999999988358, 4997039.490000000223517 ], [ 382958.5, 4997003.759999999776483 ], [ 383221.539999999979045, 4996969.019999999552965 ], [ 383484.669999999983702, 4996935.400000000372529 ], [ 383747.919999999983702, 4996903.0 ], [ 384011.289999999979045, 4996871.950000000186265 ], [ 384274.799999999988358, 4996842.339999999850988 ], [ 384538.460000000020955, 4996814.29 ], [ 384802.289999999979045, 4996787.910000000149012 ], [ 385066.299999999988358, 4996763.309999999590218 ], [ 385330.51, 4996740.599999999627471 ], [ 385594.919999999983702, 4996719.900000000372529 ], [ 385849.60999999998603, 4996701.92 ], [ 386104.400000000023283, 4996685.67 ], [ 386359.289999999979045, 4996670.92 ], [ 386614.270000000018626, 4996657.450000000186265 ], [ 386869.31, 4996645.009999999776483 ], [ 387124.409999999974389, 4996633.379999999888241 ], [ 387379.56, 4996622.33 ], [ 387634.74, 4996611.620000000111759 ], [ 387889.93, 4996601.019999999552965 ], [ 388145.14000000001397, 4996590.299999999813735 ], [ 388400.330000000016298, 4996579.230000000447035 ], [ 388655.5, 4996567.58 ], [ 388910.64000000001397, 4996555.099999999627471 ], [ 389165.74, 4996541.58 ], [ 389420.770000000018626, 4996526.78000000026077 ], [ 389675.74, 4996510.46 ], [ 389938.93, 4996491.860000000335276 ], [ 390201.94, 4996471.620000000111759 ], [ 390464.78000000002794, 4996449.929999999701977 ], [ 390727.51, 4996427.009999999776483 ], [ 390990.150000000023283, 4996403.049999999813735 ], [ 391252.729999999981374, 4996378.28000000026077 ], [ 391515.299999999988358, 4996352.879999999888241 ], [ 391777.88, 4996327.059999999590218 ], [ 392040.520000000018626, 4996301.03000000026077 ] ] } },
{ "type": "Feature", "properties": { "Name": null, "Shape_Leng": 25.109632957799999, "VALIDATION_ERRORS": [ ] }, "geometry": { "type": "LineString", "coordinates": [ [ 389633.88, 4994855.929999999701977 ], [ 389893.53000000002794, 4995017.379999999888241 ], [ 390153.450000000011642, 4995178.160000000149012 ], [ 390414.01, 4995337.639999999664724 ], [ 390675.549999999988358, 4995495.17 ], [ 390938.43, 4995650.110000000335276 ], [ 391203.0, 4995801.83 ], [ 391469.63, 4995949.67 ], [ 391738.650000000023283, 4996093.0 ], [ 392010.44, 4996231.179999999701977 ], [ 392285.340000000025611, 4996363.570000000298023 ], [ 392563.700000000011642, 4996489.519999999552965 ], [ 392808.340000000025611, 4996592.820000000298023 ], [ 393055.94, 4996688.549999999813735 ], [ 393306.78000000002794, 4996774.509999999776483 ], [ 393561.150000000023283, 4996848.519999999552965 ], [ 393819.340000000025611, 4996908.389999999664724 ], [ 394073.960000000020955, 4996952.230000000447035 ], [ 394330.64000000001397, 4996986.28000000026077 ], [ 394587.840000000025611, 4997016.240000000223517 ], [ 394844.0, 4997047.83 ], [ 395097.580000000016298, 4997086.769999999552965 ], [ 395347.03000000002794, 4997138.769999999552965 ], [ 395616.020000000018626, 4997216.21999999973923 ], [ 395879.18, 4997312.71 ], [ 396137.849999999976717, 4997424.509999999776483 ], [ 396393.349999999976717, 4997547.870000000111759 ], [ 396647.020000000018626, 4997679.03000000026077 ], [ 396900.18, 4997814.269999999552965 ], [ 397154.169999999983702, 4997949.809999999590218 ], [ 397410.32, 4998081.940000000409782 ], [ 397669.950000000011642, 4998206.879999999888241 ], [ 397899.18, 4998307.03000000026077 ], [ 398131.57, 4998398.360000000335276 ], [ 398366.799999999988358, 4998480.309999999590218 ], [ 398604.549999999988358, 4998552.349999999627471 ], [ 398844.5, 4998613.929999999701977 ], [ 399086.330000000016298, 4998664.5 ], [ 399329.710000000020955, 4998703.53000000026077 ], [ 399574.330000000016298, 4998730.46999999973923 ], [ 399838.020000000018626, 4998745.809999999590218 ], [ 400102.419999999983702, 4998748.96 ], [ 400367.419999999983702, 4998742.370000000111759 ], [ 400632.900000000023283, 4998728.490000000223517 ], [ 400898.729999999981374, 4998709.740000000223517 ], [ 401164.81, 4998688.58 ] ] } },
{ "type": "Feature", "properties": { "Name": null, "Shape_Leng": 25.109632957799999, "VALIDATION_ERRORS": [ ] }, "geometry": { "type": "LineString", "coordinates": [ [ 381179.270000000018626, 4995526.120000000111759 ], [ 381441.159999999974389, 4995509.820000000298023 ], [ 381702.99, 4995493.0 ], [ 381964.75, 4995475.129999999888241 ], [ 382226.44, 4995455.650000000372529 ], [ 382488.07, 4995434.03000000026077 ], [ 382749.62, 4995409.730000000447035 ], [ 383011.10999999998603, 4995382.200000000186265 ], [ 383272.53000000002794, 4995350.900000000372529 ], [ 383533.89000000001397, 4995315.28000000026077 ], [ 383795.18, 4995274.799999999813735 ], [ 384070.63, 4995226.25 ], [ 384345.14000000001397, 4995171.070000000298023 ], [ 384618.0, 4995108.58 ], [ 384888.51, 4995038.089999999850988 ], [ 385155.950000000011642, 4994958.929999999701977 ], [ 385419.62, 4994870.400000000372529 ], [ 385678.799999999988358, 4994771.820000000298023 ], [ 385932.789999999979045, 4994662.509999999776483 ], [ 386180.88, 4994541.78000000026077 ], [ 386445.729999999981374, 4994395.980000000447035 ], [ 386703.840000000025611, 4994238.070000000298023 ], [ 386956.580000000016298, 4994070.429999999701977 ], [ 387205.35999999998603, 4993895.450000000186265 ], [ 387451.539999999979045, 4993715.5 ], [ 387696.520000000018626, 4993532.950000000186265 ], [ 387941.69, 4993350.190000000409782 ], [ 388188.43, 4993169.599999999627471 ], [ 388438.12, 4992993.549999999813735 ], [ 388692.159999999974389, 4992824.42 ], [ 388949.830000000016298, 4992664.75 ], [ 389211.539999999979045, 4992512.019999999552965 ], [ 389475.82, 4992363.860000000335276 ], [ 389741.21999999997206, 4992217.950000000186265 ], [ 390006.28000000002794, 4992071.92 ], [ 390269.549999999988358, 4991923.440000000409782 ], [ 390529.57, 4991770.150000000372529 ], [ 390784.88, 4991609.700000000186265 ], [ 391044.49, 4991433.339999999850988 ], [ 391298.460000000020955, 4991248.570000000298023 ], [ 391548.039999999979045, 4991057.190000000409782 ], [ 391794.450000000011642, 4990860.990000000223517 ], [ 392038.909999999974389, 4990661.759999999776483 ], [ 392282.669999999983702, 4990461.29 ], [ 392526.950000000011642, 4990261.379999999888241 ], [ 392772.979999999981374, 4990063.820000000298023 ], [ 393022.0, 4989870.400000000372529 ], [ 393275.229999999981374, 4989682.910000000149012 ], [ 393532.210000000020955, 4989503.360000000335276 ], [ 393793.090000000025611, 4989329.639999999664724 ], [ 394056.63, 4989159.769999999552965 ], [ 394321.590000000025611, 4988991.769999999552965 ] ] } },
{ "type": "Feature", "properties": { "Name": null, "Shape_Leng": 25.109632957799999, "VALIDATION_ERRORS": [ ] }, "geometry": { "type": "LineString", "coordinates": [ [ 381011.849999999976717, 4988761.400000000372529 ], [ 381265.340000000025611, 4988755.129999999888241 ], [ 381518.60999999998603, 4988748.110000000335276 ], [ 381771.51, 4988739.589999999850988 ], [ 382023.88, 4988728.79 ], [ 382275.56, 4988714.940000000409782 ], [ 382526.38, 4988697.28000000026077 ], [ 382776.19, 4988675.03000000026077 ], [ 383024.82, 4988647.440000000409782 ], [ 383272.13, 4988613.71999999973923 ], [ 383517.94, 4988573.120000000111759 ], [ 383762.099999999976717, 4988524.870000000111759 ], [ 384004.450000000011642, 4988468.190000000409782 ], [ 384268.10999999998603, 4988395.769999999552965 ], [ 384529.39000000001397, 4988313.450000000186265 ], [ 384788.44, 4988222.299999999813735 ], [ 385045.400000000023283, 4988123.429999999701977 ], [ 385300.419999999983702, 4988017.900000000372529 ], [ 385553.650000000023283, 4987906.820000000298023 ], [ 385805.229999999981374, 4987791.269999999552965 ], [ 386055.32, 4987672.339999999850988 ], [ 386307.909999999974389, 4987548.75 ], [ 386558.13, 4987421.71999999973923 ], [ 386805.229999999981374, 4987290.059999999590218 ], [ 387048.460000000020955, 4987152.599999999627471 ], [ 387287.039999999979045, 4987008.150000000372529 ], [ 387520.229999999981374, 4986855.549999999813735 ], [ 387785.950000000011642, 4986665.559999999590218 ], [ 388044.669999999983702, 4986465.429999999701977 ], [ 388298.19, 4986257.67 ], [ 388548.299999999988358, 4986044.79 ], [ 388796.789999999979045, 4985829.320000000298023 ] ] } },
{ "type": "Feature", "properties": { "Name": null, "Shape_Leng": 25.109632957799999, "VALIDATION_ERRORS": [ ] }, "geometry": { "type": "LineString", "coordinates": [ [ 381681.520000000018626, 4985829.320000000298023 ], [ 381933.32, 4985871.139999999664724 ], [ 382185.150000000023283, 4985912.33 ], [ 382437.12, 4985952.269999999552965 ], [ 382689.340000000025611, 4985990.309999999590218 ], [ 382941.909999999974389, 4986025.83 ], [ 383194.93, 4986058.200000000186265 ], [ 383448.520000000018626, 4986086.78000000026077 ], [ 383702.78000000002794, 4986110.940000000409782 ], [ 383957.81, 4986130.049999999813735 ], [ 384213.71999999997206, 4986143.46999999973923 ], [ 384449.18, 4986150.120000000111759 ], [ 384684.71999999997206, 4986150.21 ], [ 384919.74, 4986142.46999999973923 ], [ 385153.659999999974389, 4986125.650000000372529 ], [ 385385.89000000001397, 4986098.480000000447035 ], [ 385615.849999999976717, 4986059.700000000186265 ], [ 385855.24, 4986005.450000000186265 ], [ 386091.729999999981374, 4985938.96 ], [ 386325.82, 4985862.259999999776483 ], [ 386558.01, 4985777.410000000149012 ], [ 386788.799999999988358, 4985686.42 ], [ 387018.69, 4985591.349999999627471 ], [ 387248.169999999983702, 4985494.21999999973923 ] ] } },
{ "type": "Feature", "properties": { "Name": null, "Shape_Leng": 25.109632957799999, "VALIDATION_ERRORS": [ ] }, "geometry": { "type": "LineString", "coordinates": [ [ 390408.19, 4988803.28000000026077 ], [ 390159.159999999974389, 4988878.200000000186265 ], [ 389909.669999999983702, 4988950.099999999627471 ], [ 389659.14000000001397, 4989015.950000000186265 ], [ 389406.96999999997206, 4989072.740000000223517 ], [ 389152.56, 4989117.440000000409782 ], [ 388904.979999999981374, 4989146.809999999590218 ], [ 388655.60999999998603, 4989162.759999999776483 ], [ 388405.090000000025611, 4989165.889999999664724 ], [ 388154.06, 4989156.83 ], [ 387903.150000000023283, 4989136.179999999701977 ], [ 387652.979999999981374, 4989104.549999999813735 ], [ 387404.200000000011642, 4989062.549999999813735 ], [ 387157.44, 4989010.79 ], [ 386913.340000000025611, 4988949.889999999664724 ], [ 386659.159999999974389, 4988876.440000000409782 ], [ 386408.330000000016298, 4988794.67 ], [ 386160.35999999998603, 4988705.78000000026077 ], [ 385914.75, 4988610.940000000409782 ], [ 385671.03000000002794, 4988511.339999999850988 ], [ 385428.68, 4988408.190000000409782 ], [ 385187.229999999981374, 4988302.650000000372529 ], [ 384946.169999999983702, 4988195.92 ] ] } },
{ "type": "Feature", "properties": { "Name": null, "Shape_Leng": 25.109632957799999, "VALIDATION_ERRORS": [ ] }, "geometry": { "type": "LineString", "coordinates": [ [ 388671.229999999981374, 4987902.71999999973923 ], [ 388920.96999999997206, 4987907.309999999590218 ], [ 389170.659999999974389, 4987912.08 ], [ 389420.28000000002794, 4987917.190000000409782 ], [ 389669.840000000025611, 4987922.820000000298023 ], [ 389919.330000000016298, 4987929.150000000372529 ], [ 390168.75, 4987936.339999999850988 ], [ 390418.10999999998603, 4987944.570000000298023 ], [ 390667.39000000001397, 4987954.009999999776483 ], [ 390916.60999999998603, 4987964.849999999627471 ], [ 391165.76, 4987977.25 ], [ 391414.830000000016298, 4987991.379999999888241 ], [ 391663.830000000016298, 4988007.429999999701977 ], [ 391904.94, 4988024.910000000149012 ], [ 392145.88, 4988044.139999999664724 ], [ 392386.68, 4988064.929999999701977 ], [ 392627.349999999976717, 4988087.08 ], [ 392867.94, 4988110.410000000149012 ], [ 393108.46999999997206, 4988134.71 ], [ 393348.950000000011642, 4988159.799999999813735 ], [ 393589.43, 4988185.46999999973923 ], [ 393829.93, 4988211.54 ], [ 394070.460000000020955, 4988237.809999999590218 ] ] } },
{ "type": "Feature", "properties": { "Name": null, "Shape_Leng": 25.109632957799999, "VALIDATION_ERRORS": [ ] }, "geometry": { "type": "LineString", "coordinates": [ [ 391768.460000000020955, 4989159.320000000298023 ], [ 393526.349999999976717, 4988991.769999999552965 ] ] } },
{ "type": "Feature", "properties": { "Name": null, "Shape_Leng": 25.109632957799999, "VALIDATION_ERRORS": [ ] }, "geometry": { "type": "LineString", "coordinates": [ [ 396581.74, 4987609.509999999776483 ], [ 396614.39000000001397, 4987859.019999999552965 ], [ 396647.419999999983702, 4988108.389999999664724 ], [ 396681.200000000011642, 4988357.58 ], [ 396716.099999999976717, 4988606.54 ], [ 396752.53000000002794, 4988855.21999999973923 ], [ 396790.849999999976717, 4989103.58 ], [ 396831.450000000011642, 4989351.559999999590218 ], [ 396874.71999999997206, 4989599.129999999888241 ], [ 396920.659999999974389, 4989844.940000000409782 ], [ 396969.25, 4990090.190000000409782 ], [ 397020.169999999983702, 4990334.980000000447035 ], [ 397073.090000000025611, 4990579.370000000111759 ], [ 397127.669999999983702, 4990823.450000000186265 ], [ 397183.590000000025611, 4991067.29 ], [ 397240.51, 4991310.96999999973923 ], [ 397298.099999999976717, 4991554.58 ], [ 397356.039999999979045, 4991798.190000000409782 ] ] } },
{ "type": "Feature", "properties": { "Name": null, "Shape_Leng": 25.109632957799999, "VALIDATION_ERRORS": [ ] }, "geometry": { "type": "LineString", "coordinates": [ [ 399417.38, 4988017.910000000149012 ], [ 399535.330000000016298, 4988406.25 ], [ 399653.650000000023283, 4988794.33 ], [ 399772.789999999979045, 4989182.08 ], [ 399893.159999999974389, 4989569.42 ], [ 400015.210000000020955, 4989956.299999999813735 ], [ 400139.37, 4990342.629999999888241 ], [ 400256.479999999981374, 4990699.820000000298023 ], [ 400375.32, 4991056.320000000298023 ], [ 400495.57, 4991412.299999999813735 ], [ 400616.88, 4991767.929999999701977 ], [ 400738.93, 4992123.389999999664724 ], [ 400861.35999999998603, 4992478.860000000335276 ] ] } },
{ "type": "Feature", "properties": { "Name": null, "Shape_Leng": 25.109632957799999, "VALIDATION_ERRORS": [ ] }, "geometry": { "type": "LineString", "coordinates": [ [ 405067.74, 4990248.379999999888241 ], [ 404727.450000000011642, 4990288.309999999590218 ], [ 404387.28000000002794, 4990327.700000000186265 ], [ 404047.210000000020955, 4990365.96999999973923 ], [ 403707.21999999997206, 4990402.54 ], [ 403367.270000000018626, 4990436.839999999850988 ], [ 403027.330000000016298, 4990468.29 ], [ 402668.49, 4990496.900000000372529 ], [ 402308.950000000011642, 4990515.71999999973923 ], [ 401947.599999999976717, 4990518.679999999701977 ], [ 401583.349999999976717, 4990499.700000000186265 ], [ 401277.849999999976717, 4990461.29 ], [ 400981.14000000001397, 4990391.849999999627471 ], [ 400704.409999999974389, 4990279.799999999813735 ], [ 400288.49, 4989974.759999999776483 ], [ 399919.63, 4989588.660000000149012 ] ] } },
{ "type": "Feature", "properties": { "Name": null, "Shape_Leng": 25.109632957799999, "VALIDATION_ERRORS": [ ] }, "geometry": { "type": "LineString", "coordinates": [ [ 394677.349999999976717, 4996971.21999999973923 ], [ 395029.520000000018626, 4996828.200000000186265 ], [ 395381.85999999998603, 4996685.700000000186265 ], [ 395734.68, 4996544.179999999701977 ], [ 396088.31, 4996404.120000000111759 ], [ 396443.07, 4996265.980000000447035 ], [ 396799.270000000018626, 4996130.230000000447035 ], [ 397157.229999999981374, 4995997.349999999627471 ], [ 397503.0, 4995873.509999999776483 ], [ 397851.01, 4995757.08 ], [ 398201.919999999983702, 4995652.309999999590218 ], [ 398556.409999999974389, 4995563.440000000409782 ], [ 398915.13, 4995494.71 ], [ 399310.31, 4995444.740000000223517 ], [ 399708.24, 4995410.78000000026077 ], [ 400106.349999999976717, 4995379.809999999590218 ], [ 400502.049999999988358, 4995338.820000000298023 ], [ 400892.75, 4995274.799999999813735 ], [ 401245.24, 4995187.54 ], [ 401592.539999999979045, 4995077.120000000111759 ], [ 401936.24, 4994950.639999999664724 ], [ 402277.950000000011642, 4994815.21 ], [ 402619.25, 4994677.92 ], [ 402994.25, 4994532.019999999552965 ], [ 403370.099999999976717, 4994391.46 ], [ 403746.669999999983702, 4994255.179999999701977 ], [ 404123.840000000025611, 4994122.08 ], [ 404501.460000000020955, 4993991.089999999850988 ], [ 404879.400000000023283, 4993861.120000000111759 ] ] } },
{ "type": "Feature", "properties": { "Name": null, "Shape_Leng": 25.109632957799999, "VALIDATION_ERRORS": [ ] }, "geometry": { "type": "LineString", "coordinates": [ [ 403780.710000000020955, 4990311.21 ], [ 404011.75, 4989992.940000000409782 ], [ 404234.270000000018626, 4989669.990000000223517 ], [ 404439.919999999983702, 4989337.339999999850988 ], [ 404631.020000000018626, 4988974.200000000186265 ], [ 404800.37, 4988599.299999999813735 ], [ 404954.289999999979045, 4988216.429999999701977 ], [ 405099.13, 4987829.410000000149012 ], [ 405240.789999999979045, 4987439.879999999888241 ], [ 405380.049999999988358, 4987050.400000000372529 ], [ 405517.549999999988358, 4986660.92 ], [ 405653.900000000023283, 4986271.370000000111759 ], [ 405789.729999999981374, 4985881.679999999701977 ] ] } },
{ "type": "Feature", "properties": { "Name": null, "Shape_Leng": 25.109632957799999, "VALIDATION_ERRORS": [ ] }, "geometry": { "type": "LineString", "coordinates": [ [ 401865.87, 4992981.5 ], [ 402211.57, 4993037.769999999552965 ], [ 402557.07, 4993095.650000000372529 ], [ 402902.38, 4993156.799999999813735 ], [ 403247.479999999981374, 4993222.910000000149012 ], [ 403592.37, 4993295.650000000372529 ], [ 403968.03000000002794, 4993386.179999999701977 ], [ 404336.409999999974389, 4993497.639999999664724 ], [ 404691.049999999988358, 4993641.21999999973923 ], [ 405090.729999999981374, 4993861.480000000447035 ], [ 405475.82, 4994112.440000000409782 ] ] } },
{ "type": "Feature", "properties": { "Name": null, "Shape_Leng": 25.109632957799999, "VALIDATION_ERRORS": [ ] }, "geometry": { "type": "LineString", "coordinates": [ [ 405538.60999999998603, 4995651.78000000026077 ], [ 405153.37, 4995638.33 ], [ 404768.520000000018626, 4995620.849999999627471 ], [ 404384.18, 4995595.28000000026077 ], [ 404000.450000000011642, 4995557.54 ], [ 403637.090000000025611, 4995505.96 ], [ 403278.460000000020955, 4995431.879999999888241 ], [ 402966.44, 4995342.839999999850988 ], [ 402659.590000000025611, 4995235.889999999664724 ], [ 402356.12, 4995116.980000000447035 ], [ 402054.21999999997206, 4994992.070000000298023 ] ] } },
{ "type": "Feature", "properties": { "Name": null, "Shape_Leng": 25.109632957799999, "VALIDATION_ERRORS": [ ] }, "geometry": { "type": "LineString", "coordinates": [ [ 404785.21999999997206, 5004290.950000000186265 ], [ 404581.479999999981374, 5003947.46999999973923 ], [ 404383.25, 5003602.809999999590218 ], [ 404196.049999999988358, 5003255.629999999888241 ], [ 404025.38, 5002904.599999999627471 ], [ 403876.74, 5002548.389999999664724 ], [ 403755.659999999974389, 5002185.67 ], [ 403667.62, 5001815.120000000111759 ], [ 403618.150000000023283, 5001435.400000000372529 ], [ 403618.10999999998603, 5001434.900000000372529 ], [ 403629.409999999974389, 5001588.339999999850988 ], [ 403603.799999999988358, 5001240.610000000335276 ], [ 403578.5, 5000890.190000000409782 ], [ 403553.700000000011642, 5000535.660000000149012 ], [ 403529.590000000025611, 5000175.559999999590218 ], [ 403512.07, 4999828.96 ], [ 403523.539999999979045, 4999489.519999999552965 ], [ 403592.37, 4999170.28000000026077 ], [ 403791.94, 4998803.360000000335276 ], [ 404081.210000000020955, 4998474.25 ], [ 404408.53000000002794, 4998165.0 ], [ 404768.909999999974389, 4997824.75 ], [ 405116.330000000016298, 4997486.759999999776483 ], [ 405455.150000000023283, 4997150.179999999701977 ], [ 405789.729999999981374, 4996814.139999999664724 ] ] } },
{ "type": "Feature", "properties": { "Name": null, "Shape_Leng": 25.109632957799999, "VALIDATION_ERRORS": [ ] }, "geometry": { "type": "LineString", "coordinates": [ [ 388807.26, 5003536.980000000447035 ], [ 389177.32, 5003446.389999999664724 ], [ 389547.520000000018626, 5003361.429999999701977 ], [ 389918.169999999983702, 5003287.78000000026077 ], [ 390289.599999999976717, 5003231.120000000111759 ], [ 390662.099999999976717, 5003197.099999999627471 ], [ 391036.01, 5003191.42 ], [ 391394.53000000002794, 5003216.389999999664724 ], [ 391751.25, 5003269.660000000149012 ], [ 392103.299999999988358, 5003348.490000000223517 ], [ 392489.700000000011642, 5003463.690000000409782 ], [ 392867.78000000002794, 5003602.410000000149012 ], [ 393239.289999999979045, 5003759.589999999850988 ], [ 393606.0, 5003930.120000000111759 ], [ 393969.659999999974389, 5004108.940000000409782 ], [ 394332.049999999988358, 5004290.950000000186265 ], [ 394695.46999999997206, 5004472.410000000149012 ], [ 395059.07, 5004652.120000000111759 ], [ 395422.840000000025611, 5004830.259999999776483 ], [ 395786.770000000018626, 5005007.049999999813735 ], [ 396150.85999999998603, 5005182.660000000149012 ], [ 396515.099999999976717, 5005357.320000000298023 ], [ 396879.479999999981374, 5005531.200000000186265 ], [ 397243.99, 5005704.509999999776483 ], [ 397608.63, 5005877.440000000409782 ], [ 397973.400000000023283, 5006050.200000000186265 ] ] } },
{ "type": "Feature", "properties": { "Name": null, "Shape_Leng": 25.109632957799999, "VALIDATION_ERRORS": [ ] }, "geometry": { "type": "LineString", "coordinates": [ [ 390879.049999999988358, 5004510.849999999627471 ], [ 391211.229999999981374, 5004591.240000000223517 ], [ 391541.89000000001397, 5004675.04 ], [ 391869.69, 5004765.78000000026077 ], [ 392193.299999999988358, 5004866.96 ], [ 392511.38, 5004982.08 ], [ 392894.76, 5005146.620000000111759 ], [ 393268.960000000020955, 5005333.019999999552965 ], [ 393635.710000000020955, 5005536.79 ], [ 393996.770000000018626, 5005753.429999999701977 ], [ 394353.87, 5005978.42 ], [ 394708.74, 5006207.269999999552965 ], [ 395063.479999999981374, 5006436.679999999701977 ], [ 395417.520000000018626, 5006665.400000000372529 ], [ 395771.0, 5006893.549999999813735 ], [ 396124.01, 5007121.21999999973923 ], [ 396476.700000000011642, 5007348.53000000026077 ], [ 396829.169999999983702, 5007575.589999999850988 ], [ 397181.539999999979045, 5007802.490000000223517 ], [ 397533.93, 5008029.349999999627471 ] ] } },
{ "type": "Feature", "properties": { "Name": null, "Shape_Leng": 25.109632957799999, "VALIDATION_ERRORS": [ ] }, "geometry": { "type": "LineString", "coordinates": [ [ 397596.710000000020955, 5011799.17 ], [ 397503.960000000020955, 5011423.070000000298023 ], [ 397412.450000000011642, 5011046.870000000111759 ], [ 397323.35999999998603, 5010670.21999999973923 ], [ 397237.900000000023283, 5010292.79 ], [ 397157.229999999981374, 5009914.259999999776483 ], [ 397079.159999999974389, 5009518.25 ], [ 397006.580000000016298, 5009121.269999999552965 ], [ 396938.400000000023283, 5008723.46999999973923 ], [ 396873.51, 5008325.0 ], [ 396810.799999999988358, 5007926.03000000026077 ], [ 396749.150000000023283, 5007526.71 ] ] } },
{ "type": "Feature", "properties": { "Name": null, "Shape_Leng": 25.109632957799999, "VALIDATION_ERRORS": [ ] }, "geometry": { "type": "LineString", "coordinates": [ [ 391036.01, 5013181.429999999701977 ], [ 391375.049999999988358, 5013173.370000000111759 ], [ 391713.299999999988358, 5013161.349999999627471 ], [ 392050.080000000016298, 5013141.33 ], [ 392384.729999999981374, 5013109.28000000026077 ], [ 392716.60999999998603, 5013061.160000000149012 ], [ 393045.03000000002794, 5012992.940000000409782 ], [ 393413.849999999976717, 5012886.849999999627471 ], [ 393774.10999999998603, 5012751.049999999813735 ], [ 394122.96999999997206, 5012586.96999999973923 ], [ 394457.62, 5012396.049999999813735 ], [ 394825.539999999979045, 5012143.160000000149012 ], [ 395171.849999999976717, 5011861.599999999627471 ], [ 395498.49, 5011556.679999999701977 ], [ 395807.43, 5011233.690000000409782 ], [ 396081.69, 5010920.139999999664724 ], [ 396344.650000000023283, 5010597.849999999627471 ], [ 396599.18, 5010268.980000000447035 ], [ 396848.150000000023283, 5009935.679999999701977 ], [ 397094.450000000011642, 5009600.110000000335276 ] ] } },
{ "type": "Feature", "properties": { "Name": null, "Shape_Leng": 25.109632957799999, "VALIDATION_ERRORS": [ ] }, "geometry": { "type": "LineString", "coordinates": [ [ 391318.53000000002794, 5014186.71999999973923 ], [ 391699.039999999979045, 5014158.559999999590218 ], [ 392079.479999999981374, 5014131.21 ], [ 392459.88, 5014105.490000000223517 ], [ 392840.32, 5014082.200000000186265 ], [ 393220.830000000016298, 5014062.160000000149012 ], [ 393601.49, 5014046.179999999701977 ], [ 393982.340000000025611, 5014035.070000000298023 ], [ 394363.44, 5014029.639999999664724 ], [ 394567.46999999997206, 5014029.179999999701977 ], [ 394771.53000000002794, 5014029.639999999664724 ] ] } },
{ "type": "Feature", "properties": { "Name": null, "Shape_Leng": 25.109632957799999, "VALIDATION_ERRORS": [ ] }, "geometry": { "type": "LineString", "coordinates": [ [ 391695.21999999997206, 5015694.639999999664724 ], [ 392096.450000000011642, 5015660.79 ], [ 392494.03000000002794, 5015615.389999999664724 ], [ 392884.599999999976717, 5015546.79 ], [ 393264.76, 5015443.320000000298023 ], [ 393662.229999999981374, 5015284.08 ], [ 394047.75, 5015089.320000000298023 ], [ 394426.229999999981374, 5014877.849999999627471 ], [ 394787.799999999988358, 5014673.120000000111759 ], [ 395148.21999999997206, 5014469.450000000186265 ] ] } },
{ "type": "Feature", "properties": { "Name": null, "Shape_Leng": 25.109632957799999, "VALIDATION_ERRORS": [ ] }, "geometry": { "type": "LineString", "coordinates": [ [ 396686.37, 5019213.139999999664724 ], [ 396661.150000000023283, 5018873.889999999664724 ], [ 396637.57, 5018534.54 ], [ 396617.25, 5018194.849999999627471 ], [ 396601.830000000016298, 5017854.559999999590218 ], [ 396592.93, 5017513.410000000149012 ], [ 396592.200000000011642, 5017171.160000000149012 ], [ 396599.770000000018626, 5016822.96999999973923 ], [ 396608.919999999983702, 5016474.92 ], [ 396611.150000000023283, 5016128.179999999701977 ], [ 396597.950000000011642, 5015783.929999999701977 ], [ 396560.81, 5015443.320000000298023 ], [ 396496.200000000011642, 5015109.339999999850988 ], [ 396417.13, 5014775.839999999850988 ], [ 396341.07, 5014438.04 ], [ 396292.919999999983702, 5014153.769999999552965 ], [ 396268.69, 5013869.21999999973923 ], [ 396278.289999999979045, 5013589.83 ], [ 396366.06, 5013197.21999999973923 ], [ 396529.26, 5012823.490000000223517 ], [ 396749.020000000018626, 5012463.849999999627471 ], [ 397006.479999999981374, 5012113.53000000026077 ], [ 397282.799999999988358, 5011767.75 ] ] } },
{ "type": "Feature", "properties": { "Name": null, "Shape_Leng": 25.109632957799999, "VALIDATION_ERRORS": [ ] }, "geometry": { "type": "LineString", "coordinates": [ [ 396215.51, 5011390.769999999552965 ], [ 396545.88, 5011454.79 ], [ 396872.729999999981374, 5011527.71 ], [ 397192.729999999981374, 5011618.549999999813735 ], [ 397502.53000000002794, 5011736.339999999850988 ], [ 397873.13, 5011932.179999999701977 ], [ 398218.539999999979045, 5012176.0 ], [ 398535.549999999988358, 5012459.160000000149012 ], [ 398820.950000000011642, 5012773.04 ], [ 399088.659999999974389, 5013132.71999999973923 ], [ 399324.32, 5013512.259999999776483 ], [ 399535.99, 5013906.740000000223517 ], [ 399731.74, 5014311.21999999973923 ], [ 399919.63, 5014720.769999999552965 ] ] } },
{ "type": "Feature", "properties": { "Name": null, "Shape_Leng": 25.109632957799999, "VALIDATION_ERRORS": [ ] }, "geometry": { "type": "LineString", "coordinates": [ [ 402399.520000000018626, 5022857.299999999813735 ], [ 402280.599999999976717, 5022478.110000000335276 ], [ 402162.599999999976717, 5022098.839999999850988 ], [ 402046.349999999976717, 5021719.29 ], [ 401932.68, 5021339.230000000447035 ], [ 401822.44, 5020958.480000000447035 ], [ 401716.44, 5020576.839999999850988 ], [ 401615.539999999979045, 5020194.08 ], [ 401520.57, 5019810.03000000026077 ], [ 401433.330000000016298, 5019431.509999999776483 ], [ 401349.979999999981374, 5019052.240000000223517 ], [ 401267.729999999981374, 5018672.71 ], [ 401183.81, 5018293.389999999664724 ], [ 401095.43, 5017914.78000000026077 ], [ 400999.799999999988358, 5017537.370000000111759 ], [ 400894.150000000023283, 5017161.639999999664724 ], [ 400775.68, 5016788.089999999850988 ], [ 400641.62, 5016417.190000000409782 ], [ 400505.229999999981374, 5016092.0 ], [ 400341.99, 5015783.660000000149012 ], [ 400139.37, 5015506.150000000372529 ], [ 399857.51, 5015240.570000000298023 ], [ 399542.94, 5015003.509999999776483 ] ] } },
{ "type": "Feature", "properties": { "Name": null, "Shape_Leng": 25.109632957799999, "VALIDATION_ERRORS": [ ] }, "geometry": { "type": "LineString", "coordinates": [ [ 401395.01, 5015192.0 ], [ 401399.200000000011642, 5015193.79 ], [ 401941.14000000001397, 5015413.860000000335276 ], [ 402489.229999999981374, 5015617.129999999888241 ], [ 403042.5, 5015806.410000000149012 ], [ 403599.94, 5015984.53000000026077 ], [ 404160.580000000016298, 5016154.29 ], [ 404723.419999999983702, 5016318.519999999552965 ], [ 405287.479999999981374, 5016480.019999999552965 ] ] } },
{ "type": "Feature", "properties": { "Name": null, "Shape_Leng": 25.109632957799999, "VALIDATION_ERRORS": [ ] }, "geometry": { "type": "LineString", "coordinates": [ [ 402273.950000000011642, 5015506.150000000372529 ], [ 402596.210000000020955, 5015351.71999999973923 ], [ 402918.159999999974389, 5015196.259999999776483 ], [ 403239.770000000018626, 5015038.679999999701977 ], [ 403560.979999999981374, 5014877.849999999627471 ], [ 403880.340000000025611, 5014716.309999999590218 ], [ 404203.210000000020955, 5014564.950000000186265 ], [ 404534.099999999976717, 5014438.04 ], [ 404902.94, 5014339.639999999664724 ], [ 405281.13, 5014271.379999999888241 ], [ 405664.169999999983702, 5014218.129999999888241 ] ] } },
{ "type": "Feature", "properties": { "Name": null, "Shape_Leng": 25.109632957799999, "VALIDATION_ERRORS": [ ] }, "geometry": { "type": "LineString", "coordinates": [ [ 395650.46999999997206, 5006835.570000000298023 ], [ 395713.25, 5005013.5 ] ] } },
{ "type": "Feature", "properties": { "Name": null, "Shape_Leng": 25.109632957799999, "VALIDATION_ERRORS": [ ] }, "geometry": { "type": "LineString", "coordinates": [ [ 399333.669999999983702, 5004081.509999999776483 ], [ 399080.950000000011642, 5004105.53000000026077 ], [ 398830.78000000002794, 5004121.46999999973923 ], [ 398585.599999999976717, 5004121.21 ], [ 398347.830000000016298, 5004096.629999999888241 ], [ 398119.89000000001397, 5004039.629999999888241 ], [ 397865.520000000018626, 5003925.490000000223517 ], [ 397621.5, 5003775.870000000111759 ], [ 397380.78000000002794, 5003611.53000000026077 ], [ 397136.31, 5003453.21 ], [ 396907.770000000018626, 5003329.46 ], [ 396672.28000000002794, 5003223.28000000026077 ], [ 396431.409999999974389, 5003130.339999999850988 ], [ 396186.75, 5003046.320000000298023 ], [ 395939.85999999998603, 5002966.900000000372529 ], [ 395692.330000000016298, 5002887.740000000223517 ], [ 395462.979999999981374, 5002812.129999999888241 ], [ 395233.729999999981374, 5002738.17 ], [ 395003.57, 5002670.929999999701977 ], [ 394771.53000000002794, 5002615.46999999973923 ], [ 394520.13, 5002573.440000000409782 ], [ 394266.13, 5002548.049999999813735 ], [ 394009.960000000020955, 5002536.54 ], [ 393752.020000000018626, 5002536.110000000335276 ], [ 393492.74, 5002544.0 ], [ 393232.520000000018626, 5002557.42 ], [ 392971.78000000002794, 5002573.589999999850988 ] ] } },
{ "type": "Feature", "properties": { "Name": null, "Shape_Leng": 25.109632957799999, "VALIDATION_ERRORS": [ ] }, "geometry": { "type": "LineString", "coordinates": [ [ 394352.979999999981374, 5004290.950000000186265 ], [ 394206.49, 5002594.53000000026077 ] ] } },
{ "type": "Feature", "properties": { "Name": null, "Shape_Leng": 25.109632957799999, "VALIDATION_ERRORS": [ ] }, "geometry": { "type": "LineString", "coordinates": [ [ 395524.909999999974389, 5004898.309999999590218 ], [ 395483.049999999988358, 5002866.79 ] ] } },
{ "type": "Feature", "properties": { "Name": null, "Shape_Leng": 25.109632957799999, "VALIDATION_ERRORS": [ ] }, "geometry": { "type": "LineString", "coordinates": [ [ 397471.14000000001397, 5005798.870000000111759 ], [ 397533.93, 5003746.42 ] ] } },
{ "type": "Feature", "properties": { "Name": null, "Shape_Leng": 25.109632957799999, "VALIDATION_ERRORS": [ ] }, "geometry": { "type": "LineString", "coordinates": [ [ 397826.909999999974389, 5003872.08 ], [ 398000.400000000023283, 5003659.71 ], [ 398179.76, 5003454.820000000298023 ], [ 398371.020000000018626, 5003264.71999999973923 ], [ 398597.18, 5003081.440000000409782 ], [ 398840.729999999981374, 5002920.099999999627471 ], [ 399098.200000000011642, 5002776.299999999813735 ], [ 399366.150000000023283, 5002645.629999999888241 ], [ 399641.10999999998603, 5002523.679999999701977 ], [ 399919.63, 5002406.04 ] ] } },
{ "type": "Feature", "properties": { "Name": null, "Shape_Leng": 25.109632957799999, "VALIDATION_ERRORS": [ ] }, "geometry": { "type": "LineString", "coordinates": [ [ 397952.46999999997206, 5007558.120000000111759 ], [ 397765.19, 5007310.46999999973923 ], [ 397582.38, 5007060.129999999888241 ], [ 397408.35999999998603, 5006804.160000000149012 ], [ 397256.21999999997206, 5006557.360000000335276 ], [ 397113.460000000020955, 5006304.809999999590218 ], [ 396977.710000000020955, 5006047.889999999664724 ], [ 396846.599999999976717, 5005788.019999999552965 ], [ 396717.76, 5005526.610000000335276 ] ] } },
{ "type": "Feature", "properties": { "Name": null, "Shape_Leng": 25.109632957799999, "VALIDATION_ERRORS": [ ] }, "geometry": { "type": "LineString", "coordinates": [ [ 399637.12, 5011202.28000000026077 ], [ 400022.14000000001397, 5011149.589999999850988 ], [ 400407.020000000018626, 5011096.700000000186265 ], [ 400791.76, 5011043.379999999888241 ], [ 401176.37, 5010989.410000000149012 ], [ 401560.830000000016298, 5010934.559999999590218 ], [ 401945.169999999983702, 5010878.599999999627471 ], [ 402329.35999999998603, 5010821.309999999590218 ], [ 402713.419999999983702, 5010762.46999999973923 ], [ 403110.5, 5010699.809999999590218 ], [ 403507.21999999997206, 5010635.519999999552965 ], [ 403903.64000000001397, 5010569.83 ], [ 404299.840000000025611, 5010502.96999999973923 ], [ 404695.89000000001397, 5010435.17 ], [ 405091.87, 5010366.660000000149012 ], [ 405487.849999999976717, 5010297.660000000149012 ], [ 405883.909999999974389, 5010228.410000000149012 ] ] } },
{ "type": "Feature", "properties": { "Name": null, "Shape_Leng": 25.109632957799999, "VALIDATION_ERRORS": [ ] }, "geometry": { "type": "LineString", "coordinates": [ [ 405789.729999999981374, 5013998.230000000447035 ], [ 405444.13, 5013734.570000000298023 ], [ 405098.700000000011642, 5013470.940000000409782 ], [ 404753.419999999983702, 5013207.179999999701977 ], [ 404408.270000000018626, 5012943.179999999701977 ], [ 404063.229999999981374, 5012678.79 ], [ 403675.43, 5012380.980000000447035 ], [ 403288.049999999988358, 5012082.870000000111759 ], [ 402900.96999999997206, 5011784.509999999776483 ], [ 402514.06, 5011485.910000000149012 ], [ 402127.21999999997206, 5011187.099999999627471 ], [ 401740.31, 5010888.129999999888241 ] ] } },
{ "type": "Feature", "properties": { "Name": null, "Shape_Leng": 25.109632957799999, "VALIDATION_ERRORS": [ ] }, "geometry": { "type": "LineString", "coordinates": [ [ 397816.44, 5009380.200000000186265 ], [ 397822.669999999983702, 5009036.25 ], [ 397835.14000000001397, 5008693.549999999813735 ], [ 397860.200000000011642, 5008353.190000000409782 ], [ 397904.169999999983702, 5008016.240000000223517 ], [ 397973.400000000023283, 5007683.78000000026077 ], [ 398092.49, 5007302.71 ], [ 398250.71999999997206, 5006934.610000000335276 ], [ 398444.26, 5006584.25 ], [ 398713.71999999997206, 5006194.160000000149012 ], [ 399012.37, 5005825.53000000026077 ], [ 399325.18, 5005467.120000000111759 ], [ 399637.12, 5005107.740000000223517 ], [ 399905.88, 5004777.910000000149012 ], [ 400166.0, 5004441.83 ], [ 400421.89000000001397, 5004102.46 ] ] } },
{ "type": "Feature", "properties": { "Name": null, "Shape_Leng": 25.109632957799999, "VALIDATION_ERRORS": [ ] }, "geometry": { "type": "LineString", "coordinates": [ [ 398475.650000000023283, 5007558.120000000111759 ], [ 398769.26, 5007184.379999999888241 ], [ 399067.75, 5006815.71999999973923 ], [ 399376.25, 5006456.980000000447035 ], [ 399699.900000000023283, 5006113.03000000026077 ], [ 400064.32, 5005766.379999999888241 ], [ 400443.520000000018626, 5005434.110000000335276 ], [ 400829.96999999997206, 5005107.740000000223517 ], [ 401144.049999999988358, 5004843.879999999888241 ], [ 401460.94, 5004584.519999999552965 ], [ 401784.099999999976717, 5004335.450000000186265 ], [ 401787.24, 5004333.25 ], [ 402142.96999999997206, 5004097.519999999552965 ], [ 402508.650000000023283, 5003878.049999999813735 ], [ 402882.340000000025611, 5003671.549999999813735 ], [ 403262.080000000016298, 5003474.75 ], [ 403645.900000000023283, 5003284.379999999888241 ], [ 404031.840000000025611, 5003097.17 ] ] } },
{ "type": "Feature", "properties": { "Name": null, "Shape_Leng": 25.109632957799999, "VALIDATION_ERRORS": [ ] }, "geometry": { "type": "LineString", "coordinates": [ [ 398569.830000000016298, 5008060.759999999776483 ], [ 398957.099999999976717, 5008420.33 ], [ 399340.03000000002794, 5008783.610000000335276 ], [ 399714.56, 5009154.589999999850988 ], [ 400076.590000000025611, 5009537.28000000026077 ], [ 400378.080000000016298, 5009880.610000000335276 ], [ 400669.979999999981374, 5010232.519999999552965 ], [ 400955.539999999979045, 5010590.230000000447035 ], [ 401238.049999999988358, 5010950.96 ] ] } },
{ "type": "Feature", "properties": { "Name": null, "Shape_Leng": 25.109632957799999, "VALIDATION_ERRORS": [ ] }, "geometry": { "type": "LineString", "coordinates": [ [ 399574.330000000016298, 5008626.240000000223517 ], [ 399907.46999999997206, 5008222.660000000149012 ], [ 400245.090000000025611, 5007824.25 ], [ 400591.94, 5007436.0 ], [ 400952.729999999981374, 5007062.889999999664724 ], [ 401332.21999999997206, 5006709.910000000149012 ], [ 401641.43, 5006452.28000000026077 ], [ 401961.13, 5006206.46999999973923 ], [ 402288.14000000001397, 5005968.92 ], [ 402619.25, 5005736.04 ], [ 402947.020000000018626, 5005508.570000000298023 ], [ 403276.26, 5005284.059999999590218 ], [ 403608.01, 5005064.129999999888241 ], [ 403943.25, 5004850.410000000149012 ], [ 404283.0, 5004644.5 ], [ 404675.62, 5004422.839999999850988 ], [ 404676.81, 5004422.200000000186265 ], [ 405060.039999999979045, 5004221.410000000149012 ], [ 405445.49, 5004025.379999999888241 ], [ 405833.049999999988358, 5003833.860000000335276 ], [ 406031.900000000023283, 5003738.259999999776483 ], [ 406033.200000000011642, 5003737.639999999664724 ], [ 406358.69, 5003610.549999999813735 ], [ 406697.82, 5003520.96999999973923 ], [ 407044.0, 5003450.299999999813735 ], [ 407390.669999999983702, 5003379.910000000149012 ], [ 407728.87, 5003296.17 ], [ 408062.43, 5003199.370000000111759 ], [ 408393.10999999998603, 5003094.230000000447035 ], [ 408722.64000000001397, 5002985.46 ], [ 409052.76, 5002877.79 ], [ 409054.39000000001397, 5002877.269999999552965 ], [ 409054.39000000001397, 5002877.269999999552965 ], [ 409055.93, 5002876.639999999664724 ], [ 409453.75, 5002674.940000000409782 ], [ 409826.400000000023283, 5002425.21999999973923 ], [ 410190.10999999998603, 5002157.900000000372529 ], [ 410561.150000000023283, 5001903.400000000372529 ], [ 410886.49, 5001718.519999999552965 ], [ 411224.39000000001397, 5001557.589999999850988 ], [ 411571.31, 5001414.17 ], [ 411923.710000000020955, 5001281.820000000298023 ], [ 412278.03000000002794, 5001154.120000000111759 ], [ 412630.729999999981374, 5001024.610000000335276 ], [ 412632.950000000011642, 5001023.769999999552965 ] ] } },
{ "type": "Feature", "properties": { "Name": null, "Shape_Leng": 25.109632957799999, "VALIDATION_ERRORS": [ ] }, "geometry": { "type": "LineString", "coordinates": [ [ 405036.349999999976717, 5004416.610000000335276 ], [ 405067.169999999983702, 5004776.08 ], [ 405110.74, 5005129.900000000372529 ], [ 405179.900000000023283, 5005472.639999999664724 ], [ 405287.479999999981374, 5005798.870000000111759 ], [ 405498.159999999974389, 5006192.79 ], [ 405775.39000000001397, 5006555.360000000335276 ], [ 406099.020000000018626, 5006893.110000000335276 ], [ 406448.94, 5007212.559999999590218 ], [ 406804.76, 5007523.110000000335276 ], [ 407138.479999999981374, 5007841.08 ], [ 407422.06, 5008186.429999999701977 ], [ 407595.82, 5008489.04 ], [ 407729.080000000016298, 5008815.809999999590218 ], [ 407830.210000000020955, 5009161.730000000447035 ], [ 407907.599999999976717, 5009521.79 ], [ 407969.650000000023283, 5009891.0 ], [ 408024.74, 5010264.339999999850988 ], [ 408081.270000000018626, 5010636.809999999590218 ], [ 408152.229999999981374, 5011039.679999999701977 ], [ 408230.25, 5011436.660000000149012 ], [ 408310.64000000001397, 5011829.259999999776483 ], [ 408388.69, 5012218.940000000409782 ], [ 408459.710000000020955, 5012607.21 ], [ 408518.979999999981374, 5012995.53000000026077 ], [ 408561.82, 5013385.410000000149012 ], [ 408583.520000000018626, 5013778.320000000298023 ], [ 408581.840000000025611, 5014131.96 ], [ 408560.039999999979045, 5014486.820000000298023 ], [ 408518.590000000025611, 5014840.839999999850988 ], [ 408457.960000000020955, 5015192.0 ], [ 408378.32, 5015541.25 ], [ 408282.63, 5015885.879999999888241 ], [ 408173.85999999998603, 5016226.690000000409782 ], [ 408054.979999999981374, 5016564.450000000186265 ], [ 407928.950000000011642, 5016899.96 ], [ 407798.75, 5017233.990000000223517 ], [ 407643.78000000002794, 5017625.04 ], [ 407487.5, 5018015.019999999552965 ], [ 407330.210000000020955, 5018404.240000000223517 ], [ 407172.26, 5018793.03000000026077 ], [ 407013.979999999981374, 5019181.71999999973923 ] ] } },
{ "type": "Feature", "properties": { "Name": null, "Shape_Leng": 25.109632957799999, "VALIDATION_ERRORS": [ ] }, "geometry": { "type": "LineString", "coordinates": [ [ 408552.13, 5015129.17 ], [ 408579.12, 5015476.08 ], [ 408602.51, 5015822.549999999813735 ], [ 408618.68, 5016168.349999999627471 ], [ 408624.020000000018626, 5016513.25 ], [ 408614.909999999974389, 5016857.0 ], [ 408582.900000000023283, 5017255.320000000298023 ], [ 408530.159999999974389, 5017651.759999999776483 ], [ 408460.409999999974389, 5018046.71 ], [ 408377.37, 5018440.559999999590218 ], [ 408284.76, 5018833.700000000186265 ], [ 408186.289999999979045, 5019226.519999999552965 ], [ 408085.68, 5019619.400000000372529 ], [ 407986.650000000023283, 5020012.740000000223517 ], [ 407892.919999999983702, 5020406.910000000149012 ], [ 407807.599999999976717, 5020801.58 ], [ 407730.580000000016298, 5021197.179999999701977 ], [ 407661.18, 5021593.639999999664724 ], [ 407598.710000000020955, 5021990.910000000149012 ], [ 407542.460000000020955, 5022388.889999999664724 ], [ 407491.76, 5022787.53000000026077 ], [ 407445.900000000023283, 5023186.759999999776483 ], [ 407404.200000000011642, 5023586.490000000223517 ], [ 407365.950000000011642, 5023986.679999999701977 ], [ 407330.479999999981374, 5024387.230000000447035 ], [ 407297.07, 5024788.08 ], [ 407265.049999999988358, 5025189.17 ], [ 407233.710000000020955, 5025590.410000000149012 ] ] } },
{ "type": "Feature", "properties": { "Name": null, "Shape_Leng": 25.109632957799999, "VALIDATION_ERRORS": [ ] }, "geometry": { "type": "LineString", "coordinates": [ [ 408677.700000000011642, 5018207.849999999627471 ], [ 408964.14000000001397, 5018538.700000000186265 ], [ 409248.06, 5018871.070000000298023 ], [ 409527.020000000018626, 5019206.67 ], [ 409798.60999999998603, 5019547.190000000409782 ], [ 410060.419999999983702, 5019894.349999999627471 ], [ 410310.020000000018626, 5020249.839999999850988 ], [ 410551.5, 5020623.820000000298023 ], [ 410780.520000000018626, 5021006.019999999552965 ], [ 411000.21999999997206, 5021394.440000000409782 ], [ 411213.700000000011642, 5021787.089999999850988 ], [ 411424.090000000025611, 5022181.96 ], [ 411634.51, 5022577.059999999590218 ], [ 411848.07, 5022970.389999999664724 ], [ 412067.909999999974389, 5023359.940000000409782 ], [ 412272.43, 5023705.009999999776483 ], [ 412482.87, 5024046.160000000149012 ], [ 412697.770000000018626, 5024384.410000000149012 ], [ 412915.700000000011642, 5024720.799999999813735 ], [ 413135.200000000011642, 5025056.360000000335276 ] ] } },
{ "type": "Feature", "properties": { "Name": null, "Shape_Leng": 25.109632957799999, "VALIDATION_ERRORS": [ ] }, "geometry": { "type": "LineString", "coordinates": [ [ 411848.18, 5021757.769999999552965 ], [ 415520.909999999974389, 5024428.049999999813735 ] ] } },
{ "type": "Feature", "properties": { "Name": null, "Shape_Leng": 25.109632957799999, "VALIDATION_ERRORS": [ ] }, "geometry": { "type": "LineString", "coordinates": [ [ 405883.909999999974389, 5005170.570000000298023 ], [ 406260.71999999997206, 5005155.410000000149012 ], [ 406637.409999999974389, 5005140.17 ], [ 407014.03000000002794, 5005124.730000000447035 ], [ 407390.64000000001397, 5005109.009999999776483 ], [ 407767.299999999988358, 5005092.910000000149012 ], [ 408144.049999999988358, 5005076.33 ], [ 408481.580000000016298, 5005061.019999999552965 ], [ 408818.96999999997206, 5005045.370000000111759 ], [ 409156.35999999998603, 5005029.490000000223517 ], [ 409493.85999999998603, 5005013.5 ] ] } },
{ "type": "Feature", "properties": { "Name": null, "Shape_Leng": 25.109632957799999, "VALIDATION_ERRORS": [ ] }, "geometry": { "type": "LineString", "coordinates": [ [ 404942.18, 5009914.259999999776483 ], [ 404954.590000000025611, 5009541.429999999701977 ], [ 404966.01, 5009168.730000000447035 ], [ 404975.460000000020955, 5008796.160000000149012 ], [ 404981.93, 5008423.700000000186265 ], [ 404984.43, 5008051.33 ], [ 404981.979999999981374, 5007679.04 ], [ 404973.57, 5007306.799999999813735 ], [ 404958.32, 5006929.400000000372529 ], [ 404937.12, 5006552.299999999813735 ], [ 404911.159999999974389, 5006175.400000000372529 ], [ 404881.63, 5005798.589999999850988 ], [ 404849.71999999997206, 5005421.799999999813735 ], [ 404816.60999999998603, 5005044.910000000149012 ] ] } },
{ "type": "Feature", "properties": { "Name": null, "Shape_Leng": 25.109632957799999, "VALIDATION_ERRORS": [ ] }, "geometry": { "type": "LineString", "coordinates": [ [ 411220.35999999998603, 5010416.900000000372529 ], [ 411080.24, 5010058.42 ], [ 410941.75, 5009699.570000000298023 ], [ 410806.460000000020955, 5009339.78000000026077 ], [ 410675.960000000020955, 5008978.5 ], [ 410551.799999999988358, 5008615.179999999701977 ], [ 410435.590000000025611, 5008249.259999999776483 ], [ 410321.909999999974389, 5007857.28000000026077 ], [ 410216.979999999981374, 5007462.769999999552965 ], [ 410118.650000000023283, 5007066.33 ], [ 410024.81, 5006668.58 ], [ 409933.330000000016298, 5006270.099999999627471 ], [ 409854.49, 5005924.309999999590218 ], [ 409775.85999999998603, 5005578.700000000186265 ], [ 409697.39000000001397, 5005233.200000000186265 ], [ 409619.039999999979045, 5004887.75 ], [ 409540.75, 5004542.28000000026077 ], [ 409462.46999999997206, 5004196.700000000186265 ] ] } },
{ "type": "Feature", "properties": { "Name": null, "Shape_Leng": 25.109632957799999, "VALIDATION_ERRORS": [ ] }, "geometry": { "type": "LineString", "coordinates": [ [ 409744.99, 5000678.21 ], [ 409964.71999999997206, 5002248.96 ] ] } },
{ "type": "Feature", "properties": { "Name": null, "Shape_Leng": 25.109632957799999, "VALIDATION_ERRORS": [ ] }, "geometry": { "type": "LineString", "coordinates": [ [ 409682.200000000011642, 5014595.110000000335276 ], [ 409713.07, 5014210.660000000149012 ], [ 409743.979999999981374, 5013826.120000000111759 ], [ 409775.01, 5013441.25 ], [ 409806.25, 5013055.78000000026077 ], [ 409837.76, 5012669.490000000223517 ], [ 409869.63, 5012282.110000000335276 ], [ 409901.94, 5011893.410000000149012 ], [ 409933.700000000011642, 5011533.740000000223517 ], [ 409974.85999999998603, 5011176.179999999701977 ], [ 410034.5, 5010823.820000000298023 ], [ 410121.68, 5010479.730000000447035 ], [ 410245.299999999988358, 5010139.21999999973923 ], [ 410397.46999999997206, 5009807.910000000149012 ], [ 410568.700000000011642, 5009482.660000000149012 ], [ 410749.49, 5009160.29 ] ] } },
{ "type": "Feature", "properties": { "Name": null, "Shape_Leng": 25.109632957799999, "VALIDATION_ERRORS": [ ] }, "geometry": { "type": "LineString", "coordinates": [ [ 412695.729999999981374, 5018522.009999999776483 ], [ 412738.74, 5018131.21 ], [ 412781.96999999997206, 5017740.559999999590218 ], [ 412825.650000000023283, 5017350.04 ], [ 412870.020000000018626, 5016959.629999999888241 ], [ 412915.32, 5016569.309999999590218 ], [ 412961.78000000002794, 5016179.070000000298023 ], [ 413009.64000000001397, 5015788.889999999664724 ], [ 413055.840000000025611, 5015423.839999999850988 ], [ 413103.31, 5015059.03000000026077 ], [ 413151.909999999974389, 5014694.429999999701977 ], [ 413201.49, 5014330.0 ], [ 413251.919999999983702, 5013965.690000000409782 ], [ 413303.049999999988358, 5013601.480000000447035 ], [ 413354.75, 5013237.320000000298023 ], [ 413406.89000000001397, 5012873.160000000149012 ], [ 413459.32, 5012508.980000000447035 ], [ 413511.89000000001397, 5012144.730000000447035 ] ] } },
{ "type": "Feature", "properties": { "Name": null, "Shape_Leng": 25.109632957799999, "VALIDATION_ERRORS": [ ] }, "geometry": { "type": "LineString", "coordinates": [ [ 413511.89000000001397, 5011170.860000000335276 ], [ 413271.14000000001397, 5010837.96 ], [ 413037.24, 5010501.990000000223517 ], [ 412817.0, 5010159.700000000186265 ], [ 412617.19, 5009807.809999999590218 ], [ 412444.599999999976717, 5009443.03000000026077 ], [ 412323.789999999979045, 5009123.46 ], [ 412223.38, 5008795.320000000298023 ], [ 412139.419999999983702, 5008461.179999999701977 ], [ 412067.909999999974389, 5008123.589999999850988 ], [ 411999.900000000023283, 5007752.929999999701977 ], [ 411940.460000000020955, 5007381.730000000447035 ], [ 411887.88, 5007010.08 ], [ 411840.43, 5006638.049999999813735 ], [ 411796.38, 5006265.71 ], [ 411754.0, 5005893.120000000111759 ] ] } },
{ "type": "Feature", "properties": { "Name": null, "Shape_Leng": 25.109632957799999, "VALIDATION_ERRORS": [ ] }, "geometry": { "type": "LineString", "coordinates": [ [ 415081.44, 5010699.639999999664724 ], [ 414989.96999999997206, 5010321.549999999813735 ], [ 414891.60999999998603, 5009946.96999999973923 ], [ 414779.340000000025611, 5009579.230000000447035 ], [ 414646.14000000001397, 5009221.650000000372529 ], [ 414485.01, 5008877.559999999590218 ], [ 414234.159999999974389, 5008462.269999999552965 ], [ 413945.51, 5008066.980000000447035 ], [ 413637.460000000020955, 5007683.78000000026077 ], [ 413323.950000000011642, 5007304.200000000186265 ], [ 413010.01, 5006927.820000000298023 ], [ 412695.729999999981374, 5006552.839999999850988 ] ] } },
{ "type": "Feature", "properties": { "Name": null, "Shape_Leng": 25.109632957799999, "VALIDATION_ERRORS": [ ] }, "geometry": { "type": "LineString", "coordinates": [ [ 415787.729999999981374, 5019118.889999999664724 ], [ 417529.93, 5023878.29 ] ] } },
{ "type": "Feature", "properties": { "Name": null, "Shape_Leng": 25.109632957799999, "VALIDATION_ERRORS": [ ] }, "geometry": { "type": "LineString", "coordinates": [ [ 411785.39000000001397, 5021710.639999999664724 ], [ 415552.299999999988358, 5024443.759999999776483 ] ] } },
{ "type": "Feature", "properties": { "Name": null, "Shape_Leng": 25.109632957799999, "VALIDATION_ERRORS": [ ] }, "geometry": { "type": "LineString", "coordinates": [ [ 407359.28000000002794, 5024255.269999999552965 ], [ 407155.03000000002794, 5023693.92 ], [ 406954.799999999988358, 5023131.71 ], [ 406762.520000000018626, 5022567.440000000409782 ], [ 406582.13, 5021999.900000000372529 ], [ 406417.549999999988358, 5021427.910000000149012 ], [ 406286.909999999974389, 5020915.629999999888241 ], [ 406168.960000000020955, 5020400.089999999850988 ], [ 406060.69, 5019882.049999999813735 ], [ 405959.080000000016298, 5019362.21999999973923 ], [ 405861.14000000001397, 5018841.360000000335276 ], [ 405763.840000000025611, 5018320.190000000409782 ], [ 405664.169999999983702, 5017799.46 ], [ 405557.770000000018626, 5017269.83 ], [ 405447.0, 5016741.549999999813735 ], [ 405332.909999999974389, 5016214.179999999701977 ], [ 405216.599999999976717, 5015687.33 ], [ 405099.13, 5015160.589999999850988 ] ] } },
{ "type": "Feature", "properties": { "Name": null, "Shape_Leng": 25.109632957799999, "VALIDATION_ERRORS": [ ] }, "geometry": { "type": "LineString", "coordinates": [ [ 415599.39000000001397, 5025480.46 ], [ 416050.49, 5025093.389999999664724 ], [ 416509.340000000025611, 5024719.860000000335276 ], [ 416984.080000000016298, 5024373.200000000186265 ], [ 417482.840000000025611, 5024066.78000000026077 ], [ 417954.349999999976717, 5023834.009999999776483 ], [ 418443.409999999974389, 5023633.519999999552965 ], [ 418942.520000000018626, 5023454.179999999701977 ], [ 419496.0, 5023270.190000000409782 ], [ 420051.409999999974389, 5023096.639999999664724 ], [ 420608.419999999983702, 5022931.42 ], [ 421166.69, 5022772.410000000149012 ], [ 421725.87, 5022617.509999999776483 ], [ 422285.650000000023283, 5022464.610000000335276 ] ] } },
{ "type": "Feature", "properties": { "Name": null, "Shape_Leng": 25.109632957799999, "VALIDATION_ERRORS": [ ] }, "geometry": { "type": "LineString", "coordinates": [ [ 418283.31, 5024962.110000000335276 ], [ 421485.18, 5024632.25 ] ] } },
{ "type": "Feature", "properties": { "Name": null, "Shape_Leng": 25.109632957799999, "VALIDATION_ERRORS": [ ] }, "geometry": { "type": "LineString", "coordinates": [ [ 405130.520000000018626, 4995651.78000000026077 ], [ 405695.56, 4993358.480000000447035 ], [ 405883.909999999974389, 4990562.53000000026077 ], [ 405946.69, 4989054.610000000335276 ] ] } },
{ "type": "Feature", "properties": { "Name": null, "Shape_Leng": 25.109632957799999, "VALIDATION_ERRORS": [ ] }, "geometry": { "type": "LineString", "coordinates": [ [ 404188.799999999988358, 4999924.240000000223517 ], [ 404393.89000000001397, 4999543.71999999973923 ], [ 404599.32, 4999163.519999999552965 ], [ 404805.5, 4998783.879999999888241 ], [ 405012.849999999976717, 4998405.03000000026077 ], [ 405221.770000000018626, 4998027.21999999973923 ], [ 405432.68, 4997650.690000000409782 ], [ 405645.99, 4997275.679999999701977 ], [ 405862.099999999976717, 4996902.429999999701977 ], [ 406081.43, 4996531.179999999701977 ], [ 406304.39000000001397, 4996162.179999999701977 ], [ 406531.400000000023283, 4995795.67 ], [ 406762.849999999976717, 4995431.879999999888241 ], [ 407004.590000000025611, 4995062.230000000447035 ], [ 407249.950000000011642, 4994694.950000000186265 ], [ 407497.57, 4994329.150000000372529 ], [ 407746.13, 4993963.92 ], [ 407994.28000000002794, 4993598.370000000111759 ], [ 408240.69, 4993231.599999999627471 ], [ 408484.020000000018626, 4992862.700000000186265 ], [ 408722.919999999983702, 4992490.79 ], [ 408956.049999999988358, 4992114.950000000186265 ], [ 409182.090000000025611, 4991734.29 ], [ 409399.69, 4991347.910000000149012 ], [ 409594.26, 4990982.849999999627471 ], [ 409783.960000000020955, 4990614.809999999590218 ], [ 409972.590000000025611, 4990246.379999999888241 ], [ 410163.919999999983702, 4989880.160000000149012 ], [ 410361.74, 4989518.740000000223517 ], [ 410569.840000000025611, 4989164.700000000186265 ], [ 410792.0, 4988820.629999999888241 ], [ 411032.01, 4988489.129999999888241 ], [ 411323.88, 4988136.620000000111759 ], [ 411638.900000000023283, 4987802.0 ], [ 411973.74, 4987483.849999999627471 ], [ 412338.020000000018626, 4987171.410000000149012 ], [ 412718.669999999983702, 4986879.429999999701977 ], [ 413114.950000000011642, 4986611.740000000223517 ], [ 413526.099999999976717, 4986372.129999999888241 ], [ 413951.37, 4986164.410000000149012 ], [ 414312.51, 4986018.900000000372529 ], [ 414681.56, 4985895.21 ], [ 415057.549999999988358, 4985790.610000000335276 ], [ 415439.5, 4985702.360000000335276 ], [ 415826.419999999983702, 4985627.71 ], [ 416217.349999999976717, 4985563.940000000409782 ], [ 416611.299999999988358, 4985508.29 ], [ 417007.299999999988358, 4985458.04 ], [ 417404.37, 4985410.450000000186265 ] ] } },
{ "type": "Feature", "properties": { "Name": null, "Shape_Leng": 25.109632957799999, "VALIDATION_ERRORS": [ ] }, "geometry": { "type": "LineString", "coordinates": [ [ 410780.89000000001397, 4985473.28000000026077 ], [ 411126.19, 4988269.230000000447035 ] ] } },
{ "type": "Feature", "properties": { "Name": null, "Shape_Leng": 25.109632957799999, "VALIDATION_ERRORS": [ ] }, "geometry": { "type": "LineString", "coordinates": [ [ 420637.63, 5014013.929999999701977 ], [ 420527.400000000023283, 5014584.900000000372529 ], [ 420420.03000000002794, 5015155.879999999888241 ], [ 420318.37, 5015727.099999999627471 ], [ 420225.24, 5016298.809999999590218 ], [ 420143.49, 5016871.269999999552965 ], [ 420075.96999999997206, 5017444.700000000186265 ], [ 420025.51, 5018019.360000000335276 ], [ 419995.03000000002794, 5018571.700000000186265 ], [ 419980.849999999976717, 5019124.900000000372529 ], [ 419980.94, 5019678.889999999664724 ], [ 419993.24, 5020233.559999999590218 ], [ 420015.74, 5020788.849999999627471 ], [ 420046.38, 5021344.660000000149012 ], [ 420083.12, 5021900.910000000149012 ], [ 420123.93, 5022457.509999999776483 ], [ 420166.76, 5023014.370000000111759 ] ] } },
{ "type": "Feature", "properties": { "Name": null, "Shape_Leng": 25.109632957799999, "VALIDATION_ERRORS": [ ] }, "geometry": { "type": "LineString", "coordinates": [ [ 421459.020000000018626, 5008521.519999999552965 ], [ 423133.200000000011642, 5007264.910000000149012 ], [ 423407.60999999998603, 5007059.54 ], [ 423670.549999999988358, 5006846.320000000298023 ], [ 423910.710000000020955, 5006617.25 ], [ 424116.789999999979045, 5006364.349999999627471 ], [ 424251.49, 5006141.549999999813735 ], [ 424365.150000000023283, 5005903.660000000149012 ], [ 424465.87, 5005655.71 ], [ 424561.75, 5005402.690000000409782 ], [ 424660.89000000001397, 5005149.629999999888241 ], [ 424776.07, 5004889.490000000223517 ], [ 424906.580000000016298, 5004639.339999999850988 ], [ 425055.51, 5004403.490000000223517 ], [ 425225.93, 5004186.230000000447035 ], [ 425471.900000000023283, 5003941.92 ], [ 425741.799999999988358, 5003717.200000000186265 ], [ 426021.169999999983702, 5003495.099999999627471 ], [ 426243.950000000011642, 5003313.400000000372529 ], [ 426471.400000000023283, 5003145.320000000298023 ], [ 426711.770000000018626, 5003013.400000000372529 ], [ 426939.51, 5002941.200000000186265 ], [ 427179.94, 5002906.990000000223517 ], [ 427429.49, 5002902.879999999888241 ], [ 427684.650000000023283, 5002921.019999999552965 ], [ 427941.87, 5002953.5 ], [ 428197.599999999976717, 5002992.46 ], [ 428442.349999999976717, 5003030.25 ], [ 428683.32, 5003066.28000000026077 ], [ 428921.659999999974389, 5003100.03000000026077 ], [ 429158.520000000018626, 5003130.980000000447035 ], [ 429395.06, 5003158.620000000111759 ], [ 429632.43, 5003182.42 ], [ 429871.78000000002794, 5003201.889999999664724 ], [ 430102.919999999983702, 5003215.509999999776483 ], [ 430335.150000000023283, 5003221.450000000186265 ], [ 430566.909999999974389, 5003216.379999999888241 ], [ 430796.650000000023283, 5003197.009999999776483 ], [ 431022.78000000002794, 5003160.0 ], [ 431279.35999999998603, 5003092.46999999973923 ], [ 431530.270000000018626, 5003003.070000000298023 ], [ 431777.080000000016298, 5002898.08 ], [ 432021.35999999998603, 5002783.820000000298023 ], [ 432264.68, 5002666.570000000298023 ], [ 432508.62, 5002552.639999999664724 ], [ 432747.700000000011642, 5002449.320000000298023 ], [ 432988.12, 5002351.190000000409782 ], [ 433229.460000000020955, 5002254.309999999590218 ], [ 433471.270000000018626, 5002154.71999999973923 ], [ 433728.14000000001397, 5002044.629999999888241 ], [ 433986.76, 5001939.990000000223517 ], [ 434249.229999999981374, 5001853.700000000186265 ], [ 434517.64000000001397, 5001798.679999999701977 ], [ 434758.349999999976717, 5001784.21999999973923 ], [ 435001.38, 5001799.589999999850988 ], [ 435243.200000000011642, 5001840.679999999701977 ], [ 435480.289999999979045, 5001903.400000000372529 ], [ 435736.090000000025611, 5001994.410000000149012 ], [ 435982.789999999979045, 5002104.179999999701977 ], [ 436221.93, 5002229.58 ], [ 436455.039999999979045, 5002367.480000000447035 ], [ 436683.659999999974389, 5002514.75 ], [ 436909.31, 5002668.269999999552965 ], [ 437133.549999999988358, 5002824.910000000149012 ] ] } },
{ "type": "Feature", "properties": { "Name": null, "Shape_Leng": 25.109632957799999, "VALIDATION_ERRORS": [ ] }, "geometry": { "type": "LineString", "coordinates": [ [ 437342.82, 4999704.339999999850988 ], [ 435940.69, 5002050.0 ] ] } },
{ "type": "Feature", "properties": { "Name": null, "Shape_Leng": 25.109632957799999, "VALIDATION_ERRORS": [ ] }, "geometry": { "type": "LineString", "coordinates": [ [ 419031.460000000020955, 5004144.339999999850988 ], [ 419270.94, 5004126.650000000372529 ], [ 419510.46999999997206, 5004109.379999999888241 ], [ 419750.210000000020955, 5004092.990000000223517 ], [ 419990.28000000002794, 5004077.910000000149012 ], [ 420230.830000000016298, 5004064.589999999850988 ], [ 420472.0, 5004053.46999999973923 ], [ 420713.93, 5004045.0 ], [ 420956.770000000018626, 5004039.629999999888241 ], [ 421217.200000000011642, 5004037.889999999664724 ], [ 421478.0, 5004041.360000000335276 ], [ 421738.5, 5004051.21999999973923 ], [ 421998.06, 5004068.679999999701977 ], [ 422256.01, 5004094.940000000409782 ], [ 422511.71999999997206, 5004131.190000000409782 ], [ 422764.51, 5004178.639999999664724 ], [ 423013.75, 5004238.46999999973923 ], [ 423258.770000000018626, 5004311.889999999664724 ], [ 423507.60999999998603, 5004402.879999999888241 ], [ 423751.950000000011642, 5004507.059999999590218 ], [ 423992.710000000020955, 5004621.79 ], [ 424230.81, 5004744.46 ], [ 424467.18, 5004872.410000000149012 ], [ 424702.75, 5005003.019999999552965 ] ] } },
{ "type": "Feature", "properties": { "Name": null, "Shape_Leng": 25.109632957799999, "VALIDATION_ERRORS": [ ] }, "geometry": { "type": "LineString", "coordinates": [ [ 420705.64000000001397, 5004039.629999999888241 ], [ 420810.28000000002794, 5003097.17 ] ] } },
{ "type": "Feature", "properties": { "Name": null, "Shape_Leng": 25.109632957799999, "VALIDATION_ERRORS": [ ] }, "geometry": { "type": "LineString", "coordinates": [ [ 420705.64000000001397, 5005694.160000000149012 ], [ 420810.28000000002794, 5004060.570000000298023 ] ] } },
{ "type": "Feature", "properties": { "Name": null, "Shape_Leng": 25.109632957799999, "VALIDATION_ERRORS": [ ] }, "geometry": { "type": "LineString", "coordinates": [ [ 421207.900000000023283, 5008961.33 ], [ 421259.26, 5008748.379999999888241 ], [ 421309.28000000002794, 5008535.320000000298023 ], [ 421356.64000000001397, 5008321.92 ], [ 421400.020000000018626, 5008107.96999999973923 ], [ 421438.099999999976717, 5007893.21999999973923 ], [ 421473.849999999976717, 5007647.08 ], [ 421501.900000000023283, 5007399.96999999973923 ], [ 421523.21999999997206, 5007151.990000000223517 ], [ 421538.770000000018626, 5006903.259999999776483 ], [ 421549.5, 5006653.900000000372529 ], [ 421556.400000000023283, 5006404.0 ], [ 421560.409999999974389, 5006153.690000000409782 ], [ 421562.51, 5005903.08 ], [ 421563.659999999974389, 5005652.269999999552965 ] ] } },
{ "type": "Feature", "properties": { "Name": null, "Shape_Leng": 25.109632957799999, "VALIDATION_ERRORS": [ ] }, "geometry": { "type": "LineString", "coordinates": [ [ 420056.900000000023283, 5005338.120000000111759 ], [ 420293.849999999976717, 5005481.240000000223517 ], [ 420528.049999999988358, 5005627.809999999590218 ], [ 420756.85999999998603, 5005781.360000000335276 ], [ 420977.700000000011642, 5005945.480000000447035 ], [ 421171.049999999988358, 5006106.549999999813735 ], [ 421358.35999999998603, 5006275.360000000335276 ], [ 421542.729999999981374, 5006448.120000000111759 ] ] } },
{ "type": "Feature", "properties": { "Name": null, "Shape_Leng": 25.109632957799999, "VALIDATION_ERRORS": [ ] }, "geometry": { "type": "LineString", "coordinates": [ [ 422735.590000000025611, 5007537.179999999701977 ], [ 422653.330000000016298, 5007318.389999999664724 ], [ 422572.60999999998603, 5007099.230000000447035 ], [ 422494.89000000001397, 5006879.129999999888241 ], [ 422421.68, 5006657.559999999590218 ], [ 422345.89000000001397, 5006407.179999999701977 ], [ 422274.159999999974389, 5006155.559999999590218 ], [ 422202.950000000011642, 5005903.620000000111759 ], [ 422128.700000000011642, 5005652.269999999552965 ], [ 422056.18, 5005422.759999999776483 ], [ 421983.28000000002794, 5005193.53000000026077 ], [ 421915.07, 5004963.299999999813735 ], [ 421856.64000000001397, 5004730.759999999776483 ], [ 421814.85999999998603, 5004515.910000000149012 ], [ 421781.37, 5004299.21999999973923 ], [ 421752.0, 5004081.509999999776483 ] ] } },
{ "type": "Feature", "properties": { "Name": null, "Shape_Leng": 25.109632957799999, "VALIDATION_ERRORS": [ ] }, "geometry": { "type": "LineString", "coordinates": [ [ 421542.729999999981374, 5006636.610000000335276 ], [ 421798.919999999983702, 5006787.46999999973923 ], [ 422065.909999999974389, 5006908.879999999888241 ], [ 422292.650000000023283, 5006970.679999999701977 ], [ 422526.31, 5007013.589999999850988 ] ] } },
{ "type": "Feature", "properties": { "Name": null, "Shape_Leng": 25.109632957799999, "VALIDATION_ERRORS": [ ] }, "geometry": { "type": "LineString", "coordinates": [ [ 422484.460000000020955, 5006217.740000000223517 ], [ 423823.799999999988358, 5006720.389999999664724 ] ] } },
{ "type": "Feature", "properties": { "Name": null, "Shape_Leng": 25.109632957799999, "VALIDATION_ERRORS": [ ] }, "geometry": { "type": "LineString", "coordinates": [ [ 429704.37, 5011055.67 ], [ 429525.340000000025611, 5010805.46 ], [ 429346.539999999979045, 5010555.17 ], [ 429168.159999999974389, 5010304.679999999701977 ], [ 428990.38, 5010053.839999999850988 ], [ 428813.37, 5009802.53000000026077 ], [ 428637.330000000016298, 5009550.610000000335276 ], [ 428462.44, 5009297.950000000186265 ], [ 428288.89000000001397, 5009044.410000000149012 ], [ 428116.840000000025611, 5008789.870000000111759 ], [ 427946.5, 5008534.190000000409782 ], [ 427778.039999999979045, 5008277.240000000223517 ], [ 427611.64000000001397, 5008018.879999999888241 ], [ 427463.01, 5007784.200000000186265 ], [ 427315.270000000018626, 5007549.03000000026077 ], [ 427167.349999999976717, 5007313.96999999973923 ], [ 427018.18, 5007079.660000000149012 ], [ 426866.669999999983702, 5006846.679999999701977 ], [ 426711.770000000018626, 5006615.67 ], [ 426518.200000000011642, 5006339.28000000026077 ], [ 426317.549999999988358, 5006068.059999999590218 ], [ 426109.039999999979045, 5005803.089999999850988 ], [ 425891.909999999974389, 5005545.450000000186265 ], [ 425665.400000000023283, 5005296.230000000447035 ], [ 425426.919999999983702, 5005053.360000000335276 ], [ 425181.68, 5004817.160000000149012 ], [ 424932.950000000011642, 5004584.160000000149012 ] ] } },
{ "type": "Feature", "properties": { "Name": null, "Shape_Leng": 25.109632957799999, "VALIDATION_ERRORS": [ ] }, "geometry": { "type": "LineString", "coordinates": [ [ 423761.020000000018626, 5012940.58 ], [ 423662.669999999983702, 5012697.889999999664724 ], [ 423563.56, 5012455.67 ], [ 423462.900000000023283, 5012214.320000000298023 ], [ 423359.87, 5011974.200000000186265 ], [ 423253.68, 5011735.71 ], [ 423143.51, 5011499.21999999973923 ], [ 423028.57, 5011265.110000000335276 ], [ 422885.85999999998603, 5010991.860000000335276 ], [ 422736.43, 5010722.190000000409782 ], [ 422581.21999999997206, 5010455.559999999590218 ], [ 422421.200000000011642, 5010191.46999999973923 ], [ 422257.32, 5009929.370000000111759 ], [ 422090.520000000018626, 5009668.75 ], [ 421921.76, 5009409.070000000298023 ], [ 421752.0, 5009149.820000000298023 ] ] } },
{ "type": "Feature", "properties": { "Name": null, "Shape_Leng": 25.109632957799999, "VALIDATION_ERRORS": [ ] }, "geometry": { "type": "LineString", "coordinates": [ [ 426439.710000000020955, 5012417.0 ], [ 426210.21999999997206, 5012156.589999999850988 ], [ 425981.659999999974389, 5011895.379999999888241 ], [ 425754.849999999976717, 5011632.440000000409782 ], [ 425530.57, 5011366.809999999590218 ], [ 425309.64000000001397, 5011097.559999999590218 ], [ 425118.020000000018626, 5010857.83 ], [ 424925.789999999979045, 5010618.79 ], [ 424728.93, 5010384.429999999701977 ], [ 424523.39000000001397, 5010158.730000000447035 ], [ 424305.13, 5009945.67 ], [ 424083.349999999976717, 5009755.389999999664724 ], [ 423856.74, 5009570.33 ], [ 423635.460000000020955, 5009380.200000000186265 ], [ 423397.960000000020955, 5009145.440000000409782 ], [ 423177.799999999988358, 5008894.08 ], [ 422971.49, 5008629.400000000372529 ], [ 422775.539999999979045, 5008354.71999999973923 ], [ 422586.450000000011642, 5008073.320000000298023 ], [ 422400.75, 5007788.5 ] ] } },
{ "type": "Feature", "properties": { "Name": null, "Shape_Leng": 25.109632957799999, "VALIDATION_ERRORS": [ ] }, "geometry": { "type": "LineString", "coordinates": [ [ 423907.51, 5007369.629999999888241 ], [ 424153.07, 5007453.360000000335276 ], [ 424398.32, 5007537.660000000149012 ], [ 424643.07, 5007623.179999999701977 ], [ 424887.13, 5007710.519999999552965 ], [ 425130.31, 5007800.33 ], [ 425372.419999999983702, 5007893.21999999973923 ], [ 425635.090000000025611, 5007999.28000000026077 ], [ 425894.5, 5008112.809999999590218 ], [ 426149.229999999981374, 5008236.96 ], [ 426397.85999999998603, 5008374.92 ], [ 426659.87, 5008538.809999999590218 ], [ 426921.849999999976717, 5008699.879999999888241 ], [ 427193.090000000025611, 5008835.67 ], [ 427399.32, 5008907.639999999664724 ], [ 427613.12, 5008959.53000000026077 ], [ 427832.62, 5008996.389999999664724 ], [ 428055.979999999981374, 5009023.240000000223517 ], [ 428281.31, 5009045.110000000335276 ] ] } },
{ "type": "Feature", "properties": { "Name": null, "Shape_Leng": 25.109632957799999, "VALIDATION_ERRORS": [ ] }, "geometry": { "type": "LineString", "coordinates": [ [ 426607.13, 5011914.360000000335276 ], [ 426568.88, 5011649.0 ], [ 426529.44, 5011383.980000000447035 ], [ 426487.60999999998603, 5011119.5 ], [ 426442.18, 5010855.769999999552965 ], [ 426391.960000000020955, 5010593.03000000026077 ], [ 426335.729999999981374, 5010331.480000000447035 ], [ 426272.289999999979045, 5010071.33 ], [ 426206.13, 5009828.809999999590218 ], [ 426137.13, 5009587.009999999776483 ], [ 426069.830000000016298, 5009345.009999999776483 ], [ 426008.74, 5009101.860000000335276 ], [ 425958.39000000001397, 5008856.610000000335276 ], [ 425922.32, 5008613.79 ], [ 425896.06, 5008369.190000000409782 ], [ 425874.68, 5008123.589999999850988 ] ] } },
{ "type": "Feature", "properties": { "Name": null, "Shape_Leng": 25.109632957799999, "VALIDATION_ERRORS": [ ] }, "geometry": { "type": "LineString", "coordinates": [ [ 423802.88, 5007767.559999999590218 ], [ 423844.729999999981374, 5009568.690000000409782 ] ] } },
{ "type": "Feature", "properties": { "Name": null, "Shape_Leng": 25.109632957799999, "VALIDATION_ERRORS": [ ] }, "geometry": { "type": "LineString", "coordinates": [ [ 424556.26, 5006427.179999999701977 ], [ 424812.21999999997206, 5006480.700000000186265 ], [ 425068.26, 5006532.769999999552965 ], [ 425324.56, 5006581.929999999701977 ], [ 425581.299999999988358, 5006626.71999999973923 ], [ 425838.659999999974389, 5006665.690000000409782 ], [ 426096.840000000025611, 5006697.400000000372529 ], [ 426356.0, 5006720.389999999664724 ], [ 426575.549999999988358, 5006732.67 ], [ 426795.479999999981374, 5006741.33 ] ] } },
{ "type": "Feature", "properties": { "Name": null, "Shape_Leng": 25.109632957799999, "VALIDATION_ERRORS": [ ] }, "geometry": { "type": "LineString", "coordinates": [ [ 426962.89000000001397, 5006825.099999999627471 ], [ 427187.549999999988358, 5006791.639999999664724 ], [ 427411.909999999974389, 5006757.360000000335276 ], [ 427635.770000000018626, 5006721.389999999664724 ], [ 427858.909999999974389, 5006682.879999999888241 ], [ 428081.13, 5006640.940000000409782 ], [ 428302.24, 5006594.71999999973923 ], [ 428537.31, 5006539.92 ], [ 428771.07, 5006480.110000000335276 ], [ 429003.93, 5006416.110000000335276 ], [ 429236.299999999988358, 5006348.690000000409782 ], [ 429468.599999999976717, 5006278.67 ], [ 429701.210000000020955, 5006206.83 ], [ 429934.57, 5006133.96999999973923 ], [ 430200.950000000011642, 5006049.79 ], [ 430465.19, 5005960.400000000372529 ], [ 430723.88, 5005860.740000000223517 ], [ 430973.659999999974389, 5005745.759999999776483 ], [ 431211.13, 5005610.379999999888241 ], [ 431463.88, 5005427.179999999701977 ], [ 431699.289999999979045, 5005218.230000000447035 ], [ 431920.830000000016298, 5004990.690000000409782 ], [ 432131.93, 5004751.700000000186265 ], [ 432331.590000000025611, 5004512.660000000149012 ], [ 432526.520000000018626, 5004271.309999999590218 ], [ 432718.960000000020955, 5004029.299999999813735 ], [ 432911.159999999974389, 5003788.269999999552965 ], [ 433105.35999999998603, 5003549.860000000335276 ], [ 433303.81, 5003315.71 ], [ 433508.74, 5003087.480000000447035 ], [ 433722.400000000023283, 5002866.79 ], [ 433898.57, 5002697.79 ], [ 434078.159999999974389, 5002531.700000000186265 ] ] } },
{ "type": "Feature", "properties": { "Name": null, "Shape_Leng": 25.109632957799999, "VALIDATION_ERRORS": [ ] }, "geometry": { "type": "LineString", "coordinates": [ [ 429474.169999999983702, 5010322.650000000372529 ], [ 429486.650000000023283, 5010068.809999999590218 ], [ 429500.43, 5009815.259999999776483 ], [ 429516.81, 5009562.21999999973923 ], [ 429537.099999999976717, 5009309.910000000149012 ], [ 429562.590000000025611, 5009058.53000000026077 ], [ 429594.60999999998603, 5008808.29 ], [ 429634.460000000020955, 5008559.410000000149012 ], [ 429683.44, 5008312.089999999850988 ], [ 429734.950000000011642, 5008093.79 ], [ 429791.28000000002794, 5007876.410000000149012 ], [ 429849.07, 5007659.269999999552965 ], [ 429904.93, 5007441.71 ], [ 429955.49, 5007223.03000000026077 ], [ 430001.03000000002794, 5006986.519999999552965 ], [ 430039.46999999997206, 5006741.360000000335276 ], [ 430039.57, 5006740.650000000372529 ], [ 430051.57, 5006532.349999999627471 ], [ 430040.650000000023283, 5006323.0 ], [ 430018.28000000002794, 5006113.03000000026077 ] ] } },
{ "type": "Feature", "properties": { "Name": null, "Shape_Leng": 25.109632957799999, "VALIDATION_ERRORS": [ ] }, "geometry": { "type": "LineString", "coordinates": [ [ 429348.599999999976717, 5008144.54 ], [ 428741.710000000020955, 5006531.889999999664724 ] ] } },
{ "type": "Feature", "properties": { "Name": null, "Shape_Leng": 25.109632957799999, "VALIDATION_ERRORS": [ ] }, "geometry": { "type": "LineString", "coordinates": [ [ 428406.88, 5005568.5 ], [ 428595.21999999997206, 5006490.009999999776483 ] ] } },
{ "type": "Feature", "properties": { "Name": null, "Shape_Leng": 25.109632957799999, "VALIDATION_ERRORS": [ ] }, "geometry": { "type": "LineString", "coordinates": [ [ 430918.150000000023283, 5010846.240000000223517 ], [ 430880.020000000018626, 5010613.370000000111759 ], [ 430842.909999999974389, 5010380.5 ], [ 430807.87, 5010147.519999999552965 ], [ 430775.909999999974389, 5009914.349999999627471 ], [ 430748.080000000016298, 5009680.879999999888241 ], [ 430725.39000000001397, 5009447.019999999552965 ], [ 430708.87, 5009212.650000000372529 ], [ 430698.89000000001397, 5008961.639999999664724 ], [ 430696.419999999983702, 5008710.299999999813735 ], [ 430700.75, 5008458.759999999776483 ], [ 430711.150000000023283, 5008207.17 ], [ 430726.919999999983702, 5007955.650000000372529 ], [ 430747.330000000016298, 5007704.349999999627471 ], [ 430771.659999999974389, 5007453.410000000149012 ], [ 430798.78000000002794, 5007206.929999999701977 ], [ 430828.56, 5006961.019999999552965 ], [ 430860.56, 5006715.570000000298023 ], [ 430894.330000000016298, 5006470.450000000186265 ], [ 430929.43, 5006225.570000000298023 ], [ 430965.419999999983702, 5005980.799999999813735 ], [ 431001.85999999998603, 5005736.04 ] ] } },
{ "type": "Feature", "properties": { "Name": null, "Shape_Leng": 25.109632957799999, "VALIDATION_ERRORS": [ ] }, "geometry": { "type": "LineString", "coordinates": [ [ 430290.330000000016298, 5007746.610000000335276 ], [ 430457.75, 5005987.370000000111759 ] ] } },
{ "type": "Feature", "properties": { "Name": null, "Shape_Leng": 25.109632957799999, "VALIDATION_ERRORS": [ ] }, "geometry": { "type": "LineString", "coordinates": [ [ 430604.24, 5005819.820000000298023 ], [ 430583.31, 5004374.71999999973923 ] ] } },
{ "type": "Feature", "properties": { "Name": null, "Shape_Leng": 25.109632957799999, "VALIDATION_ERRORS": [ ] }, "geometry": { "type": "LineString", "coordinates": [ [ 431085.57, 5004982.08 ], [ 430913.43, 5004767.570000000298023 ], [ 430742.520000000018626, 5004552.299999999813735 ], [ 430573.96999999997206, 5004335.379999999888241 ], [ 430408.909999999974389, 5004115.92 ], [ 430248.479999999981374, 5003893.019999999552965 ], [ 430106.21999999997206, 5003685.519999999552965 ], [ 429967.28000000002794, 5003475.740000000223517 ], [ 429829.93, 5003264.71999999973923 ] ] } },
{ "type": "Feature", "properties": { "Name": null, "Shape_Leng": 25.109632957799999, "VALIDATION_ERRORS": [ ] }, "geometry": { "type": "LineString", "coordinates": [ [ 427067.53000000002794, 5006762.269999999552965 ], [ 427171.49, 5006496.08 ], [ 427276.63, 5006230.54 ], [ 427384.200000000011642, 5005966.150000000372529 ], [ 427495.450000000011642, 5005703.42 ], [ 427611.64000000001397, 5005442.839999999850988 ], [ 427734.020000000018626, 5005183.870000000111759 ], [ 427861.289999999979045, 5004927.259999999776483 ], [ 427992.25, 5004672.379999999888241 ], [ 428125.68, 5004418.589999999850988 ], [ 428260.38, 5004165.29 ] ] } },
{ "type": "Feature", "properties": { "Name": null, "Shape_Leng": 25.109632957799999, "VALIDATION_ERRORS": [ ] }, "geometry": { "type": "LineString", "coordinates": [ [ 434705.979999999981374, 5010741.519999999552965 ], [ 434523.159999999974389, 5010501.21 ], [ 434341.080000000016298, 5010260.410000000149012 ], [ 434160.460000000020955, 5010018.549999999813735 ], [ 433981.99, 5009775.04 ], [ 433806.400000000023283, 5009529.299999999813735 ], [ 433634.37, 5009280.740000000223517 ], [ 433466.62, 5009028.78000000026077 ], [ 433303.85999999998603, 5008772.839999999850988 ], [ 433172.229999999981374, 5008555.25 ], [ 433046.349999999976717, 5008334.339999999850988 ], [ 432927.919999999983702, 5008109.809999999590218 ], [ 432818.62, 5007881.370000000111759 ], [ 432720.14000000001397, 5007648.71 ], [ 432634.18, 5007411.519999999552965 ], [ 432557.35999999998603, 5007155.150000000372529 ], [ 432491.049999999988358, 5006895.370000000111759 ], [ 432429.659999999974389, 5006633.929999999701977 ], [ 432367.62, 5006372.570000000298023 ], [ 432299.349999999976717, 5006113.03000000026077 ], [ 432230.710000000020955, 5005887.53000000026077 ], [ 432154.840000000025611, 5005664.410000000149012 ], [ 432073.520000000018626, 5005443.03000000026077 ], [ 431988.549999999988358, 5005222.78000000026077 ], [ 431901.729999999981374, 5005003.019999999552965 ] ] } },
{ "type": "Feature", "properties": { "Name": null, "Shape_Leng": 25.109632957799999, "VALIDATION_ERRORS": [ ] }, "geometry": { "type": "LineString", "coordinates": [ [ 429453.24, 5004165.29 ], [ 429507.349999999976717, 5004373.79 ], [ 429558.64000000001397, 5004582.610000000335276 ], [ 429604.32, 5004792.200000000186265 ], [ 429641.580000000016298, 5005003.019999999552965 ], [ 429670.85999999998603, 5005239.53000000026077 ], [ 429688.99, 5005477.490000000223517 ], [ 429698.75, 5005716.58 ], [ 429702.94, 5005956.450000000186265 ], [ 429704.37, 5006196.799999999813735 ] ] } },
{ "type": "Feature", "properties": { "Name": null, "Shape_Leng": 25.109632957799999, "VALIDATION_ERRORS": [ ] }, "geometry": { "type": "LineString", "coordinates": [ [ 430039.200000000011642, 5004395.660000000149012 ], [ 430050.909999999974389, 5004599.849999999627471 ], [ 430062.10999999998603, 5004803.990000000223517 ], [ 430072.330000000016298, 5005008.160000000149012 ], [ 430081.06, 5005212.46 ], [ 430088.10999999998603, 5005421.860000000335276 ], [ 430093.599999999976717, 5005631.25 ], [ 430098.049999999988358, 5005840.67 ], [ 430101.979999999981374, 5006050.200000000186265 ] ] } },
{ "type": "Feature", "properties": { "Name": null, "Shape_Leng": 25.109632957799999, "VALIDATION_ERRORS": [ ] }, "geometry": { "type": "LineString", "coordinates": [ [ 431964.51, 5009673.410000000149012 ], [ 431960.539999999979045, 5009431.980000000447035 ], [ 431957.840000000025611, 5009190.730000000447035 ], [ 431957.700000000011642, 5008949.679999999701977 ], [ 431961.400000000023283, 5008708.900000000372529 ], [ 431970.21999999997206, 5008468.429999999701977 ], [ 431985.44, 5008228.309999999590218 ], [ 432009.0, 5007976.610000000335276 ], [ 432038.229999999981374, 5007725.370000000111759 ], [ 432070.32, 5007474.320000000298023 ], [ 432102.49, 5007223.190000000409782 ], [ 432131.93, 5006971.71 ], [ 432153.81, 5006750.089999999850988 ], [ 432172.270000000018626, 5006528.259999999776483 ], [ 432188.150000000023283, 5006306.240000000223517 ], [ 432202.32, 5006084.049999999813735 ], [ 432215.64000000001397, 5005861.700000000186265 ] ] } },
{ "type": "Feature", "properties": { "Name": null, "Shape_Leng": 25.109632957799999, "VALIDATION_ERRORS": [ ] }, "geometry": { "type": "LineString", "coordinates": [ [ 433010.87, 5007683.78000000026077 ], [ 432976.450000000011642, 5007432.53000000026077 ], [ 432942.270000000018626, 5007181.33 ], [ 432908.56, 5006930.099999999627471 ], [ 432875.549999999988358, 5006678.75 ], [ 432843.460000000020955, 5006427.179999999701977 ], [ 432815.14000000001397, 5006197.0 ], [ 432788.090000000025611, 5005966.75 ], [ 432762.56, 5005736.339999999850988 ], [ 432738.82, 5005505.67 ], [ 432714.849999999976717, 5005250.379999999888241 ], [ 432692.909999999974389, 5004995.0 ], [ 432672.49, 5004739.5 ], [ 432653.090000000025611, 5004483.879999999888241 ], [ 432634.18, 5004228.120000000111759 ] ] } },
{ "type": "Feature", "properties": { "Name": null, "Shape_Leng": 25.109632957799999, "VALIDATION_ERRORS": [ ] }, "geometry": { "type": "LineString", "coordinates": [ [ 432801.599999999976717, 5005798.870000000111759 ], [ 433042.289999999979045, 5005691.879999999888241 ], [ 433285.520000000018626, 5005597.08 ], [ 433534.06, 5005526.610000000335276 ], [ 433749.75, 5005492.429999999701977 ], [ 433969.24, 5005476.099999999627471 ], [ 434190.88, 5005469.320000000298023 ], [ 434413.0, 5005463.78000000026077 ], [ 434645.01, 5005452.120000000111759 ], [ 434875.76, 5005434.269999999552965 ], [ 435105.62, 5005411.79 ], [ 435334.919999999983702, 5005386.21 ], [ 435564.0, 5005359.059999999590218 ] ] } },
{ "type": "Feature", "properties": { "Name": null, "Shape_Leng": 25.109632957799999, "VALIDATION_ERRORS": [ ] }, "geometry": { "type": "LineString", "coordinates": [ [ 435647.710000000020955, 5010971.900000000372529 ], [ 435567.28000000002794, 5010724.269999999552965 ], [ 435485.400000000023283, 5010477.29 ], [ 435400.599999999976717, 5010231.54 ], [ 435311.39000000001397, 5009987.58 ], [ 435216.31, 5009745.990000000223517 ], [ 435113.89000000001397, 5009507.33 ], [ 435002.650000000023283, 5009272.190000000409782 ], [ 434881.13, 5009041.129999999888241 ], [ 434747.840000000025611, 5008814.730000000447035 ], [ 434595.289999999979045, 5008581.04 ], [ 434440.080000000016298, 5008349.099999999627471 ], [ 434294.159999999974389, 5008114.639999999664724 ], [ 434169.53000000002794, 5007873.349999999627471 ], [ 434078.159999999974389, 5007620.950000000186265 ], [ 434030.770000000018626, 5007382.650000000372529 ], [ 434007.14000000001397, 5007136.799999999813735 ], [ 433994.460000000020955, 5006887.929999999701977 ], [ 433982.94, 5006655.150000000372529 ], [ 433970.099999999976717, 5006423.71999999973923 ], [ 433956.200000000011642, 5006193.349999999627471 ], [ 433941.51, 5005963.740000000223517 ], [ 433926.270000000018626, 5005734.610000000335276 ], [ 433910.75, 5005505.67 ] ] } },
{ "type": "Feature", "properties": { "Name": null, "Shape_Leng": 25.109632957799999, "VALIDATION_ERRORS": [ ] }, "geometry": { "type": "LineString", "coordinates": [ [ 433408.49, 5003201.889999999664724 ], [ 433417.400000000023283, 5003459.349999999627471 ], [ 433429.020000000018626, 5003716.379999999888241 ], [ 433446.07, 5003972.71999999973923 ], [ 433471.270000000018626, 5004228.120000000111759 ], [ 433507.700000000011642, 5004489.629999999888241 ], [ 433553.32, 5004749.879999999888241 ], [ 433605.840000000025611, 5005009.21999999973923 ], [ 433662.96999999997206, 5005268.019999999552965 ], [ 433722.400000000023283, 5005526.610000000335276 ] ] } },
{ "type": "Feature", "properties": { "Name": null, "Shape_Leng": 25.109632957799999, "VALIDATION_ERRORS": [ ] }, "geometry": { "type": "LineString", "coordinates": [ [ 431880.799999999988358, 5004437.549999999813735 ], [ 431830.789999999979045, 5004181.480000000447035 ], [ 431771.21999999997206, 5003929.03000000026077 ], [ 431692.460000000020955, 5003683.589999999850988 ], [ 431606.150000000023283, 5003483.889999999664724 ], [ 431506.229999999981374, 5003289.309999999590218 ], [ 431399.46999999997206, 5003097.17 ] ] } },
{ "type": "Feature", "properties": { "Name": null, "Shape_Leng": 25.109632957799999, "VALIDATION_ERRORS": [ ] }, "geometry": { "type": "LineString", "coordinates": [ [ 432194.710000000020955, 5004081.509999999776483 ], [ 432320.270000000018626, 5002594.53000000026077 ] ] } },
{ "type": "Feature", "properties": { "Name": null, "Shape_Leng": 25.109632957799999, "VALIDATION_ERRORS": [ ] }, "geometry": { "type": "LineString", "coordinates": [ [ 428469.659999999974389, 4998761.879999999888241 ], [ 428726.340000000025611, 4998744.160000000149012 ], [ 428982.94, 4998727.110000000335276 ], [ 429239.44, 4998711.450000000186265 ], [ 429495.840000000025611, 4998697.870000000111759 ], [ 429752.159999999974389, 4998687.049999999813735 ], [ 430008.37, 4998679.679999999701977 ], [ 430264.5, 4998676.46999999973923 ], [ 430520.53000000002794, 4998678.110000000335276 ], [ 430771.669999999983702, 4998684.860000000335276 ], [ 431022.62, 4998696.21999999973923 ], [ 431273.460000000020955, 4998711.46999999973923 ], [ 431524.25, 4998729.889999999664724 ], [ 431775.06, 4998750.75 ], [ 432025.960000000020955, 4998773.339999999850988 ], [ 432277.01, 4998796.940000000409782 ], [ 432528.289999999979045, 4998820.83 ], [ 432779.85999999998603, 4998844.29 ], [ 433031.799999999988358, 4998866.599999999627471 ], [ 433274.87, 4998886.71999999973923 ], [ 433517.88, 4998906.75 ], [ 433760.51, 4998928.349999999627471 ], [ 434002.450000000011642, 4998953.17 ], [ 434243.39000000001397, 4998982.889999999664724 ], [ 434483.020000000018626, 4999019.139999999664724 ], [ 434721.03000000002794, 4999063.599999999627471 ], [ 434957.10999999998603, 4999117.92 ], [ 435197.71999999997206, 4999184.639999999664724 ], [ 435436.87, 4999258.240000000223517 ], [ 435675.659999999974389, 4999333.450000000186265 ], [ 435915.21999999997206, 4999404.96999999973923 ], [ 436156.650000000023283, 4999467.53000000026077 ], [ 436401.090000000025611, 4999515.849999999627471 ], [ 436602.229999999981374, 4999541.559999999590218 ], [ 436804.840000000025611, 4999555.240000000223517 ], [ 437007.979999999981374, 4999557.730000000447035 ], [ 437217.650000000023283, 4999549.910000000149012 ], [ 437426.81, 4999534.71999999973923 ], [ 437635.799999999988358, 4999515.849999999627471 ] ] } },
{ "type": "Feature", "properties": { "Name": null, "Shape_Leng": 25.109632957799999, "VALIDATION_ERRORS": [ ] }, "geometry": { "type": "LineString", "coordinates": [ [ 433303.85999999998603, 5002175.660000000149012 ], [ 433328.89000000001397, 5001929.25 ], [ 433352.60999999998603, 5001682.67 ], [ 433373.729999999981374, 5001435.620000000111759 ], [ 433390.94, 5001187.799999999813735 ], [ 433402.960000000020955, 5000938.910000000149012 ], [ 433408.49, 5000688.679999999701977 ], [ 433408.82, 5000420.129999999888241 ], [ 433417.13, 5000153.650000000372529 ], [ 433450.349999999976717, 4999892.83 ], [ 433513.650000000023283, 4999660.639999999664724 ], [ 433603.409999999974389, 4999434.549999999813735 ], [ 433710.799999999988358, 4999212.450000000186265 ], [ 433827.039999999979045, 4998992.259999999776483 ] ] } },
{ "type": "Feature", "properties": { "Name": null, "Shape_Leng": 25.109632957799999, "VALIDATION_ERRORS": [ ] }, "geometry": { "type": "LineString", "coordinates": [ [ 432257.49, 5002615.46999999973923 ], [ 432246.099999999976717, 5002363.509999999776483 ], [ 432233.38, 5002111.78000000026077 ], [ 432217.979999999981374, 5001860.370000000111759 ], [ 432198.56, 5001609.370000000111759 ], [ 432173.78000000002794, 5001358.870000000111759 ], [ 432146.68, 5001136.71 ], [ 432116.39000000001397, 5000914.950000000186265 ], [ 432085.0, 5000693.259999999776483 ], [ 432054.599999999976717, 5000471.339999999850988 ], [ 432027.289999999979045, 5000248.870000000111759 ], [ 432006.96999999997206, 5000046.71999999973923 ], [ 431992.5, 4999844.240000000223517 ], [ 431985.44, 4999641.509999999776483 ], [ 431987.07, 4999426.769999999552965 ], [ 431996.270000000018626, 4999212.139999999664724 ], [ 432010.520000000018626, 4998997.519999999552965 ], [ 432027.289999999979045, 4998782.83 ] ] } },
{ "type": "Feature", "properties": { "Name": null, "Shape_Leng": 25.109632957799999, "VALIDATION_ERRORS": [ ] }, "geometry": { "type": "LineString", "coordinates": [ [ 417922.32, 4991766.78000000026077 ], [ 418141.580000000016298, 4991859.78000000026077 ], [ 418361.460000000020955, 4991952.370000000111759 ], [ 418582.68, 4992044.190000000409782 ], [ 418805.96999999997206, 4992134.860000000335276 ], [ 419032.06, 4992224.019999999552965 ], [ 419261.659999999974389, 4992311.309999999590218 ], [ 419549.12, 4992420.900000000372529 ], [ 419821.330000000016298, 4992552.099999999627471 ], [ 420056.900000000023283, 4992730.179999999701977 ], [ 420228.07, 4992947.71 ], [ 420370.700000000011642, 4993197.53000000026077 ], [ 420505.169999999983702, 4993451.67 ], [ 420651.87, 4993682.190000000409782 ], [ 420831.210000000020955, 4993861.120000000111759 ], [ 421035.19, 4993961.650000000372529 ], [ 421271.710000000020955, 4994012.509999999776483 ], [ 421529.700000000011642, 4994029.860000000335276 ], [ 421798.10999999998603, 4994029.860000000335276 ], [ 422065.909999999974389, 4994028.67 ], [ 422335.299999999988358, 4994041.299999999813735 ], [ 422592.950000000011642, 4994074.690000000409782 ], [ 422840.21999999997206, 4994133.389999999664724 ], [ 423097.12, 4994228.21999999973923 ], [ 423345.60999999998603, 4994350.549999999813735 ], [ 423588.18, 4994493.190000000409782 ], [ 423827.299999999988358, 4994648.96 ], [ 424065.460000000020955, 4994810.660000000149012 ], [ 424305.13, 4994971.120000000111759 ], [ 424535.840000000025611, 4995116.599999999627471 ], [ 424770.020000000018626, 4995253.58 ], [ 425007.71999999997206, 4995381.240000000223517 ], [ 425249.01, 4995498.75 ], [ 425493.950000000011642, 4995605.28000000026077 ], [ 425742.62, 4995700.009999999776483 ], [ 425995.07, 4995782.110000000335276 ], [ 426251.37, 4995850.75 ], [ 426494.349999999976717, 4995902.42 ], [ 426739.979999999981374, 4995943.440000000409782 ], [ 426987.659999999974389, 4995975.730000000447035 ], [ 427236.82, 4996001.179999999701977 ], [ 427486.85999999998603, 4996021.71999999973923 ], [ 427737.200000000011642, 4996039.240000000223517 ], [ 427992.63, 4996055.839999999850988 ], [ 428247.56, 4996072.429999999701977 ], [ 428501.99, 4996090.230000000447035 ], [ 428755.94, 4996110.46 ], [ 429009.39000000001397, 4996134.33 ], [ 429262.349999999976717, 4996163.059999999590218 ], [ 429514.82, 4996197.870000000111759 ], [ 429766.789999999979045, 4996239.96 ], [ 430018.28000000002794, 4996290.559999999590218 ], [ 430249.590000000025611, 4996347.309999999590218 ], [ 430474.669999999983702, 4996421.150000000372529 ], [ 430687.950000000011642, 4996520.940000000409782 ], [ 430894.24, 4996656.08 ], [ 431092.71999999997206, 4996803.96999999973923 ], [ 431294.840000000025611, 4996939.809999999590218 ], [ 431519.049999999988358, 4997047.349999999627471 ], [ 431757.020000000018626, 4997120.429999999701977 ], [ 432006.479999999981374, 4997164.799999999813735 ], [ 432265.159999999974389, 4997186.21 ], [ 432530.76, 4997190.410000000149012 ], [ 432801.020000000018626, 4997183.150000000372529 ], [ 433073.659999999974389, 4997170.179999999701977 ] ] } },
{ "type": "Feature", "properties": { "Name": null, "Shape_Leng": 25.109632957799999, "VALIDATION_ERRORS": [ ] }, "geometry": { "type": "LineString", "coordinates": [ [ 432320.270000000018626, 4996143.950000000186265 ], [ 432566.669999999983702, 4996157.110000000335276 ], [ 432812.96999999997206, 4996171.230000000447035 ], [ 433059.14000000001397, 4996187.33 ], [ 433305.169999999983702, 4996206.400000000372529 ], [ 433551.03000000002794, 4996229.440000000409782 ], [ 433796.710000000020955, 4996257.46999999973923 ], [ 434042.18, 4996291.46999999973923 ], [ 434287.44, 4996332.450000000186265 ], [ 434524.979999999981374, 4996380.309999999590218 ], [ 434759.39000000001397, 4996439.240000000223517 ], [ 434988.03000000002794, 4996512.83 ], [ 435208.24, 4996604.71 ], [ 435446.950000000011642, 4996734.17 ], [ 435675.169999999983702, 4996883.96999999973923 ], [ 435897.169999999983702, 4997046.099999999627471 ], [ 436117.21999999997206, 4997212.53000000026077 ], [ 436339.57, 4997375.240000000223517 ], [ 436568.51, 4997526.21999999973923 ], [ 436780.210000000020955, 4997645.570000000298023 ], [ 436998.62, 4997752.349999999627471 ], [ 437222.099999999976717, 4997849.730000000447035 ], [ 437448.99, 4997940.849999999627471 ], [ 437677.650000000023283, 4998028.860000000335276 ] ] } },
{ "type": "Feature", "properties": { "Name": null, "Shape_Leng": 25.109632957799999, "VALIDATION_ERRORS": [ ] }, "geometry": { "type": "LineString", "coordinates": [ [ 429348.599999999976717, 4998678.110000000335276 ], [ 429587.330000000016298, 4998565.740000000223517 ], [ 429825.950000000011642, 4998453.21999999973923 ], [ 430064.49, 4998340.339999999850988 ], [ 430302.979999999981374, 4998226.879999999888241 ], [ 430541.460000000020955, 4998112.639999999664724 ], [ 430767.37, 4998003.96 ], [ 430993.89000000001397, 4997896.700000000186265 ], [ 431221.849999999976717, 4997793.070000000298023 ], [ 431452.07, 4997695.309999999590218 ], [ 431685.400000000023283, 4997605.620000000111759 ], [ 431922.659999999974389, 4997526.21999999973923 ], [ 432182.75, 4997453.21999999973923 ], [ 432445.520000000018626, 4997387.910000000149012 ], [ 432708.349999999976717, 4997323.389999999664724 ], [ 432968.659999999974389, 4997252.75 ], [ 433223.840000000025611, 4997169.08 ], [ 433471.270000000018626, 4997065.46999999973923 ], [ 433687.37, 4996952.679999999701977 ], [ 433901.39000000001397, 4996835.259999999776483 ], [ 434120.020000000018626, 4996730.370000000111759 ], [ 434336.299999999988358, 4996654.53000000026077 ], [ 434559.979999999981374, 4996598.83 ], [ 434788.650000000023283, 4996556.549999999813735 ], [ 435019.89000000001397, 4996520.940000000409782 ] ] } },
{ "type": "Feature", "properties": { "Name": null, "Shape_Leng": 25.109632957799999, "VALIDATION_ERRORS": [ ] }, "geometry": { "type": "LineString", "coordinates": [ [ 433136.44, 4998803.769999999552965 ], [ 432696.96999999997206, 4997295.839999999850988 ] ] } },
{ "type": "Feature", "properties": { "Name": null, "Shape_Leng": 25.109632957799999, "VALIDATION_ERRORS": [ ] }, "geometry": { "type": "LineString", "coordinates": [ [ 425351.49, 5003976.799999999813735 ], [ 425159.549999999988358, 5003739.150000000372529 ], [ 424973.28000000002794, 5003498.200000000186265 ], [ 424798.229999999981374, 5003250.46 ], [ 424639.96999999997206, 5002992.46 ], [ 424508.090000000025611, 5002736.179999999701977 ], [ 424387.96999999997206, 5002472.990000000223517 ], [ 424271.01, 5002208.089999999850988 ], [ 424148.599999999976717, 5001946.679999999701977 ], [ 424012.150000000023283, 5001693.96 ], [ 423840.0, 5001433.28000000026077 ], [ 423645.229999999981374, 5001187.53000000026077 ], [ 423431.900000000023283, 5000954.83 ], [ 423204.06, 5000733.33 ], [ 422965.789999999979045, 5000521.129999999888241 ], [ 422704.43, 5000300.889999999664724 ], [ 422446.419999999983702, 5000080.160000000149012 ], [ 422202.200000000011642, 4999849.54 ], [ 421982.200000000011642, 4999599.620000000111759 ], [ 421812.82, 4999355.589999999850988 ], [ 421663.669999999983702, 4999095.480000000447035 ], [ 421527.299999999988358, 4998825.660000000149012 ], [ 421396.24, 4998552.450000000186265 ], [ 421283.69, 4998320.21 ], [ 421170.32, 4998089.639999999664724 ], [ 421056.729999999981374, 4997860.009999999776483 ], [ 420943.5, 4997630.570000000298023 ], [ 420831.210000000020955, 4997400.559999999590218 ], [ 420705.78000000002794, 4997139.150000000372529 ], [ 420581.299999999988358, 4996876.990000000223517 ], [ 420456.56, 4996614.759999999776483 ], [ 420330.38, 4996353.129999999888241 ], [ 420201.580000000016298, 4996092.759999999776483 ], [ 420068.960000000020955, 4995834.320000000298023 ], [ 419931.330000000016298, 4995578.480000000447035 ], [ 419813.169999999983702, 4995369.769999999552965 ], [ 419690.409999999974389, 4995163.839999999850988 ], [ 419562.549999999988358, 4994961.04 ], [ 419429.080000000016298, 4994761.690000000409782 ], [ 419261.450000000011642, 4994526.700000000186265 ], [ 419089.57, 4994294.75 ], [ 418917.789999999979045, 4994063.0 ], [ 418750.46999999997206, 4993828.639999999664724 ], [ 418591.99, 4993588.860000000335276 ], [ 418460.650000000023283, 4993368.309999999590218 ], [ 418338.19, 4993142.429999999701977 ], [ 418222.82, 4992912.28000000026077 ], [ 418112.76, 4992678.900000000372529 ], [ 418006.210000000020955, 4992443.320000000298023 ], [ 417901.39000000001397, 4992206.589999999850988 ] ] } },
{ "type": "Feature", "properties": { "Name": null, "Shape_Leng": 25.109632957799999, "VALIDATION_ERRORS": [ ] }, "geometry": { "type": "LineString", "coordinates": [ [ 423488.96999999997206, 5000981.889999999664724 ], [ 423728.25, 5000969.549999999813735 ], [ 423967.35999999998603, 5000957.179999999701977 ], [ 424206.21999999997206, 5000944.67 ], [ 424444.729999999981374, 5000931.950000000186265 ], [ 424682.789999999979045, 5000918.929999999701977 ], [ 424920.31, 5000905.509999999776483 ], [ 425157.200000000011642, 5000891.620000000111759 ], [ 425393.349999999976717, 5000877.17 ], [ 425642.51, 5000861.129999999888241 ], [ 425891.080000000016298, 5000843.929999999701977 ], [ 426139.520000000018626, 5000825.049999999813735 ], [ 426388.289999999979045, 5000803.940000000409782 ], [ 426637.85999999998603, 5000780.099999999627471 ], [ 426888.700000000011642, 5000752.990000000223517 ], [ 427141.28000000002794, 5000722.08 ], [ 427396.049999999988358, 5000686.860000000335276 ], [ 427653.49, 5000646.79 ], [ 427899.56, 5000602.839999999850988 ], [ 428141.94, 5000547.610000000335276 ], [ 428374.299999999988358, 5000474.570000000298023 ], [ 428590.289999999979045, 5000377.17 ], [ 428783.57, 5000248.870000000111759 ], [ 428964.76, 5000068.519999999552965 ], [ 429120.07, 4999856.5 ], [ 429258.849999999976717, 4999625.990000000223517 ], [ 429390.460000000020955, 4999390.190000000409782 ], [ 429508.159999999974389, 4999184.17 ], [ 429626.89000000001397, 4998982.46 ], [ 429746.21999999997206, 4998782.83 ] ] } },
{ "type": "Feature", "properties": { "Name": null, "Shape_Leng": 25.109632957799999, "VALIDATION_ERRORS": [ ] }, "geometry": { "type": "LineString", "coordinates": [ [ 431169.270000000018626, 5001316.980000000447035 ], [ 431147.299999999988358, 5001075.769999999552965 ], [ 431124.909999999974389, 5000834.690000000409782 ], [ 431101.69, 5000593.75 ], [ 431077.210000000020955, 5000352.96 ], [ 431051.049999999988358, 5000112.339999999850988 ], [ 431022.78000000002794, 4999871.879999999888241 ], [ 430992.289999999979045, 4999632.71 ], [ 430959.81, 4999393.860000000335276 ], [ 430925.830000000016298, 4999155.230000000447035 ], [ 430890.849999999976717, 4998916.679999999701977 ], [ 430855.37, 4998678.110000000335276 ] ] } },
{ "type": "Feature", "properties": { "Name": null, "Shape_Leng": 25.109632957799999, "VALIDATION_ERRORS": [ ] }, "geometry": { "type": "LineString", "coordinates": [ [ 417964.169999999983702, 4998720.0 ], [ 418228.49, 4998732.570000000298023 ], [ 418492.729999999981374, 4998745.190000000409782 ], [ 418756.919999999983702, 4998757.910000000149012 ], [ 419021.080000000016298, 4998770.769999999552965 ], [ 419285.229999999981374, 4998783.83 ], [ 419549.39000000001397, 4998797.139999999664724 ], [ 419813.580000000016298, 4998810.75 ], [ 420077.82, 4998824.71 ], [ 420325.56, 4998838.150000000372529 ], [ 420573.200000000011642, 4998851.870000000111759 ], [ 420820.78000000002794, 4998865.820000000298023 ], [ 421068.35999999998603, 4998879.940000000409782 ], [ 421315.96999999997206, 4998894.179999999701977 ], [ 421563.659999999974389, 4998908.490000000223517 ] ] } },
{ "type": "Feature", "properties": { "Name": null, "Shape_Leng": 25.109632957799999, "VALIDATION_ERRORS": [ ] }, "geometry": { "type": "LineString", "coordinates": [ [ 426544.349999999976717, 4999746.21999999973923 ], [ 426298.06, 4999725.519999999552965 ], [ 426051.85999999998603, 4999704.54 ], [ 425805.770000000018626, 4999683.03000000026077 ], [ 425559.799999999988358, 4999660.700000000186265 ], [ 425313.94, 4999637.28000000026077 ], [ 425068.21999999997206, 4999612.490000000223517 ], [ 424822.63, 4999586.070000000298023 ], [ 424577.19, 4999557.730000000447035 ], [ 424329.39000000001397, 4999527.070000000298023 ], [ 424081.840000000025611, 4999495.009999999776483 ], [ 423834.39000000001397, 4999462.379999999888241 ], [ 423586.909999999974389, 4999429.990000000223517 ], [ 423339.28000000002794, 4999398.67 ], [ 423091.349999999976717, 4999369.240000000223517 ], [ 422868.44, 4999344.940000000409782 ], [ 422645.39000000001397, 4999322.480000000447035 ], [ 422422.21999999997206, 4999301.480000000447035 ], [ 422198.93, 4999281.570000000298023 ], [ 421975.53000000002794, 4999262.400000000372529 ], [ 421752.0, 4999243.58 ] ] } },
{ "type": "Feature", "properties": { "Name": null, "Shape_Leng": 25.109632957799999, "VALIDATION_ERRORS": [ ] }, "geometry": { "type": "LineString", "coordinates": [ [ 419177.950000000011642, 5000814.339999999850988 ], [ 419063.919999999983702, 5000566.200000000186265 ], [ 418962.18, 5000315.740000000223517 ], [ 418884.96999999997206, 5000060.379999999888241 ], [ 418843.63, 4999820.480000000447035 ], [ 418827.080000000016298, 4999575.799999999813735 ], [ 418829.090000000025611, 4999327.509999999776483 ], [ 418843.479999999981374, 4999076.759999999776483 ], [ 418864.039999999979045, 4998824.71 ] ] } },
{ "type": "Feature", "properties": { "Name": null, "Shape_Leng": 25.109632957799999, "VALIDATION_ERRORS": [ ] }, "geometry": { "type": "LineString", "coordinates": [ [ 421312.53000000002794, 5002343.21 ], [ 421175.14000000001397, 5002124.480000000447035 ], [ 421043.849999999976717, 5001903.96 ], [ 420924.76, 5001679.71 ], [ 420823.950000000011642, 5001449.79 ], [ 420747.5, 5001212.259999999776483 ], [ 420705.94, 5001012.519999999552965 ], [ 420678.63, 5000808.559999999590218 ], [ 420659.590000000025611, 5000602.25 ], [ 420642.85999999998603, 5000395.46999999973923 ], [ 420623.909999999974389, 5000192.160000000149012 ], [ 420602.590000000025611, 4999989.92 ], [ 420580.080000000016298, 4999788.110000000335276 ] ] } },
{ "type": "Feature", "properties": { "Name": null, "Shape_Leng": 25.109632957799999, "VALIDATION_ERRORS": [ ] }, "geometry": { "type": "LineString", "coordinates": [ [ 422923.93, 5001631.129999999888241 ], [ 422995.12, 5001855.83 ], [ 423064.19, 5002080.83 ], [ 423129.06, 5002306.570000000298023 ], [ 423187.64000000001397, 5002533.509999999776483 ], [ 423237.840000000025611, 5002762.08 ], [ 423281.85999999998603, 5003016.83 ], [ 423315.169999999983702, 5003273.480000000447035 ], [ 423339.93, 5003531.660000000149012 ], [ 423358.28000000002794, 5003791.03000000026077 ], [ 423372.37, 5004051.21999999973923 ], [ 423384.330000000016298, 5004311.889999999664724 ] ] } },
{ "type": "Feature", "properties": { "Name": null, "Shape_Leng": 25.109632957799999, "VALIDATION_ERRORS": [ ] }, "geometry": { "type": "LineString", "coordinates": [ [ 425246.85999999998603, 5003851.139999999664724 ], [ 425271.51, 5003620.79 ], [ 425296.770000000018626, 5003390.5 ], [ 425323.229999999981374, 5003160.150000000372529 ], [ 425351.49, 5002929.629999999888241 ], [ 425378.549999999988358, 5002720.269999999552965 ], [ 425403.94, 5002510.910000000149012 ], [ 425424.039999999979045, 5002301.46999999973923 ], [ 425435.200000000011642, 5002091.889999999664724 ], [ 425433.840000000025611, 5001853.160000000149012 ], [ 425419.44, 5001614.46 ], [ 425395.25, 5001375.75 ], [ 425364.53000000002794, 5001136.980000000447035 ], [ 425330.57, 5000898.110000000335276 ] ] } },
{ "type": "Feature", "properties": { "Name": null, "Shape_Leng": 25.109632957799999, "VALIDATION_ERRORS": [ ] }, "geometry": { "type": "LineString", "coordinates": [ [ 426272.289999999979045, 5003285.660000000149012 ], [ 426268.150000000023283, 5003034.259999999776483 ], [ 426263.580000000016298, 5002782.96 ], [ 426258.13, 5002531.700000000186265 ], [ 426251.37, 5002280.379999999888241 ], [ 426243.35999999998603, 5002039.389999999664724 ], [ 426234.01, 5001798.509999999776483 ], [ 426223.590000000025611, 5001557.71 ], [ 426212.37, 5001316.940000000409782 ], [ 426200.60999999998603, 5001076.150000000372529 ], [ 426188.590000000025611, 5000835.28000000026077 ] ] } },
{ "type": "Feature", "properties": { "Name": null, "Shape_Leng": 25.109632957799999, "VALIDATION_ERRORS": [ ] }, "geometry": { "type": "LineString", "coordinates": [ [ 430227.549999999988358, 5002636.42 ], [ 430069.210000000020955, 5002427.480000000447035 ], [ 429912.830000000016298, 5002217.429999999701977 ], [ 429760.28000000002794, 5002005.049999999813735 ], [ 429613.43, 5001789.08 ], [ 429474.169999999983702, 5001568.299999999813735 ], [ 429335.62, 5001327.660000000149012 ], [ 429204.31, 5001082.620000000111759 ], [ 429076.549999999988358, 5000835.28000000026077 ] ] } },
{ "type": "Feature", "properties": { "Name": null, "Shape_Leng": 25.109632957799999, "VALIDATION_ERRORS": [ ] }, "geometry": { "type": "LineString", "coordinates": [ [ 418131.590000000025611, 4998028.860000000335276 ], [ 418361.37, 4998017.33 ], [ 418590.56, 4998003.599999999627471 ], [ 418818.68, 4997985.450000000186265 ], [ 419045.26, 4997960.650000000372529 ], [ 419269.81, 4997927.0 ], [ 419491.85999999998603, 4997882.259999999776483 ], [ 419761.229999999981374, 4997810.059999999590218 ], [ 420026.76, 4997721.78000000026077 ], [ 420289.44, 4997621.429999999701977 ], [ 420550.28000000002794, 4997513.019999999552965 ], [ 420810.28000000002794, 4997400.559999999590218 ] ] } },
{ "type": "Feature", "properties": { "Name": null, "Shape_Leng": 25.109632957799999, "VALIDATION_ERRORS": [ ] }, "geometry": { "type": "LineString", "coordinates": [ [ 421082.330000000016298, 4997756.599999999627471 ], [ 421070.419999999983702, 4997500.440000000409782 ], [ 421056.28000000002794, 4997244.5 ], [ 421037.64000000001397, 4996988.889999999664724 ], [ 421012.210000000020955, 4996733.71 ], [ 420977.700000000011642, 4996479.049999999813735 ], [ 420928.81, 4996210.200000000186265 ], [ 420865.13, 4995944.58 ], [ 420784.49, 4995684.400000000372529 ], [ 420684.710000000020955, 4995431.879999999888241 ], [ 420560.03000000002794, 4995179.870000000111759 ], [ 420417.539999999979045, 4994936.71999999973923 ], [ 420262.14000000001397, 4994700.29 ], [ 420098.75, 4994468.480000000447035 ], [ 419912.39000000001397, 4994215.440000000409782 ], [ 419718.419999999983702, 4993969.809999999590218 ], [ 419512.789999999979045, 4993735.46 ], [ 419271.44, 4993495.480000000447035 ], [ 419015.229999999981374, 4993270.339999999850988 ], [ 418747.85999999998603, 4993056.28000000026077 ], [ 418473.01, 4992849.549999999813735 ], [ 418194.37, 4992646.400000000372529 ] ] } },
{ "type": "Feature", "properties": { "Name": null, "Shape_Leng": 25.109632957799999, "VALIDATION_ERRORS": [ ] }, "geometry": { "type": "LineString", "coordinates": [ [ 417901.39000000001397, 4989902.809999999590218 ], [ 418139.07, 4990139.190000000409782 ], [ 418379.580000000016298, 4990371.5 ], [ 418625.88, 4990595.759999999776483 ], [ 418880.919999999983702, 4990807.980000000447035 ], [ 419147.669999999983702, 4991004.17 ], [ 419429.080000000016298, 4991180.360000000335276 ], [ 419688.12, 4991317.450000000186265 ], [ 419951.82, 4991447.639999999664724 ], [ 420211.57, 4991582.58 ], [ 420458.74, 4991733.940000000409782 ], [ 420684.710000000020955, 4991913.379999999888241 ], [ 420898.090000000025611, 4992142.83 ], [ 421096.020000000018626, 4992390.769999999552965 ], [ 421297.57, 4992630.400000000372529 ], [ 421521.799999999988358, 4992834.889999999664724 ], [ 421716.330000000016298, 4992953.370000000111759 ], [ 421929.39000000001397, 4993044.259999999776483 ], [ 422155.68, 4993115.759999999776483 ], [ 422389.93, 4993176.03000000026077 ], [ 422626.849999999976717, 4993233.269999999552965 ], [ 422861.150000000023283, 4993295.650000000372529 ], [ 423107.0, 4993376.370000000111759 ], [ 423344.85999999998603, 4993470.78000000026077 ], [ 423576.299999999988358, 4993577.099999999627471 ], [ 423802.88, 4993693.570000000298023 ], [ 424028.659999999974389, 4993819.440000000409782 ], [ 424252.659999999974389, 4993949.46 ], [ 424476.770000000018626, 4994079.379999999888241 ], [ 424702.900000000023283, 4994204.929999999701977 ], [ 424932.950000000011642, 4994321.879999999888241 ], [ 425153.89000000001397, 4994420.92 ], [ 425379.07, 4994510.129999999888241 ], [ 425607.799999999988358, 4994591.17 ], [ 425839.38, 4994665.67 ], [ 426073.13, 4994735.28000000026077 ], [ 426308.349999999976717, 4994801.639999999664724 ], [ 426544.349999999976717, 4994866.410000000149012 ] ] } },
{ "type": "Feature", "properties": { "Name": null, "Shape_Leng": 25.109632957799999, "VALIDATION_ERRORS": [ ] }, "geometry": { "type": "LineString", "coordinates": [ [ 421375.31, 4997191.129999999888241 ], [ 421481.78000000002794, 4996932.440000000409782 ], [ 421593.75, 4996676.769999999552965 ], [ 421716.840000000025611, 4996426.96 ], [ 421856.64000000001397, 4996185.839999999850988 ], [ 422028.43, 4995935.42 ], [ 422203.43, 4995687.83 ], [ 422358.900000000023283, 4995431.879999999888241 ], [ 422467.28000000002794, 4995186.740000000223517 ], [ 422548.03000000002794, 4994929.150000000372529 ], [ 422608.07, 4994662.190000000409782 ], [ 422654.330000000016298, 4994388.929999999701977 ], [ 422693.729999999981374, 4994112.440000000409782 ] ] } },
{ "type": "Feature", "properties": { "Name": null, "Shape_Leng": 25.109632957799999, "VALIDATION_ERRORS": [ ] }, "geometry": { "type": "LineString", "coordinates": [ [ 421145.10999999998603, 4997463.389999999664724 ], [ 421380.950000000011642, 4997464.049999999813735 ], [ 421616.700000000011642, 4997464.67 ], [ 421852.340000000025611, 4997465.179999999701977 ], [ 422087.87, 4997465.490000000223517 ], [ 422323.270000000018626, 4997465.54 ], [ 422558.53000000002794, 4997465.25 ], [ 422793.63, 4997464.559999999590218 ], [ 423028.57, 4997463.389999999664724 ], [ 423274.82, 4997461.46 ], [ 423520.830000000016298, 4997458.059999999590218 ], [ 423766.74, 4997452.29 ], [ 424012.669999999983702, 4997443.240000000223517 ], [ 424258.729999999981374, 4997429.990000000223517 ], [ 424505.06, 4997411.629999999888241 ], [ 424751.78000000002794, 4997387.25 ], [ 424999.0, 4997355.940000000409782 ], [ 425246.85999999998603, 4997316.79 ], [ 425481.94, 4997271.150000000372529 ], [ 425713.960000000020955, 4997214.17 ], [ 425939.349999999976717, 4997142.309999999590218 ], [ 426154.549999999988358, 4997052.04 ], [ 426356.0, 4996939.809999999590218 ], [ 426590.299999999988358, 4996761.570000000298023 ], [ 426803.090000000025611, 4996552.129999999888241 ], [ 427001.60999999998603, 4996321.849999999627471 ], [ 427193.090000000025611, 4996081.120000000111759 ] ] } },
{ "type": "Feature", "properties": { "Name": null, "Shape_Leng": 25.109632957799999, "VALIDATION_ERRORS": [ ] }, "geometry": { "type": "LineString", "coordinates": [ [ 417713.039999999979045, 4987745.639999999664724 ], [ 417958.19, 4987861.429999999701977 ], [ 418203.74, 4987977.54 ], [ 418450.18, 4988094.389999999664724 ], [ 418698.020000000018626, 4988212.42 ], [ 418947.75, 4988332.059999999590218 ], [ 419219.210000000020955, 4988465.139999999664724 ], [ 419483.549999999988358, 4988608.67 ], [ 419731.13, 4988770.96 ], [ 419952.26, 4988960.360000000335276 ], [ 420129.39000000001397, 4989166.03000000026077 ], [ 420286.159999999974389, 4989392.150000000372529 ], [ 420433.89000000001397, 4989628.519999999552965 ], [ 420583.900000000023283, 4989864.96999999973923 ], [ 420747.5, 4990091.299999999813735 ], [ 420955.06, 4990327.379999999888241 ], [ 421166.520000000018626, 4990557.870000000111759 ], [ 421354.39000000001397, 4990803.379999999888241 ], [ 421483.159999999974389, 4991045.820000000298023 ], [ 421578.520000000018626, 4991307.04 ], [ 421647.37, 4991578.29 ], [ 421688.24, 4991800.67 ], [ 421718.210000000020955, 4992023.570000000298023 ], [ 421739.46999999997206, 4992246.910000000149012 ], [ 421754.21999999997206, 4992470.599999999627471 ], [ 421764.64000000001397, 4992694.549999999813735 ], [ 421772.93, 4992918.67 ] ] } },
{ "type": "Feature", "properties": { "Name": null, "Shape_Leng": 25.109632957799999, "VALIDATION_ERRORS": [ ] }, "geometry": { "type": "LineString", "coordinates": [ [ 423049.5, 4992395.08 ], [ 423197.01, 4992603.75 ], [ 423339.900000000023283, 4992814.759999999776483 ], [ 423473.60999999998603, 4993030.589999999850988 ], [ 423593.599999999976717, 4993253.759999999776483 ], [ 423691.840000000025611, 4993471.53000000026077 ], [ 423781.950000000011642, 4993693.570000000298023 ] ] } },
{ "type": "Feature", "properties": { "Name": null, "Shape_Leng": 25.109632957799999, "VALIDATION_ERRORS": [ ] }, "geometry": { "type": "LineString", "coordinates": [ [ 423886.590000000025611, 4992311.309999999590218 ], [ 423971.400000000023283, 4992530.849999999627471 ], [ 424055.74, 4992750.480000000447035 ], [ 424139.21999999997206, 4992970.42 ], [ 424221.419999999983702, 4993190.929999999701977 ], [ 424301.409999999974389, 4993410.320000000298023 ], [ 424380.090000000025611, 4993630.110000000335276 ], [ 424457.909999999974389, 4993850.21 ], [ 424535.330000000016298, 4994070.559999999590218 ] ] } },
{ "type": "Feature", "properties": { "Name": null, "Shape_Leng": 25.109632957799999, "VALIDATION_ERRORS": [ ] }, "geometry": { "type": "LineString", "coordinates": [ [ 421459.020000000018626, 4997756.599999999627471 ], [ 421637.88, 4998016.879999999888241 ], [ 421823.799999999988358, 4998270.389999999664724 ], [ 422024.06, 4998510.559999999590218 ], [ 422250.19, 4998738.650000000372529 ], [ 422493.210000000020955, 4998950.700000000186265 ], [ 422747.56, 4999152.110000000335276 ], [ 423007.64000000001397, 4999348.299999999813735 ] ] } },
{ "type": "Feature", "properties": { "Name": null, "Shape_Leng": 25.109632957799999, "VALIDATION_ERRORS": [ ] }, "geometry": { "type": "LineString", "coordinates": [ [ 425832.82, 4998301.129999999888241 ], [ 426272.289999999979045, 4996918.860000000335276 ] ] } },
{ "type": "Feature", "properties": { "Name": null, "Shape_Leng": 25.109632957799999, "VALIDATION_ERRORS": [ ] }, "geometry": { "type": "LineString", "coordinates": [ [ 426921.039999999979045, 4998489.620000000111759 ], [ 426809.53000000002794, 4998706.320000000298023 ], [ 426687.520000000018626, 4998912.29 ], [ 426544.349999999976717, 4999096.980000000447035 ], [ 426353.099999999976717, 4999267.269999999552965 ], [ 426132.979999999981374, 4999408.240000000223517 ], [ 425893.580000000016298, 4999529.71 ], [ 425644.479999999981374, 4999641.509999999776483 ] ] } },
{ "type": "Feature", "properties": { "Name": null, "Shape_Leng": 25.109632957799999, "VALIDATION_ERRORS": [ ] }, "geometry": { "type": "LineString", "coordinates": [ [ 427779.06, 4999473.96 ], [ 426858.26, 5000206.980000000447035 ] ] } },
{ "type": "Feature", "properties": { "Name": null, "Shape_Leng": 25.109632957799999, "VALIDATION_ERRORS": [ ] }, "geometry": { "type": "LineString", "coordinates": [ [ 426732.69, 4994175.269999999552965 ], [ 426988.020000000018626, 4994172.370000000111759 ], [ 427243.28000000002794, 4994169.799999999813735 ], [ 427498.44, 4994167.910000000149012 ], [ 427753.49, 4994167.04 ], [ 428008.409999999974389, 4994167.54 ], [ 428263.200000000011642, 4994169.740000000223517 ], [ 428517.830000000016298, 4994174.0 ], [ 428772.28000000002794, 4994180.660000000149012 ], [ 429026.549999999988358, 4994190.049999999813735 ], [ 429280.62, 4994202.53000000026077 ], [ 429534.460000000020955, 4994218.429999999701977 ], [ 429788.080000000016298, 4994238.099999999627471 ], [ 430050.13, 4994262.589999999850988 ], [ 430311.85999999998603, 4994290.679999999701977 ], [ 430573.349999999976717, 4994321.599999999627471 ], [ 430834.669999999983702, 4994354.58 ], [ 431095.93, 4994388.849999999627471 ], [ 431357.19, 4994423.620000000111759 ], [ 431618.539999999979045, 4994458.120000000111759 ], [ 431880.06, 4994491.58 ], [ 432141.849999999976717, 4994523.21 ], [ 432403.979999999981374, 4994552.25 ], [ 432642.25, 4994575.96 ], [ 432880.62, 4994597.79 ], [ 433119.03000000002794, 4994618.660000000149012 ], [ 433357.37, 4994639.490000000223517 ], [ 433595.56, 4994661.190000000409782 ], [ 433833.520000000018626, 4994684.690000000409782 ], [ 434071.150000000023283, 4994710.900000000372529 ], [ 434308.35999999998603, 4994740.75 ], [ 434532.460000000020955, 4994772.929999999701977 ], [ 434756.03000000002794, 4994808.5 ], [ 434979.21999999997206, 4994846.78000000026077 ], [ 435202.150000000023283, 4994887.089999999850988 ], [ 435424.94, 4994928.759999999776483 ], [ 435647.710000000020955, 4994971.120000000111759 ] ] } },
{ "type": "Feature", "properties": { "Name": null, "Shape_Leng": 25.109632957799999, "VALIDATION_ERRORS": [ ] }, "geometry": { "type": "LineString", "coordinates": [ [ 431232.06, 4996876.96999999973923 ], [ 431291.71999999997206, 4996669.610000000335276 ], [ 431358.919999999983702, 4996465.980000000447035 ], [ 431441.330000000016298, 4996269.620000000111759 ], [ 431593.650000000023283, 4996008.0 ], [ 431779.200000000011642, 4995764.96 ], [ 431985.44, 4995536.599999999627471 ], [ 432227.840000000025611, 4995294.049999999813735 ], [ 432477.68, 4995061.990000000223517 ], [ 432732.53000000002794, 4994836.860000000335276 ], [ 432989.950000000011642, 4994615.08 ] ] } },
{ "type": "Feature", "properties": { "Name": null, "Shape_Leng": 25.109632957799999, "VALIDATION_ERRORS": [ ] }, "geometry": { "type": "LineString", "coordinates": [ [ 434057.24, 4996290.559999999590218 ], [ 433638.69, 4994656.96999999973923 ] ] } },
{ "type": "Feature", "properties": { "Name": null, "Shape_Leng": 25.109632957799999, "VALIDATION_ERRORS": [ ] }, "geometry": { "type": "LineString", "coordinates": [ [ 433220.150000000023283, 4994615.08 ], [ 433108.96999999997206, 4994372.099999999627471 ], [ 432997.93, 4994129.129999999888241 ], [ 432887.169999999983702, 4993886.099999999627471 ], [ 432776.78000000002794, 4993642.929999999701977 ], [ 432666.87, 4993399.549999999813735 ], [ 432557.57, 4993155.870000000111759 ], [ 432448.96999999997206, 4992911.83 ], [ 432341.200000000011642, 4992667.349999999627471 ], [ 432235.39000000001397, 4992424.849999999627471 ], [ 432130.39000000001397, 4992182.099999999627471 ], [ 432025.96999999997206, 4991939.129999999888241 ], [ 431921.919999999983702, 4991695.96999999973923 ], [ 431818.020000000018626, 4991452.629999999888241 ] ] } },
{ "type": "Feature", "properties": { "Name": null, "Shape_Leng": 25.109632957799999, "VALIDATION_ERRORS": [ ] }, "geometry": { "type": "LineString", "coordinates": [ [ 423781.950000000011642, 4990049.42 ], [ 423909.169999999983702, 4989795.929999999701977 ], [ 424037.78000000002794, 4989543.389999999664724 ], [ 424169.270000000018626, 4989292.53000000026077 ], [ 424305.13, 4989044.129999999888241 ], [ 424448.38, 4988795.589999999850988 ], [ 424596.85999999998603, 4988550.21 ], [ 424749.919999999983702, 4988307.589999999850988 ], [ 424906.909999999974389, 4988067.309999999590218 ], [ 425067.19, 4987828.96999999973923 ], [ 425230.099999999976717, 4987592.17 ], [ 425395.0, 4987356.509999999776483 ], [ 425561.25, 4987121.570000000298023 ], [ 425728.19, 4986886.96 ] ] } },
{ "type": "Feature", "properties": { "Name": null, "Shape_Leng": 25.109632957799999, "VALIDATION_ERRORS": [ ] }, "geometry": { "type": "LineString", "coordinates": [ [ 425163.150000000023283, 4987808.46999999973923 ], [ 425373.78000000002794, 4987791.860000000335276 ], [ 425583.799999999988358, 4987779.78000000026077 ], [ 425792.770000000018626, 4987776.820000000298023 ], [ 426000.24, 4987787.53000000026077 ], [ 426266.25, 4987826.690000000409782 ], [ 426528.789999999979045, 4987891.259999999776483 ], [ 426788.07, 4987976.04 ], [ 427044.31, 4988075.83 ], [ 427297.729999999981374, 4988185.450000000186265 ], [ 427545.950000000011642, 4988299.139999999664724 ], [ 427791.94, 4988416.04 ], [ 428036.26, 4988534.910000000149012 ], [ 428279.44, 4988654.46999999973923 ], [ 428522.01, 4988773.46 ], [ 428764.520000000018626, 4988890.610000000335276 ], [ 429007.51, 4989004.650000000372529 ], [ 429251.51, 4989114.320000000298023 ], [ 429497.07, 4989218.349999999627471 ], [ 429744.729999999981374, 4989315.480000000447035 ], [ 429995.01, 4989404.429999999701977 ], [ 430248.479999999981374, 4989483.950000000186265 ], [ 430483.89000000001397, 4989547.78000000026077 ], [ 430722.0, 4989603.589999999850988 ], [ 430962.549999999988358, 4989652.410000000149012 ], [ 431205.25, 4989695.25 ], [ 431449.830000000016298, 4989733.129999999888241 ], [ 431696.039999999979045, 4989767.070000000298023 ], [ 431943.580000000016298, 4989798.099999999627471 ], [ 432168.849999999976717, 4989825.559999999590218 ], [ 432392.159999999974389, 4989858.139999999664724 ], [ 432610.919999999983702, 4989902.58 ], [ 432822.53000000002794, 4989965.639999999664724 ], [ 433073.28000000002794, 4990076.070000000298023 ], [ 433313.46999999997206, 4990213.870000000111759 ], [ 433547.99, 4990367.259999999776483 ], [ 433781.74, 4990524.490000000223517 ], [ 434019.62, 4990673.79 ], [ 434266.51, 4990803.379999999888241 ], [ 434512.710000000020955, 4990900.940000000409782 ], [ 434766.82, 4990979.799999999813735 ], [ 435024.39000000001397, 4991049.860000000335276 ], [ 435280.960000000020955, 4991120.990000000223517 ], [ 435532.07, 4991203.08 ], [ 435773.270000000018626, 4991306.019999999552965 ], [ 436019.659999999974389, 4991447.990000000223517 ], [ 436254.840000000025611, 4991612.860000000335276 ], [ 436484.799999999988358, 4991787.71999999973923 ], [ 436710.26, 4991958.79 ], [ 436936.049999999988358, 4992127.490000000223517 ], [ 437162.099999999976717, 4992294.42 ], [ 437388.39000000001397, 4992460.21 ], [ 437614.87, 4992625.46 ] ] } },
{ "type": "Feature", "properties": { "Name": null, "Shape_Leng": 25.109632957799999, "VALIDATION_ERRORS": [ ] }, "geometry": { "type": "LineString", "coordinates": [ [ 434998.960000000020955, 4994196.21999999973923 ], [ 435234.299999999988358, 4993981.360000000335276 ], [ 435469.60999999998603, 4993766.629999999888241 ], [ 435705.020000000018626, 4993552.03000000026077 ], [ 435940.69, 4993337.54 ], [ 436162.340000000025611, 4993136.17 ], [ 436384.06, 4992935.059999999590218 ], [ 436605.88, 4992734.089999999850988 ], [ 436827.799999999988358, 4992533.179999999701977 ], [ 437049.840000000025611, 4992332.25 ] ] } },
{ "type": "Feature", "properties": { "Name": null, "Shape_Leng": 25.109632957799999, "VALIDATION_ERRORS": [ ] }, "geometry": { "type": "LineString", "coordinates": [ [ 433471.270000000018626, 4992122.820000000298023 ], [ 433734.159999999974389, 4992079.349999999627471 ], [ 433996.74, 4992034.96999999973923 ], [ 434258.87, 4991988.75 ], [ 434520.37, 4991939.740000000223517 ], [ 434781.07, 4991887.0 ], [ 435040.82, 4991829.610000000335276 ], [ 435263.82, 4991775.92 ], [ 435486.0, 4991718.950000000186265 ], [ 435707.590000000025611, 4991659.490000000223517 ], [ 435928.830000000016298, 4991598.370000000111759 ], [ 436149.960000000020955, 4991536.400000000372529 ] ] } },
{ "type": "Feature", "properties": { "Name": null, "Shape_Leng": 25.109632957799999, "VALIDATION_ERRORS": [ ] }, "geometry": { "type": "LineString", "coordinates": [ [ 432320.270000000018626, 4991347.910000000149012 ], [ 432717.89000000001397, 4989944.700000000186265 ] ] } },
{ "type": "Feature", "properties": { "Name": null, "Shape_Leng": 25.109632957799999, "VALIDATION_ERRORS": [ ] }, "geometry": { "type": "LineString", "coordinates": [ [ 432383.06, 4989860.929999999701977 ], [ 432780.669999999983702, 4987243.0 ] ] } },
{ "type": "Feature", "properties": { "Name": null, "Shape_Leng": 25.109632957799999, "VALIDATION_ERRORS": [ ] }, "geometry": { "type": "LineString", "coordinates": [ [ 426272.289999999979045, 4993400.370000000111759 ], [ 426536.88, 4993145.509999999776483 ], [ 426791.31, 4992882.900000000372529 ], [ 427025.68, 4992604.519999999552965 ], [ 427194.330000000016298, 4992362.110000000335276 ], [ 427339.580000000016298, 4992101.870000000111759 ], [ 427444.549999999988358, 4991873.29 ], [ 427555.020000000018626, 4991650.379999999888241 ], [ 427695.349999999976717, 4991452.629999999888241 ], [ 427843.330000000016298, 4991319.53000000026077 ], [ 428009.26, 4991201.309999999590218 ] ] } },
{ "type": "Feature", "properties": { "Name": null, "Shape_Leng": 25.109632957799999, "VALIDATION_ERRORS": [ ] }, "geometry": { "type": "LineString", "coordinates": [ [ 424346.99, 4991557.339999999850988 ], [ 424134.96999999997206, 4991364.059999999590218 ], [ 423930.28000000002794, 4991163.96 ], [ 423740.099999999976717, 4990949.990000000223517 ], [ 423612.28000000002794, 4990778.299999999813735 ], [ 423499.669999999983702, 4990596.42 ], [ 423405.26, 4990405.46 ], [ 423326.46999999997206, 4990193.28000000026077 ], [ 423265.909999999974389, 4989974.519999999552965 ], [ 423217.46999999997206, 4989751.320000000298023 ], [ 423175.06, 4989525.83 ] ] } },
{ "type": "Feature", "properties": { "Name": null, "Shape_Leng": 25.109632957799999, "VALIDATION_ERRORS": [ ] }, "geometry": { "type": "LineString", "coordinates": [ [ 424054.0, 4991180.360000000335276 ], [ 424765.53000000002794, 4990489.230000000447035 ] ] } },
{ "type": "Feature", "properties": { "Name": null, "Shape_Leng": 25.109632957799999, "VALIDATION_ERRORS": [ ] }, "geometry": { "type": "LineString", "coordinates": [ [ 422212.400000000023283, 4991662.059999999590218 ], [ 422392.12, 4991423.230000000447035 ], [ 422578.25, 4991190.79 ], [ 422777.44, 4990970.929999999701977 ], [ 422971.039999999979045, 4990787.879999999888241 ], [ 423175.039999999979045, 4990615.099999999627471 ], [ 423384.330000000016298, 4990447.339999999850988 ] ] } },
{ "type": "Feature", "properties": { "Name": null, "Shape_Leng": 25.109632957799999, "VALIDATION_ERRORS": [ ] }, "geometry": { "type": "LineString", "coordinates": [ [ 417880.460000000020955, 4983138.089999999850988 ], [ 417983.0, 4983382.410000000149012 ], [ 418082.900000000023283, 4983627.360000000335276 ], [ 418177.580000000016298, 4983873.71 ], [ 418264.43, 4984122.25 ], [ 418340.85999999998603, 4984373.75 ], [ 418398.450000000011642, 4984599.870000000111759 ], [ 418447.450000000011642, 4984828.269999999552965 ], [ 418489.580000000016298, 4985058.519999999552965 ], [ 418526.56, 4985290.179999999701977 ], [ 418560.12, 4985522.83 ], [ 418591.99, 4985756.019999999552965 ] ] } },
{ "type": "Feature", "properties": { "Name": null, "Shape_Leng": 25.109632957799999, "VALIDATION_ERRORS": [ ] }, "geometry": { "type": "LineString", "coordinates": [ [ 417754.900000000023283, 4989672.440000000409782 ], [ 418173.44, 4987996.96 ] ] } },
{ "type": "Feature", "properties": { "Name": null, "Shape_Leng": 25.109632957799999, "VALIDATION_ERRORS": [ ] }, "geometry": { "type": "LineString", "coordinates": [ [ 418403.64000000001397, 4988101.679999999701977 ], [ 418515.599999999976717, 4987875.58 ], [ 418628.789999999979045, 4987649.929999999701977 ], [ 418744.5, 4987425.009999999776483 ], [ 418864.039999999979045, 4987201.110000000335276 ], [ 418980.159999999974389, 4986988.879999999888241 ], [ 419088.789999999979045, 4986773.900000000372529 ], [ 419177.950000000011642, 4986551.870000000111759 ], [ 419237.24, 4986334.42 ], [ 419282.590000000025611, 4986112.049999999813735 ] ] } },
{ "type": "Feature", "properties": { "Name": null, "Shape_Leng": 25.109632957799999, "VALIDATION_ERRORS": [ ] }, "geometry": { "type": "LineString", "coordinates": [ [ 419617.419999999983702, 4988709.04 ], [ 419757.37, 4988456.46999999973923 ], [ 419876.06, 4988199.67 ], [ 419952.26, 4987934.129999999888241 ], [ 419973.32, 4987687.360000000335276 ], [ 419965.85999999998603, 4987434.650000000372529 ], [ 419952.26, 4987180.17 ], [ 419950.229999999981374, 4986927.360000000335276 ], [ 419959.0, 4986676.379999999888241 ], [ 419973.19, 4986426.200000000186265 ] ] } },
{ "type": "Feature", "properties": { "Name": null, "Shape_Leng": 25.109632957799999, "VALIDATION_ERRORS": [ ] }, "geometry": { "type": "LineString", "coordinates": [ [ 427088.460000000020955, 4984122.429999999701977 ], [ 427170.5, 4984384.25 ], [ 427256.039999999979045, 4984644.429999999701977 ], [ 427348.700000000011642, 4984901.46 ], [ 427452.080000000016298, 4985153.809999999590218 ], [ 427569.78000000002794, 4985399.980000000447035 ], [ 427741.26, 4985697.28000000026077 ], [ 427938.200000000011642, 4985980.009999999776483 ], [ 428158.24, 4986246.03000000026077 ], [ 428398.96999999997206, 4986493.21 ], [ 428658.0, 4986719.410000000149012 ], [ 428891.21999999997206, 4986894.71999999973923 ], [ 429133.549999999988358, 4987056.440000000409782 ], [ 429382.74, 4987207.990000000223517 ], [ 429636.549999999988358, 4987352.809999999590218 ], [ 429892.710000000020955, 4987494.320000000298023 ] ] } },
{ "type": "Feature", "properties": { "Name": null, "Shape_Leng": 25.109632957799999, "VALIDATION_ERRORS": [ ] }, "geometry": { "type": "LineString", "coordinates": [ [ 431671.53000000002794, 4981713.929999999701977 ], [ 431792.789999999979045, 4981955.990000000223517 ], [ 431915.919999999983702, 4982197.200000000186265 ], [ 432042.909999999974389, 4982436.78000000026077 ], [ 432175.729999999981374, 4982673.96 ], [ 432316.35999999998603, 4982907.990000000223517 ], [ 432466.770000000018626, 4983138.089999999850988 ], [ 432691.299999999988358, 4983440.299999999813735 ], [ 432946.349999999976717, 4983712.54 ], [ 433241.07, 4983933.940000000409782 ], [ 433483.93, 4984057.389999999664724 ], [ 433734.24, 4984167.54 ], [ 433973.53000000002794, 4984289.980000000447035 ], [ 434232.69, 4984485.370000000111759 ], [ 434455.75, 4984726.379999999888241 ], [ 434651.78000000002794, 4985001.639999999664724 ], [ 434829.830000000016298, 4985299.769999999552965 ], [ 434998.960000000020955, 4985609.410000000149012 ] ] } },
{ "type": "Feature", "properties": { "Name": null, "Shape_Leng": 25.109632957799999, "VALIDATION_ERRORS": [ ] }, "geometry": { "type": "LineString", "coordinates": [ [ 433554.979999999981374, 4983159.03000000026077 ], [ 433806.950000000011642, 4983174.549999999813735 ], [ 434058.69, 4983191.0 ], [ 434310.14000000001397, 4983209.29 ], [ 434561.19, 4983230.389999999664724 ], [ 434811.76, 4983255.21 ], [ 435061.75, 4983284.690000000409782 ], [ 435319.74, 4983320.83 ], [ 435576.919999999983702, 4983362.269999999552965 ], [ 435833.39000000001397, 4983408.360000000335276 ], [ 436089.270000000018626, 4983458.440000000409782 ], [ 436344.68, 4983511.849999999627471 ], [ 436599.710000000020955, 4983567.910000000149012 ], [ 436854.49, 4983625.980000000447035 ], [ 437109.13, 4983685.370000000111759 ], [ 437363.75, 4983745.450000000186265 ] ] } },
{ "type": "Feature", "properties": { "Name": null, "Shape_Leng": 25.109632957799999, "VALIDATION_ERRORS": [ ] }, "geometry": { "type": "LineString", "coordinates": [ [ 428658.0, 4984604.129999999888241 ], [ 428812.01, 4984355.980000000447035 ], [ 428970.789999999979045, 4984110.730000000447035 ], [ 429139.330000000016298, 4983871.110000000335276 ], [ 429299.10999999998603, 4983668.190000000409782 ], [ 429472.60999999998603, 4983477.78000000026077 ], [ 429662.51, 4983305.629999999888241 ], [ 429836.409999999974389, 4983177.370000000111759 ], [ 430019.25, 4983060.629999999888241 ], [ 430206.62, 4982949.599999999627471 ] ] } },
{ "type": "Feature", "properties": { "Name": null, "Shape_Leng": 25.109632957799999, "VALIDATION_ERRORS": [ ] }, "geometry": { "type": "LineString", "coordinates": [ [ 420621.93, 4986656.58 ], [ 420850.85999999998603, 4986461.360000000335276 ], [ 421085.900000000023283, 4986276.450000000186265 ], [ 421333.460000000020955, 4986112.049999999813735 ], [ 421537.60999999998603, 4986003.610000000335276 ], [ 421750.349999999976717, 4985910.42 ], [ 421969.150000000023283, 4985829.04 ], [ 422191.479999999981374, 4985756.019999999552965 ], [ 422433.200000000011642, 4985683.17 ], [ 422675.74, 4985615.519999999552965 ], [ 422919.03000000002794, 4985552.410000000149012 ], [ 423162.950000000011642, 4985493.179999999701977 ], [ 423407.419999999983702, 4985437.179999999701977 ], [ 423652.330000000016298, 4985383.759999999776483 ], [ 423897.60999999998603, 4985332.269999999552965 ], [ 424143.14000000001397, 4985282.04 ], [ 424388.840000000025611, 4985232.429999999701977 ] ] } },
{ "type": "Feature", "properties": { "Name": null, "Shape_Leng": 25.109632957799999, "VALIDATION_ERRORS": [ ] }, "geometry": { "type": "LineString", "coordinates": [ [ 422798.37, 4987724.700000000186265 ], [ 422669.26, 4987493.139999999664724 ], [ 422532.39000000001397, 4987267.759999999776483 ], [ 422379.82, 4987054.509999999776483 ], [ 422177.63, 4986826.019999999552965 ], [ 421962.25, 4986607.599999999627471 ], [ 421752.0, 4986384.320000000298023 ], [ 421623.89000000001397, 4986229.349999999627471 ], [ 421500.88, 4986070.17 ] ] } },
{ "type": "Feature", "properties": { "Name": null, "Shape_Leng": 25.109632957799999, "VALIDATION_ERRORS": [ ] }, "geometry": { "type": "LineString", "coordinates": [ [ 423949.37, 4987368.660000000149012 ], [ 423810.57, 4987120.099999999627471 ], [ 423676.5, 4986869.53000000026077 ], [ 423551.75, 4986614.700000000186265 ], [ 423455.87, 4986393.879999999888241 ], [ 423368.12, 4986169.519999999552965 ], [ 423286.460000000020955, 4985942.480000000447035 ], [ 423208.840000000025611, 4985713.610000000335276 ], [ 423133.200000000011642, 4985483.75 ] ] } },
{ "type": "Feature", "properties": { "Name": null, "Shape_Leng": 25.109632957799999, "VALIDATION_ERRORS": [ ] }, "geometry": { "type": "LineString", "coordinates": [ [ 421605.51, 4982593.559999999590218 ], [ 421831.78000000002794, 4982839.79 ], [ 422053.28000000002794, 4983090.08 ], [ 422265.400000000023283, 4983348.660000000149012 ], [ 422463.53000000002794, 4983619.79 ], [ 422588.659999999974389, 4983808.950000000186265 ], [ 422717.19, 4983994.21 ], [ 422861.150000000023283, 4984164.309999999590218 ], [ 423054.520000000018626, 4984331.549999999813735 ], [ 423266.44, 4984480.71999999973923 ], [ 423479.76, 4984628.759999999776483 ], [ 423677.31, 4984792.620000000111759 ], [ 423889.590000000025611, 4985041.120000000111759 ], [ 424074.93, 4985316.200000000186265 ] ] } },
{ "type": "Feature", "properties": { "Name": null, "Shape_Leng": 25.109632957799999, "VALIDATION_ERRORS": [ ] }, "geometry": { "type": "LineString", "coordinates": [ [ 422097.299999999988358, 5013380.389999999664724 ], [ 422467.76, 5013345.339999999850988 ], [ 422838.289999999979045, 5013310.03000000026077 ], [ 423209.13, 5013274.179999999701977 ], [ 423580.539999999979045, 5013237.5 ], [ 423952.770000000018626, 5013199.700000000186265 ], [ 424326.06, 5013160.490000000223517 ], [ 424734.289999999979045, 5013115.25 ], [ 425142.12, 5013064.349999999627471 ], [ 425547.96999999997206, 5013004.08 ], [ 425950.25, 5012930.730000000447035 ], [ 426347.38, 5012840.58 ], [ 426737.770000000018626, 5012729.910000000149012 ], [ 427119.849999999976717, 5012595.019999999552965 ], [ 427462.35999999998603, 5012448.769999999552965 ], [ 427799.659999999974389, 5012288.089999999850988 ], [ 428135.210000000020955, 5012121.990000000223517 ], [ 428472.49, 5011959.5 ], [ 428814.960000000020955, 5011809.639999999664724 ], [ 429197.75, 5011668.620000000111759 ], [ 429588.659999999974389, 5011550.679999999701977 ], [ 429985.93, 5011452.990000000223517 ], [ 430387.82, 5011372.71 ], [ 430792.580000000016298, 5011307.0 ], [ 431167.63, 5011257.070000000298023 ], [ 431543.25, 5011216.549999999813735 ], [ 431919.37, 5011184.75 ], [ 432295.919999999983702, 5011161.009999999776483 ], [ 432672.799999999988358, 5011144.639999999664724 ], [ 433049.94, 5011134.980000000447035 ], [ 433427.26, 5011131.360000000335276 ], [ 433804.68, 5011133.089999999850988 ], [ 434182.12, 5011139.5 ], [ 434559.49, 5011149.92 ], [ 434934.849999999976717, 5011163.690000000409782 ], [ 435309.919999999983702, 5011180.54 ], [ 435684.71999999997206, 5011200.21999999973923 ], [ 436059.28000000002794, 5011222.46 ], [ 436433.650000000023283, 5011247.009999999776483 ], [ 436807.840000000025611, 5011273.610000000335276 ], [ 437181.900000000023283, 5011302.0 ], [ 437555.840000000025611, 5011331.92 ], [ 437929.71999999997206, 5011363.120000000111759 ], [ 438303.549999999988358, 5011395.33 ], [ 438677.35999999998603, 5011428.299999999813735 ], [ 439051.200000000011642, 5011461.769999999552965 ], [ 439425.080000000016298, 5011495.490000000223517 ] ] } },
{ "type": "Feature", "properties": { "Name": null, "Shape_Leng": 25.109632957799999, "VALIDATION_ERRORS": [ ] }, "geometry": { "type": "LineString", "coordinates": [ [ 422348.43, 5018375.400000000372529 ], [ 422726.669999999983702, 5018325.179999999701977 ], [ 423104.85999999998603, 5018275.03000000026077 ], [ 423483.03000000002794, 5018225.03000000026077 ], [ 423861.19, 5018175.25 ], [ 424239.37, 5018125.769999999552965 ], [ 424617.590000000025611, 5018076.650000000372529 ], [ 424995.88, 5018027.96 ], [ 425374.25, 5017979.79 ], [ 425752.71999999997206, 5017932.200000000186265 ], [ 426131.32, 5017885.259999999776483 ], [ 426510.080000000016298, 5017839.049999999813735 ], [ 426889.0, 5017793.639999999664724 ], [ 427268.12, 5017749.099999999627471 ], [ 427647.460000000020955, 5017705.5 ], [ 428027.039999999979045, 5017662.929999999701977 ], [ 428406.88, 5017621.440000000409782 ], [ 428790.75, 5017580.759999999776483 ], [ 429174.75, 5017541.599999999627471 ], [ 429558.87, 5017504.299999999813735 ], [ 429943.10999999998603, 5017469.200000000186265 ], [ 430327.46999999997206, 5017436.620000000111759 ], [ 430711.960000000020955, 5017406.900000000372529 ], [ 431096.56, 5017380.370000000111759 ], [ 431481.28000000002794, 5017357.370000000111759 ], [ 431866.12, 5017338.230000000447035 ], [ 432251.080000000016298, 5017323.28000000026077 ], [ 432636.150000000023283, 5017312.849999999627471 ], [ 433021.340000000025611, 5017307.29 ], [ 433386.68, 5017306.690000000409782 ], [ 433751.96999999997206, 5017310.339999999850988 ], [ 434117.210000000020955, 5017317.820000000298023 ], [ 434482.419999999983702, 5017328.700000000186265 ], [ 434847.60999999998603, 5017342.559999999590218 ], [ 435212.81, 5017358.96999999973923 ], [ 435578.020000000018626, 5017377.5 ], [ 435943.270000000018626, 5017397.730000000447035 ], [ 436308.57, 5017419.240000000223517 ], [ 436673.93, 5017441.589999999850988 ], [ 437039.37, 5017464.360000000335276 ] ] } },
{ "type": "Feature", "properties": { "Name": null, "Shape_Leng": 25.109632957799999, "VALIDATION_ERRORS": [ ] }, "geometry": { "type": "LineString", "coordinates": [ [ 432770.210000000020955, 5018563.889999999664724 ], [ 433145.28000000002794, 5018429.150000000372529 ], [ 433520.549999999988358, 5018296.309999999590218 ], [ 433896.340000000025611, 5018167.240000000223517 ], [ 434272.99, 5018043.820000000298023 ], [ 434650.789999999979045, 5017927.940000000409782 ], [ 435030.090000000025611, 5017821.46 ], [ 435411.19, 5017726.269999999552965 ], [ 435794.409999999974389, 5017644.240000000223517 ], [ 436180.080000000016298, 5017577.259999999776483 ], [ 436568.51, 5017527.190000000409782 ], [ 436932.87, 5017496.309999999590218 ], [ 437298.93, 5017476.480000000447035 ], [ 437665.96999999997206, 5017462.400000000372529 ], [ 438033.28000000002794, 5017448.759999999776483 ], [ 438400.150000000023283, 5017430.240000000223517 ], [ 438765.87, 5017401.53000000026077 ], [ 439146.21999999997206, 5017356.42 ], [ 439524.63, 5017297.42 ], [ 439901.520000000018626, 5017227.53000000026077 ], [ 440277.340000000025611, 5017149.75 ], [ 440652.520000000018626, 5017067.049999999813735 ], [ 441027.5, 5016982.440000000409782 ], [ 441402.710000000020955, 5016898.889999999664724 ], [ 441797.289999999979045, 5016814.799999999813735 ], [ 442192.14000000001397, 5016733.950000000186265 ], [ 442587.090000000025611, 5016655.08 ], [ 442982.01, 5016576.870000000111759 ], [ 443376.75, 5016498.049999999813735 ], [ 443771.159999999974389, 5016417.33 ], [ 444165.10999999998603, 5016333.42 ], [ 444557.349999999976717, 5016246.019999999552965 ], [ 444949.21999999997206, 5016157.269999999552965 ], [ 445341.419999999983702, 5016070.200000000186265 ], [ 445734.650000000023283, 5015987.849999999627471 ], [ 446097.039999999979045, 5015918.46999999973923 ], [ 446460.38, 5015854.860000000335276 ], [ 446824.57, 5015796.190000000409782 ], [ 447189.479999999981374, 5015741.639999999664724 ], [ 447555.0, 5015690.379999999888241 ], [ 447921.01, 5015641.58 ], [ 448287.38, 5015594.410000000149012 ], [ 448654.01, 5015548.04 ] ] } },
{ "type": "Feature", "properties": { "Name": null, "Shape_Leng": 25.109632957799999, "VALIDATION_ERRORS": [ ] }, "geometry": { "type": "LineString", "coordinates": [ [ 430196.159999999974389, 5014574.17 ], [ 430120.950000000011642, 5014204.349999999627471 ], [ 430047.299999999988358, 5013834.410000000149012 ], [ 429976.71999999997206, 5013464.04 ], [ 429910.729999999981374, 5013092.910000000149012 ], [ 429850.85999999998603, 5012720.679999999701977 ], [ 429807.10999999998603, 5012415.03000000026077 ], [ 429767.24, 5012108.889999999664724 ], [ 429729.94, 5011802.339999999850988 ], [ 429693.900000000023283, 5011495.490000000223517 ] ] } },
{ "type": "Feature", "properties": { "Name": null, "Shape_Leng": 25.109632957799999, "VALIDATION_ERRORS": [ ] }, "geometry": { "type": "LineString", "coordinates": [ [ 432895.770000000018626, 5014699.83 ], [ 432788.96999999997206, 5014318.96999999973923 ], [ 432686.909999999974389, 5013937.620000000111759 ], [ 432594.31, 5013555.070000000298023 ], [ 432515.87, 5013170.599999999627471 ], [ 432456.299999999988358, 5012783.509999999776483 ], [ 432422.60999999998603, 5012446.929999999701977 ], [ 432403.01, 5012108.620000000111759 ], [ 432393.99, 5011768.950000000186265 ], [ 432392.0, 5011428.309999999590218 ], [ 432393.520000000018626, 5011087.089999999850988 ] ] } },
{ "type": "Feature", "properties": { "Name": null, "Shape_Leng": 25.109632957799999, "VALIDATION_ERRORS": [ ] }, "geometry": { "type": "LineString", "coordinates": [ [ 427496.539999999979045, 5013380.389999999664724 ], [ 429945.03000000002794, 5013380.389999999664724 ] ] } },
{ "type": "Feature", "properties": { "Name": null, "Shape_Leng": 25.109632957799999, "VALIDATION_ERRORS": [ ] }, "geometry": { "type": "LineString", "coordinates": [ [ 438295.01, 5014542.759999999776483 ], [ 438514.75, 5011495.490000000223517 ] ] } },
{ "type": "Feature", "properties": { "Name": null, "Shape_Leng": 25.109632957799999, "VALIDATION_ERRORS": [ ] }, "geometry": { "type": "LineString", "coordinates": [ [ 422756.51, 5020511.629999999888241 ], [ 424200.5, 5018124.08 ] ] } },
{ "type": "Feature", "properties": { "Name": null, "Shape_Leng": 25.109632957799999, "VALIDATION_ERRORS": [ ] }, "geometry": { "type": "LineString", "coordinates": [ [ 428658.0, 5019380.690000000409782 ], [ 429379.99, 5017495.78000000026077 ] ] } },
{ "type": "Feature", "properties": { "Name": null, "Shape_Leng": 25.109632957799999, "VALIDATION_ERRORS": [ ] }, "geometry": { "type": "LineString", "coordinates": [ [ 423886.590000000025611, 5020700.120000000111759 ], [ 424248.14000000001397, 5020733.04 ], [ 424609.5, 5020766.589999999850988 ], [ 424970.64000000001397, 5020801.42 ], [ 425331.539999999979045, 5020838.17 ], [ 425692.19, 5020877.490000000223517 ], [ 426052.56, 5020920.03000000026077 ], [ 426414.38, 5020966.46 ], [ 426775.69, 5021016.110000000335276 ], [ 427136.62, 5021068.349999999627471 ], [ 427497.31, 5021122.54 ], [ 427857.900000000023283, 5021178.03000000026077 ], [ 428218.53000000002794, 5021234.179999999701977 ] ] } },
{ "type": "Feature", "properties": { "Name": null, "Shape_Leng": 25.109632957799999, "VALIDATION_ERRORS": [ ] }, "geometry": { "type": "LineString", "coordinates": [ [ 427873.229999999981374, 5021831.070000000298023 ], [ 428236.5, 5021911.599999999627471 ], [ 428599.88, 5021986.139999999664724 ], [ 428963.69, 5022048.679999999701977 ], [ 429328.26, 5022093.240000000223517 ], [ 429693.900000000023283, 5022113.799999999813735 ], [ 430007.10999999998603, 5022109.389999999664724 ], [ 430320.849999999976717, 5022088.559999999590218 ], [ 430635.03000000002794, 5022056.79 ], [ 430949.539999999979045, 5022019.559999999590218 ] ] } },
{ "type": "Feature", "properties": { "Name": null, "Shape_Leng": 25.109632957799999, "VALIDATION_ERRORS": [ ] }, "geometry": { "type": "LineString", "coordinates": [ [ 432173.78000000002794, 5023024.839999999850988 ], [ 432543.039999999979045, 5022739.570000000298023 ], [ 432878.599999999976717, 5022432.740000000223517 ], [ 433146.900000000023283, 5022082.389999999664724 ], [ 433301.159999999974389, 5021748.570000000298023 ], [ 433408.69, 5021387.0 ], [ 433492.200000000011642, 5021014.269999999552965 ], [ 433562.18, 5020681.879999999888241 ], [ 433628.789999999979045, 5020352.440000000409782 ], [ 433689.88, 5020024.070000000298023 ], [ 433743.330000000016298, 5019694.839999999850988 ], [ 433794.520000000018626, 5019305.150000000372529 ], [ 433835.44, 5018912.96 ], [ 433869.539999999979045, 5018519.03000000026077 ], [ 433900.28000000002794, 5018124.08 ] ] } },
{ "type": "Feature", "properties": { "Name": null, "Shape_Leng": 25.109632957799999, "VALIDATION_ERRORS": [ ] }, "geometry": { "type": "LineString", "coordinates": [ [ 423478.5, 5022836.349999999627471 ], [ 423827.62, 5023244.67 ], [ 424197.31, 5023621.570000000298023 ], [ 424608.580000000016298, 5023935.879999999888241 ], [ 424895.99, 5024090.620000000111759 ], [ 425200.62, 5024218.79 ], [ 425515.299999999988358, 5024331.160000000149012 ], [ 425832.82, 5024438.519999999552965 ], [ 426191.21999999997206, 5024565.620000000111759 ], [ 426545.049999999988358, 5024698.17 ], [ 426895.909999999974389, 5024834.42 ], [ 427245.409999999974389, 5024972.58 ] ] } },
{ "type": "Feature", "properties": { "Name": null, "Shape_Leng": 25.109632957799999, "VALIDATION_ERRORS": [ ] }, "geometry": { "type": "LineString", "coordinates": [ [ 422505.39000000001397, 5025004.0 ], [ 425958.39000000001397, 5024501.349999999627471 ] ] } },
{ "type": "Feature", "properties": { "Name": null, "Shape_Leng": 25.109632957799999, "VALIDATION_ERRORS": [ ] }, "geometry": { "type": "LineString", "coordinates": [ [ 426492.03000000002794, 5024627.009999999776483 ], [ 426881.090000000025611, 5024585.549999999813735 ], [ 427270.080000000016298, 5024545.04 ], [ 427659.169999999983702, 5024506.400000000372529 ], [ 428048.51, 5024470.589999999850988 ], [ 428438.270000000018626, 5024438.519999999552965 ], [ 428787.64000000001397, 5024413.559999999590218 ], [ 429137.14000000001397, 5024391.839999999850988 ], [ 429486.78000000002794, 5024372.820000000298023 ], [ 429836.56, 5024355.950000000186265 ], [ 430186.49, 5024340.700000000186265 ], [ 430536.549999999988358, 5024326.509999999776483 ], [ 430886.76, 5024312.860000000335276 ] ] } },
{ "type": "Feature", "properties": { "Name": null, "Shape_Leng": 25.109632957799999, "VALIDATION_ERRORS": [ ] }, "geometry": { "type": "LineString", "coordinates": [ [ 429693.900000000023283, 5025192.490000000223517 ], [ 430074.82, 5024870.110000000335276 ], [ 430468.150000000023283, 5024577.5 ], [ 430886.76, 5024344.28000000026077 ], [ 431199.32, 5024229.200000000186265 ], [ 431526.12, 5024147.950000000186265 ], [ 431863.159999999974389, 5024090.83 ], [ 432206.450000000011642, 5024048.150000000372529 ], [ 432551.979999999981374, 5024010.200000000186265 ], [ 432895.770000000018626, 5023967.299999999813735 ], [ 433214.289999999979045, 5023915.730000000447035 ], [ 433528.789999999979045, 5023854.53000000026077 ], [ 433840.700000000011642, 5023786.879999999888241 ], [ 434151.409999999974389, 5023715.980000000447035 ] ] } },
{ "type": "Feature", "properties": { "Name": null, "Shape_Leng": 25.109632957799999, "VALIDATION_ERRORS": [ ] }, "geometry": { "type": "LineString", "coordinates": [ [ 432173.78000000002794, 5025223.900000000372529 ], [ 432565.75, 5025159.559999999590218 ], [ 432957.770000000018626, 5025102.110000000335276 ], [ 433350.18, 5025058.440000000409782 ], [ 433743.330000000016298, 5025035.410000000149012 ], [ 434119.460000000020955, 5025036.990000000223517 ], [ 434495.99, 5025057.410000000149012 ], [ 434872.88, 5025090.400000000372529 ], [ 435250.090000000025611, 5025129.660000000149012 ] ] } },
{ "type": "Feature", "properties": { "Name": null, "Shape_Leng": 25.109632957799999, "VALIDATION_ERRORS": [ ] }, "geometry": { "type": "LineString", "coordinates": [ [ 436380.159999999974389, 5020951.440000000409782 ], [ 436722.46999999997206, 5020859.490000000223517 ], [ 437064.299999999988358, 5020766.28000000026077 ], [ 437405.340000000025611, 5020670.490000000223517 ], [ 437745.270000000018626, 5020570.809999999590218 ], [ 438083.789999999979045, 5020465.940000000409782 ], [ 438420.57, 5020354.559999999590218 ], [ 438725.60999999998603, 5020247.54 ], [ 439030.229999999981374, 5020139.940000000409782 ], [ 439336.090000000025611, 5020037.549999999813735 ], [ 439644.82, 5019946.160000000149012 ], [ 439965.93, 5019868.259999999776483 ], [ 440290.539999999979045, 5019804.610000000335276 ], [ 440617.840000000025611, 5019751.639999999664724 ], [ 440877.57, 5019715.440000000409782 ], [ 440877.96999999997206, 5019715.389999999664724 ], [ 441211.650000000023283, 5019670.940000000409782 ], [ 441545.68, 5019630.200000000186265 ], [ 441880.039999999979045, 5019592.639999999664724 ], [ 442214.700000000011642, 5019557.71 ], [ 442549.60999999998603, 5019524.900000000372529 ], [ 442884.74, 5019493.660000000149012 ], [ 443220.07, 5019463.46999999973923 ], [ 443555.549999999988358, 5019433.79 ] ] } },
{ "type": "Feature", "properties": { "Name": null, "Shape_Leng": 25.109632957799999, "VALIDATION_ERRORS": [ ] }, "geometry": { "type": "LineString", "coordinates": [ [ 439801.770000000018626, 5024784.089999999850988 ], [ 439394.210000000020955, 5024638.179999999701977 ], [ 438997.57, 5024480.150000000372529 ], [ 438622.63, 5024297.679999999701977 ], [ 438280.210000000020955, 5024078.480000000447035 ], [ 437981.099999999976717, 5023810.21999999973923 ], [ 437714.31, 5023454.629999999888241 ], [ 437506.78000000002794, 5023049.25 ], [ 437353.28000000002794, 5022616.450000000186265 ], [ 437266.26, 5022268.059999999590218 ], [ 437203.799999999988358, 5021917.42 ], [ 437159.74, 5021565.049999999813735 ], [ 437127.909999999974389, 5021211.46999999973923 ], [ 437102.150000000023283, 5020857.200000000186265 ] ] } },
{ "type": "Feature", "properties": { "Name": null, "Shape_Leng": 25.109632957799999, "VALIDATION_ERRORS": [ ] }, "geometry": { "type": "LineString", "coordinates": [ [ 435564.0, 5019443.519999999552965 ], [ 435928.080000000016298, 5019127.059999999590218 ], [ 436285.840000000025611, 5018804.559999999590218 ], [ 436631.289999999979045, 5018469.650000000372529 ], [ 436910.799999999988358, 5018173.29 ], [ 437181.299999999988358, 5017868.200000000186265 ], [ 437447.450000000011642, 5017558.610000000335276 ] ] } },
{ "type": "Feature", "properties": { "Name": null, "Shape_Leng": 25.109632957799999, "VALIDATION_ERRORS": [ ] }, "geometry": { "type": "LineString", "coordinates": [ [ 439079.78000000002794, 5020071.820000000298023 ], [ 439770.38, 5017275.870000000111759 ] ] } },
{ "type": "Feature", "properties": { "Name": null, "Shape_Leng": 25.109632957799999, "VALIDATION_ERRORS": [ ] }, "geometry": { "type": "LineString", "coordinates": [ [ 438734.479999999981374, 5013820.21 ], [ 438736.960000000020955, 5013820.400000000372529 ], [ 439085.21999999997206, 5013845.559999999590218 ], [ 439433.56, 5013868.269999999552965 ], [ 439781.96999999997206, 5013888.759999999776483 ], [ 440130.460000000020955, 5013907.25 ], [ 440479.039999999979045, 5013923.96 ], [ 440827.69, 5013939.120000000111759 ], [ 441176.419999999983702, 5013952.940000000409782 ], [ 441525.24, 5013965.650000000372529 ], [ 441874.13, 5013977.480000000447035 ], [ 442223.10999999998603, 5013988.639999999664724 ], [ 442572.18, 5013999.370000000111759 ], [ 442921.32, 5014009.870000000111759 ] ] } },
{ "type": "Feature", "properties": { "Name": null, "Shape_Leng": 25.109632957799999, "VALIDATION_ERRORS": [ ] }, "geometry": { "type": "LineString", "coordinates": [ [ 440617.94, 5017055.96999999973923 ], [ 440527.76, 5016659.240000000223517 ], [ 440432.89000000001397, 5016264.25 ], [ 440328.520000000018626, 5015872.42 ], [ 440209.849999999976717, 5015485.21 ], [ 440094.60999999998603, 5015159.150000000372529 ], [ 439968.32, 5014836.900000000372529 ], [ 439833.729999999981374, 5014517.46999999973923 ], [ 439693.590000000025611, 5014199.849999999627471 ], [ 439550.64000000001397, 5013883.04 ] ] } },
{ "type": "Feature", "properties": { "Name": null, "Shape_Leng": 25.109632957799999, "VALIDATION_ERRORS": [ ] }, "geometry": { "type": "LineString", "coordinates": [ [ 442564.169999999983702, 5022365.120000000111759 ], [ 442335.39000000001397, 5021982.21 ], [ 442113.450000000011642, 5021595.990000000223517 ], [ 441904.960000000020955, 5021202.759999999776483 ], [ 441751.25, 5020881.769999999552965 ], [ 441606.229999999981374, 5020556.480000000447035 ], [ 441465.49, 5020228.900000000372529 ] ] } },
{ "type": "Feature", "properties": { "Name": null, "Shape_Leng": 25.109632957799999, "VALIDATION_ERRORS": [ ] }, "geometry": { "type": "LineString", "coordinates": [ [ 441434.099999999976717, 5012657.849999999627471 ], [ 441781.96999999997206, 5012874.299999999813735 ], [ 442132.229999999981374, 5013080.610000000335276 ], [ 442487.46999999997206, 5013266.639999999664724 ], [ 442850.32, 5013422.299999999813735 ], [ 443223.38, 5013537.46999999973923 ], [ 443576.38, 5013601.559999999590218 ], [ 443937.62, 5013631.120000000111759 ], [ 444304.89000000001397, 5013634.400000000372529 ], [ 444675.979999999981374, 5013619.620000000111759 ], [ 445048.659999999974389, 5013595.04 ], [ 445420.74, 5013568.889999999664724 ], [ 445806.10999999998603, 5013547.200000000186265 ], [ 446188.919999999983702, 5013532.429999999701977 ], [ 446570.06, 5013524.33 ], [ 446950.409999999974389, 5013522.639999999664724 ], [ 447330.85999999998603, 5013527.099999999627471 ], [ 447712.28000000002794, 5013537.46999999973923 ], [ 448103.10999999998603, 5013554.339999999850988 ], [ 448494.200000000011642, 5013579.71 ], [ 448884.26, 5013616.29 ], [ 449271.979999999981374, 5013666.769999999552965 ], [ 449656.06, 5013733.839999999850988 ], [ 450035.210000000020955, 5013820.21 ], [ 450391.479999999981374, 5013922.21 ], [ 450742.63, 5014041.339999999850988 ], [ 451089.539999999979045, 5014174.740000000223517 ], [ 451433.080000000016298, 5014319.559999999590218 ], [ 451774.14000000001397, 5014472.96 ], [ 452113.590000000025611, 5014632.08 ], [ 452452.299999999988358, 5014794.08 ] ] } },
{ "type": "Feature", "properties": { "Name": null, "Shape_Leng": 25.109632957799999, "VALIDATION_ERRORS": [ ] }, "geometry": { "type": "LineString", "coordinates": [ [ 454272.979999999981374, 5018501.059999999590218 ], [ 454121.229999999981374, 5018092.410000000149012 ], [ 453967.210000000020955, 5017685.009999999776483 ], [ 453808.539999999979045, 5017279.96 ], [ 453642.85999999998603, 5016878.349999999627471 ], [ 453467.799999999988358, 5016481.28000000026077 ], [ 453281.01, 5016089.83 ], [ 453080.12, 5015705.120000000111759 ], [ 452858.650000000023283, 5015313.129999999888241 ], [ 452640.650000000023283, 5014919.740000000223517 ], [ 452458.919999999983702, 5014551.400000000372529 ], [ 452294.85999999998603, 5014174.990000000223517 ], [ 452145.520000000018626, 5013791.83 ], [ 452007.94, 5013403.230000000447035 ], [ 451879.150000000023283, 5013010.519999999552965 ], [ 451756.200000000011642, 5012615.009999999776483 ], [ 451636.14000000001397, 5012218.03000000026077 ] ] } },
{ "type": "Feature", "properties": { "Name": null, "Shape_Leng": 25.109632957799999, "VALIDATION_ERRORS": [ ] }, "geometry": { "type": "LineString", "coordinates": [ [ 454304.37, 5012155.200000000186265 ], [ 454387.96999999997206, 5012492.570000000298023 ], [ 454478.87, 5012825.610000000335276 ], [ 454584.479999999981374, 5013150.179999999701977 ], [ 454712.200000000011642, 5013462.160000000149012 ], [ 454869.400000000023283, 5013757.379999999888241 ], [ 455150.349999999976717, 5014147.150000000372529 ], [ 455471.349999999976717, 5014514.46 ], [ 455797.44, 5014880.21999999973923 ], [ 456093.650000000023283, 5015265.299999999813735 ], [ 456279.78000000002794, 5015577.620000000111759 ], [ 456439.479999999981374, 5015905.900000000372529 ], [ 456583.21999999997206, 5016243.730000000447035 ], [ 456721.46999999997206, 5016584.740000000223517 ], [ 456882.46999999997206, 5016968.820000000298023 ], [ 457050.580000000016298, 5017348.160000000149012 ], [ 457226.78000000002794, 5017722.78000000026077 ], [ 457412.07, 5018092.67 ], [ 457601.039999999979045, 5018447.08 ], [ 457797.979999999981374, 5018797.360000000335276 ], [ 458001.56, 5019144.200000000186265 ], [ 458210.46999999997206, 5019488.339999999850988 ], [ 458423.400000000023283, 5019830.480000000447035 ], [ 458639.03000000002794, 5020171.339999999850988 ], [ 458856.049999999988358, 5020511.629999999888241 ] ] } },
{ "type": "Feature", "properties": { "Name": null, "Shape_Leng": 25.109632957799999, "VALIDATION_ERRORS": [ ] }, "geometry": { "type": "LineString", "coordinates": [ [ 453394.03000000002794, 5014008.700000000186265 ], [ 453571.63, 5014397.059999999590218 ], [ 453756.590000000025611, 5014780.78000000026077 ], [ 453956.460000000020955, 5015155.440000000409782 ], [ 454178.799999999988358, 5015516.620000000111759 ], [ 454497.5, 5015945.25 ], [ 454855.68, 5016343.610000000335276 ], [ 455246.090000000025611, 5016710.400000000372529 ], [ 455573.099999999976717, 5016977.900000000372529 ], [ 455912.89000000001397, 5017227.96 ], [ 456262.94, 5017464.08 ], [ 456620.710000000020955, 5017689.79 ], [ 456983.669999999983702, 5017908.620000000111759 ], [ 457349.289999999979045, 5018124.08 ] ] } },
{ "type": "Feature", "properties": { "Name": null, "Shape_Leng": 25.109632957799999, "VALIDATION_ERRORS": [ ] }, "geometry": { "type": "LineString", "coordinates": [ [ 443317.549999999988358, 5019506.349999999627471 ], [ 444479.020000000018626, 5019977.570000000298023 ] ] } },
{ "type": "Feature", "properties": { "Name": null, "Shape_Leng": 25.109632957799999, "VALIDATION_ERRORS": [ ] }, "geometry": { "type": "LineString", "coordinates": [ [ 443631.460000000020955, 5022365.120000000111759 ], [ 443719.799999999988358, 5022008.019999999552965 ], [ 443813.57, 5021652.490000000223517 ], [ 443918.299999999988358, 5021299.860000000335276 ], [ 444039.539999999979045, 5020951.440000000409782 ], [ 444177.919999999983702, 5020620.940000000409782 ], [ 444343.18, 5020304.139999999664724 ], [ 444541.799999999988358, 5020008.990000000223517 ], [ 444749.28000000002794, 5019760.349999999627471 ], [ 444949.88, 5019506.349999999627471 ], [ 445144.60999999998603, 5019145.660000000149012 ], [ 445263.789999999979045, 5018752.379999999888241 ], [ 445310.35999999998603, 5018392.839999999850988 ], [ 445326.57, 5018029.839999999850988 ] ] } },
{ "type": "Feature", "properties": { "Name": null, "Shape_Leng": 25.109632957799999, "VALIDATION_ERRORS": [ ] }, "geometry": { "type": "LineString", "coordinates": [ [ 441277.14000000001397, 5017778.509999999776483 ], [ 441635.88, 5017776.889999999664724 ], [ 441994.53000000002794, 5017775.450000000186265 ], [ 442353.14000000001397, 5017774.410000000149012 ], [ 442711.789999999979045, 5017773.980000000447035 ], [ 443070.51, 5017774.379999999888241 ], [ 443429.35999999998603, 5017775.820000000298023 ], [ 443788.419999999983702, 5017778.509999999776483 ], [ 444139.919999999983702, 5017782.889999999664724 ], [ 444491.229999999981374, 5017790.870000000111759 ], [ 444842.19, 5017804.71999999973923 ], [ 445192.659999999974389, 5017826.71 ], [ 445542.51, 5017859.110000000335276 ], [ 445891.60999999998603, 5017904.179999999701977 ], [ 446212.01, 5017958.870000000111759 ], [ 446529.35999999998603, 5018028.129999999888241 ], [ 446841.74, 5018113.96 ], [ 447147.24, 5018218.33 ], [ 447496.909999999974389, 5018366.339999999850988 ], [ 447836.76, 5018536.650000000372529 ], [ 448169.700000000011642, 5018723.099999999627471 ], [ 448498.650000000023283, 5018919.54 ], [ 448826.53000000002794, 5019119.849999999627471 ], [ 449156.26, 5019317.860000000335276 ], [ 449506.590000000025611, 5019516.629999999888241 ], [ 449863.080000000016298, 5019701.25 ], [ 450227.169999999983702, 5019866.96 ], [ 450600.24, 5020008.990000000223517 ], [ 450930.909999999974389, 5020110.240000000223517 ], [ 451267.229999999981374, 5020193.839999999850988 ], [ 451607.51, 5020263.549999999813735 ], [ 451950.049999999988358, 5020323.139999999664724 ], [ 452282.5, 5020374.360000000335276 ], [ 452615.080000000016298, 5020420.740000000223517 ], [ 452947.81, 5020463.490000000223517 ], [ 453280.700000000011642, 5020503.860000000335276 ], [ 453613.770000000018626, 5020543.049999999813735 ] ] } },
{ "type": "Feature", "properties": { "Name": null, "Shape_Leng": 25.109632957799999, "VALIDATION_ERRORS": [ ] }, "geometry": { "type": "LineString", "coordinates": [ [ 446331.080000000016298, 5022459.370000000111759 ], [ 446683.039999999979045, 5022287.679999999701977 ], [ 447036.35999999998603, 5022121.240000000223517 ], [ 447392.63, 5021965.25 ], [ 447753.44, 5021824.910000000149012 ], [ 448120.35999999998603, 5021705.410000000149012 ], [ 448508.89000000001397, 5021606.849999999627471 ], [ 448903.479999999981374, 5021529.650000000372529 ], [ 449302.32, 5021466.929999999701977 ], [ 449703.580000000016298, 5021411.83 ], [ 450105.43, 5021357.46999999973923 ], [ 450506.07, 5021297.009999999776483 ], [ 450860.460000000020955, 5021233.599999999627471 ], [ 451212.63, 5021161.769999999552965 ], [ 451563.090000000025611, 5021083.29 ], [ 451912.340000000025611, 5020999.950000000186265 ], [ 452260.89000000001397, 5020913.519999999552965 ], [ 452609.26, 5020825.78000000026077 ], [ 452973.93, 5020734.190000000409782 ], [ 453338.64000000001397, 5020643.120000000111759 ], [ 453703.419999999983702, 5020552.5 ], [ 454068.270000000018626, 5020462.240000000223517 ], [ 454433.200000000011642, 5020372.259999999776483 ], [ 454798.21999999997206, 5020282.490000000223517 ], [ 455163.35999999998603, 5020192.839999999850988 ], [ 455528.60999999998603, 5020103.230000000447035 ] ] } },
{ "type": "Feature", "properties": { "Name": null, "Shape_Leng": 25.109632957799999, "VALIDATION_ERRORS": [ ] }, "geometry": { "type": "LineString", "coordinates": [ [ 442783.909999999974389, 5021579.75 ], [ 442784.24, 5021577.200000000186265 ], [ 442818.520000000018626, 5021231.75 ], [ 442833.460000000020955, 5020885.179999999701977 ], [ 442832.919999999983702, 5020537.679999999701977 ], [ 442820.770000000018626, 5020189.429999999701977 ], [ 442800.900000000023283, 5019840.639999999664724 ], [ 442777.18, 5019491.490000000223517 ] ] } },
{ "type": "Feature", "properties": { "Name": null, "Shape_Leng": 25.109632957799999, "VALIDATION_ERRORS": [ ] }, "geometry": { "type": "LineString", "coordinates": [ [ 444730.14000000001397, 5019851.910000000149012 ], [ 445089.85999999998603, 5020041.839999999850988 ], [ 445452.13, 5020228.900000000372529 ], [ 445740.51, 5020377.200000000186265 ], [ 446017.169999999983702, 5020543.049999999813735 ], [ 446358.43, 5020817.120000000111759 ], [ 446682.539999999979045, 5021115.410000000149012 ], [ 447021.68, 5021391.259999999776483 ], [ 447402.13, 5021613.110000000335276 ], [ 447806.450000000011642, 5021799.650000000372529 ] ] } },
{ "type": "Feature", "properties": { "Name": null, "Shape_Leng": 25.109632957799999, "VALIDATION_ERRORS": [ ] }, "geometry": { "type": "LineString", "coordinates": [ [ 448591.21999999997206, 5021611.160000000149012 ], [ 448742.49, 5021945.129999999888241 ], [ 448936.520000000018626, 5022239.46 ], [ 449175.409999999974389, 5022448.21 ], [ 449456.710000000020955, 5022617.549999999813735 ], [ 449752.69, 5022773.519999999552965 ], [ 450044.349999999976717, 5022941.610000000335276 ], [ 450317.81, 5023128.160000000149012 ], [ 450568.849999999976717, 5023338.990000000223517 ], [ 450897.51, 5023699.559999999590218 ], [ 451196.669999999983702, 5024092.96 ] ] } },
{ "type": "Feature", "properties": { "Name": null, "Shape_Leng": 25.109632957799999, "VALIDATION_ERRORS": [ ] }, "geometry": { "type": "LineString", "coordinates": [ [ 444730.14000000001397, 5022679.28000000026077 ], [ 445063.37, 5022497.950000000186265 ], [ 445397.729999999981374, 5022319.139999999664724 ], [ 445734.650000000023283, 5022145.21999999973923 ], [ 446084.450000000011642, 5021973.410000000149012 ], [ 446437.039999999979045, 5021807.54 ], [ 446791.590000000025611, 5021645.570000000298023 ], [ 447147.24, 5021485.5 ] ] } },
{ "type": "Feature", "properties": { "Name": null, "Shape_Leng": 25.109632957799999, "VALIDATION_ERRORS": [ ] }, "geometry": { "type": "LineString", "coordinates": [ [ 442061.919999999983702, 5017715.679999999701977 ], [ 442457.539999999979045, 5017599.639999999664724 ], [ 442854.57, 5017492.120000000111759 ], [ 443254.770000000018626, 5017401.53000000026077 ], [ 443633.770000000018626, 5017337.370000000111759 ], [ 444015.669999999983702, 5017289.46 ], [ 444399.549999999988358, 5017251.639999999664724 ], [ 444784.5, 5017217.75 ], [ 445169.62, 5017181.629999999888241 ], [ 445529.770000000018626, 5017141.03000000026077 ], [ 445888.590000000025611, 5017092.46 ], [ 446245.75, 5017035.21999999973923 ], [ 446600.960000000020955, 5016968.620000000111759 ], [ 446953.88, 5016891.990000000223517 ], [ 447304.200000000011642, 5016804.650000000372529 ], [ 447700.169999999983702, 5016691.900000000372529 ], [ 448092.979999999981374, 5016568.110000000335276 ], [ 448483.789999999979045, 5016436.92 ], [ 448873.74, 5016302.0 ] ] } },
{ "type": "Feature", "properties": { "Name": null, "Shape_Leng": 25.109632957799999, "VALIDATION_ERRORS": [ ] }, "geometry": { "type": "LineString", "coordinates": [ [ 445201.01, 5017935.589999999850988 ], [ 445609.090000000025611, 5017118.799999999813735 ] ] } },
{ "type": "Feature", "properties": { "Name": null, "Shape_Leng": 25.109632957799999, "VALIDATION_ERRORS": [ ] }, "geometry": { "type": "LineString", "coordinates": [ [ 445389.349999999976717, 5017118.799999999813735 ], [ 445546.31, 5016113.509999999776483 ] ] } },
{ "type": "Feature", "properties": { "Name": null, "Shape_Leng": 25.109632957799999, "VALIDATION_ERRORS": [ ] }, "geometry": { "type": "LineString", "coordinates": [ [ 445389.349999999976717, 5016082.099999999627471 ], [ 445451.39000000001397, 5015737.269999999552965 ], [ 445507.44, 5015392.240000000223517 ], [ 445551.539999999979045, 5015046.58 ], [ 445577.700000000011642, 5014699.83 ], [ 445581.919999999983702, 5014334.070000000298023 ], [ 445568.520000000018626, 5013967.480000000447035 ], [ 445546.31, 5013600.299999999813735 ] ] } },
{ "type": "Feature", "properties": { "Name": null, "Shape_Leng": 25.109632957799999, "VALIDATION_ERRORS": [ ] }, "geometry": { "type": "LineString", "coordinates": [ [ 443568.68, 5016490.490000000223517 ], [ 443590.38, 5016176.309999999590218 ], [ 443609.68, 5015862.230000000447035 ], [ 443624.18, 5015548.139999999664724 ], [ 443631.460000000020955, 5015233.889999999664724 ], [ 443628.38, 5014849.04 ], [ 443614.49, 5014464.28000000026077 ], [ 443593.38, 5014079.490000000223517 ], [ 443568.68, 5013694.549999999813735 ] ] } },
{ "type": "Feature", "properties": { "Name": null, "Shape_Leng": 25.109632957799999, "VALIDATION_ERRORS": [ ] }, "geometry": { "type": "LineString", "coordinates": [ [ 441842.18, 5009987.559999999590218 ], [ 441845.830000000016298, 5010381.58 ], [ 441854.289999999979045, 5010774.950000000186265 ], [ 441872.39000000001397, 5011167.320000000298023 ], [ 441904.960000000020955, 5011558.320000000298023 ], [ 441952.44, 5011929.110000000335276 ], [ 442013.020000000018626, 5012298.400000000372529 ], [ 442082.35999999998603, 5012666.78000000026077 ], [ 442156.090000000025611, 5013034.83 ] ] } },
{ "type": "Feature", "properties": { "Name": null, "Shape_Leng": 25.109632957799999, "VALIDATION_ERRORS": [ ] }, "geometry": { "type": "LineString", "coordinates": [ [ 451636.14000000001397, 5020197.480000000447035 ], [ 451994.06, 5020045.450000000186265 ], [ 452358.13, 5019914.740000000223517 ], [ 452717.479999999981374, 5019824.940000000409782 ], [ 453085.049999999988358, 5019767.910000000149012 ], [ 453458.01, 5019737.17 ], [ 453833.5, 5019726.25 ], [ 454119.200000000011642, 5019729.03000000026077 ], [ 454402.37, 5019747.379999999888241 ], [ 454681.06, 5019789.08 ], [ 455014.93, 5019877.92 ], [ 455342.979999999981374, 5019993.96 ], [ 455669.669999999983702, 5020117.509999999776483 ], [ 455999.479999999981374, 5020228.900000000372529 ], [ 456384.38, 5020323.059999999590218 ], [ 456776.01, 5020388.019999999552965 ], [ 457171.75, 5020436.25 ], [ 457569.020000000018626, 5020480.21999999973923 ], [ 457891.62, 5020519.299999999813735 ], [ 458213.43, 5020557.480000000447035 ], [ 458534.789999999979045, 5020588.440000000409782 ], [ 458856.049999999988358, 5020605.879999999888241 ], [ 459222.349999999976717, 5020603.440000000409782 ], [ 459588.549999999988358, 5020579.480000000447035 ], [ 459954.700000000011642, 5020538.309999999590218 ], [ 460320.85999999998603, 5020484.230000000447035 ], [ 460687.07, 5020421.54 ], [ 461053.409999999974389, 5020354.559999999590218 ] ] } },
{ "type": "Feature", "properties": { "Name": null, "Shape_Leng": 25.109632957799999, "VALIDATION_ERRORS": [ ] }, "geometry": { "type": "LineString", "coordinates": [ [ 459954.729999999981374, 5024752.679999999701977 ], [ 459614.53000000002794, 5024433.019999999552965 ], [ 459274.729999999981374, 5024113.25 ], [ 458935.520000000018626, 5023793.089999999850988 ], [ 458597.090000000025611, 5023472.269999999552965 ], [ 458259.62, 5023150.5 ], [ 457903.020000000018626, 5022808.820000000298023 ], [ 457545.39000000001397, 5022468.33 ], [ 457183.88, 5022131.21999999973923 ], [ 456815.64000000001397, 5021799.650000000372529 ], [ 456494.830000000016298, 5021524.389999999664724 ], [ 456164.770000000018626, 5021261.059999999590218 ], [ 455822.69, 5021015.71999999973923 ], [ 455465.830000000016298, 5020794.370000000111759 ], [ 455168.520000000018626, 5020636.980000000447035 ], [ 454863.900000000023283, 5020492.570000000298023 ], [ 454555.5, 5020354.559999999590218 ] ] } },
{ "type": "Feature", "properties": { "Name": null, "Shape_Leng": 25.109632957799999, "VALIDATION_ERRORS": [ ] }, "geometry": { "type": "LineString", "coordinates": [ [ 450851.37, 5024689.849999999627471 ], [ 451043.12, 5024372.629999999888241 ], [ 451236.590000000025611, 5024056.730000000447035 ], [ 451433.64000000001397, 5023743.240000000223517 ], [ 451636.14000000001397, 5023433.240000000223517 ], [ 451871.539999999979045, 5023090.150000000372529 ], [ 452113.650000000023283, 5022751.740000000223517 ], [ 452360.28000000002794, 5022416.370000000111759 ], [ 452609.26, 5022082.389999999664724 ] ] } },
{ "type": "Feature", "properties": { "Name": null, "Shape_Leng": 25.109632957799999, "VALIDATION_ERRORS": [ ] }, "geometry": { "type": "LineString", "coordinates": [ [ 451102.5, 5021171.349999999627471 ], [ 451034.56, 5020869.559999999590218 ], [ 450945.539999999979045, 5020574.46 ], [ 450847.700000000011642, 5020348.629999999888241 ], [ 450725.81, 5020134.650000000372529 ], [ 450663.020000000018626, 5020040.400000000372529 ] ] } },
{ "type": "Feature", "properties": { "Name": null, "Shape_Leng": 25.109632957799999, "VALIDATION_ERRORS": [ ] }, "geometry": { "type": "LineString", "coordinates": [ [ 451071.10999999998603, 5023873.049999999813735 ], [ 451139.659999999974389, 5023528.410000000149012 ], [ 451203.89000000001397, 5023183.160000000149012 ], [ 451259.450000000011642, 5022836.349999999627471 ], [ 451307.64000000001397, 5022439.879999999888241 ], [ 451339.03000000002794, 5022041.71999999973923 ], [ 451353.62, 5021642.58 ], [ 451354.900000000023283, 5021422.660000000149012 ], [ 451353.62, 5021202.759999999776483 ] ] } },
{ "type": "Feature", "properties": { "Name": null, "Shape_Leng": 25.109632957799999, "VALIDATION_ERRORS": [ ] }, "geometry": { "type": "LineString", "coordinates": [ [ 451196.669999999983702, 5020511.629999999888241 ], [ 451793.099999999976717, 5021045.690000000409782 ] ] } },
{ "type": "Feature", "properties": { "Name": null, "Shape_Leng": 25.109632957799999, "VALIDATION_ERRORS": [ ] }, "geometry": { "type": "LineString", "coordinates": [ [ 452044.21999999997206, 5024815.509999999776483 ], [ 451911.53000000002794, 5024527.620000000111759 ], [ 451761.700000000011642, 5024250.03000000026077 ], [ 451611.01, 5024026.360000000335276 ], [ 451447.799999999988358, 5023810.21999999973923 ] ] } },
{ "type": "Feature", "properties": { "Name": null, "Shape_Leng": 25.109632957799999, "VALIDATION_ERRORS": [ ] }, "geometry": { "type": "LineString", "coordinates": [ [ 454272.979999999981374, 5024689.849999999627471 ], [ 454452.909999999974389, 5024419.429999999701977 ], [ 454631.270000000018626, 5024147.700000000186265 ], [ 454806.62, 5023873.049999999813735 ], [ 455009.31, 5023534.17 ], [ 455183.31, 5023181.92 ], [ 455281.78000000002794, 5022915.599999999627471 ], [ 455362.51, 5022642.200000000186265 ], [ 455434.44, 5022365.120000000111759 ] ] } },
{ "type": "Feature", "properties": { "Name": null, "Shape_Leng": 25.109632957799999, "VALIDATION_ERRORS": [ ] }, "geometry": { "type": "LineString", "coordinates": [ [ 455654.18, 5024281.450000000186265 ], [ 456039.0, 5024101.690000000409782 ], [ 456376.169999999983702, 5023873.049999999813735 ], [ 456605.849999999976717, 5023601.240000000223517 ], [ 456785.87, 5023278.660000000149012 ], [ 456941.200000000011642, 5022930.599999999627471 ] ] } },
{ "type": "Feature", "properties": { "Name": null, "Shape_Leng": 25.109632957799999, "VALIDATION_ERRORS": [ ] }, "geometry": { "type": "LineString", "coordinates": [ [ 453927.68, 5017558.610000000335276 ], [ 454242.12, 5017632.320000000298023 ], [ 454553.12, 5017714.21 ], [ 454857.460000000020955, 5017812.549999999813735 ], [ 455151.919999999983702, 5017935.589999999850988 ], [ 455550.81, 5018156.28000000026077 ], [ 455941.94, 5018392.900000000372529 ], [ 456344.78000000002794, 5018595.309999999590218 ], [ 456681.210000000020955, 5018704.230000000447035 ], [ 457031.900000000023283, 5018773.620000000111759 ], [ 457392.18, 5018816.690000000409782 ], [ 457757.37, 5018846.629999999888241 ] ] } },
{ "type": "Feature", "properties": { "Name": null, "Shape_Leng": 25.109632957799999, "VALIDATION_ERRORS": [ ] }, "geometry": { "type": "LineString", "coordinates": [ [ 458039.88, 5019066.54 ], [ 458406.96999999997206, 5019163.33 ], [ 458774.64000000001397, 5019255.940000000409782 ], [ 459143.78000000002794, 5019340.240000000223517 ], [ 459515.26, 5019412.099999999627471 ], [ 459842.960000000020955, 5019462.549999999813735 ], [ 460172.21999999997206, 5019503.400000000372529 ], [ 460502.60999999998603, 5019537.870000000111759 ], [ 460833.669999999983702, 5019569.179999999701977 ] ] } },
{ "type": "Feature", "properties": { "Name": null, "Shape_Leng": 25.109632957799999, "VALIDATION_ERRORS": [ ] }, "geometry": { "type": "LineString", "coordinates": [ [ 452734.82, 5019789.08 ], [ 452925.960000000020955, 5019504.820000000298023 ], [ 453099.289999999979045, 5019213.92 ], [ 453237.080000000016298, 5018909.46 ], [ 453326.299999999988358, 5018594.099999999627471 ], [ 453382.87, 5018267.019999999552965 ], [ 453425.419999999983702, 5017935.589999999850988 ], [ 453474.62, 5017566.75 ], [ 453527.539999999979045, 5017200.769999999552965 ], [ 453582.38, 5016836.059999999590218 ] ] } },
{ "type": "Feature", "properties": { "Name": null, "Shape_Leng": 25.109632957799999, "VALIDATION_ERRORS": [ ] }, "geometry": { "type": "LineString", "coordinates": [ [ 452797.599999999976717, 5015108.230000000447035 ], [ 454053.24, 5015202.46999999973923 ] ] } },
{ "type": "Feature", "properties": { "Name": null, "Shape_Leng": 25.109632957799999, "VALIDATION_ERRORS": [ ] }, "geometry": { "type": "LineString", "coordinates": [ [ 452546.479999999981374, 5014417.089999999850988 ], [ 454429.93, 5013317.559999999590218 ] ] } },
{ "type": "Feature", "properties": { "Name": null, "Shape_Leng": 25.109632957799999, "VALIDATION_ERRORS": [ ] }, "geometry": { "type": "LineString", "coordinates": [ [ 454649.669999999983702, 5013506.059999999590218 ], [ 454951.38, 5013256.400000000372529 ], [ 455254.729999999981374, 5013009.29 ], [ 455561.62, 5012767.089999999850988 ], [ 455873.909999999974389, 5012532.190000000409782 ], [ 456233.659999999974389, 5012278.379999999888241 ], [ 456600.450000000011642, 5012034.660000000149012 ], [ 456972.57, 5011798.46999999973923 ], [ 457348.31, 5011567.240000000223517 ], [ 457725.979999999981374, 5011338.410000000149012 ] ] } },
{ "type": "Feature", "properties": { "Name": null, "Shape_Leng": 25.109632957799999, "VALIDATION_ERRORS": [ ] }, "geometry": { "type": "LineString", "coordinates": [ [ 451196.669999999983702, 5020103.230000000447035 ], [ 451511.340000000025611, 5019863.110000000335276 ], [ 451817.520000000018626, 5019614.650000000372529 ], [ 452107.0, 5019349.269999999552965 ], [ 452383.69, 5019050.190000000409782 ], [ 452642.210000000020955, 5018733.08 ], [ 452891.78000000002794, 5018406.820000000298023 ] ] } },
{ "type": "Feature", "properties": { "Name": null, "Shape_Leng": 25.109632957799999, "VALIDATION_ERRORS": [ ] }, "geometry": { "type": "LineString", "coordinates": [ [ 455591.39000000001397, 5020040.400000000372529 ], [ 455120.53000000002794, 5017935.589999999850988 ] ] } },
{ "type": "Feature", "properties": { "Name": null, "Shape_Leng": 25.109632957799999, "VALIDATION_ERRORS": [ ] }, "geometry": { "type": "LineString", "coordinates": [ [ 460833.669999999983702, 5024187.200000000186265 ], [ 460500.799999999988358, 5024010.129999999888241 ], [ 460174.37, 5023824.54 ], [ 459860.56, 5023621.730000000447035 ], [ 459506.89000000001397, 5023347.78000000026077 ], [ 459173.919999999983702, 5023046.160000000149012 ], [ 458854.669999999983702, 5022726.019999999552965 ], [ 458542.14000000001397, 5022396.54 ] ] } },
{ "type": "Feature", "properties": { "Name": null, "Shape_Leng": 25.109632957799999, "VALIDATION_ERRORS": [ ] }, "geometry": { "type": "LineString", "coordinates": [ [ 461367.32, 5023590.320000000298023 ], [ 461049.25, 5023245.839999999850988 ], [ 460736.07, 5022897.889999999664724 ], [ 460432.450000000011642, 5022542.740000000223517 ], [ 460143.080000000016298, 5022176.629999999888241 ], [ 459875.729999999981374, 5021803.92 ], [ 459622.349999999976717, 5021420.889999999664724 ], [ 459378.200000000011642, 5021030.900000000372529 ], [ 459138.57, 5020637.29 ] ] } },
{ "type": "Feature", "properties": { "Name": null, "Shape_Leng": 25.109632957799999, "VALIDATION_ERRORS": [ ] }, "geometry": { "type": "LineString", "coordinates": [ [ 460708.10999999998603, 5023276.160000000149012 ], [ 459295.520000000018626, 5021988.139999999664724 ] ] } },
{ "type": "Feature", "properties": { "Name": null, "Shape_Leng": 25.109632957799999, "VALIDATION_ERRORS": [ ] }, "geometry": { "type": "LineString", "coordinates": [ [ 457569.020000000018626, 5014260.019999999552965 ], [ 457935.28000000002794, 5014253.200000000186265 ], [ 458301.44, 5014248.440000000409782 ], [ 458667.56, 5014247.820000000298023 ], [ 459033.710000000020955, 5014253.400000000372529 ], [ 459399.960000000020955, 5014267.25 ], [ 459766.38, 5014291.429999999701977 ], [ 460101.93, 5014321.690000000409782 ], [ 460436.88, 5014347.559999999590218 ], [ 460770.89000000001397, 5014354.259999999776483 ], [ 461109.849999999976717, 5014330.139999999664724 ], [ 461447.44, 5014279.58 ], [ 461784.21999999997206, 5014211.379999999888241 ], [ 462120.700000000011642, 5014134.360000000335276 ] ] } },
{ "type": "Feature", "properties": { "Name": null, "Shape_Leng": 25.109632957799999, "VALIDATION_ERRORS": [ ] }, "geometry": { "type": "LineString", "coordinates": [ [ 454712.450000000011642, 5011841.049999999813735 ], [ 454549.01, 5011465.71999999973923 ], [ 454379.56, 5011095.570000000298023 ], [ 454198.01, 5010735.660000000149012 ], [ 453998.229999999981374, 5010391.009999999776483 ], [ 453774.13, 5010066.660000000149012 ], [ 453519.599999999976717, 5009767.650000000372529 ], [ 453157.590000000025611, 5009431.940000000409782 ], [ 452770.46999999997206, 5009116.519999999552965 ], [ 452389.520000000018626, 5008793.78000000026077 ], [ 452093.32, 5008501.099999999627471 ], [ 451816.43, 5008190.21 ], [ 451551.419999999983702, 5007866.950000000186265 ], [ 451290.840000000025611, 5007537.179999999701977 ], [ 451026.24, 5007199.17 ], [ 450772.200000000011642, 5006854.929999999701977 ], [ 450542.049999999988358, 5006498.400000000372529 ], [ 450349.10999999998603, 5006123.5 ], [ 450241.049999999988358, 5005847.349999999627471 ], [ 450149.69, 5005563.339999999850988 ], [ 450066.599999999976717, 5005275.29 ] ] } },
{ "type": "Feature", "properties": { "Name": null, "Shape_Leng": 25.109632957799999, "VALIDATION_ERRORS": [ ] }, "geometry": { "type": "LineString", "coordinates": [ [ 441685.229999999981374, 5001159.910000000149012 ], [ 441857.979999999981374, 5001536.009999999776483 ], [ 442033.340000000025611, 5001910.379999999888241 ], [ 442214.020000000018626, 5002281.440000000409782 ], [ 442402.76, 5002647.610000000335276 ], [ 442602.28000000002794, 5003007.309999999590218 ], [ 442815.299999999988358, 5003358.96999999973923 ], [ 443068.950000000011642, 5003737.28000000026077 ], [ 443339.590000000025611, 5004104.46 ], [ 443624.68, 5004461.54 ], [ 443921.63, 5004809.58 ], [ 444227.89000000001397, 5005149.629999999888241 ], [ 444560.76, 5005503.400000000372529 ], [ 444899.01, 5005851.04 ], [ 445240.770000000018626, 5006194.690000000409782 ], [ 445584.159999999974389, 5006536.480000000447035 ], [ 445927.299999999988358, 5006878.549999999813735 ], [ 446268.299999999988358, 5007223.03000000026077 ], [ 446531.32, 5007493.849999999627471 ], [ 446792.580000000016298, 5007766.349999999627471 ], [ 447053.07, 5008039.820000000298023 ] ] } },
{ "type": "Feature", "properties": { "Name": null, "Shape_Leng": 25.109632957799999, "VALIDATION_ERRORS": [ ] }, "geometry": { "type": "LineString", "coordinates": [ [ 441496.88, 5006877.46 ], [ 441856.830000000016298, 5006916.059999999590218 ], [ 442217.090000000025611, 5006951.759999999776483 ], [ 442578.24, 5006981.730000000447035 ], [ 442940.85999999998603, 5007003.120000000111759 ], [ 443307.60999999998603, 5007015.08 ], [ 443674.51, 5007024.490000000223517 ], [ 444040.099999999976717, 5007040.490000000223517 ], [ 444402.919999999983702, 5007072.21 ], [ 444761.53000000002794, 5007128.78000000026077 ], [ 445056.82, 5007199.42 ], [ 445349.289999999979045, 5007285.809999999590218 ], [ 445640.479999999981374, 5007380.099999999627471 ] ] } },
{ "type": "Feature", "properties": { "Name": null, "Shape_Leng": 25.109632957799999, "VALIDATION_ERRORS": [ ] }, "geometry": { "type": "LineString", "coordinates": [ [ 443097.82, 5011778.21999999973923 ], [ 443182.710000000020955, 5011396.53000000026077 ], [ 443265.21999999997206, 5011014.549999999813735 ], [ 443342.94, 5010631.79 ], [ 443413.5, 5010247.740000000223517 ], [ 443474.51, 5009861.900000000372529 ], [ 443519.68, 5009511.79 ], [ 443554.960000000020955, 5009160.509999999776483 ], [ 443580.210000000020955, 5008808.349999999627471 ], [ 443595.289999999979045, 5008455.629999999888241 ], [ 443600.07, 5008102.650000000372529 ], [ 443595.19, 5007756.910000000149012 ], [ 443583.60999999998603, 5007411.450000000186265 ], [ 443568.68, 5007065.950000000186265 ] ] } },
{ "type": "Feature", "properties": { "Name": null, "Shape_Leng": 25.109632957799999, "VALIDATION_ERRORS": [ ] }, "geometry": { "type": "LineString", "coordinates": [ [ 449532.950000000011642, 5005306.700000000186265 ], [ 449372.289999999979045, 5004985.570000000298023 ], [ 449215.71999999997206, 5004663.139999999664724 ], [ 449067.28000000002794, 5004337.92 ], [ 448931.020000000018626, 5004008.410000000149012 ], [ 448810.960000000020955, 5003673.120000000111759 ], [ 448718.340000000025611, 5003363.559999999590218 ], [ 448638.07, 5003049.92 ], [ 448565.770000000018626, 5002733.740000000223517 ], [ 448497.049999999988358, 5002416.509999999776483 ], [ 448424.26, 5002080.940000000409782 ], [ 448350.94, 5001746.0 ], [ 448277.32, 5001411.230000000447035 ] ] } },
{ "type": "Feature", "properties": { "Name": null, "Shape_Leng": 25.109632957799999, "VALIDATION_ERRORS": [ ] }, "geometry": { "type": "LineString", "coordinates": [ [ 444855.710000000020955, 5009673.410000000149012 ], [ 445171.89000000001397, 5009308.129999999888241 ], [ 445501.96999999997206, 5008957.700000000186265 ], [ 445860.21999999997206, 5008636.71 ], [ 446088.979999999981374, 5008468.360000000335276 ], [ 446331.080000000016298, 5008322.559999999590218 ], [ 446669.799999999988358, 5008171.96999999973923 ], [ 447025.400000000023283, 5008063.17 ], [ 447393.710000000020955, 5007985.679999999701977 ], [ 447770.549999999988358, 5007929.03000000026077 ], [ 448151.75, 5007882.75 ] ] } },
{ "type": "Feature", "properties": { "Name": null, "Shape_Leng": 25.109632957799999, "VALIDATION_ERRORS": [ ] }, "geometry": { "type": "LineString", "coordinates": [ [ 443505.900000000023283, 5003673.120000000111759 ], [ 445138.229999999981374, 5003107.639999999664724 ] ] } },
{ "type": "Feature", "properties": { "Name": null, "Shape_Leng": 25.109632957799999, "VALIDATION_ERRORS": [ ] }, "geometry": { "type": "LineString", "coordinates": [ [ 446519.419999999983702, 5003893.019999999552965 ], [ 446478.080000000016298, 5004278.339999999850988 ], [ 446443.849999999976717, 5004663.339999999850988 ], [ 446423.87, 5005048.03000000026077 ], [ 446425.25, 5005432.360000000335276 ], [ 446447.43, 5005767.42 ], [ 446483.590000000025611, 5006102.110000000335276 ], [ 446526.01, 5006436.71999999973923 ], [ 446566.960000000020955, 5006771.53000000026077 ], [ 446598.74, 5007106.839999999850988 ], [ 446613.599999999976717, 5007442.929999999701977 ], [ 446613.599999999976717, 5007600.009999999776483 ] ] } },
{ "type": "Feature", "properties": { "Name": null, "Shape_Leng": 25.109632957799999, "VALIDATION_ERRORS": [ ] }, "geometry": { "type": "LineString", "coordinates": [ [ 455403.049999999988358, 5011369.83 ], [ 455301.03000000002794, 5010977.559999999590218 ], [ 455186.5, 5010591.519999999552965 ], [ 455046.830000000016298, 5010217.650000000372529 ], [ 454869.400000000023283, 5009861.900000000372529 ], [ 454658.419999999983702, 5009537.58 ], [ 454437.03000000002794, 5009218.79 ], [ 454241.590000000025611, 5008888.03000000026077 ], [ 454106.62, 5008556.58 ], [ 454008.080000000016298, 5008208.25 ], [ 453927.68, 5007851.33 ] ] } },
{ "type": "Feature", "properties": { "Name": null, "Shape_Leng": 25.109632957799999, "VALIDATION_ERRORS": [ ] }, "geometry": { "type": "LineString", "coordinates": [ [ 445263.789999999979045, 5010772.940000000409782 ], [ 445606.960000000020955, 5010937.46 ], [ 445935.979999999981374, 5011119.900000000372529 ], [ 446236.909999999974389, 5011338.410000000149012 ], [ 446477.93, 5011581.049999999813735 ], [ 446686.24, 5011857.160000000149012 ], [ 446864.71999999997206, 5012155.200000000186265 ], [ 447024.729999999981374, 5012483.019999999552965 ], [ 447161.89000000001397, 5012819.259999999776483 ], [ 447283.88, 5013161.190000000409782 ], [ 447398.37, 5013506.059999999590218 ] ] } },
{ "type": "Feature", "properties": { "Name": null, "Shape_Leng": 25.109632957799999, "VALIDATION_ERRORS": [ ] }, "geometry": { "type": "LineString", "coordinates": [ [ 450160.770000000018626, 5011683.980000000447035 ], [ 448622.60999999998603, 5013537.46999999973923 ] ] } },
{ "type": "Feature", "properties": { "Name": null, "Shape_Leng": 25.109632957799999, "VALIDATION_ERRORS": [ ] }, "geometry": { "type": "LineString", "coordinates": [ [ 451039.710000000020955, 5012343.700000000186265 ], [ 449784.080000000016298, 5013694.549999999813735 ] ] } },
{ "type": "Feature", "properties": { "Name": null, "Shape_Leng": 25.109632957799999, "VALIDATION_ERRORS": [ ] }, "geometry": { "type": "LineString", "coordinates": [ [ 454932.19, 5009767.650000000372529 ], [ 455279.409999999974389, 5009947.28000000026077 ], [ 455626.210000000020955, 5010127.46999999973923 ], [ 455972.32, 5010308.900000000372529 ], [ 456317.49, 5010492.21999999973923 ], [ 456661.46999999997206, 5010678.099999999627471 ], [ 457003.99, 5010867.179999999701977 ], [ 457378.87, 5011078.860000000335276 ], [ 457752.960000000020955, 5011291.679999999701977 ], [ 458127.950000000011642, 5011502.339999999850988 ], [ 458505.539999999979045, 5011707.509999999776483 ], [ 458887.44, 5011903.879999999888241 ], [ 459271.43, 5012087.320000000298023 ], [ 459660.289999999979045, 5012260.190000000409782 ], [ 460053.349999999976717, 5012424.0 ], [ 460449.93, 5012580.28000000026077 ], [ 460849.349999999976717, 5012730.549999999813735 ], [ 461250.94, 5012876.33 ], [ 461654.020000000018626, 5013019.129999999888241 ], [ 462057.919999999983702, 5013160.490000000223517 ] ] } },
{ "type": "Feature", "properties": { "Name": null, "Shape_Leng": 25.109632957799999, "VALIDATION_ERRORS": [ ] }, "geometry": { "type": "LineString", "coordinates": [ [ 449972.419999999983702, 5001568.299999999813735 ], [ 450323.39000000001397, 5001844.839999999850988 ], [ 450671.99, 5002123.769999999552965 ], [ 451016.10999999998603, 5002407.71 ], [ 451353.62, 5002699.25 ], [ 451757.979999999981374, 5003070.879999999888241 ], [ 452151.99, 5003453.75 ], [ 452539.210000000020955, 5003844.21 ], [ 452923.169999999983702, 5004238.589999999850988 ] ] } },
{ "type": "Feature", "properties": { "Name": null, "Shape_Leng": 25.109632957799999, "VALIDATION_ERRORS": [ ] }, "geometry": { "type": "LineString", "coordinates": [ [ 453394.03000000002794, 5003578.870000000111759 ], [ 453742.270000000018626, 5003879.980000000447035 ], [ 454091.729999999981374, 5004179.29 ], [ 454443.770000000018626, 5004475.110000000335276 ], [ 454799.770000000018626, 5004765.730000000447035 ], [ 455161.10999999998603, 5005049.46 ], [ 455529.159999999974389, 5005324.599999999627471 ], [ 455905.299999999988358, 5005589.440000000409782 ], [ 456223.03000000002794, 5005798.79 ], [ 456547.950000000011642, 5005996.429999999701977 ], [ 456881.150000000023283, 5006179.08 ], [ 457223.71999999997206, 5006343.400000000372529 ], [ 457597.01, 5006495.83 ], [ 457977.340000000025611, 5006632.349999999627471 ], [ 458360.450000000011642, 5006761.559999999590218 ], [ 458742.080000000016298, 5006892.099999999627471 ], [ 459117.96999999997206, 5007032.58 ], [ 459483.87, 5007191.610000000335276 ], [ 459876.03000000002794, 5007398.450000000186265 ], [ 460252.710000000020955, 5007634.070000000298023 ], [ 460616.520000000018626, 5007893.679999999701977 ], [ 460970.06, 5008172.519999999552965 ], [ 461315.94, 5008465.79 ], [ 461656.76, 5008768.71999999973923 ], [ 461995.14000000001397, 5009076.519999999552965 ] ] } },
{ "type": "Feature", "properties": { "Name": null, "Shape_Leng": 25.109632957799999, "VALIDATION_ERRORS": [ ] }, "geometry": { "type": "LineString", "coordinates": [ [ 455371.659999999974389, 5006500.480000000447035 ], [ 455351.68, 5006865.820000000298023 ], [ 455335.10999999998603, 5007230.820000000298023 ], [ 455325.400000000023283, 5007595.360000000335276 ], [ 455325.979999999981374, 5007959.309999999590218 ], [ 455340.270000000018626, 5008322.559999999590218 ], [ 455370.25, 5008682.009999999776483 ], [ 455413.729999999981374, 5009040.509999999776483 ], [ 455467.32, 5009398.360000000335276 ], [ 455527.669999999983702, 5009755.83 ], [ 455591.39000000001397, 5010113.21999999973923 ] ] } },
{ "type": "Feature", "properties": { "Name": null, "Shape_Leng": 25.109632957799999, "VALIDATION_ERRORS": [ ] }, "geometry": { "type": "LineString", "coordinates": [ [ 455308.88, 5008008.410000000149012 ], [ 455676.919999999983702, 5008073.679999999701977 ], [ 456045.18, 5008134.83 ], [ 456414.13, 5008187.75 ], [ 456784.25, 5008228.309999999590218 ], [ 457149.0, 5008253.21999999973923 ], [ 457514.669999999983702, 5008264.769999999552965 ], [ 457881.01, 5008265.519999999552965 ], [ 458247.78000000002794, 5008258.0 ], [ 458614.71999999997206, 5008244.75 ], [ 458981.60999999998603, 5008228.309999999590218 ], [ 459359.0, 5008210.29 ], [ 459735.85999999998603, 5008191.71999999973923 ], [ 460112.35999999998603, 5008172.730000000447035 ], [ 460488.700000000011642, 5008153.46 ], [ 460865.07, 5008134.070000000298023 ] ] } },
{ "type": "Feature", "properties": { "Name": null, "Shape_Leng": 25.109632957799999, "VALIDATION_ERRORS": [ ] }, "geometry": { "type": "LineString", "coordinates": [ [ 458071.28000000002794, 5008793.78000000026077 ], [ 460865.07, 5010050.389999999664724 ] ] } },
{ "type": "Feature", "properties": { "Name": null, "Shape_Leng": 25.109632957799999, "VALIDATION_ERRORS": [ ] }, "geometry": { "type": "LineString", "coordinates": [ [ 455183.31, 5001065.660000000149012 ], [ 454838.01, 5004709.820000000298023 ] ] } },
{ "type": "Feature", "properties": { "Name": null, "Shape_Leng": 25.109632957799999, "VALIDATION_ERRORS": [ ] }, "geometry": { "type": "LineString", "coordinates": [ [ 458008.49, 5002322.269999999552965 ], [ 458170.049999999988358, 5002669.559999999590218 ], [ 458332.85999999998603, 5003016.070000000298023 ], [ 458498.289999999979045, 5003361.240000000223517 ], [ 458667.700000000011642, 5003704.53000000026077 ], [ 458852.35999999998603, 5004065.240000000223517 ], [ 459041.85999999998603, 5004423.339999999850988 ], [ 459235.229999999981374, 5004779.379999999888241 ], [ 459431.539999999979045, 5005133.929999999701977 ], [ 459629.830000000016298, 5005487.53000000026077 ], [ 459829.169999999983702, 5005840.759999999776483 ] ] } },
{ "type": "Feature", "properties": { "Name": null, "Shape_Leng": 25.109632957799999, "VALIDATION_ERRORS": [ ] }, "geometry": { "type": "LineString", "coordinates": [ [ 446739.159999999974389, 5001159.910000000149012 ], [ 446791.789999999979045, 5001463.570000000298023 ], [ 446859.849999999976717, 5001759.33 ], [ 446958.900000000023283, 5002039.53000000026077 ], [ 447198.450000000011642, 5002438.410000000149012 ], [ 447514.63, 5002798.360000000335276 ], [ 447869.229999999981374, 5003139.059999999590218 ] ] } },
{ "type": "Feature", "properties": { "Name": null, "Shape_Leng": 25.109632957799999, "VALIDATION_ERRORS": [ ] }, "geometry": { "type": "LineString", "coordinates": [ [ 445483.520000000018626, 5001411.230000000447035 ], [ 445569.270000000018626, 5001731.269999999552965 ], [ 445664.60999999998603, 5002045.740000000223517 ], [ 445779.28000000002794, 5002349.25 ], [ 445923.0, 5002636.42 ], [ 446134.5, 5002946.21 ], [ 446380.960000000020955, 5003236.03000000026077 ], [ 446644.99, 5003516.04 ] ] } },
{ "type": "Feature", "properties": { "Name": null, "Shape_Leng": 25.109632957799999, "VALIDATION_ERRORS": [ ] }, "geometry": { "type": "LineString", "coordinates": [ [ 458510.75, 5016176.339999999850988 ], [ 460519.770000000018626, 5015233.889999999664724 ] ] } },
{ "type": "Feature", "properties": { "Name": null, "Shape_Leng": 25.109632957799999, "VALIDATION_ERRORS": [ ] }, "geometry": { "type": "LineString", "coordinates": [ [ 441998.81, 5019549.200000000186265 ], [ 441278.10999999998603, 5018020.110000000335276 ], [ 440903.340000000025611, 5017068.04 ] ] } },
{ "type": "Feature", "properties": { "Name": null, "Shape_Leng": 25.109632957799999, "VALIDATION_ERRORS": [ ] }, "geometry": { "type": "LineString", "coordinates": [ [ 438694.88, 4995016.879999999888241 ], [ 439123.099999999976717, 4994865.429999999701977 ], [ 439548.14000000001397, 4994707.17 ], [ 439967.24, 4994535.070000000298023 ], [ 440327.26, 4994368.96999999973923 ], [ 440681.37, 4994190.08 ], [ 441030.840000000025611, 4994001.309999999590218 ], [ 441376.96999999997206, 4993805.599999999627471 ], [ 441721.03000000002794, 4993605.879999999888241 ], [ 442128.590000000025611, 4993366.610000000335276 ], [ 442534.88, 4993126.29 ], [ 442940.28000000002794, 4992885.150000000372529 ], [ 443345.169999999983702, 4992643.429999999701977 ], [ 443749.93, 4992401.360000000335276 ] ] } },
{ "type": "Feature", "properties": { "Name": null, "Shape_Leng": 25.109632957799999, "VALIDATION_ERRORS": [ ] }, "geometry": { "type": "LineString", "coordinates": [ [ 437663.229999999981374, 4991300.089999999850988 ], [ 440414.28000000002794, 4993468.21999999973923 ] ] } },
{ "type": "Feature", "properties": { "Name": null, "Shape_Leng": 25.109632957799999, "VALIDATION_ERRORS": [ ] }, "geometry": { "type": "LineString", "coordinates": [ [ 437456.900000000023283, 4989820.259999999776483 ], [ 437868.900000000023283, 4989844.230000000447035 ], [ 438280.89000000001397, 4989867.04 ], [ 438693.080000000016298, 4989887.549999999813735 ], [ 439105.669999999983702, 4989904.570000000298023 ], [ 439518.85999999998603, 4989916.940000000409782 ], [ 439932.849999999976717, 4989923.509999999776483 ], [ 440306.210000000020955, 4989923.25 ], [ 440679.289999999979045, 4989915.089999999850988 ], [ 441051.39000000001397, 4989896.730000000447035 ], [ 441421.799999999988358, 4989865.879999999888241 ], [ 441789.81, 4989820.259999999776483 ], [ 442234.94, 4989742.450000000186265 ], [ 442675.62, 4989642.429999999701977 ], [ 443112.49, 4989523.370000000111759 ], [ 443546.229999999981374, 4989388.429999999701977 ], [ 443977.49, 4989240.79 ], [ 444406.93, 4989083.629999999888241 ], [ 444835.21999999997206, 4988920.110000000335276 ], [ 445263.01, 4988753.410000000149012 ] ] } },
{ "type": "Feature", "properties": { "Name": null, "Shape_Leng": 25.109632957799999, "VALIDATION_ERRORS": [ ] }, "geometry": { "type": "LineString", "coordinates": [ [ 440861.330000000016298, 4985311.940000000409782 ], [ 441183.56, 4985652.610000000335276 ], [ 441504.039999999979045, 4985994.58 ], [ 441821.26, 4986339.360000000335276 ], [ 442133.69, 4986688.519999999552965 ], [ 442466.53000000002794, 4987074.179999999701977 ], [ 442792.830000000016298, 4987465.29 ], [ 443113.93, 4987860.79 ], [ 443431.169999999983702, 4988259.629999999888241 ], [ 443745.89000000001397, 4988660.759999999776483 ], [ 444059.43, 4989063.139999999664724 ] ] } },
{ "type": "Feature", "properties": { "Name": null, "Shape_Leng": 25.109632957799999, "VALIDATION_ERRORS": [ ] }, "geometry": { "type": "LineString", "coordinates": [ [ 447326.299999999988358, 4994948.049999999813735 ], [ 447722.62, 4994670.099999999627471 ], [ 448119.03000000002794, 4994391.92 ], [ 448515.789999999979045, 4994113.179999999701977 ], [ 448913.169999999983702, 4993833.58 ], [ 449311.44, 4993552.79 ], [ 449710.88, 4993270.509999999776483 ], [ 450111.74, 4992986.410000000149012 ], [ 450499.549999999988358, 4992712.900000000372529 ], [ 450892.44, 4992448.370000000111759 ], [ 451294.299999999988358, 4992203.58 ], [ 451709.06, 4991989.299999999813735 ], [ 452140.64000000001397, 4991816.309999999590218 ], [ 452515.85999999998603, 4991706.870000000111759 ], [ 452897.94, 4991614.570000000298023 ], [ 453279.64000000001397, 4991519.900000000372529 ], [ 453653.71999999997206, 4991403.339999999850988 ], [ 454021.830000000016298, 4991247.83 ], [ 454379.349999999976717, 4991065.019999999552965 ], [ 454731.64000000001397, 4990870.5 ], [ 455084.039999999979045, 4990679.820000000298023 ], [ 455441.900000000023283, 4990508.559999999590218 ], [ 455816.450000000011642, 4990366.83 ], [ 456200.82, 4990257.929999999701977 ], [ 456593.93, 4990178.190000000409782 ], [ 456994.69, 4990123.96999999973923 ], [ 457402.03000000002794, 4990091.620000000111759 ], [ 457814.88, 4990077.46999999973923 ], [ 458232.150000000023283, 4990077.889999999664724 ], [ 458652.76, 4990089.21999999973923 ], [ 459075.63, 4990107.799999999813735 ], [ 459499.700000000011642, 4990129.990000000223517 ] ] } },
{ "type": "Feature", "properties": { "Name": null, "Shape_Leng": 25.109632957799999, "VALIDATION_ERRORS": [ ] }, "geometry": { "type": "LineString", "coordinates": [ [ 446535.37, 4992057.21999999973923 ], [ 446892.979999999981374, 4992035.139999999664724 ], [ 447248.44, 4992004.700000000186265 ], [ 447599.840000000025611, 4991957.509999999776483 ], [ 447945.289999999979045, 4991885.139999999664724 ], [ 448364.049999999988358, 4991754.0 ], [ 448775.24, 4991592.740000000223517 ], [ 449184.12, 4991422.809999999590218 ], [ 449595.919999999983702, 4991265.679999999701977 ], [ 449985.830000000016298, 4991146.320000000298023 ], [ 450381.789999999979045, 4991053.79 ], [ 450783.14000000001397, 4990985.110000000335276 ], [ 451189.21999999997206, 4990937.309999999590218 ], [ 451599.37, 4990907.379999999888241 ], [ 452012.93, 4990892.349999999627471 ], [ 452429.24, 4990889.240000000223517 ], [ 452847.650000000023283, 4990895.049999999813735 ], [ 453267.49, 4990906.809999999590218 ], [ 453688.099999999976717, 4990921.53000000026077 ] ] } },
{ "type": "Feature", "properties": { "Name": null, "Shape_Leng": 25.109632957799999, "VALIDATION_ERRORS": [ ] }, "geometry": { "type": "LineString", "coordinates": [ [ 455304.349999999976717, 4990990.360000000335276 ], [ 455722.69, 4990924.370000000111759 ], [ 456141.099999999976717, 4990859.929999999701977 ], [ 456559.76, 4990798.53000000026077 ], [ 456978.849999999976717, 4990741.660000000149012 ], [ 457398.549999999988358, 4990690.820000000298023 ], [ 457819.039999999979045, 4990647.480000000447035 ], [ 458240.5, 4990613.129999999888241 ], [ 458663.099999999976717, 4990589.269999999552965 ], [ 459087.039999999979045, 4990577.379999999888241 ], [ 459454.450000000011642, 4990575.879999999888241 ], [ 459821.57, 4990572.980000000447035 ], [ 460187.24, 4990557.059999999590218 ], [ 460550.31, 4990516.519999999552965 ], [ 460909.60999999998603, 4990439.730000000447035 ], [ 461328.13, 4990288.009999999776483 ], [ 461714.549999999988358, 4990069.629999999888241 ], [ 462044.419999999983702, 4989785.849999999627471 ], [ 462301.71999999997206, 4989442.929999999701977 ], [ 462509.599999999976717, 4989060.400000000372529 ], [ 462699.82, 4988662.019999999552965 ], [ 462904.12, 4988271.599999999627471 ], [ 463239.69, 4987790.519999999552965 ], [ 463636.330000000016298, 4987357.79 ], [ 464073.32, 4986963.839999999850988 ], [ 464469.53000000002794, 4986647.599999999627471 ], [ 464877.950000000011642, 4986349.769999999552965 ], [ 465296.710000000020955, 4986066.46 ], [ 465723.950000000011642, 4985793.740000000223517 ], [ 466114.789999999979045, 4985553.389999999664724 ], [ 466507.200000000011642, 4985314.71999999973923 ], [ 466897.71999999997206, 4985073.660000000149012 ], [ 467282.909999999974389, 4984826.150000000372529 ], [ 467659.289999999979045, 4984568.099999999627471 ], [ 468023.419999999983702, 4984295.46999999973923 ], [ 468371.840000000025611, 4984004.179999999701977 ], [ 468803.080000000016298, 4983589.929999999701977 ], [ 469211.93, 4983149.75 ], [ 469609.81, 4982696.42 ] ] } },
{ "type": "Feature", "properties": { "Name": null, "Shape_Leng": 25.109632957799999, "VALIDATION_ERRORS": [ ] }, "geometry": { "type": "LineString", "coordinates": [ [ 463007.289999999979045, 4994500.660000000149012 ], [ 462976.62, 4994063.559999999590218 ], [ 462934.210000000020955, 4993629.33 ], [ 462868.159999999974389, 4993200.58 ], [ 462766.57, 4992779.92 ], [ 462614.26, 4992355.599999999627471 ], [ 462416.64000000001397, 4991947.519999999552965 ], [ 462179.06, 4991559.879999999888241 ], [ 461906.87, 4991196.849999999627471 ], [ 461539.349999999976717, 4990790.339999999850988 ], [ 461150.330000000016298, 4990405.309999999590218 ] ] } },
{ "type": "Feature", "properties": { "Name": null, "Shape_Leng": 25.109632957799999, "VALIDATION_ERRORS": [ ] }, "geometry": { "type": "LineString", "coordinates": [ [ 465298.0, 4989678.54 ], [ 464280.46999999997206, 4988214.71 ] ] } },
{ "type": "Feature", "properties": { "Name": null, "Shape_Leng": 25.109632957799999, "VALIDATION_ERRORS": [ ] }, "geometry": { "type": "LineString", "coordinates": [ [ 466739.51, 4988639.009999999776483 ], [ 466566.39000000001397, 4988401.410000000149012 ], [ 466392.090000000025611, 4988164.929999999701977 ], [ 466215.31, 4987930.58 ], [ 466034.770000000018626, 4987699.33 ], [ 465849.169999999983702, 4987472.179999999701977 ], [ 465618.53000000002794, 4987205.650000000372529 ], [ 465381.210000000020955, 4986944.870000000111759 ], [ 465139.39000000001397, 4986687.860000000335276 ], [ 464895.229999999981374, 4986432.650000000372529 ] ] } },
{ "type": "Feature", "properties": { "Name": null, "Shape_Leng": 25.109632957799999, "VALIDATION_ERRORS": [ ] }, "geometry": { "type": "LineString", "coordinates": [ [ 465509.99, 4990378.639999999664724 ], [ 469686.12, 4988893.589999999850988 ] ] } },
{ "type": "Feature", "properties": { "Name": null, "Shape_Leng": 25.109632957799999, "VALIDATION_ERRORS": [ ] }, "geometry": { "type": "LineString", "coordinates": [ [ 464556.049999999988358, 4995258.089999999850988 ], [ 463623.31, 4993263.879999999888241 ] ] } },
{ "type": "Feature", "properties": { "Name": null, "Shape_Leng": 25.109632957799999, "VALIDATION_ERRORS": [ ] }, "geometry": { "type": "LineString", "coordinates": [ [ 466251.94, 4994409.490000000223517 ], [ 466153.63, 4994166.04 ], [ 466065.460000000020955, 4993919.610000000335276 ], [ 465997.56, 4993666.96 ], [ 465958.64000000001397, 4993402.519999999552965 ], [ 465955.159999999974389, 4993136.589999999850988 ], [ 465990.37, 4992869.46 ], [ 466058.64000000001397, 4992607.92 ], [ 466151.700000000011642, 4992350.54 ], [ 466261.289999999979045, 4992095.870000000111759 ], [ 466379.13, 4991842.46999999973923 ] ] } },
{ "type": "Feature", "properties": { "Name": null, "Shape_Leng": 25.109632957799999, "VALIDATION_ERRORS": [ ] }, "geometry": { "type": "LineString", "coordinates": [ [ 466909.099999999976717, 4994218.549999999813735 ], [ 465955.159999999974389, 4992945.650000000372529 ] ] } },
{ "type": "Feature", "properties": { "Name": null, "Shape_Leng": 25.109632957799999, "VALIDATION_ERRORS": [ ] }, "geometry": { "type": "LineString", "coordinates": [ [ 454656.289999999979045, 4997400.799999999813735 ], [ 454915.49, 4997375.110000000335276 ], [ 455174.210000000020955, 4997351.21999999973923 ], [ 455432.07, 4997330.96 ], [ 455688.64000000001397, 4997316.129999999888241 ], [ 455943.549999999988358, 4997308.559999999590218 ], [ 456196.38, 4997310.070000000298023 ], [ 456446.729999999981374, 4997322.46999999973923 ], [ 456694.210000000020955, 4997347.589999999850988 ], [ 456938.409999999974389, 4997387.240000000223517 ], [ 457178.93, 4997443.230000000447035 ], [ 457430.39000000001397, 4997521.67 ], [ 457678.18, 4997616.42 ], [ 457923.419999999983702, 4997723.259999999776483 ], [ 458167.21999999997206, 4997838.0 ], [ 458410.700000000011642, 4997956.429999999701977 ], [ 458654.979999999981374, 4998074.349999999627471 ], [ 458901.169999999983702, 4998187.549999999813735 ], [ 459150.400000000023283, 4998291.83 ], [ 459408.82, 4998385.71 ], [ 459670.82, 4998467.21999999973923 ], [ 459935.87, 4998537.75 ], [ 460203.44, 4998598.650000000372529 ], [ 460472.979999999981374, 4998651.309999999590218 ], [ 460743.979999999981374, 4998697.08 ], [ 461015.88, 4998737.349999999627471 ], [ 461281.53000000002794, 4998772.440000000409782 ], [ 461547.39000000001397, 4998803.759999999776483 ], [ 461813.44, 4998831.509999999776483 ], [ 462079.68, 4998855.889999999664724 ], [ 462346.099999999976717, 4998877.089999999850988 ], [ 462612.700000000011642, 4998895.320000000298023 ], [ 462879.450000000011642, 4998910.769999999552965 ], [ 463146.35999999998603, 4998923.650000000372529 ], [ 463413.409999999974389, 4998934.139999999664724 ], [ 463680.590000000025611, 4998942.46 ], [ 463947.900000000023283, 4998948.799999999813735 ], [ 464215.330000000016298, 4998953.349999999627471 ], [ 464482.87, 4998956.320000000298023 ], [ 464750.51, 4998957.910000000149012 ], [ 465018.24, 4998958.309999999590218 ], [ 465286.049999999988358, 4998957.71999999973923 ], [ 465553.93, 4998956.349999999627471 ], [ 465821.88, 4998954.389999999664724 ], [ 466089.88, 4998952.04 ], [ 466357.93, 4998949.5 ] ] } },
{ "type": "Feature", "properties": { "Name": null, "Shape_Leng": 25.109632957799999, "VALIDATION_ERRORS": [ ] }, "geometry": { "type": "LineString", "coordinates": [ [ 463496.12, 4998588.839999999850988 ], [ 463753.82, 4998543.379999999888241 ], [ 464011.57, 4998499.009999999776483 ], [ 464269.49, 4998456.870000000111759 ], [ 464527.71999999997206, 4998418.059999999590218 ], [ 464786.38, 4998383.690000000409782 ], [ 465045.60999999998603, 4998354.889999999664724 ], [ 465305.53000000002794, 4998332.78000000026077 ], [ 465566.270000000018626, 4998318.46 ], [ 465827.96999999997206, 4998313.049999999813735 ], [ 466052.770000000018626, 4998316.660000000149012 ], [ 466276.909999999974389, 4998330.240000000223517 ], [ 466499.169999999983702, 4998356.440000000409782 ], [ 466718.31, 4998397.910000000149012 ], [ 466934.32, 4998456.379999999888241 ], [ 467146.830000000016298, 4998528.370000000111759 ], [ 467357.07, 4998609.379999999888241 ], [ 467566.26, 4998694.92 ] ] } },
{ "type": "Feature", "properties": { "Name": null, "Shape_Leng": 25.109632957799999, "VALIDATION_ERRORS": [ ] }, "geometry": { "type": "LineString", "coordinates": [ [ 466251.94, 4998737.349999999627471 ], [ 467078.69, 4998482.769999999552965 ] ] } },
{ "type": "Feature", "properties": { "Name": null, "Shape_Leng": 25.109632957799999, "VALIDATION_ERRORS": [ ] }, "geometry": { "type": "LineString", "coordinates": [ [ 467863.039999999979045, 4997761.46 ], [ 467702.32, 4998024.599999999627471 ], [ 467502.659999999974389, 4998228.190000000409782 ], [ 467325.5, 4998309.370000000111759 ], [ 467123.539999999979045, 4998352.509999999776483 ], [ 466909.099999999976717, 4998376.690000000409782 ] ] } },
{ "type": "Feature", "properties": { "Name": null, "Shape_Leng": 25.109632957799999, "VALIDATION_ERRORS": [ ] }, "geometry": { "type": "LineString", "coordinates": [ [ 468838.169999999983702, 4999713.240000000223517 ], [ 469770.909999999974389, 4999989.03000000026077 ] ] } },
{ "type": "Feature", "properties": { "Name": null, "Shape_Leng": 25.109632957799999, "VALIDATION_ERRORS": [ ] }, "geometry": { "type": "LineString", "coordinates": [ [ 461715.43, 5000031.46 ], [ 461974.650000000023283, 5000194.190000000409782 ], [ 462233.78000000002794, 5000356.96 ], [ 462492.76, 5000519.860000000335276 ], [ 462751.57, 5000682.96999999973923 ], [ 463010.14000000001397, 5000846.360000000335276 ], [ 463268.450000000011642, 5001010.120000000111759 ], [ 463526.43, 5001174.320000000298023 ], [ 463784.06, 5001339.049999999813735 ], [ 464041.28000000002794, 5001504.389999999664724 ], [ 464298.049999999988358, 5001670.410000000149012 ], [ 464554.32, 5001837.200000000186265 ], [ 464810.06, 5002004.839999999850988 ], [ 465065.210000000020955, 5002173.400000000372529 ], [ 465319.729999999981374, 5002342.96999999973923 ], [ 465573.580000000016298, 5002513.620000000111759 ], [ 465834.68, 5002690.83 ], [ 466094.960000000020955, 5002869.150000000372529 ], [ 466354.49, 5003048.490000000223517 ], [ 466613.340000000025611, 5003228.79 ], [ 466871.539999999979045, 5003409.980000000447035 ], [ 467129.169999999983702, 5003591.990000000223517 ], [ 467386.270000000018626, 5003774.740000000223517 ], [ 467642.909999999974389, 5003958.17 ], [ 467899.14000000001397, 5004142.200000000186265 ], [ 468155.020000000018626, 5004326.759999999776483 ], [ 468410.60999999998603, 5004511.78000000026077 ], [ 468665.960000000020955, 5004697.190000000409782 ], [ 468921.12, 5004882.92 ], [ 469176.169999999983702, 5005068.889999999664724 ], [ 469431.150000000023283, 5005255.04 ], [ 469686.12, 5005441.29 ] ] } },
{ "type": "Feature", "properties": { "Name": null, "Shape_Leng": 25.109632957799999, "VALIDATION_ERRORS": [ ] }, "geometry": { "type": "LineString", "coordinates": [ [ 453691.75, 4997750.849999999627471 ], [ 456648.960000000020955, 4999310.150000000372529 ] ] } },
{ "type": "Feature", "properties": { "Name": null, "Shape_Leng": 25.109632957799999, "VALIDATION_ERRORS": [ ] }, "geometry": { "type": "LineString", "coordinates": [ [ 462181.799999999988358, 5003224.320000000298023 ], [ 462540.650000000023283, 5003633.839999999850988 ], [ 462901.080000000016298, 5004041.519999999552965 ], [ 463264.88, 5004445.67 ], [ 463633.830000000016298, 5004844.58 ], [ 464009.68, 5005236.559999999590218 ], [ 464394.229999999981374, 5005619.889999999664724 ], [ 464789.229999999981374, 5005992.879999999888241 ], [ 465139.729999999981374, 5006305.400000000372529 ], [ 465498.71999999997206, 5006608.549999999813735 ], [ 465865.81, 5006902.160000000149012 ], [ 466240.650000000023283, 5007186.03000000026077 ], [ 466622.85999999998603, 5007459.980000000447035 ], [ 467012.07, 5007723.820000000298023 ], [ 467407.919999999983702, 5007977.379999999888241 ], [ 467810.039999999979045, 5008220.46 ], [ 468198.150000000023283, 5008442.25 ], [ 468590.32, 5008656.150000000372529 ], [ 468985.57, 5008864.17 ], [ 469382.960000000020955, 5009068.320000000298023 ], [ 469781.51, 5009270.599999999627471 ] ] } },
{ "type": "Feature", "properties": { "Name": null, "Shape_Leng": 25.109632957799999, "VALIDATION_ERRORS": [ ] }, "geometry": { "type": "LineString", "coordinates": [ [ 469686.12, 5008093.17 ], [ 467492.06, 5007997.700000000186265 ] ] } },
{ "type": "Feature", "properties": { "Name": null, "Shape_Leng": 25.109632957799999, "VALIDATION_ERRORS": [ ] }, "geometry": { "type": "LineString", "coordinates": [ [ 462054.60999999998603, 5012802.900000000372529 ], [ 462295.210000000020955, 5012400.5 ], [ 462546.06, 5012005.610000000335276 ], [ 462817.76, 5011625.46 ], [ 463167.419999999983702, 5011212.71 ], [ 463552.69, 5010830.650000000372529 ], [ 463967.96999999997206, 5010480.04 ], [ 464407.659999999974389, 5010161.629999999888241 ], [ 464700.21999999997206, 5009973.660000000149012 ], [ 464997.789999999979045, 5009794.900000000372529 ], [ 465298.0, 5009620.650000000372529 ] ] } },
{ "type": "Feature", "properties": { "Name": null, "Shape_Leng": 25.109632957799999, "VALIDATION_ERRORS": [ ] }, "geometry": { "type": "LineString", "coordinates": [ [ 464556.049999999988358, 5010331.349999999627471 ], [ 464820.150000000023283, 5010519.03000000026077 ], [ 465084.849999999976717, 5010705.559999999590218 ], [ 465350.89000000001397, 5010889.849999999627471 ], [ 465618.96999999997206, 5011070.83 ], [ 465889.830000000016298, 5011247.400000000372529 ], [ 466164.169999999983702, 5011418.5 ], [ 466442.729999999981374, 5011583.03000000026077 ], [ 466686.400000000023283, 5011719.129999999888241 ], [ 466932.409999999974389, 5011851.28000000026077 ], [ 467179.60999999998603, 5011981.339999999850988 ], [ 467426.849999999976717, 5012111.160000000149012 ], [ 467672.960000000020955, 5012242.589999999850988 ], [ 467916.789999999979045, 5012377.46999999973923 ], [ 468157.19, 5012517.660000000149012 ], [ 468393.0, 5012665.0 ], [ 468632.340000000025611, 5012827.059999999590218 ], [ 468866.349999999976717, 5012997.129999999888241 ], [ 469096.12, 5013173.620000000111759 ], [ 469322.75, 5013354.940000000409782 ], [ 469547.32, 5013539.509999999776483 ], [ 469770.909999999974389, 5013725.75 ] ] } },
{ "type": "Feature", "properties": { "Name": null, "Shape_Leng": 25.109632957799999, "VALIDATION_ERRORS": [ ] }, "geometry": { "type": "LineString", "coordinates": [ [ 469707.32, 5012834.71999999973923 ], [ 468859.37, 5012919.58 ] ] } },
{ "type": "Feature", "properties": { "Name": null, "Shape_Leng": 25.109632957799999, "VALIDATION_ERRORS": [ ] }, "geometry": { "type": "LineString", "coordinates": [ [ 462245.400000000023283, 5013407.519999999552965 ], [ 462493.89000000001397, 5013526.120000000111759 ], [ 462742.049999999988358, 5013645.200000000186265 ], [ 462989.62, 5013765.320000000298023 ], [ 463236.32, 5013887.0 ], [ 463481.88, 5014010.799999999813735 ], [ 463726.039999999979045, 5014137.25 ], [ 463968.520000000018626, 5014266.900000000372529 ], [ 464209.06, 5014400.28000000026077 ], [ 464447.39000000001397, 5014537.940000000409782 ], [ 464683.24, 5014680.42 ], [ 464944.31, 5014846.400000000372529 ], [ 465201.289999999979045, 5015019.04 ], [ 465453.700000000011642, 5015198.429999999701977 ], [ 465701.07, 5015384.629999999888241 ], [ 465942.919999999983702, 5015577.700000000186265 ], [ 466178.770000000018626, 5015777.71 ], [ 466408.13, 5015984.730000000447035 ], [ 466630.539999999979045, 5016198.820000000298023 ], [ 466845.5, 5016420.049999999813735 ], [ 467063.979999999981374, 5016660.900000000372529 ], [ 467275.26, 5016908.03000000026077 ], [ 467481.169999999983702, 5017159.910000000149012 ], [ 467683.549999999988358, 5017414.990000000223517 ], [ 467884.24, 5017671.740000000223517 ] ] } },
{ "type": "Feature", "properties": { "Name": null, "Shape_Leng": 25.109632957799999, "VALIDATION_ERRORS": [ ] }, "geometry": { "type": "LineString", "coordinates": [ [ 462732.96999999997206, 5019475.009999999776483 ], [ 469876.909999999974389, 5016929.21 ] ] } },
{ "type": "Feature", "properties": { "Name": null, "Shape_Leng": 25.109632957799999, "VALIDATION_ERRORS": [ ] }, "geometry": { "type": "LineString", "coordinates": [ [ 462457.39000000001397, 5016080.610000000335276 ], [ 462698.18, 5016236.599999999627471 ], [ 462938.69, 5016392.849999999627471 ], [ 463178.74, 5016549.67 ], [ 463418.13, 5016707.379999999888241 ], [ 463656.659999999974389, 5016866.299999999813735 ], [ 463894.159999999974389, 5017026.75 ], [ 464130.419999999983702, 5017189.049999999813735 ], [ 464365.26, 5017353.509999999776483 ], [ 464597.56, 5017519.610000000335276 ], [ 464828.37, 5017687.650000000372529 ], [ 465058.01, 5017857.269999999552965 ], [ 465286.82, 5018028.089999999850988 ], [ 465515.099999999976717, 5018199.730000000447035 ], [ 465743.169999999983702, 5018371.83 ] ] } },
{ "type": "Feature", "properties": { "Name": null, "Shape_Leng": 25.109632957799999, "VALIDATION_ERRORS": [ ] }, "geometry": { "type": "LineString", "coordinates": [ [ 469749.71999999997206, 5019793.240000000223517 ], [ 467502.659999999974389, 5017820.240000000223517 ] ] } },
{ "type": "Feature", "properties": { "Name": null, "Shape_Leng": 25.109632957799999, "VALIDATION_ERRORS": [ ] }, "geometry": { "type": "LineString", "coordinates": [ [ 469664.919999999983702, 5009716.110000000335276 ], [ 468562.590000000025611, 5009716.110000000335276 ] ] } },
{ "type": "Feature", "properties": { "Name": null, "Shape_Leng": 25.109632957799999, "VALIDATION_ERRORS": [ ] }, "geometry": { "type": "LineString", "coordinates": [ [ 462097.01, 5007170.309999999590218 ], [ 462329.830000000016298, 5007368.46 ], [ 462563.770000000018626, 5007564.160000000149012 ], [ 462800.03000000002794, 5007755.009999999776483 ], [ 463039.85999999998603, 5007938.620000000111759 ], [ 463284.460000000020955, 5008112.58 ], [ 463535.07, 5008274.509999999776483 ], [ 463792.900000000023283, 5008422.0 ], [ 464031.659999999974389, 5008540.860000000335276 ], [ 464276.419999999983702, 5008647.519999999552965 ], [ 464526.460000000020955, 5008743.46 ], [ 464781.090000000025611, 5008830.17 ], [ 465039.599999999976717, 5008909.129999999888241 ], [ 465301.299999999988358, 5008981.839999999850988 ], [ 465565.479999999981374, 5009049.769999999552965 ], [ 465831.450000000011642, 5009114.410000000149012 ], [ 466098.5, 5009177.259999999776483 ], [ 466365.93, 5009239.78000000026077 ], [ 466633.03000000002794, 5009303.480000000447035 ], [ 466899.12, 5009369.83 ], [ 467163.479999999981374, 5009440.320000000298023 ], [ 467429.46999999997206, 5009517.259999999776483 ], [ 467693.099999999976717, 5009599.360000000335276 ], [ 467954.650000000023283, 5009686.059999999590218 ], [ 468214.38, 5009776.79 ], [ 468472.56, 5009870.96999999973923 ], [ 468729.46999999997206, 5009968.04 ], [ 468985.37, 5010067.429999999701977 ], [ 469240.53000000002794, 5010168.559999999590218 ], [ 469495.21999999997206, 5010270.870000000111759 ], [ 469749.71999999997206, 5010373.78000000026077 ] ] } },
{ "type": "Feature", "properties": { "Name": null, "Shape_Leng": 25.109632957799999, "VALIDATION_ERRORS": [ ] }, "geometry": { "type": "LineString", "coordinates": [ [ 465006.19, 5021808.21 ], [ 465153.020000000018626, 5022102.25 ], [ 465301.979999999981374, 5022395.110000000335276 ], [ 465455.299999999988358, 5022685.71999999973923 ], [ 465615.210000000020955, 5022972.980000000447035 ], [ 465783.960000000020955, 5023255.839999999850988 ], [ 465963.78000000002794, 5023533.21 ], [ 466176.159999999974389, 5023830.009999999776483 ], [ 466404.26, 5024115.759999999776483 ], [ 466647.99, 5024387.559999999590218 ], [ 466907.25, 5024642.549999999813735 ], [ 467181.950000000011642, 5024877.820000000298023 ], [ 467471.99, 5025090.5 ], [ 467737.150000000023283, 5025255.96 ], [ 468012.31, 5025404.320000000298023 ], [ 468296.080000000016298, 5025538.03000000026077 ], [ 468587.020000000018626, 5025659.549999999813735 ], [ 468883.71999999997206, 5025771.33 ], [ 469184.75, 5025875.83 ], [ 469488.710000000020955, 5025975.5 ], [ 469794.159999999974389, 5026072.79 ] ] } },
{ "type": "Feature", "properties": { "Name": null, "Shape_Leng": 25.109632957799999, "VALIDATION_ERRORS": [ ] }, "geometry": { "type": "LineString", "coordinates": [ [ 466849.56, 5022311.33 ], [ 467007.520000000018626, 5022625.900000000372529 ], [ 467167.909999999974389, 5022938.29 ], [ 467333.25, 5023246.46 ], [ 467506.049999999988358, 5023548.339999999850988 ], [ 467688.830000000016298, 5023841.879999999888241 ], [ 467884.12, 5024125.019999999552965 ], [ 468094.43, 5024395.71 ], [ 468337.840000000025611, 5024669.889999999664724 ], [ 468598.31, 5024929.639999999664724 ], [ 468873.0, 5025177.379999999888241 ], [ 469159.090000000025611, 5025415.53000000026077 ], [ 469453.75, 5025646.53000000026077 ], [ 469754.159999999974389, 5025872.79 ], [ 470057.5, 5026096.75 ] ] } },
{ "type": "Feature", "properties": { "Name": null, "Shape_Leng": 25.109632957799999, "VALIDATION_ERRORS": [ ] }, "geometry": { "type": "LineString", "coordinates": [ [ 468597.169999999983702, 5023221.75 ], [ 469937.799999999988358, 5025186.33 ] ] } },
{ "type": "Feature", "properties": { "Name": null, "Shape_Leng": 25.109632957799999, "VALIDATION_ERRORS": [ ] }, "geometry": { "type": "LineString", "coordinates": [ [ 459640.82, 5017778.509999999776483 ], [ 459859.299999999988358, 5018101.839999999850988 ], [ 460076.479999999981374, 5018425.910000000149012 ], [ 460291.14000000001397, 5018751.679999999701977 ], [ 460502.080000000016298, 5019080.089999999850988 ], [ 460708.10999999998603, 5019412.099999999627471 ], [ 460920.710000000020955, 5019771.67 ], [ 461121.150000000023283, 5020137.589999999850988 ], [ 461304.539999999979045, 5020511.629999999888241 ], [ 461451.44, 5020854.400000000372529 ], [ 461584.080000000016298, 5021203.150000000372529 ], [ 461706.049999999988358, 5021556.450000000186265 ], [ 461820.950000000011642, 5021912.839999999850988 ], [ 461932.35999999998603, 5022270.879999999888241 ], [ 462037.650000000023283, 5022335.29 ], [ 462130.06, 5022640.79 ], [ 462227.090000000025611, 5022943.129999999888241 ], [ 462333.46999999997206, 5023239.299999999813735 ], [ 462453.900000000023283, 5023526.240000000223517 ], [ 462593.12, 5023800.92 ], [ 462755.849999999976717, 5024060.29 ], [ 462992.909999999974389, 5024355.679999999701977 ], [ 463265.020000000018626, 5024625.42 ], [ 463564.64000000001397, 5024872.049999999813735 ], [ 463884.200000000011642, 5025098.110000000335276 ], [ 464216.18, 5025306.120000000111759 ], [ 464503.99, 5025471.08 ], [ 464794.69, 5025626.21 ], [ 465087.789999999979045, 5025773.17 ], [ 465382.830000000016298, 5025913.610000000335276 ], [ 465679.35999999998603, 5026049.190000000409782 ], [ 465976.900000000023283, 5026181.559999999590218 ], [ 466275.0, 5026312.370000000111759 ] ] } },
{ "type": "Feature", "properties": { "Name": null, "Shape_Leng": 25.109632957799999, "VALIDATION_ERRORS": [ ] }, "geometry": { "type": "LineString", "coordinates": [ [ 417566.549999999988358, 4985525.639999999664724 ], [ 417827.28000000002794, 4985586.799999999813735 ], [ 418086.580000000016298, 4985651.490000000223517 ], [ 418343.18, 4985723.29 ], [ 418595.789999999979045, 4985805.799999999813735 ], [ 418843.10999999998603, 4985902.620000000111759 ], [ 419070.28000000002794, 4986008.110000000335276 ], [ 419294.14000000001397, 4986121.67 ], [ 419517.450000000011642, 4986235.650000000372529 ], [ 419742.99, 4986342.429999999701977 ], [ 419977.63, 4986438.549999999813735 ], [ 420215.710000000020955, 4986525.860000000335276 ], [ 420455.76, 4986611.190000000409782 ], [ 420696.299999999988358, 4986701.360000000335276 ], [ 420935.840000000025611, 4986803.190000000409782 ], [ 421231.5, 4986958.389999999664724 ], [ 421497.89000000001397, 4987151.139999999664724 ], [ 421710.150000000023283, 4987389.599999999627471 ], [ 421833.21999999997206, 4987625.200000000186265 ], [ 421922.150000000023283, 4987883.259999999776483 ], [ 421997.669999999983702, 4988149.190000000409782 ], [ 422080.539999999979045, 4988408.379999999888241 ], [ 422191.479999999981374, 4988646.21 ], [ 422376.14000000001397, 4988884.379999999888241 ], [ 422608.64000000001397, 4989088.53000000026077 ], [ 422870.19, 4989274.110000000335276 ], [ 423142.0, 4989456.610000000335276 ], [ 423405.26, 4989651.490000000223517 ], [ 423630.93, 4989852.299999999813735 ], [ 423846.710000000020955, 4990057.78000000026077 ], [ 424066.729999999981374, 4990248.610000000335276 ], [ 424305.13, 4990405.46 ], [ 424507.909999999974389, 4990493.0 ], [ 424724.950000000011642, 4990553.309999999590218 ], [ 424951.520000000018626, 4990590.799999999813735 ], [ 425182.87, 4990609.860000000335276 ], [ 425414.28000000002794, 4990614.889999999664724 ], [ 425629.849999999976717, 4990610.610000000335276 ], [ 425842.69, 4990600.96 ], [ 426054.460000000020955, 4990589.259999999776483 ], [ 426266.85999999998603, 4990578.839999999850988 ], [ 426481.57, 4990573.0 ], [ 426674.099999999976717, 4990575.46999999973923 ], [ 426864.21999999997206, 4990593.33 ], [ 427046.599999999976717, 4990635.83 ], [ 427299.25, 4990755.440000000409782 ], [ 427535.12, 4990918.440000000409782 ], [ 427767.400000000023283, 4991091.980000000447035 ], [ 428009.26, 4991243.190000000409782 ], [ 428208.0, 4991327.120000000111759 ], [ 428417.01, 4991385.299999999813735 ], [ 428633.37, 4991424.559999999590218 ], [ 428854.18, 4991451.71 ], [ 429076.549999999988358, 4991473.570000000298023 ], [ 429310.330000000016298, 4991496.700000000186265 ], [ 429542.51, 4991519.200000000186265 ], [ 429773.200000000011642, 4991538.78000000026077 ], [ 430002.549999999988358, 4991553.190000000409782 ], [ 430230.69, 4991560.129999999888241 ], [ 430457.75, 4991557.339999999850988 ], [ 430719.06, 4991540.410000000149012 ], [ 430980.14000000001397, 4991512.379999999888241 ], [ 431242.31, 4991478.29 ], [ 431506.840000000025611, 4991443.150000000372529 ], [ 431775.049999999988358, 4991411.980000000447035 ], [ 432048.21999999997206, 4991389.799999999813735 ], [ 432288.099999999976717, 4991383.259999999776483 ], [ 432521.82, 4991399.940000000409782 ], [ 432738.82, 4991452.629999999888241 ], [ 432999.56, 4991600.559999999590218 ], [ 433218.599999999976717, 4991821.509999999776483 ], [ 433407.74, 4992094.150000000372529 ], [ 433578.71999999997206, 4992397.160000000149012 ], [ 433743.330000000016298, 4992709.230000000447035 ], [ 433904.93, 4993001.21 ], [ 434072.210000000020955, 4993281.429999999701977 ], [ 434246.099999999976717, 4993549.589999999850988 ], [ 434427.520000000018626, 4993805.349999999627471 ], [ 434617.419999999983702, 4994048.42 ], [ 434816.710000000020955, 4994278.46999999973923 ], [ 435026.340000000025611, 4994495.179999999701977 ], [ 435247.21999999997206, 4994698.25 ], [ 435480.289999999979045, 4994887.349999999627471 ], [ 435698.5, 4995043.96 ], [ 435925.830000000016298, 4995190.450000000186265 ], [ 436161.150000000023283, 4995328.099999999627471 ], [ 436403.340000000025611, 4995458.17 ], [ 436651.26, 4995581.929999999701977 ], [ 436903.78000000002794, 4995700.650000000372529 ], [ 437159.78000000002794, 4995815.599999999627471 ], [ 437418.10999999998603, 4995928.04 ], [ 437677.650000000023283, 4996039.240000000223517 ], [ 437766.400000000023283, 4996083.730000000447035 ], [ 438162.32, 4996425.410000000149012 ], [ 438560.979999999981374, 4996762.559999999590218 ], [ 438965.349999999976717, 4997090.71999999973923 ], [ 439378.38, 4997405.42 ], [ 439803.06, 4997702.179999999701977 ], [ 440242.340000000025611, 4997976.54 ], [ 440597.24, 4998172.849999999627471 ], [ 440961.590000000025611, 4998352.75 ], [ 441334.39000000001397, 4998516.33 ], [ 441714.64000000001397, 4998663.67 ], [ 442101.35999999998603, 4998794.83 ], [ 442493.56, 4998909.910000000149012 ], [ 442890.229999999981374, 4999008.980000000447035 ], [ 443293.75, 4999092.78000000026077 ], [ 443699.960000000020955, 4999160.629999999888241 ], [ 444108.26, 4999212.849999999627471 ], [ 444518.090000000025611, 4999249.75 ], [ 444928.85999999998603, 4999271.650000000372529 ], [ 445340.0, 4999278.860000000335276 ], [ 445750.909999999974389, 4999271.690000000409782 ], [ 446161.020000000018626, 4999250.46 ], [ 446569.76, 4999215.46999999973923 ], [ 447004.32, 4999163.379999999888241 ], [ 447436.549999999988358, 4999097.200000000186265 ], [ 447866.599999999976717, 4999018.21999999973923 ], [ 448294.60999999998603, 4998927.71999999973923 ], [ 448720.75, 4998826.990000000223517 ], [ 449145.159999999974389, 4998717.309999999590218 ], [ 449567.979999999981374, 4998599.980000000447035 ], [ 449989.39000000001397, 4998476.269999999552965 ], [ 450409.51, 4998347.480000000447035 ], [ 450828.520000000018626, 4998214.889999999664724 ], [ 451246.549999999988358, 4998079.79 ], [ 451657.799999999988358, 4997945.17 ], [ 452068.14000000001397, 4997809.480000000447035 ], [ 452477.710000000020955, 4997672.849999999627471 ], [ 452886.63, 4997535.400000000372529 ], [ 453295.03000000002794, 4997397.29 ], [ 453703.049999999988358, 4997258.639999999664724 ], [ 454110.81, 4997119.599999999627471 ], [ 454518.44, 4996980.29 ], [ 454926.080000000016298, 4996840.860000000335276 ] ] } }
]
}
