{
"type": "FeatureCollection",
"name": "11",
"features": [
{ "type": "Feature", "properties": { "type": 1, "Name": null, "VALIDATION_ERRORS": "" }, "geometry": { "type": "LineString", "coordinates": [ [ 15380279.39, 5025475.21999999973923 ], [ 15382162.85, 5025014.46999999973923 ], [ 15382395.0, 5024929.759999999776483 ], [ 15382626.3, 5024843.360000000335276 ], [ 15382856.08, 5024753.5 ], [ 15383083.65, 5024658.429999999701977 ], [ 15383322.22, 5024550.46999999973923 ], [ 15383557.96, 5024436.309999999590218 ], [ 15383791.6, 5024317.5 ], [ 15384023.89, 5024195.549999999813735 ], [ 15384255.58, 5024072.009999999776483 ] ] } },
{ "type": "Feature", "properties": { "type": 2, "Name": null, "VALIDATION_ERRORS": "" }, "geometry": { "type": "LineString", "coordinates": [ [ 15386055.32, 5025684.660000000149012 ], [ 15386309.85, 5025650.559999999590218 ], [ 15386564.33, 5025616.929999999701977 ], [ 15386818.79, 5025584.269999999552965 ], [ 15387073.24, 5025553.04 ], [ 15387327.7, 5025523.71999999973923 ], [ 15387582.18, 5025496.799999999813735 ], [ 15387836.72, 5025472.759999999776483 ], [ 15388091.31, 5025452.059999999590218 ], [ 15388345.99, 5025435.200000000186265 ], [ 15388600.77, 5025422.650000000372529 ], [ 15388855.67, 5025414.889999999664724 ], [ 15389110.7, 5025412.389999999664724 ], [ 15389352.44, 5025415.139999999664724 ], [ 15389594.19, 5025422.339999999850988 ], [ 15389835.96, 5025433.29 ], [ 15390077.74, 5025447.269999999552965 ], [ 15390319.55, 5025463.589999999850988 ], [ 15390561.39, 5025481.53000000026077 ], [ 15390803.26, 5025500.400000000372529 ], [ 15391045.18, 5025519.46999999973923 ], [ 15391287.14, 5025538.049999999813735 ], [ 15391546.27, 5025556.78000000026077 ], [ 15391805.29, 5025574.299999999813735 ], [ 15392064.25, 5025590.78000000026077 ], [ 15392323.17, 5025606.400000000372529 ], [ 15392582.06, 5025621.33 ], [ 15392840.97, 5025635.740000000223517 ], [ 15393099.92, 5025649.809999999590218 ], [ 15393358.94, 5025663.71 ] ] } },
{ "type": "Feature", "properties": { "type": 3, "Name": null, "VALIDATION_ERRORS": "" }, "geometry": { "type": "LineString", "coordinates": [ [ 15387855.06, 5026899.379999999888241 ], [ 15388081.79, 5026714.610000000335276 ], [ 15388310.36, 5026533.139999999664724 ], [ 15388542.76, 5026358.190000000409782 ], [ 15388780.97, 5026192.96999999973923 ], [ 15389026.99, 5026040.700000000186265 ], [ 15389275.38, 5025906.740000000223517 ], [ 15389530.55, 5025784.410000000149012 ], [ 15389790.3, 5025669.799999999813735 ], [ 15390052.43, 5025559.0 ] ] } },
{ "type": "Feature", "properties": { "type": 4, "Name": null, "VALIDATION_ERRORS": "" }, "geometry": { "type": "LineString", "coordinates": [ [ 15381828.01, 5022333.71 ], [ 15382077.98, 5022321.120000000111759 ], [ 15382327.48, 5022311.269999999552965 ], [ 15382576.16, 5022306.929999999701977 ], [ 15382823.69, 5022310.870000000111759 ], [ 15383069.7, 5022325.849999999627471 ], [ 15383313.85, 5022354.650000000372529 ], [ 15383550.29, 5022398.019999999552965 ], [ 15383784.51, 5022455.17 ], [ 15384016.58, 5022524.139999999664724 ], [ 15384246.61, 5022602.92 ], [ 15384474.67, 5022689.519999999552965 ], [ 15384700.85, 5022781.96 ], [ 15384925.25, 5022878.240000000223517 ], [ 15385183.52, 5022992.589999999850988 ], [ 15385439.77, 5023108.879999999888241 ], [ 15385694.54, 5023226.639999999664724 ], [ 15385948.37, 5023345.389999999664724 ], [ 15386201.81, 5023464.650000000372529 ] ] } },
{ "type": "Feature", "properties": { "type": 5, "Name": null, "VALIDATION_ERRORS": "" }, "geometry": { "type": "LineString", "coordinates": [ [ 15385615.85, 5023087.67 ], [ 15385876.82, 5023037.230000000447035 ], [ 15386137.82, 5022987.67 ], [ 15386399.01, 5022939.849999999627471 ], [ 15386660.57, 5022894.620000000111759 ], [ 15386922.64, 5022852.849999999627471 ], [ 15387185.39, 5022815.410000000149012 ], [ 15387431.64, 5022784.820000000298023 ], [ 15387678.31, 5022757.870000000111759 ], [ 15387925.31, 5022733.660000000149012 ], [ 15388172.6, 5022711.25 ], [ 15388420.1, 5022689.75 ] ] } },
{ "type": "Feature", "properties": { "type": 6, "Name": null, "VALIDATION_ERRORS": "" }, "geometry": { "type": "LineString", "coordinates": [ [ 15384130.01, 5022480.309999999590218 ], [ 15384383.93, 5022411.820000000298023 ], [ 15384637.76, 5022343.25 ], [ 15384891.49, 5022274.490000000223517 ], [ 15385145.1, 5022205.440000000409782 ], [ 15385398.58, 5022135.980000000447035 ], [ 15385651.94, 5022066.009999999776483 ], [ 15385905.14, 5021995.429999999701977 ], [ 15386158.2, 5021924.139999999664724 ], [ 15386411.08, 5021852.009999999776483 ], [ 15386654.18, 5021781.799999999813735 ], [ 15386897.01, 5021710.929999999701977 ], [ 15387139.66, 5021639.570000000298023 ], [ 15387382.24, 5021567.870000000111759 ], [ 15387624.87, 5021495.96999999973923 ] ] } },
{ "type": "Feature", "properties": { "type": 7, "Name": null, "VALIDATION_ERRORS": "" }, "geometry": { "type": "LineString", "coordinates": [ [ 15397188.63, 5024993.519999999552965 ], [ 15397099.21, 5024743.259999999776483 ], [ 15397010.03, 5024492.980000000447035 ], [ 15396921.3, 5024242.610000000335276 ], [ 15396833.23, 5023992.070000000298023 ], [ 15396746.04, 5023741.259999999776483 ], [ 15396659.93, 5023490.099999999627471 ], [ 15396575.12, 5023238.509999999776483 ], [ 15396491.82, 5022986.410000000149012 ], [ 15396410.25, 5022733.700000000186265 ], [ 15396330.61, 5022480.309999999590218 ], [ 15396255.57, 5022234.75 ], [ 15396182.09, 5021988.79 ], [ 15396109.62, 5021742.509999999776483 ], [ 15396037.63, 5021495.96999999973923 ] ] } },
{ "type": "Feature", "properties": { "type": 8, "Name": null, "VALIDATION_ERRORS": "" }, "geometry": { "type": "LineString", "coordinates": [ [ 15380363.1, 5019380.690000000409782 ], [ 15380607.91, 5019229.099999999627471 ], [ 15380851.95, 5019076.690000000409782 ], [ 15381094.56, 5018922.549999999813735 ], [ 15381335.06, 5018765.769999999552965 ], [ 15381572.8, 5018605.46999999973923 ], [ 15381807.09, 5018440.740000000223517 ], [ 15382037.28, 5018270.690000000409782 ], [ 15382301.25, 5018063.820000000298023 ], [ 15382559.39, 5017849.679999999701977 ], [ 15382812.63, 5017629.360000000335276 ], [ 15383061.93, 5017404.009999999776483 ], [ 15383308.22, 5017174.730000000447035 ], [ 15383552.45, 5016942.650000000372529 ], [ 15383795.56, 5016708.900000000372529 ], [ 15384038.5, 5016474.589999999850988 ], [ 15384282.21, 5016240.849999999627471 ], [ 15384527.63, 5016008.79 ], [ 15384776.97, 5015778.179999999701977 ], [ 15385029.15, 5015551.059999999590218 ], [ 15385284.5, 5015327.96 ], [ 15385543.34, 5015109.429999999701977 ], [ 15385806.02, 5014895.96999999973923 ], [ 15386072.86, 5014688.139999999664724 ], [ 15386344.19, 5014486.450000000186265 ], [ 15386620.36, 5014291.429999999701977 ], [ 15386867.58, 5014125.58 ], [ 15387118.23, 5013964.849999999627471 ], [ 15387371.89, 5013808.700000000186265 ], [ 15387628.17, 5013656.549999999813735 ], [ 15387886.65, 5013507.839999999850988 ], [ 15388146.92, 5013362.0 ], [ 15388408.58, 5013218.490000000223517 ], [ 15388671.23, 5013076.71999999973923 ], [ 15388933.49, 5012936.740000000223517 ], [ 15389196.1, 5012797.879999999888241 ], [ 15389459.0, 5012659.929999999701977 ], [ 15389722.16, 5012522.690000000409782 ], [ 15389985.55, 5012385.96999999973923 ], [ 15390249.12, 5012249.58 ], [ 15390512.83, 5012113.320000000298023 ] ] } },
{ "type": "Feature", "properties": { "type": 9, "Name": null, "VALIDATION_ERRORS": "" }, "geometry": { "type": "LineString", "coordinates": [ [ 15390889.52, 5014835.96 ], [ 15390839.97, 5014595.75 ], [ 15390791.75, 5014355.490000000223517 ], [ 15390746.16, 5014115.03000000026077 ], [ 15390704.53, 5013874.21999999973923 ], [ 15390668.17, 5013632.879999999888241 ], [ 15390638.39, 5013390.870000000111759 ], [ 15390616.16, 5013148.259999999776483 ], [ 15390600.96, 5012905.070000000298023 ], [ 15390591.9, 5012661.360000000335276 ], [ 15390588.12, 5012417.21 ], [ 15390588.73, 5012172.660000000149012 ], [ 15390592.85, 5011927.78000000026077 ], [ 15390599.59, 5011682.639999999664724 ], [ 15390608.09, 5011437.29 ], [ 15390617.46, 5011191.809999999590218 ] ] } },
{ "type": "Feature", "properties": { "type": 10, "Name": null, "VALIDATION_ERRORS": "" }, "geometry": { "type": "LineString", "coordinates": [ [ 15380321.25, 5015631.809999999590218 ], [ 15380557.48, 5015599.46 ], [ 15380793.83, 5015566.96 ], [ 15381030.5, 5015534.160000000149012 ], [ 15381267.69, 5015500.870000000111759 ], [ 15381505.59, 5015466.940000000409782 ], [ 15381744.42, 5015432.190000000409782 ], [ 15381984.37, 5015396.450000000186265 ], [ 15382225.63, 5015359.549999999813735 ], [ 15382463.49, 5015320.08 ], [ 15382695.91, 5015268.04 ], [ 15382916.23, 5015192.0 ], [ 15383170.68, 5015049.990000000223517 ], [ 15383402.78, 5014866.03000000026077 ], [ 15383620.67, 5014654.639999999664724 ], [ 15383832.46, 5014430.349999999627471 ], [ 15384046.3, 5014207.660000000149012 ], [ 15384267.28, 5013999.67 ], [ 15384497.01, 5013806.019999999552965 ], [ 15384734.49, 5013624.990000000223517 ], [ 15384978.69, 5013454.889999999664724 ], [ 15385228.59, 5013293.980000000447035 ], [ 15385483.17, 5013140.570000000298023 ], [ 15385741.41, 5012992.940000000409782 ], [ 15385965.34, 5012869.589999999850988 ], [ 15386190.74, 5012748.799999999813735 ], [ 15386417.35, 5012630.059999999590218 ], [ 15386644.9, 5012512.839999999850988 ], [ 15386873.1, 5012396.620000000111759 ], [ 15387101.68, 5012280.870000000111759 ] ] } },
{ "type": "Feature", "properties": { "type": 11, "Name": null, "VALIDATION_ERRORS": "" }, "geometry": { "type": "LineString", "coordinates": [ [ 15383355.7, 5017035.019999999552965 ], [ 15383083.65, 5015129.17 ] ] } },
{ "type": "Feature", "properties": { "type": 12, "Name": null, "VALIDATION_ERRORS": "" }, "geometry": { "type": "LineString", "coordinates": [ [ 15380907.21, 5019820.5 ], [ 15381147.91, 5019746.820000000298023 ], [ 15381388.8, 5019673.799999999813735 ], [ 15381630.14, 5019602.059999999590218 ], [ 15381872.16, 5019532.240000000223517 ], [ 15382115.13, 5019464.980000000447035 ], [ 15382359.29, 5019400.889999999664724 ], [ 15382604.9, 5019340.620000000111759 ], [ 15382852.21, 5019284.799999999813735 ], [ 15383101.47, 5019234.049999999813735 ], [ 15383352.92, 5019189.009999999776483 ], [ 15383606.83, 5019150.309999999590218 ], [ 15383862.44, 5019117.599999999627471 ], [ 15384118.12, 5019086.120000000111759 ], [ 15384371.43, 5019050.110000000335276 ], [ 15384619.92, 5019003.79 ], [ 15384861.15, 5018941.379999999888241 ], [ 15385092.67, 5018857.099999999627471 ], [ 15385356.95, 5018721.059999999590218 ], [ 15385606.83, 5018552.860000000335276 ], [ 15385845.95, 5018360.54 ], [ 15386077.94, 5018152.110000000335276 ], [ 15386306.45, 5017935.589999999850988 ] ] } },
{ "type": "Feature", "properties": { "type": 13, "Name": null, "VALIDATION_ERRORS": "" }, "geometry": { "type": "LineString", "coordinates": [ [ 15385281.01, 5021286.54 ], [ 15385494.05, 5021034.900000000372529 ], [ 15385701.93, 5020780.28000000026077 ], [ 15385899.55, 5020519.54 ], [ 15386081.83, 5020249.53000000026077 ], [ 15386243.67, 5019967.099999999627471 ], [ 15386344.68, 5019755.509999999776483 ], [ 15386432.65, 5019537.42 ], [ 15386507.79, 5019314.120000000111759 ], [ 15386570.3, 5019086.92 ], [ 15386620.36, 5018857.099999999627471 ], [ 15386660.62, 5018609.129999999888241 ], [ 15386688.3, 5018360.009999999776483 ], [ 15386704.98, 5018109.879999999888241 ], [ 15386712.23, 5017858.849999999627471 ], [ 15386711.62, 5017607.08 ], [ 15386704.75, 5017354.700000000186265 ], [ 15386693.17, 5017101.839999999850988 ], [ 15386678.46, 5016848.629999999888241 ], [ 15386662.21, 5016595.21 ] ] } },
{ "type": "Feature", "properties": { "type": 14, "Name": null, "VALIDATION_ERRORS": "" }, "geometry": { "type": "LineString", "coordinates": [ [ 15386139.03, 5020511.629999999888241 ], [ 15386386.37, 5020496.860000000335276 ], [ 15386633.0, 5020479.839999999850988 ], [ 15386878.31, 5020458.29 ], [ 15387121.69, 5020429.940000000409782 ], [ 15387362.53, 5020392.5 ], [ 15387600.22, 5020343.700000000186265 ], [ 15387834.14, 5020281.25 ], [ 15388078.87, 5020198.190000000409782 ], [ 15388319.44, 5020100.71 ], [ 15388556.94, 5019992.400000000372529 ], [ 15388792.43, 5019876.849999999627471 ], [ 15389026.99, 5019757.67 ] ] } },
{ "type": "Feature", "properties": { "type": 15, "Name": null, "VALIDATION_ERRORS": "" }, "geometry": { "type": "LineString", "coordinates": [ [ 15384653.19, 5016343.889999999664724 ], [ 15384916.76, 5016272.679999999701977 ], [ 15385180.39, 5016203.129999999888241 ], [ 15385444.2, 5016136.929999999701977 ], [ 15385708.35, 5016075.75 ], [ 15385972.97, 5016021.28000000026077 ], [ 15386238.19, 5015975.200000000186265 ], [ 15386504.16, 5015939.190000000409782 ], [ 15386771.02, 5015914.92 ], [ 15387038.9, 5015904.08 ], [ 15387295.26, 5015907.42 ], [ 15387551.89, 5015923.769999999552965 ], [ 15387808.17, 5015952.440000000409782 ], [ 15388063.51, 5015992.730000000447035 ], [ 15388317.28, 5016043.940000000409782 ], [ 15388568.89, 5016105.379999999888241 ], [ 15388817.72, 5016176.339999999850988 ], [ 15389064.11, 5016256.360000000335276 ], [ 15389307.3, 5016344.129999999888241 ], [ 15389547.7, 5016438.570000000298023 ], [ 15389785.72, 5016538.570000000298023 ], [ 15390021.76, 5016643.03000000026077 ], [ 15390256.23, 5016750.849999999627471 ], [ 15390489.54, 5016860.940000000409782 ], [ 15390722.1, 5016972.190000000409782 ], [ 15390981.84, 5017096.599999999627471 ], [ 15391242.2, 5017219.240000000223517 ], [ 15391504.55, 5017338.309999999590218 ], [ 15391770.2, 5017452.04 ], [ 15392040.52, 5017558.610000000335276 ], [ 15392302.21, 5017650.099999999627471 ], [ 15392567.7, 5017723.299999999813735 ], [ 15392835.75, 5017768.04 ], [ 15393078.61, 5017777.660000000149012 ], [ 15393322.12, 5017761.08 ], [ 15393566.2, 5017723.549999999813735 ], [ 15393810.72, 5017670.309999999590218 ], [ 15394055.58, 5017606.599999999627471 ], [ 15394300.66, 5017537.67 ] ] } },
{ "type": "Feature", "properties": { "type": 16, "Name": null, "VALIDATION_ERRORS": "" }, "geometry": { "type": "LineString", "coordinates": [ [ 15386976.12, 5019296.910000000149012 ], [ 15387117.94, 5019061.019999999552965 ], [ 15387261.11, 5018826.129999999888241 ], [ 15387407.06, 5018593.150000000372529 ], [ 15387557.23, 5018362.96999999973923 ], [ 15387713.06, 5018136.5 ], [ 15387875.99, 5017914.650000000372529 ], [ 15388067.99, 5017673.440000000409782 ], [ 15388271.06, 5017441.53000000026077 ], [ 15388485.86, 5017221.03000000026077 ], [ 15388713.08, 5017014.08 ], [ 15388969.94, 5016808.5 ], [ 15389236.62, 5016615.089999999850988 ], [ 15389508.32, 5016427.660000000149012 ] ] } },
{ "type": "Feature", "properties": { "type": 17, "Name": null, "VALIDATION_ERRORS": "" }, "geometry": { "type": "LineString", "coordinates": [ [ 15392982.25, 5020700.120000000111759 ], [ 15393102.69, 5020453.879999999888241 ], [ 15393222.24, 5020207.049999999813735 ], [ 15393340.06, 5019958.990000000223517 ], [ 15393455.33, 5019709.009999999776483 ], [ 15393567.21, 5019456.440000000409782 ], [ 15393674.87, 5019200.620000000111759 ], [ 15393777.48, 5018940.870000000111759 ], [ 15393877.32, 5018672.559999999590218 ], [ 15393978.37, 5018405.17 ], [ 15394088.09, 5018144.190000000409782 ], [ 15394213.96, 5017895.08 ], [ 15394363.44, 5017663.33 ], [ 15394564.83, 5017428.610000000335276 ], [ 15394795.36, 5017215.610000000335276 ], [ 15395045.37, 5017017.04 ], [ 15395305.17, 5016825.589999999850988 ] ] } },
{ "type": "Feature", "properties": { "type": 18, "Name": null, "VALIDATION_ERRORS": "" }, "geometry": { "type": "LineString", "coordinates": [ [ 15382665.1, 5011505.96 ], [ 15382906.77, 5011466.46 ], [ 15383148.44, 5011427.78000000026077 ], [ 15383390.2, 5011390.759999999776483 ], [ 15383632.16, 5011356.200000000186265 ], [ 15383874.42, 5011324.940000000409782 ], [ 15384117.07, 5011297.79 ], [ 15384360.21, 5011275.58 ], [ 15384596.64, 5011259.33 ], [ 15384833.39, 5011248.110000000335276 ], [ 15385070.4, 5011241.490000000223517 ], [ 15385307.63, 5011239.070000000298023 ], [ 15385545.0, 5011240.440000000409782 ], [ 15385782.47, 5011245.190000000409782 ], [ 15386019.96, 5011252.900000000372529 ], [ 15386257.42, 5011263.17 ], [ 15386494.79, 5011275.58 ], [ 15386742.99, 5011290.46999999973923 ], [ 15386990.91, 5011307.089999999850988 ], [ 15387238.58, 5011325.269999999552965 ], [ 15387486.05, 5011344.83 ], [ 15387733.34, 5011365.599999999627471 ], [ 15387980.49, 5011387.410000000149012 ], [ 15388227.53, 5011410.089999999850988 ], [ 15388474.51, 5011433.450000000186265 ], [ 15388721.44, 5011457.33 ], [ 15388968.37, 5011481.559999999590218 ], [ 15389215.34, 5011505.96 ] ] } },
{ "type": "Feature", "properties": { "type": 19, "Name": null, "VALIDATION_ERRORS": "" }, "geometry": { "type": "LineString", "coordinates": [ [ 15382539.54, 5009306.900000000372529 ], [ 15382799.92, 5009282.200000000186265 ], [ 15383060.19, 5009258.480000000447035 ], [ 15383320.31, 5009236.740000000223517 ], [ 15383580.27, 5009217.96999999973923 ], [ 15383840.02, 5009203.160000000149012 ], [ 15384099.53, 5009193.29 ], [ 15384358.76, 5009189.370000000111759 ], [ 15384617.7, 5009192.370000000111759 ], [ 15384876.29, 5009203.29 ], [ 15385134.52, 5009223.120000000111759 ], [ 15385375.08, 5009249.820000000298023 ], [ 15385615.35, 5009281.650000000372529 ], [ 15385855.58, 5009315.129999999888241 ], [ 15386096.02, 5009346.78000000026077 ], [ 15386336.91, 5009373.120000000111759 ], [ 15386578.5, 5009390.67 ], [ 15386834.94, 5009397.740000000223517 ], [ 15387091.64, 5009398.559999999590218 ], [ 15387348.13, 5009400.679999999701977 ], [ 15387603.94, 5009411.620000000111759 ], [ 15387871.86, 5009438.679999999701977 ], [ 15388138.55, 5009479.269999999552965 ], [ 15388404.37, 5009528.839999999850988 ], [ 15388669.7, 5009582.820000000298023 ], [ 15388934.91, 5009636.679999999701977 ], [ 15389200.38, 5009685.839999999850988 ], [ 15389466.46, 5009725.769999999552965 ], [ 15389718.97, 5009751.740000000223517 ], [ 15389972.14, 5009766.490000000223517 ], [ 15390225.91, 5009771.120000000111759 ], [ 15390480.23, 5009766.78000000026077 ], [ 15390735.03, 5009754.570000000298023 ], [ 15390990.26, 5009735.620000000111759 ], [ 15391245.86, 5009711.059999999590218 ], [ 15391501.77, 5009682.019999999552965 ], [ 15391757.92, 5009649.599999999627471 ], [ 15392014.25, 5009614.940000000409782 ], [ 15392270.72, 5009579.160000000149012 ] ] } },
{ "type": "Feature", "properties": { "type": 20, "Name": null, "VALIDATION_ERRORS": "" }, "geometry": { "type": "LineString", "coordinates": [ [ 15389592.03, 5008050.29 ], [ 15389837.31, 5008107.230000000447035 ], [ 15390082.55, 5008164.259999999776483 ], [ 15390327.77, 5008221.5 ], [ 15390572.99, 5008279.04 ], [ 15390818.25, 5008337.009999999776483 ], [ 15391063.55, 5008395.5 ], [ 15391308.93, 5008454.620000000111759 ], [ 15391554.4, 5008514.480000000447035 ], [ 15391800.0, 5008575.179999999701977 ], [ 15392045.74, 5008636.83 ], [ 15392291.65, 5008699.54 ], [ 15392529.28, 5008760.639999999664724 ], [ 15392767.14, 5008819.570000000298023 ], [ 15393005.47, 5008873.070000000298023 ], [ 15393244.51, 5008917.910000000149012 ], [ 15393484.5, 5008950.860000000335276 ], [ 15393730.67, 5008969.75 ], [ 15393977.74, 5008974.79 ], [ 15394225.6, 5008967.96999999973923 ], [ 15394474.12, 5008951.269999999552965 ], [ 15394723.2, 5008926.660000000149012 ], [ 15394972.71, 5008896.129999999888241 ], [ 15395222.55, 5008861.650000000372529 ], [ 15395472.59, 5008825.200000000186265 ] ] } },
{ "type": "Feature", "properties": { "type": 21, "Name": null, "VALIDATION_ERRORS": "" }, "geometry": { "type": "LineString", "coordinates": [ [ 15383899.81, 5007589.54 ], [ 15384143.91, 5007510.79 ], [ 15384388.12, 5007432.889999999664724 ], [ 15384632.66, 5007356.679999999701977 ], [ 15384877.73, 5007283.0 ], [ 15385123.53, 5007212.700000000186265 ], [ 15385370.27, 5007146.620000000111759 ], [ 15385618.14, 5007085.610000000335276 ], [ 15385867.35, 5007030.519999999552965 ], [ 15386118.1, 5006982.179999999701977 ], [ 15386366.55, 5006941.849999999627471 ], [ 15386616.26, 5006908.79 ], [ 15386867.0, 5006882.860000000335276 ], [ 15387118.5, 5006863.96999999973923 ], [ 15387370.51, 5006852.0 ], [ 15387622.79, 5006846.849999999627471 ], [ 15387875.08, 5006848.389999999664724 ], [ 15388127.12, 5006856.519999999552965 ], [ 15388376.98, 5006870.940000000409782 ], [ 15388626.22, 5006891.240000000223517 ], [ 15388874.9, 5006916.900000000372529 ], [ 15389123.03, 5006947.429999999701977 ], [ 15389370.66, 5006982.309999999590218 ], [ 15389617.81, 5007021.03000000026077 ], [ 15389864.52, 5007063.08 ], [ 15390110.83, 5007107.96 ], [ 15390356.77, 5007155.150000000372529 ], [ 15390602.37, 5007204.150000000372529 ], [ 15390847.66, 5007254.440000000409782 ], [ 15391103.47, 5007307.870000000111759 ], [ 15391358.9, 5007361.980000000447035 ], [ 15391614.08, 5007416.599999999627471 ], [ 15391869.15, 5007471.570000000298023 ], [ 15392124.23, 5007526.71 ] ] } },
{ "type": "Feature", "properties": { "type": 22, "Name": null, "VALIDATION_ERRORS": "" }, "geometry": { "type": "LineString", "coordinates": [ [ 15380279.39, 5006165.379999999888241 ], [ 15380522.61, 5006161.92 ], [ 15380765.67, 5006157.690000000409782 ], [ 15381008.49, 5006151.889999999664724 ], [ 15381250.99, 5006143.730000000447035 ], [ 15381493.09, 5006132.410000000149012 ], [ 15381734.7, 5006117.139999999664724 ], [ 15381975.75, 5006097.139999999664724 ], [ 15382216.15, 5006071.599999999627471 ], [ 15382455.83, 5006039.71999999973923 ], [ 15382703.51, 5005999.360000000335276 ], [ 15382950.07, 5005951.79 ], [ 15383195.45, 5005897.389999999664724 ], [ 15383439.57, 5005836.570000000298023 ], [ 15383682.37, 5005769.730000000447035 ], [ 15383923.76, 5005697.269999999552965 ], [ 15384163.69, 5005619.589999999850988 ], [ 15384402.07, 5005537.08 ], [ 15384665.26, 5005440.75 ], [ 15384927.44, 5005342.769999999552965 ], [ 15385189.87, 5005246.879999999888241 ], [ 15385453.8, 5005156.820000000298023 ], [ 15385720.48, 5005076.33 ], [ 15385981.42, 5005010.25 ], [ 15386245.17, 5004954.17 ], [ 15386511.04, 5004905.599999999627471 ], [ 15386778.31, 5004862.08 ], [ 15387046.28, 5004821.099999999627471 ], [ 15387314.26, 5004780.200000000186265 ], [ 15387581.52, 5004736.889999999664724 ], [ 15387847.37, 5004688.690000000409782 ], [ 15388111.1, 5004633.110000000335276 ], [ 15388372.0, 5004567.679999999701977 ], [ 15388629.37, 5004489.910000000149012 ], [ 15388847.41, 5004412.200000000186265 ], [ 15389063.26, 5004327.230000000447035 ], [ 15389278.12, 5004238.589999999850988 ] ] } },
{ "type": "Feature", "properties": { "type": 23, "Name": null, "VALIDATION_ERRORS": "" }, "geometry": { "type": "LineString", "coordinates": [ [ 15380928.14, 5000887.639999999664724 ], [ 15381180.6, 5000852.129999999888241 ], [ 15381433.06, 5000816.870000000111759 ], [ 15381685.58, 5000782.099999999627471 ], [ 15381938.21, 5000748.08 ], [ 15382191.04, 5000715.049999999813735 ], [ 15382444.13, 5000683.259999999776483 ], [ 15382697.53, 5000652.96 ], [ 15382951.33, 5000624.400000000372529 ], [ 15383205.57, 5000597.83 ], [ 15383460.34, 5000573.490000000223517 ], [ 15383717.27, 5000551.519999999552965 ], [ 15383974.54, 5000532.440000000409782 ], [ 15384232.02, 5000516.620000000111759 ], [ 15384489.6, 5000504.440000000409782 ], [ 15384747.16, 5000496.269999999552965 ], [ 15385004.58, 5000492.5 ], [ 15385261.75, 5000493.480000000447035 ], [ 15385518.55, 5000499.599999999627471 ], [ 15385774.85, 5000511.240000000223517 ], [ 15386030.55, 5000528.759999999776483 ], [ 15386285.52, 5000552.549999999813735 ], [ 15386540.58, 5000582.950000000186265 ], [ 15386794.74, 5000619.559999999590218 ], [ 15387048.08, 5000661.910000000149012 ], [ 15387300.67, 5000709.509999999776483 ], [ 15387552.58, 5000761.879999999888241 ], [ 15387803.88, 5000818.549999999813735 ], [ 15388054.65, 5000879.04 ], [ 15388304.96, 5000942.870000000111759 ], [ 15388554.89, 5001009.570000000298023 ], [ 15388804.51, 5001078.660000000149012 ], [ 15389053.88, 5001149.660000000149012 ], [ 15389303.09, 5001222.089999999850988 ], [ 15389552.2, 5001295.480000000447035 ], [ 15389801.3, 5001369.339999999850988 ] ] } },
{ "type": "Feature", "properties": { "type": 24, "Name": null, "VALIDATION_ERRORS": "" }, "geometry": { "type": "LineString", "coordinates": [ [ 15387959.7, 4998500.089999999850988 ], [ 15388218.04, 4998573.889999999664724 ], [ 15388476.35, 4998647.629999999888241 ], [ 15388734.66, 4998721.29 ], [ 15388993.0, 4998794.820000000298023 ], [ 15389251.38, 4998868.179999999701977 ], [ 15389509.82, 4998941.320000000298023 ], [ 15389768.37, 4999014.21 ], [ 15390027.02, 4999086.799999999813735 ], [ 15390285.82, 4999159.059999999590218 ], [ 15390544.78, 4999230.940000000409782 ], [ 15390803.93, 4999302.400000000372529 ], [ 15391063.29, 4999373.400000000372529 ], [ 15391322.88, 4999443.900000000372529 ], [ 15391582.73, 4999513.860000000335276 ], [ 15391842.86, 4999583.230000000447035 ], [ 15392103.3, 4999651.980000000447035 ], [ 15392352.53, 4999717.0 ], [ 15392602.0, 4999780.92 ], [ 15392851.79, 4999843.28000000026077 ], [ 15393101.95, 4999903.599999999627471 ], [ 15393352.56, 4999961.42 ], [ 15393603.68, 5000016.269999999552965 ], [ 15393855.38, 5000067.67 ], [ 15394107.71, 5000115.150000000372529 ], [ 15394360.76, 5000158.259999999776483 ], [ 15394614.57, 5000196.509999999776483 ], [ 15394855.0, 5000227.92 ], [ 15395095.96, 5000255.21 ], [ 15395337.37, 5000279.019999999552965 ], [ 15395579.16, 5000300.0 ], [ 15395821.24, 5000318.79 ], [ 15396063.54, 5000336.04 ], [ 15396305.99, 5000352.389999999664724 ], [ 15396548.5, 5000368.5 ], [ 15396791.01, 5000385.0 ], [ 15397051.53, 5000403.740000000223517 ], [ 15397311.82, 5000423.490000000223517 ], [ 15397571.92, 5000444.089999999850988 ], [ 15397831.9, 5000465.370000000111759 ], [ 15398091.82, 5000487.150000000372529 ], [ 15398351.72, 5000509.29 ], [ 15398611.68, 5000531.599999999627471 ] ] } },
{ "type": "Feature", "properties": { "type": 25, "Name": null, "VALIDATION_ERRORS": "" }, "geometry": { "type": "LineString", "coordinates": [ [ 15380593.3, 4997348.200000000186265 ], [ 15380856.08, 4997308.429999999701977 ], [ 15381118.83, 4997268.78000000026077 ], [ 15381381.57, 4997229.349999999627471 ], [ 15381644.31, 4997190.259999999776483 ], [ 15381907.06, 4997151.620000000111759 ], [ 15382169.85, 4997113.54 ], [ 15382432.67, 4997076.129999999888241 ], [ 15382695.55, 4997039.490000000223517 ], [ 15382958.5, 4997003.759999999776483 ], [ 15383221.54, 4996969.019999999552965 ], [ 15383484.67, 4996935.400000000372529 ], [ 15383747.92, 4996903.0 ], [ 15384011.29, 4996871.950000000186265 ], [ 15384274.8, 4996842.339999999850988 ], [ 15384538.46, 4996814.29 ], [ 15384802.29, 4996787.910000000149012 ], [ 15385066.3, 4996763.309999999590218 ], [ 15385330.51, 4996740.599999999627471 ], [ 15385594.92, 4996719.900000000372529 ], [ 15385849.61, 4996701.92 ], [ 15386104.4, 4996685.67 ], [ 15386359.29, 4996670.92 ], [ 15386614.27, 4996657.450000000186265 ], [ 15386869.31, 4996645.009999999776483 ], [ 15387124.41, 4996633.379999999888241 ], [ 15387379.56, 4996622.33 ], [ 15387634.74, 4996611.620000000111759 ], [ 15387889.93, 4996601.019999999552965 ], [ 15388145.14, 4996590.299999999813735 ], [ 15388400.33, 4996579.230000000447035 ], [ 15388655.5, 4996567.58 ], [ 15388910.64, 4996555.099999999627471 ], [ 15389165.74, 4996541.58 ], [ 15389420.77, 4996526.78000000026077 ], [ 15389675.74, 4996510.46 ], [ 15389938.93, 4996491.860000000335276 ], [ 15390201.94, 4996471.620000000111759 ], [ 15390464.78, 4996449.929999999701977 ], [ 15390727.51, 4996427.009999999776483 ], [ 15390990.15, 4996403.049999999813735 ], [ 15391252.73, 4996378.28000000026077 ], [ 15391515.3, 4996352.879999999888241 ], [ 15391777.88, 4996327.059999999590218 ], [ 15392040.52, 4996301.03000000026077 ] ] } },
{ "type": "Feature", "properties": { "type": 26, "Name": null, "VALIDATION_ERRORS": "" }, "geometry": { "type": "LineString", "coordinates": [ [ 15389633.88, 4994855.929999999701977 ], [ 15389893.53, 4995017.379999999888241 ], [ 15390153.45, 4995178.160000000149012 ], [ 15390414.01, 4995337.639999999664724 ], [ 15390675.55, 4995495.17 ], [ 15390938.43, 4995650.110000000335276 ], [ 15391203.0, 4995801.83 ], [ 15391469.63, 4995949.67 ], [ 15391738.65, 4996093.0 ], [ 15392010.44, 4996231.179999999701977 ], [ 15392285.34, 4996363.570000000298023 ], [ 15392563.7, 4996489.519999999552965 ], [ 15392808.34, 4996592.820000000298023 ], [ 15393055.94, 4996688.549999999813735 ], [ 15393306.78, 4996774.509999999776483 ], [ 15393561.15, 4996848.519999999552965 ], [ 15393819.34, 4996908.389999999664724 ], [ 15394073.96, 4996952.230000000447035 ], [ 15394330.64, 4996986.28000000026077 ], [ 15394587.84, 4997016.240000000223517 ], [ 15394844.0, 4997047.83 ], [ 15395097.58, 4997086.769999999552965 ], [ 15395347.03, 4997138.769999999552965 ], [ 15395616.02, 4997216.21999999973923 ], [ 15395879.18, 4997312.71 ], [ 15396137.85, 4997424.509999999776483 ], [ 15396393.35, 4997547.870000000111759 ], [ 15396647.02, 4997679.03000000026077 ], [ 15396900.18, 4997814.269999999552965 ], [ 15397154.17, 4997949.809999999590218 ], [ 15397410.32, 4998081.940000000409782 ], [ 15397669.95, 4998206.879999999888241 ], [ 15397899.18, 4998307.03000000026077 ], [ 15398131.57, 4998398.360000000335276 ], [ 15398366.8, 4998480.309999999590218 ], [ 15398604.55, 4998552.349999999627471 ], [ 15398844.5, 4998613.929999999701977 ], [ 15399086.33, 4998664.5 ], [ 15399329.71, 4998703.53000000026077 ], [ 15399574.33, 4998730.46999999973923 ], [ 15399838.02, 4998745.809999999590218 ], [ 15400102.42, 4998748.96 ], [ 15400367.42, 4998742.370000000111759 ], [ 15400632.9, 4998728.490000000223517 ], [ 15400898.73, 4998709.740000000223517 ], [ 15401164.81, 4998688.58 ] ] } },
{ "type": "Feature", "properties": { "type": 27, "Name": null, "VALIDATION_ERRORS": "" }, "geometry": { "type": "LineString", "coordinates": [ [ 15381179.27, 4995526.120000000111759 ], [ 15381441.16, 4995509.820000000298023 ], [ 15381702.99, 4995493.0 ], [ 15381964.75, 4995475.129999999888241 ], [ 15382226.44, 4995455.650000000372529 ], [ 15382488.07, 4995434.03000000026077 ], [ 15382749.62, 4995409.730000000447035 ], [ 15383011.11, 4995382.200000000186265 ], [ 15383272.53, 4995350.900000000372529 ], [ 15383533.89, 4995315.28000000026077 ], [ 15383795.18, 4995274.799999999813735 ], [ 15384070.63, 4995226.25 ], [ 15384345.14, 4995171.070000000298023 ], [ 15384618.0, 4995108.58 ], [ 15384888.51, 4995038.089999999850988 ], [ 15385155.95, 4994958.929999999701977 ], [ 15385419.62, 4994870.400000000372529 ], [ 15385678.8, 4994771.820000000298023 ], [ 15385932.79, 4994662.509999999776483 ], [ 15386180.88, 4994541.78000000026077 ], [ 15386445.73, 4994395.980000000447035 ], [ 15386703.84, 4994238.070000000298023 ], [ 15386956.58, 4994070.429999999701977 ], [ 15387205.36, 4993895.450000000186265 ], [ 15387451.54, 4993715.5 ], [ 15387696.52, 4993532.950000000186265 ], [ 15387941.69, 4993350.190000000409782 ], [ 15388188.43, 4993169.599999999627471 ], [ 15388438.12, 4992993.549999999813735 ], [ 15388692.16, 4992824.42 ], [ 15388949.83, 4992664.75 ], [ 15389211.54, 4992512.019999999552965 ], [ 15389475.82, 4992363.860000000335276 ], [ 15389741.22, 4992217.950000000186265 ], [ 15390006.28, 4992071.92 ], [ 15390269.55, 4991923.440000000409782 ], [ 15390529.57, 4991770.150000000372529 ], [ 15390784.88, 4991609.700000000186265 ], [ 15391044.49, 4991433.339999999850988 ], [ 15391298.46, 4991248.570000000298023 ], [ 15391548.04, 4991057.190000000409782 ], [ 15391794.45, 4990860.990000000223517 ], [ 15392038.91, 4990661.759999999776483 ], [ 15392282.67, 4990461.29 ], [ 15392526.95, 4990261.379999999888241 ], [ 15392772.98, 4990063.820000000298023 ], [ 15393022.0, 4989870.400000000372529 ], [ 15393275.23, 4989682.910000000149012 ], [ 15393532.21, 4989503.360000000335276 ], [ 15393793.09, 4989329.639999999664724 ], [ 15394056.63, 4989159.769999999552965 ], [ 15394321.59, 4988991.769999999552965 ] ] } },
{ "type": "Feature", "properties": { "type": 28, "Name": null, "VALIDATION_ERRORS": "" }, "geometry": { "type": "LineString", "coordinates": [ [ 15381011.85, 4988761.400000000372529 ], [ 15381265.34, 4988755.129999999888241 ], [ 15381518.61, 4988748.110000000335276 ], [ 15381771.51, 4988739.589999999850988 ], [ 15382023.88, 4988728.79 ], [ 15382275.56, 4988714.940000000409782 ], [ 15382526.38, 4988697.28000000026077 ], [ 15382776.19, 4988675.03000000026077 ], [ 15383024.82, 4988647.440000000409782 ], [ 15383272.13, 4988613.71999999973923 ], [ 15383517.94, 4988573.120000000111759 ], [ 15383762.1, 4988524.870000000111759 ], [ 15384004.45, 4988468.190000000409782 ], [ 15384268.11, 4988395.769999999552965 ], [ 15384529.39, 4988313.450000000186265 ], [ 15384788.44, 4988222.299999999813735 ], [ 15385045.4, 4988123.429999999701977 ], [ 15385300.42, 4988017.900000000372529 ], [ 15385553.65, 4987906.820000000298023 ], [ 15385805.23, 4987791.269999999552965 ], [ 15386055.32, 4987672.339999999850988 ], [ 15386307.91, 4987548.75 ], [ 15386558.13, 4987421.71999999973923 ], [ 15386805.23, 4987290.059999999590218 ], [ 15387048.46, 4987152.599999999627471 ], [ 15387287.04, 4987008.150000000372529 ], [ 15387520.23, 4986855.549999999813735 ], [ 15387785.95, 4986665.559999999590218 ], [ 15388044.67, 4986465.429999999701977 ], [ 15388298.19, 4986257.67 ], [ 15388548.3, 4986044.79 ], [ 15388796.79, 4985829.320000000298023 ] ] } },
{ "type": "Feature", "properties": { "type": 29, "Name": null, "VALIDATION_ERRORS": "" }, "geometry": { "type": "LineString", "coordinates": [ [ 15381681.52, 4985829.320000000298023 ], [ 15381933.32, 4985871.139999999664724 ], [ 15382185.15, 4985912.33 ], [ 15382437.12, 4985952.269999999552965 ], [ 15382689.34, 4985990.309999999590218 ], [ 15382941.91, 4986025.83 ], [ 15383194.93, 4986058.200000000186265 ], [ 15383448.52, 4986086.78000000026077 ], [ 15383702.78, 4986110.940000000409782 ], [ 15383957.81, 4986130.049999999813735 ], [ 15384213.72, 4986143.46999999973923 ], [ 15384449.18, 4986150.120000000111759 ], [ 15384684.72, 4986150.21 ], [ 15384919.74, 4986142.46999999973923 ], [ 15385153.66, 4986125.650000000372529 ], [ 15385385.89, 4986098.480000000447035 ], [ 15385615.85, 4986059.700000000186265 ], [ 15385855.24, 4986005.450000000186265 ], [ 15386091.73, 4985938.96 ], [ 15386325.82, 4985862.259999999776483 ], [ 15386558.01, 4985777.410000000149012 ], [ 15386788.8, 4985686.42 ], [ 15387018.69, 4985591.349999999627471 ], [ 15387248.17, 4985494.21999999973923 ] ] } },
{ "type": "Feature", "properties": { "type": 30, "Name": null, "VALIDATION_ERRORS": "" }, "geometry": { "type": "LineString", "coordinates": [ [ 15390408.19, 4988803.28000000026077 ], [ 15390159.16, 4988878.200000000186265 ], [ 15389909.67, 4988950.099999999627471 ], [ 15389659.14, 4989015.950000000186265 ], [ 15389406.97, 4989072.740000000223517 ], [ 15389152.56, 4989117.440000000409782 ], [ 15388904.98, 4989146.809999999590218 ], [ 15388655.61, 4989162.759999999776483 ], [ 15388405.09, 4989165.889999999664724 ], [ 15388154.06, 4989156.83 ], [ 15387903.15, 4989136.179999999701977 ], [ 15387652.98, 4989104.549999999813735 ], [ 15387404.2, 4989062.549999999813735 ], [ 15387157.44, 4989010.79 ], [ 15386913.34, 4988949.889999999664724 ], [ 15386659.16, 4988876.440000000409782 ], [ 15386408.33, 4988794.67 ], [ 15386160.36, 4988705.78000000026077 ], [ 15385914.75, 4988610.940000000409782 ], [ 15385671.03, 4988511.339999999850988 ], [ 15385428.68, 4988408.190000000409782 ], [ 15385187.23, 4988302.650000000372529 ], [ 15384946.17, 4988195.92 ] ] } },
{ "type": "Feature", "properties": { "type": 31, "Name": null, "VALIDATION_ERRORS": "" }, "geometry": { "type": "LineString", "coordinates": [ [ 15388671.23, 4987902.71999999973923 ], [ 15388920.97, 4987907.309999999590218 ], [ 15389170.66, 4987912.08 ], [ 15389420.28, 4987917.190000000409782 ], [ 15389669.84, 4987922.820000000298023 ], [ 15389919.33, 4987929.150000000372529 ], [ 15390168.75, 4987936.339999999850988 ], [ 15390418.11, 4987944.570000000298023 ], [ 15390667.39, 4987954.009999999776483 ], [ 15390916.61, 4987964.849999999627471 ], [ 15391165.76, 4987977.25 ], [ 15391414.83, 4987991.379999999888241 ], [ 15391663.83, 4988007.429999999701977 ], [ 15391904.94, 4988024.910000000149012 ], [ 15392145.88, 4988044.139999999664724 ], [ 15392386.68, 4988064.929999999701977 ], [ 15392627.35, 4988087.08 ], [ 15392867.94, 4988110.410000000149012 ], [ 15393108.47, 4988134.71 ], [ 15393348.95, 4988159.799999999813735 ], [ 15393589.43, 4988185.46999999973923 ], [ 15393829.93, 4988211.54 ], [ 15394070.46, 4988237.809999999590218 ] ] } },
{ "type": "Feature", "properties": { "type": 32, "Name": null, "VALIDATION_ERRORS": "" }, "geometry": { "type": "LineString", "coordinates": [ [ 15391768.46, 4989159.320000000298023 ], [ 15393526.35, 4988991.769999999552965 ] ] } },
{ "type": "Feature", "properties": { "type": 33, "Name": null, "VALIDATION_ERRORS": "" }, "geometry": { "type": "LineString", "coordinates": [ [ 15396581.74, 4987609.509999999776483 ], [ 15396614.39, 4987859.019999999552965 ], [ 15396647.42, 4988108.389999999664724 ], [ 15396681.2, 4988357.58 ], [ 15396716.1, 4988606.54 ], [ 15396752.53, 4988855.21999999973923 ], [ 15396790.85, 4989103.58 ], [ 15396831.45, 4989351.559999999590218 ], [ 15396874.72, 4989599.129999999888241 ], [ 15396920.66, 4989844.940000000409782 ], [ 15396969.25, 4990090.190000000409782 ], [ 15397020.17, 4990334.980000000447035 ], [ 15397073.09, 4990579.370000000111759 ], [ 15397127.67, 4990823.450000000186265 ], [ 15397183.59, 4991067.29 ], [ 15397240.51, 4991310.96999999973923 ], [ 15397298.1, 4991554.58 ], [ 15397356.04, 4991798.190000000409782 ] ] } },
{ "type": "Feature", "properties": { "type": 34, "Name": null, "VALIDATION_ERRORS": "" }, "geometry": { "type": "LineString", "coordinates": [ [ 15399417.38, 4988017.910000000149012 ], [ 15399535.33, 4988406.25 ], [ 15399653.65, 4988794.33 ], [ 15399772.79, 4989182.08 ], [ 15399893.16, 4989569.42 ], [ 15400015.21, 4989956.299999999813735 ], [ 15400139.37, 4990342.629999999888241 ], [ 15400256.48, 4990699.820000000298023 ], [ 15400375.32, 4991056.320000000298023 ], [ 15400495.57, 4991412.299999999813735 ], [ 15400616.88, 4991767.929999999701977 ], [ 15400738.93, 4992123.389999999664724 ], [ 15400861.36, 4992478.860000000335276 ] ] } },
{ "type": "Feature", "properties": { "type": 35, "Name": null, "VALIDATION_ERRORS": "" }, "geometry": { "type": "LineString", "coordinates": [ [ 15405067.74, 4990248.379999999888241 ], [ 15404727.45, 4990288.309999999590218 ], [ 15404387.28, 4990327.700000000186265 ], [ 15404047.21, 4990365.96999999973923 ], [ 15403707.22, 4990402.54 ], [ 15403367.27, 4990436.839999999850988 ], [ 15403027.33, 4990468.29 ], [ 15402668.49, 4990496.900000000372529 ], [ 15402308.95, 4990515.71999999973923 ], [ 15401947.6, 4990518.679999999701977 ], [ 15401583.35, 4990499.700000000186265 ], [ 15401277.85, 4990461.29 ], [ 15400981.14, 4990391.849999999627471 ], [ 15400704.41, 4990279.799999999813735 ], [ 15400288.49, 4989974.759999999776483 ], [ 15399919.63, 4989588.660000000149012 ] ] } },
{ "type": "Feature", "properties": { "type": 36, "Name": null, "VALIDATION_ERRORS": "" }, "geometry": { "type": "LineString", "coordinates": [ [ 15394677.35, 4996971.21999999973923 ], [ 15395029.52, 4996828.200000000186265 ], [ 15395381.86, 4996685.700000000186265 ], [ 15395734.68, 4996544.179999999701977 ], [ 15396088.31, 4996404.120000000111759 ], [ 15396443.07, 4996265.980000000447035 ], [ 15396799.27, 4996130.230000000447035 ], [ 15397157.23, 4995997.349999999627471 ], [ 15397503.0, 4995873.509999999776483 ], [ 15397851.01, 4995757.08 ], [ 15398201.92, 4995652.309999999590218 ], [ 15398556.41, 4995563.440000000409782 ], [ 15398915.13, 4995494.71 ], [ 15399310.31, 4995444.740000000223517 ], [ 15399708.24, 4995410.78000000026077 ], [ 15400106.35, 4995379.809999999590218 ], [ 15400502.05, 4995338.820000000298023 ], [ 15400892.75, 4995274.799999999813735 ], [ 15401245.24, 4995187.54 ], [ 15401592.54, 4995077.120000000111759 ], [ 15401936.24, 4994950.639999999664724 ], [ 15402277.95, 4994815.21 ], [ 15402619.25, 4994677.92 ], [ 15402994.25, 4994532.019999999552965 ], [ 15403370.1, 4994391.46 ], [ 15403746.67, 4994255.179999999701977 ], [ 15404123.84, 4994122.08 ], [ 15404501.46, 4993991.089999999850988 ], [ 15404879.4, 4993861.120000000111759 ] ] } },
{ "type": "Feature", "properties": { "type": 37, "Name": null, "VALIDATION_ERRORS": "" }, "geometry": { "type": "LineString", "coordinates": [ [ 15403780.71, 4990311.21 ], [ 15404011.75, 4989992.940000000409782 ], [ 15404234.27, 4989669.990000000223517 ], [ 15404439.92, 4989337.339999999850988 ], [ 15404631.02, 4988974.200000000186265 ], [ 15404800.37, 4988599.299999999813735 ], [ 15404954.29, 4988216.429999999701977 ], [ 15405099.13, 4987829.410000000149012 ], [ 15405240.79, 4987439.879999999888241 ], [ 15405380.05, 4987050.400000000372529 ], [ 15405517.55, 4986660.92 ], [ 15405653.9, 4986271.370000000111759 ], [ 15405789.73, 4985881.679999999701977 ] ] } },
{ "type": "Feature", "properties": { "type": 38, "Name": null, "VALIDATION_ERRORS": "" }, "geometry": { "type": "LineString", "coordinates": [ [ 15401865.87, 4992981.5 ], [ 15402211.57, 4993037.769999999552965 ], [ 15402557.07, 4993095.650000000372529 ], [ 15402902.38, 4993156.799999999813735 ], [ 15403247.48, 4993222.910000000149012 ], [ 15403592.37, 4993295.650000000372529 ], [ 15403968.03, 4993386.179999999701977 ], [ 15404336.41, 4993497.639999999664724 ], [ 15404691.05, 4993641.21999999973923 ], [ 15405090.73, 4993861.480000000447035 ], [ 15405475.82, 4994112.440000000409782 ] ] } },
{ "type": "Feature", "properties": { "type": 39, "Name": null, "VALIDATION_ERRORS": "" }, "geometry": { "type": "LineString", "coordinates": [ [ 15405538.61, 4995651.78000000026077 ], [ 15405153.37, 4995638.33 ], [ 15404768.52, 4995620.849999999627471 ], [ 15404384.18, 4995595.28000000026077 ], [ 15404000.45, 4995557.54 ], [ 15403637.09, 4995505.96 ], [ 15403278.46, 4995431.879999999888241 ], [ 15402966.44, 4995342.839999999850988 ], [ 15402659.59, 4995235.889999999664724 ], [ 15402356.12, 4995116.980000000447035 ], [ 15402054.22, 4994992.070000000298023 ] ] } },
{ "type": "Feature", "properties": { "type": 40, "Name": null, "VALIDATION_ERRORS": "" }, "geometry": { "type": "LineString", "coordinates": [ [ 15404785.22, 5004290.950000000186265 ], [ 15404581.48, 5003947.46999999973923 ], [ 15404383.25, 5003602.809999999590218 ], [ 15404196.05, 5003255.629999999888241 ], [ 15404025.38, 5002904.599999999627471 ], [ 15403876.74, 5002548.389999999664724 ], [ 15403755.66, 5002185.67 ], [ 15403667.62, 5001815.120000000111759 ], [ 15403618.15, 5001435.400000000372529 ], [ 15403618.11, 5001434.900000000372529 ], [ 15403629.41, 5001588.339999999850988 ], [ 15403603.8, 5001240.610000000335276 ], [ 15403578.5, 5000890.190000000409782 ], [ 15403553.7, 5000535.660000000149012 ], [ 15403529.59, 5000175.559999999590218 ], [ 15403512.07, 4999828.96 ], [ 15403523.54, 4999489.519999999552965 ], [ 15403592.37, 4999170.28000000026077 ], [ 15403791.94, 4998803.360000000335276 ], [ 15404081.21, 4998474.25 ], [ 15404408.53, 4998165.0 ], [ 15404768.91, 4997824.75 ], [ 15405116.33, 4997486.759999999776483 ], [ 15405455.15, 4997150.179999999701977 ], [ 15405789.73, 4996814.139999999664724 ] ] } },
{ "type": "Feature", "properties": { "type": 41, "Name": null, "VALIDATION_ERRORS": "" }, "geometry": { "type": "LineString", "coordinates": [ [ 15388807.26, 5003536.980000000447035 ], [ 15389177.32, 5003446.389999999664724 ], [ 15389547.52, 5003361.429999999701977 ], [ 15389918.17, 5003287.78000000026077 ], [ 15390289.6, 5003231.120000000111759 ], [ 15390662.1, 5003197.099999999627471 ], [ 15391036.01, 5003191.42 ], [ 15391394.53, 5003216.389999999664724 ], [ 15391751.25, 5003269.660000000149012 ], [ 15392103.3, 5003348.490000000223517 ], [ 15392489.7, 5003463.690000000409782 ], [ 15392867.78, 5003602.410000000149012 ], [ 15393239.29, 5003759.589999999850988 ], [ 15393606.0, 5003930.120000000111759 ], [ 15393969.66, 5004108.940000000409782 ], [ 15394332.05, 5004290.950000000186265 ], [ 15394695.47, 5004472.410000000149012 ], [ 15395059.07, 5004652.120000000111759 ], [ 15395422.84, 5004830.259999999776483 ], [ 15395786.77, 5005007.049999999813735 ], [ 15396150.86, 5005182.660000000149012 ], [ 15396515.1, 5005357.320000000298023 ], [ 15396879.48, 5005531.200000000186265 ], [ 15397243.99, 5005704.509999999776483 ], [ 15397608.63, 5005877.440000000409782 ], [ 15397973.4, 5006050.200000000186265 ] ] } },
{ "type": "Feature", "properties": { "type": 42, "Name": null, "VALIDATION_ERRORS": "" }, "geometry": { "type": "LineString", "coordinates": [ [ 15390879.05, 5004510.849999999627471 ], [ 15391211.23, 5004591.240000000223517 ], [ 15391541.89, 5004675.04 ], [ 15391869.69, 5004765.78000000026077 ], [ 15392193.3, 5004866.96 ], [ 15392511.38, 5004982.08 ], [ 15392894.76, 5005146.620000000111759 ], [ 15393268.96, 5005333.019999999552965 ], [ 15393635.71, 5005536.79 ], [ 15393996.77, 5005753.429999999701977 ], [ 15394353.87, 5005978.42 ], [ 15394708.74, 5006207.269999999552965 ], [ 15395063.48, 5006436.679999999701977 ], [ 15395417.52, 5006665.400000000372529 ], [ 15395771.0, 5006893.549999999813735 ], [ 15396124.01, 5007121.21999999973923 ], [ 15396476.7, 5007348.53000000026077 ], [ 15396829.17, 5007575.589999999850988 ], [ 15397181.54, 5007802.490000000223517 ], [ 15397533.93, 5008029.349999999627471 ] ] } },
{ "type": "Feature", "properties": { "type": 43, "Name": null, "VALIDATION_ERRORS": "" }, "geometry": { "type": "LineString", "coordinates": [ [ 15397596.71, 5011799.17 ], [ 15397503.96, 5011423.070000000298023 ], [ 15397412.45, 5011046.870000000111759 ], [ 15397323.36, 5010670.21999999973923 ], [ 15397237.9, 5010292.79 ], [ 15397157.23, 5009914.259999999776483 ], [ 15397079.16, 5009518.25 ], [ 15397006.58, 5009121.269999999552965 ], [ 15396938.4, 5008723.46999999973923 ], [ 15396873.51, 5008325.0 ], [ 15396810.8, 5007926.03000000026077 ], [ 15396749.15, 5007526.71 ] ] } },
{ "type": "Feature", "properties": { "type": 44, "Name": null, "VALIDATION_ERRORS": "" }, "geometry": { "type": "LineString", "coordinates": [ [ 15391036.01, 5013181.429999999701977 ], [ 15391375.05, 5013173.370000000111759 ], [ 15391713.3, 5013161.349999999627471 ], [ 15392050.08, 5013141.33 ], [ 15392384.73, 5013109.28000000026077 ], [ 15392716.61, 5013061.160000000149012 ], [ 15393045.03, 5012992.940000000409782 ], [ 15393413.85, 5012886.849999999627471 ], [ 15393774.11, 5012751.049999999813735 ], [ 15394122.97, 5012586.96999999973923 ], [ 15394457.62, 5012396.049999999813735 ], [ 15394825.54, 5012143.160000000149012 ], [ 15395171.85, 5011861.599999999627471 ], [ 15395498.49, 5011556.679999999701977 ], [ 15395807.43, 5011233.690000000409782 ], [ 15396081.69, 5010920.139999999664724 ], [ 15396344.65, 5010597.849999999627471 ], [ 15396599.18, 5010268.980000000447035 ], [ 15396848.15, 5009935.679999999701977 ], [ 15397094.45, 5009600.110000000335276 ] ] } },
{ "type": "Feature", "properties": { "type": 45, "Name": null, "VALIDATION_ERRORS": "" }, "geometry": { "type": "LineString", "coordinates": [ [ 15391318.53, 5014186.71999999973923 ], [ 15391699.04, 5014158.559999999590218 ], [ 15392079.48, 5014131.21 ], [ 15392459.88, 5014105.490000000223517 ], [ 15392840.32, 5014082.200000000186265 ], [ 15393220.83, 5014062.160000000149012 ], [ 15393601.49, 5014046.179999999701977 ], [ 15393982.34, 5014035.070000000298023 ], [ 15394363.44, 5014029.639999999664724 ], [ 15394567.47, 5014029.179999999701977 ], [ 15394771.53, 5014029.639999999664724 ] ] } },
{ "type": "Feature", "properties": { "type": 46, "Name": null, "VALIDATION_ERRORS": "" }, "geometry": { "type": "LineString", "coordinates": [ [ 15391695.22, 5015694.639999999664724 ], [ 15392096.45, 5015660.79 ], [ 15392494.03, 5015615.389999999664724 ], [ 15392884.6, 5015546.79 ], [ 15393264.76, 5015443.320000000298023 ], [ 15393662.23, 5015284.08 ], [ 15394047.75, 5015089.320000000298023 ], [ 15394426.23, 5014877.849999999627471 ], [ 15394787.8, 5014673.120000000111759 ], [ 15395148.22, 5014469.450000000186265 ] ] } },
{ "type": "Feature", "properties": { "type": 47, "Name": null, "VALIDATION_ERRORS": "" }, "geometry": { "type": "LineString", "coordinates": [ [ 15396686.37, 5019213.139999999664724 ], [ 15396661.15, 5018873.889999999664724 ], [ 15396637.57, 5018534.54 ], [ 15396617.25, 5018194.849999999627471 ], [ 15396601.83, 5017854.559999999590218 ], [ 15396592.93, 5017513.410000000149012 ], [ 15396592.2, 5017171.160000000149012 ], [ 15396599.77, 5016822.96999999973923 ], [ 15396608.92, 5016474.92 ], [ 15396611.15, 5016128.179999999701977 ], [ 15396597.95, 5015783.929999999701977 ], [ 15396560.81, 5015443.320000000298023 ], [ 15396496.2, 5015109.339999999850988 ], [ 15396417.13, 5014775.839999999850988 ], [ 15396341.07, 5014438.04 ], [ 15396292.92, 5014153.769999999552965 ], [ 15396268.69, 5013869.21999999973923 ], [ 15396278.29, 5013589.83 ], [ 15396366.06, 5013197.21999999973923 ], [ 15396529.26, 5012823.490000000223517 ], [ 15396749.02, 5012463.849999999627471 ], [ 15397006.48, 5012113.53000000026077 ], [ 15397282.8, 5011767.75 ] ] } },
{ "type": "Feature", "properties": { "type": 48, "Name": null, "VALIDATION_ERRORS": "" }, "geometry": { "type": "LineString", "coordinates": [ [ 15396215.51, 5011390.769999999552965 ], [ 15396545.88, 5011454.79 ], [ 15396872.73, 5011527.71 ], [ 15397192.73, 5011618.549999999813735 ], [ 15397502.53, 5011736.339999999850988 ], [ 15397873.13, 5011932.179999999701977 ], [ 15398218.54, 5012176.0 ], [ 15398535.55, 5012459.160000000149012 ], [ 15398820.95, 5012773.04 ], [ 15399088.66, 5013132.71999999973923 ], [ 15399324.32, 5013512.259999999776483 ], [ 15399535.99, 5013906.740000000223517 ], [ 15399731.74, 5014311.21999999973923 ], [ 15399919.63, 5014720.769999999552965 ] ] } },
{ "type": "Feature", "properties": { "type": 49, "Name": null, "VALIDATION_ERRORS": "" }, "geometry": { "type": "LineString", "coordinates": [ [ 15402399.52, 5022857.299999999813735 ], [ 15402280.6, 5022478.110000000335276 ], [ 15402162.6, 5022098.839999999850988 ], [ 15402046.35, 5021719.29 ], [ 15401932.68, 5021339.230000000447035 ], [ 15401822.44, 5020958.480000000447035 ], [ 15401716.44, 5020576.839999999850988 ], [ 15401615.54, 5020194.08 ], [ 15401520.57, 5019810.03000000026077 ], [ 15401433.33, 5019431.509999999776483 ], [ 15401349.98, 5019052.240000000223517 ], [ 15401267.73, 5018672.71 ], [ 15401183.81, 5018293.389999999664724 ], [ 15401095.43, 5017914.78000000026077 ], [ 15400999.8, 5017537.370000000111759 ], [ 15400894.15, 5017161.639999999664724 ], [ 15400775.68, 5016788.089999999850988 ], [ 15400641.62, 5016417.190000000409782 ], [ 15400505.23, 5016092.0 ], [ 15400341.99, 5015783.660000000149012 ], [ 15400139.37, 5015506.150000000372529 ], [ 15399857.51, 5015240.570000000298023 ], [ 15399542.94, 5015003.509999999776483 ] ] } },
{ "type": "Feature", "properties": { "type": 50, "Name": null, "VALIDATION_ERRORS": "" }, "geometry": { "type": "LineString", "coordinates": [ [ 15401395.01, 5015192.0 ], [ 15401399.2, 5015193.79 ], [ 15401941.14, 5015413.860000000335276 ], [ 15402489.23, 5015617.129999999888241 ], [ 15403042.5, 5015806.410000000149012 ], [ 15403599.94, 5015984.53000000026077 ], [ 15404160.58, 5016154.29 ], [ 15404723.42, 5016318.519999999552965 ], [ 15405287.48, 5016480.019999999552965 ] ] } },
{ "type": "Feature", "properties": { "type": 51, "Name": null, "VALIDATION_ERRORS": "" }, "geometry": { "type": "LineString", "coordinates": [ [ 15402273.95, 5015506.150000000372529 ], [ 15402596.21, 5015351.71999999973923 ], [ 15402918.16, 5015196.259999999776483 ], [ 15403239.77, 5015038.679999999701977 ], [ 15403560.98, 5014877.849999999627471 ], [ 15403880.34, 5014716.309999999590218 ], [ 15404203.21, 5014564.950000000186265 ], [ 15404534.1, 5014438.04 ], [ 15404902.94, 5014339.639999999664724 ], [ 15405281.13, 5014271.379999999888241 ], [ 15405664.17, 5014218.129999999888241 ] ] } },
{ "type": "Feature", "properties": { "type": 52, "Name": null, "VALIDATION_ERRORS": "" }, "geometry": { "type": "LineString", "coordinates": [ [ 15395650.47, 5006835.570000000298023 ], [ 15395713.25, 5005013.5 ] ] } },
{ "type": "Feature", "properties": { "type": 53, "Name": null, "VALIDATION_ERRORS": "" }, "geometry": { "type": "LineString", "coordinates": [ [ 15399333.67, 5004081.509999999776483 ], [ 15399080.95, 5004105.53000000026077 ], [ 15398830.78, 5004121.46999999973923 ], [ 15398585.6, 5004121.21 ], [ 15398347.83, 5004096.629999999888241 ], [ 15398119.89, 5004039.629999999888241 ], [ 15397865.52, 5003925.490000000223517 ], [ 15397621.5, 5003775.870000000111759 ], [ 15397380.78, 5003611.53000000026077 ], [ 15397136.31, 5003453.21 ], [ 15396907.77, 5003329.46 ], [ 15396672.28, 5003223.28000000026077 ], [ 15396431.41, 5003130.339999999850988 ], [ 15396186.75, 5003046.320000000298023 ], [ 15395939.86, 5002966.900000000372529 ], [ 15395692.33, 5002887.740000000223517 ], [ 15395462.98, 5002812.129999999888241 ], [ 15395233.73, 5002738.17 ], [ 15395003.57, 5002670.929999999701977 ], [ 15394771.53, 5002615.46999999973923 ], [ 15394520.13, 5002573.440000000409782 ], [ 15394266.13, 5002548.049999999813735 ], [ 15394009.96, 5002536.54 ], [ 15393752.02, 5002536.110000000335276 ], [ 15393492.74, 5002544.0 ], [ 15393232.52, 5002557.42 ], [ 15392971.78, 5002573.589999999850988 ] ] } },
{ "type": "Feature", "properties": { "type": 54, "Name": null, "VALIDATION_ERRORS": "" }, "geometry": { "type": "LineString", "coordinates": [ [ 15394352.98, 5004290.950000000186265 ], [ 15394206.49, 5002594.53000000026077 ] ] } },
{ "type": "Feature", "properties": { "type": 55, "Name": null, "VALIDATION_ERRORS": "" }, "geometry": { "type": "LineString", "coordinates": [ [ 15395524.91, 5004898.309999999590218 ], [ 15395483.05, 5002866.79 ] ] } },
{ "type": "Feature", "properties": { "type": 56, "Name": null, "VALIDATION_ERRORS": "" }, "geometry": { "type": "LineString", "coordinates": [ [ 15397471.14, 5005798.870000000111759 ], [ 15397533.93, 5003746.42 ] ] } },
{ "type": "Feature", "properties": { "type": 57, "Name": null, "VALIDATION_ERRORS": "" }, "geometry": { "type": "LineString", "coordinates": [ [ 15397826.91, 5003872.08 ], [ 15398000.4, 5003659.71 ], [ 15398179.76, 5003454.820000000298023 ], [ 15398371.02, 5003264.71999999973923 ], [ 15398597.18, 5003081.440000000409782 ], [ 15398840.73, 5002920.099999999627471 ], [ 15399098.2, 5002776.299999999813735 ], [ 15399366.15, 5002645.629999999888241 ], [ 15399641.11, 5002523.679999999701977 ], [ 15399919.63, 5002406.04 ] ] } },
{ "type": "Feature", "properties": { "type": 58, "Name": null, "VALIDATION_ERRORS": "" }, "geometry": { "type": "LineString", "coordinates": [ [ 15397952.47, 5007558.120000000111759 ], [ 15397765.19, 5007310.46999999973923 ], [ 15397582.38, 5007060.129999999888241 ], [ 15397408.36, 5006804.160000000149012 ], [ 15397256.22, 5006557.360000000335276 ], [ 15397113.46, 5006304.809999999590218 ], [ 15396977.71, 5006047.889999999664724 ], [ 15396846.6, 5005788.019999999552965 ], [ 15396717.76, 5005526.610000000335276 ] ] } },
{ "type": "Feature", "properties": { "type": 59, "Name": null, "VALIDATION_ERRORS": "" }, "geometry": { "type": "LineString", "coordinates": [ [ 15399637.12, 5011202.28000000026077 ], [ 15400022.14, 5011149.589999999850988 ], [ 15400407.02, 5011096.700000000186265 ], [ 15400791.76, 5011043.379999999888241 ], [ 15401176.37, 5010989.410000000149012 ], [ 15401560.83, 5010934.559999999590218 ], [ 15401945.17, 5010878.599999999627471 ], [ 15402329.36, 5010821.309999999590218 ], [ 15402713.42, 5010762.46999999973923 ], [ 15403110.5, 5010699.809999999590218 ], [ 15403507.22, 5010635.519999999552965 ], [ 15403903.64, 5010569.83 ], [ 15404299.84, 5010502.96999999973923 ], [ 15404695.89, 5010435.17 ], [ 15405091.87, 5010366.660000000149012 ], [ 15405487.85, 5010297.660000000149012 ], [ 15405883.91, 5010228.410000000149012 ] ] } },
{ "type": "Feature", "properties": { "type": 60, "Name": null, "VALIDATION_ERRORS": "" }, "geometry": { "type": "LineString", "coordinates": [ [ 15405789.73, 5013998.230000000447035 ], [ 15405444.13, 5013734.570000000298023 ], [ 15405098.7, 5013470.940000000409782 ], [ 15404753.42, 5013207.179999999701977 ], [ 15404408.27, 5012943.179999999701977 ], [ 15404063.23, 5012678.79 ], [ 15403675.43, 5012380.980000000447035 ], [ 15403288.05, 5012082.870000000111759 ], [ 15402900.97, 5011784.509999999776483 ], [ 15402514.06, 5011485.910000000149012 ], [ 15402127.22, 5011187.099999999627471 ], [ 15401740.31, 5010888.129999999888241 ] ] } },
{ "type": "Feature", "properties": { "type": 61, "Name": null, "VALIDATION_ERRORS": "" }, "geometry": { "type": "LineString", "coordinates": [ [ 15397816.44, 5009380.200000000186265 ], [ 15397822.67, 5009036.25 ], [ 15397835.14, 5008693.549999999813735 ], [ 15397860.2, 5008353.190000000409782 ], [ 15397904.17, 5008016.240000000223517 ], [ 15397973.4, 5007683.78000000026077 ], [ 15398092.49, 5007302.71 ], [ 15398250.72, 5006934.610000000335276 ], [ 15398444.26, 5006584.25 ], [ 15398713.72, 5006194.160000000149012 ], [ 15399012.37, 5005825.53000000026077 ], [ 15399325.18, 5005467.120000000111759 ], [ 15399637.12, 5005107.740000000223517 ], [ 15399905.88, 5004777.910000000149012 ], [ 15400166.0, 5004441.83 ], [ 15400421.89, 5004102.46 ] ] } },
{ "type": "Feature", "properties": { "type": 62, "Name": null, "VALIDATION_ERRORS": "" }, "geometry": { "type": "LineString", "coordinates": [ [ 15398475.65, 5007558.120000000111759 ], [ 15398769.26, 5007184.379999999888241 ], [ 15399067.75, 5006815.71999999973923 ], [ 15399376.25, 5006456.980000000447035 ], [ 15399699.9, 5006113.03000000026077 ], [ 15400064.32, 5005766.379999999888241 ], [ 15400443.52, 5005434.110000000335276 ], [ 15400829.97, 5005107.740000000223517 ], [ 15401144.05, 5004843.879999999888241 ], [ 15401460.94, 5004584.519999999552965 ], [ 15401784.1, 5004335.450000000186265 ], [ 15401787.24, 5004333.25 ], [ 15402142.97, 5004097.519999999552965 ], [ 15402508.65, 5003878.049999999813735 ], [ 15402882.34, 5003671.549999999813735 ], [ 15403262.08, 5003474.75 ], [ 15403645.9, 5003284.379999999888241 ], [ 15404031.84, 5003097.17 ] ] } },
{ "type": "Feature", "properties": { "type": 63, "Name": null, "VALIDATION_ERRORS": "" }, "geometry": { "type": "LineString", "coordinates": [ [ 15398569.83, 5008060.759999999776483 ], [ 15398957.1, 5008420.33 ], [ 15399340.03, 5008783.610000000335276 ], [ 15399714.56, 5009154.589999999850988 ], [ 15400076.59, 5009537.28000000026077 ], [ 15400378.08, 5009880.610000000335276 ], [ 15400669.98, 5010232.519999999552965 ], [ 15400955.54, 5010590.230000000447035 ], [ 15401238.05, 5010950.96 ] ] } },
{ "type": "Feature", "properties": { "type": 64, "Name": null, "VALIDATION_ERRORS": "" }, "geometry": { "type": "LineString", "coordinates": [ [ 15399574.33, 5008626.240000000223517 ], [ 15399907.47, 5008222.660000000149012 ], [ 15400245.09, 5007824.25 ], [ 15400591.94, 5007436.0 ], [ 15400952.73, 5007062.889999999664724 ], [ 15401332.22, 5006709.910000000149012 ], [ 15401641.43, 5006452.28000000026077 ], [ 15401961.13, 5006206.46999999973923 ], [ 15402288.14, 5005968.92 ], [ 15402619.25, 5005736.04 ], [ 15402947.02, 5005508.570000000298023 ], [ 15403276.26, 5005284.059999999590218 ], [ 15403608.01, 5005064.129999999888241 ], [ 15403943.25, 5004850.410000000149012 ], [ 15404283.0, 5004644.5 ], [ 15404675.62, 5004422.839999999850988 ], [ 15404676.81, 5004422.200000000186265 ], [ 15405060.04, 5004221.410000000149012 ], [ 15405445.49, 5004025.379999999888241 ], [ 15405833.05, 5003833.860000000335276 ], [ 15406031.9, 5003738.259999999776483 ], [ 15406033.2, 5003737.639999999664724 ], [ 15406358.69, 5003610.549999999813735 ], [ 15406697.82, 5003520.96999999973923 ], [ 15407044.0, 5003450.299999999813735 ], [ 15407390.67, 5003379.910000000149012 ], [ 15407728.87, 5003296.17 ], [ 15408062.43, 5003199.370000000111759 ], [ 15408393.11, 5003094.230000000447035 ], [ 15408722.64, 5002985.46 ], [ 15409052.76, 5002877.79 ], [ 15409054.39, 5002877.269999999552965 ], [ 15409054.39, 5002877.269999999552965 ], [ 15409055.93, 5002876.639999999664724 ], [ 15409453.75, 5002674.940000000409782 ], [ 15409826.4, 5002425.21999999973923 ], [ 15410190.11, 5002157.900000000372529 ], [ 15410561.15, 5001903.400000000372529 ], [ 15410886.49, 5001718.519999999552965 ], [ 15411224.39, 5001557.589999999850988 ], [ 15411571.31, 5001414.17 ], [ 15411923.71, 5001281.820000000298023 ], [ 15412278.03, 5001154.120000000111759 ], [ 15412630.73, 5001024.610000000335276 ], [ 15412632.95, 5001023.769999999552965 ] ] } },
{ "type": "Feature", "properties": { "type": 65, "Name": null, "VALIDATION_ERRORS": "" }, "geometry": { "type": "LineString", "coordinates": [ [ 15405036.35, 5004416.610000000335276 ], [ 15405067.17, 5004776.08 ], [ 15405110.74, 5005129.900000000372529 ], [ 15405179.9, 5005472.639999999664724 ], [ 15405287.48, 5005798.870000000111759 ], [ 15405498.16, 5006192.79 ], [ 15405775.39, 5006555.360000000335276 ], [ 15406099.02, 5006893.110000000335276 ], [ 15406448.94, 5007212.559999999590218 ], [ 15406804.76, 5007523.110000000335276 ], [ 15407138.48, 5007841.08 ], [ 15407422.06, 5008186.429999999701977 ], [ 15407595.82, 5008489.04 ], [ 15407729.08, 5008815.809999999590218 ], [ 15407830.21, 5009161.730000000447035 ], [ 15407907.6, 5009521.79 ], [ 15407969.65, 5009891.0 ], [ 15408024.74, 5010264.339999999850988 ], [ 15408081.27, 5010636.809999999590218 ], [ 15408152.23, 5011039.679999999701977 ], [ 15408230.25, 5011436.660000000149012 ], [ 15408310.64, 5011829.259999999776483 ], [ 15408388.69, 5012218.940000000409782 ], [ 15408459.71, 5012607.21 ], [ 15408518.98, 5012995.53000000026077 ], [ 15408561.82, 5013385.410000000149012 ], [ 15408583.52, 5013778.320000000298023 ], [ 15408581.84, 5014131.96 ], [ 15408560.04, 5014486.820000000298023 ], [ 15408518.59, 5014840.839999999850988 ], [ 15408457.96, 5015192.0 ], [ 15408378.32, 5015541.25 ], [ 15408282.63, 5015885.879999999888241 ], [ 15408173.86, 5016226.690000000409782 ], [ 15408054.98, 5016564.450000000186265 ], [ 15407928.95, 5016899.96 ], [ 15407798.75, 5017233.990000000223517 ], [ 15407643.78, 5017625.04 ], [ 15407487.5, 5018015.019999999552965 ], [ 15407330.21, 5018404.240000000223517 ], [ 15407172.26, 5018793.03000000026077 ], [ 15407013.98, 5019181.71999999973923 ] ] } },
{ "type": "Feature", "properties": { "type": 66, "Name": null, "VALIDATION_ERRORS": "" }, "geometry": { "type": "LineString", "coordinates": [ [ 15408552.13, 5015129.17 ], [ 15408579.12, 5015476.08 ], [ 15408602.51, 5015822.549999999813735 ], [ 15408618.68, 5016168.349999999627471 ], [ 15408624.02, 5016513.25 ], [ 15408614.91, 5016857.0 ], [ 15408582.9, 5017255.320000000298023 ], [ 15408530.16, 5017651.759999999776483 ], [ 15408460.41, 5018046.71 ], [ 15408377.37, 5018440.559999999590218 ], [ 15408284.76, 5018833.700000000186265 ], [ 15408186.29, 5019226.519999999552965 ], [ 15408085.68, 5019619.400000000372529 ], [ 15407986.65, 5020012.740000000223517 ], [ 15407892.92, 5020406.910000000149012 ], [ 15407807.6, 5020801.58 ], [ 15407730.58, 5021197.179999999701977 ], [ 15407661.18, 5021593.639999999664724 ], [ 15407598.71, 5021990.910000000149012 ], [ 15407542.46, 5022388.889999999664724 ], [ 15407491.76, 5022787.53000000026077 ], [ 15407445.9, 5023186.759999999776483 ], [ 15407404.2, 5023586.490000000223517 ], [ 15407365.95, 5023986.679999999701977 ], [ 15407330.48, 5024387.230000000447035 ], [ 15407297.07, 5024788.08 ], [ 15407265.05, 5025189.17 ], [ 15407233.71, 5025590.410000000149012 ] ] } },
{ "type": "Feature", "properties": { "type": 67, "Name": null, "VALIDATION_ERRORS": "" }, "geometry": { "type": "LineString", "coordinates": [ [ 15408677.7, 5018207.849999999627471 ], [ 15408964.14, 5018538.700000000186265 ], [ 15409248.06, 5018871.070000000298023 ], [ 15409527.02, 5019206.67 ], [ 15409798.61, 5019547.190000000409782 ], [ 15410060.42, 5019894.349999999627471 ], [ 15410310.02, 5020249.839999999850988 ], [ 15410551.5, 5020623.820000000298023 ], [ 15410780.52, 5021006.019999999552965 ], [ 15411000.22, 5021394.440000000409782 ], [ 15411213.7, 5021787.089999999850988 ], [ 15411424.09, 5022181.96 ], [ 15411634.51, 5022577.059999999590218 ], [ 15411848.07, 5022970.389999999664724 ], [ 15412067.91, 5023359.940000000409782 ], [ 15412272.43, 5023705.009999999776483 ], [ 15412482.87, 5024046.160000000149012 ], [ 15412697.77, 5024384.410000000149012 ], [ 15412915.7, 5024720.799999999813735 ], [ 15413135.2, 5025056.360000000335276 ] ] } },
{ "type": "Feature", "properties": { "type": 68, "Name": null, "VALIDATION_ERRORS": "" }, "geometry": { "type": "LineString", "coordinates": [ [ 15411848.18, 5021757.769999999552965 ], [ 15415520.91, 5024428.049999999813735 ] ] } },
{ "type": "Feature", "properties": { "type": 69, "Name": null, "VALIDATION_ERRORS": "" }, "geometry": { "type": "LineString", "coordinates": [ [ 15405883.91, 5005170.570000000298023 ], [ 15406260.72, 5005155.410000000149012 ], [ 15406637.41, 5005140.17 ], [ 15407014.03, 5005124.730000000447035 ], [ 15407390.64, 5005109.009999999776483 ], [ 15407767.3, 5005092.910000000149012 ], [ 15408144.05, 5005076.33 ], [ 15408481.58, 5005061.019999999552965 ], [ 15408818.97, 5005045.370000000111759 ], [ 15409156.36, 5005029.490000000223517 ], [ 15409493.86, 5005013.5 ] ] } },
{ "type": "Feature", "properties": { "type": 70, "Name": null, "VALIDATION_ERRORS": "" }, "geometry": { "type": "LineString", "coordinates": [ [ 15404942.18, 5009914.259999999776483 ], [ 15404954.59, 5009541.429999999701977 ], [ 15404966.01, 5009168.730000000447035 ], [ 15404975.46, 5008796.160000000149012 ], [ 15404981.93, 5008423.700000000186265 ], [ 15404984.43, 5008051.33 ], [ 15404981.98, 5007679.04 ], [ 15404973.57, 5007306.799999999813735 ], [ 15404958.32, 5006929.400000000372529 ], [ 15404937.12, 5006552.299999999813735 ], [ 15404911.16, 5006175.400000000372529 ], [ 15404881.63, 5005798.589999999850988 ], [ 15404849.72, 5005421.799999999813735 ], [ 15404816.61, 5005044.910000000149012 ] ] } },
{ "type": "Feature", "properties": { "type": 71, "Name": null, "VALIDATION_ERRORS": "" }, "geometry": { "type": "LineString", "coordinates": [ [ 15411220.36, 5010416.900000000372529 ], [ 15411080.24, 5010058.42 ], [ 15410941.75, 5009699.570000000298023 ], [ 15410806.46, 5009339.78000000026077 ], [ 15410675.96, 5008978.5 ], [ 15410551.8, 5008615.179999999701977 ], [ 15410435.59, 5008249.259999999776483 ], [ 15410321.91, 5007857.28000000026077 ], [ 15410216.98, 5007462.769999999552965 ], [ 15410118.65, 5007066.33 ], [ 15410024.81, 5006668.58 ], [ 15409933.33, 5006270.099999999627471 ], [ 15409854.49, 5005924.309999999590218 ], [ 15409775.86, 5005578.700000000186265 ], [ 15409697.39, 5005233.200000000186265 ], [ 15409619.04, 5004887.75 ], [ 15409540.75, 5004542.28000000026077 ], [ 15409462.47, 5004196.700000000186265 ] ] } },
{ "type": "Feature", "properties": { "type": 72, "Name": null, "VALIDATION_ERRORS": "" }, "geometry": { "type": "LineString", "coordinates": [ [ 15409744.99, 5000678.21 ], [ 15409964.72, 5002248.96 ] ] } },
{ "type": "Feature", "properties": { "type": 73, "Name": null, "VALIDATION_ERRORS": "" }, "geometry": { "type": "LineString", "coordinates": [ [ 15409682.2, 5014595.110000000335276 ], [ 15409713.07, 5014210.660000000149012 ], [ 15409743.98, 5013826.120000000111759 ], [ 15409775.01, 5013441.25 ], [ 15409806.25, 5013055.78000000026077 ], [ 15409837.76, 5012669.490000000223517 ], [ 15409869.63, 5012282.110000000335276 ], [ 15409901.94, 5011893.410000000149012 ], [ 15409933.7, 5011533.740000000223517 ], [ 15409974.86, 5011176.179999999701977 ], [ 15410034.5, 5010823.820000000298023 ], [ 15410121.68, 5010479.730000000447035 ], [ 15410245.3, 5010139.21999999973923 ], [ 15410397.47, 5009807.910000000149012 ], [ 15410568.7, 5009482.660000000149012 ], [ 15410749.49, 5009160.29 ] ] } },
{ "type": "Feature", "properties": { "type": 74, "Name": null, "VALIDATION_ERRORS": "" }, "geometry": { "type": "LineString", "coordinates": [ [ 15412695.73, 5018522.009999999776483 ], [ 15412738.74, 5018131.21 ], [ 15412781.97, 5017740.559999999590218 ], [ 15412825.65, 5017350.04 ], [ 15412870.02, 5016959.629999999888241 ], [ 15412915.32, 5016569.309999999590218 ], [ 15412961.78, 5016179.070000000298023 ], [ 15413009.64, 5015788.889999999664724 ], [ 15413055.84, 5015423.839999999850988 ], [ 15413103.31, 5015059.03000000026077 ], [ 15413151.91, 5014694.429999999701977 ], [ 15413201.49, 5014330.0 ], [ 15413251.92, 5013965.690000000409782 ], [ 15413303.05, 5013601.480000000447035 ], [ 15413354.75, 5013237.320000000298023 ], [ 15413406.89, 5012873.160000000149012 ], [ 15413459.32, 5012508.980000000447035 ], [ 15413511.89, 5012144.730000000447035 ] ] } },
{ "type": "Feature", "properties": { "type": 75, "Name": null, "VALIDATION_ERRORS": "" }, "geometry": { "type": "LineString", "coordinates": [ [ 15413511.89, 5011170.860000000335276 ], [ 15413271.14, 5010837.96 ], [ 15413037.24, 5010501.990000000223517 ], [ 15412817.0, 5010159.700000000186265 ], [ 15412617.19, 5009807.809999999590218 ], [ 15412444.6, 5009443.03000000026077 ], [ 15412323.79, 5009123.46 ], [ 15412223.38, 5008795.320000000298023 ], [ 15412139.42, 5008461.179999999701977 ], [ 15412067.91, 5008123.589999999850988 ], [ 15411999.9, 5007752.929999999701977 ], [ 15411940.46, 5007381.730000000447035 ], [ 15411887.88, 5007010.08 ], [ 15411840.43, 5006638.049999999813735 ], [ 15411796.38, 5006265.71 ], [ 15411754.0, 5005893.120000000111759 ] ] } },
{ "type": "Feature", "properties": { "type": 76, "Name": null, "VALIDATION_ERRORS": "" }, "geometry": { "type": "LineString", "coordinates": [ [ 15415081.44, 5010699.639999999664724 ], [ 15414989.97, 5010321.549999999813735 ], [ 15414891.61, 5009946.96999999973923 ], [ 15414779.34, 5009579.230000000447035 ], [ 15414646.14, 5009221.650000000372529 ], [ 15414485.01, 5008877.559999999590218 ], [ 15414234.16, 5008462.269999999552965 ], [ 15413945.51, 5008066.980000000447035 ], [ 15413637.46, 5007683.78000000026077 ], [ 15413323.95, 5007304.200000000186265 ], [ 15413010.01, 5006927.820000000298023 ], [ 15412695.73, 5006552.839999999850988 ] ] } },
{ "type": "Feature", "properties": { "type": 77, "Name": null, "VALIDATION_ERRORS": "" }, "geometry": { "type": "LineString", "coordinates": [ [ 15415787.73, 5019118.889999999664724 ], [ 15417529.93, 5023878.29 ] ] } },
{ "type": "Feature", "properties": { "type": 78, "Name": null, "VALIDATION_ERRORS": "" }, "geometry": { "type": "LineString", "coordinates": [ [ 15411785.39, 5021710.639999999664724 ], [ 15415552.3, 5024443.759999999776483 ] ] } },
{ "type": "Feature", "properties": { "type": 79, "Name": null, "VALIDATION_ERRORS": "" }, "geometry": { "type": "LineString", "coordinates": [ [ 15407359.28, 5024255.269999999552965 ], [ 15407155.03, 5023693.92 ], [ 15406954.8, 5023131.71 ], [ 15406762.52, 5022567.440000000409782 ], [ 15406582.13, 5021999.900000000372529 ], [ 15406417.55, 5021427.910000000149012 ], [ 15406286.91, 5020915.629999999888241 ], [ 15406168.96, 5020400.089999999850988 ], [ 15406060.69, 5019882.049999999813735 ], [ 15405959.08, 5019362.21999999973923 ], [ 15405861.14, 5018841.360000000335276 ], [ 15405763.84, 5018320.190000000409782 ], [ 15405664.17, 5017799.46 ], [ 15405557.77, 5017269.83 ], [ 15405447.0, 5016741.549999999813735 ], [ 15405332.91, 5016214.179999999701977 ], [ 15405216.6, 5015687.33 ], [ 15405099.13, 5015160.589999999850988 ] ] } },
{ "type": "Feature", "properties": { "type": 80, "Name": null, "VALIDATION_ERRORS": "" }, "geometry": { "type": "LineString", "coordinates": [ [ 15415599.39, 5025480.46 ], [ 15416050.49, 5025093.389999999664724 ], [ 15416509.34, 5024719.860000000335276 ], [ 15416984.08, 5024373.200000000186265 ], [ 15417482.84, 5024066.78000000026077 ], [ 15417954.35, 5023834.009999999776483 ], [ 15418443.41, 5023633.519999999552965 ], [ 15418942.52, 5023454.179999999701977 ], [ 15419496.0, 5023270.190000000409782 ], [ 15420051.41, 5023096.639999999664724 ], [ 15420608.42, 5022931.42 ], [ 15421166.69, 5022772.410000000149012 ], [ 15421725.87, 5022617.509999999776483 ], [ 15422285.65, 5022464.610000000335276 ] ] } },
{ "type": "Feature", "properties": { "type": 81, "Name": null, "VALIDATION_ERRORS": "" }, "geometry": { "type": "LineString", "coordinates": [ [ 15418283.31, 5024962.110000000335276 ], [ 15421485.18, 5024632.25 ] ] } },
{ "type": "Feature", "properties": { "type": 82, "Name": null, "VALIDATION_ERRORS": "" }, "geometry": { "type": "LineString", "coordinates": [ [ 15405130.52, 4995651.78000000026077 ], [ 15405695.56, 4993358.480000000447035 ], [ 15405883.91, 4990562.53000000026077 ], [ 15405946.69, 4989054.610000000335276 ] ] } },
{ "type": "Feature", "properties": { "type": 83, "Name": null, "VALIDATION_ERRORS": "" }, "geometry": { "type": "LineString", "coordinates": [ [ 15404188.8, 4999924.240000000223517 ], [ 15404393.89, 4999543.71999999973923 ], [ 15404599.32, 4999163.519999999552965 ], [ 15404805.5, 4998783.879999999888241 ], [ 15405012.85, 4998405.03000000026077 ], [ 15405221.77, 4998027.21999999973923 ], [ 15405432.68, 4997650.690000000409782 ], [ 15405645.99, 4997275.679999999701977 ], [ 15405862.1, 4996902.429999999701977 ], [ 15406081.43, 4996531.179999999701977 ], [ 15406304.39, 4996162.179999999701977 ], [ 15406531.4, 4995795.67 ], [ 15406762.85, 4995431.879999999888241 ], [ 15407004.59, 4995062.230000000447035 ], [ 15407249.95, 4994694.950000000186265 ], [ 15407497.57, 4994329.150000000372529 ], [ 15407746.13, 4993963.92 ], [ 15407994.28, 4993598.370000000111759 ], [ 15408240.69, 4993231.599999999627471 ], [ 15408484.02, 4992862.700000000186265 ], [ 15408722.92, 4992490.79 ], [ 15408956.05, 4992114.950000000186265 ], [ 15409182.09, 4991734.29 ], [ 15409399.69, 4991347.910000000149012 ], [ 15409594.26, 4990982.849999999627471 ], [ 15409783.96, 4990614.809999999590218 ], [ 15409972.59, 4990246.379999999888241 ], [ 15410163.92, 4989880.160000000149012 ], [ 15410361.74, 4989518.740000000223517 ], [ 15410569.84, 4989164.700000000186265 ], [ 15410792.0, 4988820.629999999888241 ], [ 15411032.01, 4988489.129999999888241 ], [ 15411323.88, 4988136.620000000111759 ], [ 15411638.9, 4987802.0 ], [ 15411973.74, 4987483.849999999627471 ], [ 15412338.02, 4987171.410000000149012 ], [ 15412718.67, 4986879.429999999701977 ], [ 15413114.95, 4986611.740000000223517 ], [ 15413526.1, 4986372.129999999888241 ], [ 15413951.37, 4986164.410000000149012 ], [ 15414312.51, 4986018.900000000372529 ], [ 15414681.56, 4985895.21 ], [ 15415057.55, 4985790.610000000335276 ], [ 15415439.5, 4985702.360000000335276 ], [ 15415826.42, 4985627.71 ], [ 15416217.35, 4985563.940000000409782 ], [ 15416611.3, 4985508.29 ], [ 15417007.3, 4985458.04 ], [ 15417404.37, 4985410.450000000186265 ] ] } },
{ "type": "Feature", "properties": { "type": 84, "Name": null, "VALIDATION_ERRORS": "" }, "geometry": { "type": "LineString", "coordinates": [ [ 15410780.89, 4985473.28000000026077 ], [ 15411126.19, 4988269.230000000447035 ] ] } },
{ "type": "Feature", "properties": { "type": 85, "Name": null, "VALIDATION_ERRORS": "" }, "geometry": { "type": "LineString", "coordinates": [ [ 15420637.63, 5014013.929999999701977 ], [ 15420527.4, 5014584.900000000372529 ], [ 15420420.03, 5015155.879999999888241 ], [ 15420318.37, 5015727.099999999627471 ], [ 15420225.24, 5016298.809999999590218 ], [ 15420143.49, 5016871.269999999552965 ], [ 15420075.97, 5017444.700000000186265 ], [ 15420025.51, 5018019.360000000335276 ], [ 15419995.03, 5018571.700000000186265 ], [ 15419980.85, 5019124.900000000372529 ], [ 15419980.94, 5019678.889999999664724 ], [ 15419993.24, 5020233.559999999590218 ], [ 15420015.74, 5020788.849999999627471 ], [ 15420046.38, 5021344.660000000149012 ], [ 15420083.12, 5021900.910000000149012 ], [ 15420123.93, 5022457.509999999776483 ], [ 15420166.76, 5023014.370000000111759 ] ] } },
{ "type": "Feature", "properties": { "type": 86, "Name": null, "VALIDATION_ERRORS": "" }, "geometry": { "type": "LineString", "coordinates": [ [ 15421459.02, 5008521.519999999552965 ], [ 15423133.2, 5007264.910000000149012 ], [ 15423407.61, 5007059.54 ], [ 15423670.55, 5006846.320000000298023 ], [ 15423910.71, 5006617.25 ], [ 15424116.79, 5006364.349999999627471 ], [ 15424251.49, 5006141.549999999813735 ], [ 15424365.15, 5005903.660000000149012 ], [ 15424465.87, 5005655.71 ], [ 15424561.75, 5005402.690000000409782 ], [ 15424660.89, 5005149.629999999888241 ], [ 15424776.07, 5004889.490000000223517 ], [ 15424906.58, 5004639.339999999850988 ], [ 15425055.51, 5004403.490000000223517 ], [ 15425225.93, 5004186.230000000447035 ], [ 15425471.9, 5003941.92 ], [ 15425741.8, 5003717.200000000186265 ], [ 15426021.17, 5003495.099999999627471 ], [ 15426243.95, 5003313.400000000372529 ], [ 15426471.4, 5003145.320000000298023 ], [ 15426711.77, 5003013.400000000372529 ], [ 15426939.51, 5002941.200000000186265 ], [ 15427179.94, 5002906.990000000223517 ], [ 15427429.49, 5002902.879999999888241 ], [ 15427684.65, 5002921.019999999552965 ], [ 15427941.87, 5002953.5 ], [ 15428197.6, 5002992.46 ], [ 15428442.35, 5003030.25 ], [ 15428683.32, 5003066.28000000026077 ], [ 15428921.66, 5003100.03000000026077 ], [ 15429158.52, 5003130.980000000447035 ], [ 15429395.06, 5003158.620000000111759 ], [ 15429632.43, 5003182.42 ], [ 15429871.78, 5003201.889999999664724 ], [ 15430102.92, 5003215.509999999776483 ], [ 15430335.15, 5003221.450000000186265 ], [ 15430566.91, 5003216.379999999888241 ], [ 15430796.65, 5003197.009999999776483 ], [ 15431022.78, 5003160.0 ], [ 15431279.36, 5003092.46999999973923 ], [ 15431530.27, 5003003.070000000298023 ], [ 15431777.08, 5002898.08 ], [ 15432021.36, 5002783.820000000298023 ], [ 15432264.68, 5002666.570000000298023 ], [ 15432508.62, 5002552.639999999664724 ], [ 15432747.7, 5002449.320000000298023 ], [ 15432988.12, 5002351.190000000409782 ], [ 15433229.46, 5002254.309999999590218 ], [ 15433471.27, 5002154.71999999973923 ], [ 15433728.14, 5002044.629999999888241 ], [ 15433986.76, 5001939.990000000223517 ], [ 15434249.23, 5001853.700000000186265 ], [ 15434517.64, 5001798.679999999701977 ], [ 15434758.35, 5001784.21999999973923 ], [ 15435001.38, 5001799.589999999850988 ], [ 15435243.2, 5001840.679999999701977 ], [ 15435480.29, 5001903.400000000372529 ], [ 15435736.09, 5001994.410000000149012 ], [ 15435982.79, 5002104.179999999701977 ], [ 15436221.93, 5002229.58 ], [ 15436455.04, 5002367.480000000447035 ], [ 15436683.66, 5002514.75 ], [ 15436909.31, 5002668.269999999552965 ], [ 15437133.55, 5002824.910000000149012 ] ] } },
{ "type": "Feature", "properties": { "type": 87, "Name": null, "VALIDATION_ERRORS": "" }, "geometry": { "type": "LineString", "coordinates": [ [ 15437342.82, 4999704.339999999850988 ], [ 15435940.69, 5002050.0 ] ] } },
{ "type": "Feature", "properties": { "type": 88, "Name": null, "VALIDATION_ERRORS": "" }, "geometry": { "type": "LineString", "coordinates": [ [ 15419031.46, 5004144.339999999850988 ], [ 15419270.94, 5004126.650000000372529 ], [ 15419510.47, 5004109.379999999888241 ], [ 15419750.21, 5004092.990000000223517 ], [ 15419990.28, 5004077.910000000149012 ], [ 15420230.83, 5004064.589999999850988 ], [ 15420472.0, 5004053.46999999973923 ], [ 15420713.93, 5004045.0 ], [ 15420956.77, 5004039.629999999888241 ], [ 15421217.2, 5004037.889999999664724 ], [ 15421478.0, 5004041.360000000335276 ], [ 15421738.5, 5004051.21999999973923 ], [ 15421998.06, 5004068.679999999701977 ], [ 15422256.01, 5004094.940000000409782 ], [ 15422511.72, 5004131.190000000409782 ], [ 15422764.51, 5004178.639999999664724 ], [ 15423013.75, 5004238.46999999973923 ], [ 15423258.77, 5004311.889999999664724 ], [ 15423507.61, 5004402.879999999888241 ], [ 15423751.95, 5004507.059999999590218 ], [ 15423992.71, 5004621.79 ], [ 15424230.81, 5004744.46 ], [ 15424467.18, 5004872.410000000149012 ], [ 15424702.75, 5005003.019999999552965 ] ] } },
{ "type": "Feature", "properties": { "type": 89, "Name": null, "VALIDATION_ERRORS": "" }, "geometry": { "type": "LineString", "coordinates": [ [ 15420705.64, 5004039.629999999888241 ], [ 15420810.28, 5003097.17 ] ] } },
{ "type": "Feature", "properties": { "type": 90, "Name": null, "VALIDATION_ERRORS": "" }, "geometry": { "type": "LineString", "coordinates": [ [ 15420705.64, 5005694.160000000149012 ], [ 15420810.28, 5004060.570000000298023 ] ] } },
{ "type": "Feature", "properties": { "type": 91, "Name": null, "VALIDATION_ERRORS": "" }, "geometry": { "type": "LineString", "coordinates": [ [ 15421207.9, 5008961.33 ], [ 15421259.26, 5008748.379999999888241 ], [ 15421309.28, 5008535.320000000298023 ], [ 15421356.64, 5008321.92 ], [ 15421400.02, 5008107.96999999973923 ], [ 15421438.1, 5007893.21999999973923 ], [ 15421473.85, 5007647.08 ], [ 15421501.9, 5007399.96999999973923 ], [ 15421523.22, 5007151.990000000223517 ], [ 15421538.77, 5006903.259999999776483 ], [ 15421549.5, 5006653.900000000372529 ], [ 15421556.4, 5006404.0 ], [ 15421560.41, 5006153.690000000409782 ], [ 15421562.51, 5005903.08 ], [ 15421563.66, 5005652.269999999552965 ] ] } },
{ "type": "Feature", "properties": { "type": 92, "Name": null, "VALIDATION_ERRORS": "" }, "geometry": { "type": "LineString", "coordinates": [ [ 15420056.9, 5005338.120000000111759 ], [ 15420293.85, 5005481.240000000223517 ], [ 15420528.05, 5005627.809999999590218 ], [ 15420756.86, 5005781.360000000335276 ], [ 15420977.7, 5005945.480000000447035 ], [ 15421171.05, 5006106.549999999813735 ], [ 15421358.36, 5006275.360000000335276 ], [ 15421542.73, 5006448.120000000111759 ] ] } },
{ "type": "Feature", "properties": { "type": 93, "Name": null, "VALIDATION_ERRORS": "" }, "geometry": { "type": "LineString", "coordinates": [ [ 15422735.59, 5007537.179999999701977 ], [ 15422653.33, 5007318.389999999664724 ], [ 15422572.61, 5007099.230000000447035 ], [ 15422494.89, 5006879.129999999888241 ], [ 15422421.68, 5006657.559999999590218 ], [ 15422345.89, 5006407.179999999701977 ], [ 15422274.16, 5006155.559999999590218 ], [ 15422202.95, 5005903.620000000111759 ], [ 15422128.7, 5005652.269999999552965 ], [ 15422056.18, 5005422.759999999776483 ], [ 15421983.28, 5005193.53000000026077 ], [ 15421915.07, 5004963.299999999813735 ], [ 15421856.64, 5004730.759999999776483 ], [ 15421814.86, 5004515.910000000149012 ], [ 15421781.37, 5004299.21999999973923 ], [ 15421752.0, 5004081.509999999776483 ] ] } },
{ "type": "Feature", "properties": { "type": 94, "Name": null, "VALIDATION_ERRORS": "" }, "geometry": { "type": "LineString", "coordinates": [ [ 15421542.73, 5006636.610000000335276 ], [ 15421798.92, 5006787.46999999973923 ], [ 15422065.91, 5006908.879999999888241 ], [ 15422292.65, 5006970.679999999701977 ], [ 15422526.31, 5007013.589999999850988 ] ] } },
{ "type": "Feature", "properties": { "type": 95, "Name": null, "VALIDATION_ERRORS": "" }, "geometry": { "type": "LineString", "coordinates": [ [ 15422484.46, 5006217.740000000223517 ], [ 15423823.8, 5006720.389999999664724 ] ] } },
{ "type": "Feature", "properties": { "type": 96, "Name": null, "VALIDATION_ERRORS": "" }, "geometry": { "type": "LineString", "coordinates": [ [ 15429704.37, 5011055.67 ], [ 15429525.34, 5010805.46 ], [ 15429346.54, 5010555.17 ], [ 15429168.16, 5010304.679999999701977 ], [ 15428990.38, 5010053.839999999850988 ], [ 15428813.37, 5009802.53000000026077 ], [ 15428637.33, 5009550.610000000335276 ], [ 15428462.44, 5009297.950000000186265 ], [ 15428288.89, 5009044.410000000149012 ], [ 15428116.84, 5008789.870000000111759 ], [ 15427946.5, 5008534.190000000409782 ], [ 15427778.04, 5008277.240000000223517 ], [ 15427611.64, 5008018.879999999888241 ], [ 15427463.01, 5007784.200000000186265 ], [ 15427315.27, 5007549.03000000026077 ], [ 15427167.35, 5007313.96999999973923 ], [ 15427018.18, 5007079.660000000149012 ], [ 15426866.67, 5006846.679999999701977 ], [ 15426711.77, 5006615.67 ], [ 15426518.2, 5006339.28000000026077 ], [ 15426317.55, 5006068.059999999590218 ], [ 15426109.04, 5005803.089999999850988 ], [ 15425891.91, 5005545.450000000186265 ], [ 15425665.4, 5005296.230000000447035 ], [ 15425426.92, 5005053.360000000335276 ], [ 15425181.68, 5004817.160000000149012 ], [ 15424932.95, 5004584.160000000149012 ] ] } },
{ "type": "Feature", "properties": { "type": 97, "Name": null, "VALIDATION_ERRORS": "" }, "geometry": { "type": "LineString", "coordinates": [ [ 15423761.02, 5012940.58 ], [ 15423662.67, 5012697.889999999664724 ], [ 15423563.56, 5012455.67 ], [ 15423462.9, 5012214.320000000298023 ], [ 15423359.87, 5011974.200000000186265 ], [ 15423253.68, 5011735.71 ], [ 15423143.51, 5011499.21999999973923 ], [ 15423028.57, 5011265.110000000335276 ], [ 15422885.86, 5010991.860000000335276 ], [ 15422736.43, 5010722.190000000409782 ], [ 15422581.22, 5010455.559999999590218 ], [ 15422421.2, 5010191.46999999973923 ], [ 15422257.32, 5009929.370000000111759 ], [ 15422090.52, 5009668.75 ], [ 15421921.76, 5009409.070000000298023 ], [ 15421752.0, 5009149.820000000298023 ] ] } },
{ "type": "Feature", "properties": { "type": 98, "Name": null, "VALIDATION_ERRORS": "" }, "geometry": { "type": "LineString", "coordinates": [ [ 15426439.71, 5012417.0 ], [ 15426210.22, 5012156.589999999850988 ], [ 15425981.66, 5011895.379999999888241 ], [ 15425754.85, 5011632.440000000409782 ], [ 15425530.57, 5011366.809999999590218 ], [ 15425309.64, 5011097.559999999590218 ], [ 15425118.02, 5010857.83 ], [ 15424925.79, 5010618.79 ], [ 15424728.93, 5010384.429999999701977 ], [ 15424523.39, 5010158.730000000447035 ], [ 15424305.13, 5009945.67 ], [ 15424083.35, 5009755.389999999664724 ], [ 15423856.74, 5009570.33 ], [ 15423635.46, 5009380.200000000186265 ], [ 15423397.96, 5009145.440000000409782 ], [ 15423177.8, 5008894.08 ], [ 15422971.49, 5008629.400000000372529 ], [ 15422775.54, 5008354.71999999973923 ], [ 15422586.45, 5008073.320000000298023 ], [ 15422400.75, 5007788.5 ] ] } },
{ "type": "Feature", "properties": { "type": 99, "Name": null, "VALIDATION_ERRORS": "" }, "geometry": { "type": "LineString", "coordinates": [ [ 15423907.51, 5007369.629999999888241 ], [ 15424153.07, 5007453.360000000335276 ], [ 15424398.32, 5007537.660000000149012 ], [ 15424643.07, 5007623.179999999701977 ], [ 15424887.13, 5007710.519999999552965 ], [ 15425130.31, 5007800.33 ], [ 15425372.42, 5007893.21999999973923 ], [ 15425635.09, 5007999.28000000026077 ], [ 15425894.5, 5008112.809999999590218 ], [ 15426149.23, 5008236.96 ], [ 15426397.86, 5008374.92 ], [ 15426659.87, 5008538.809999999590218 ], [ 15426921.85, 5008699.879999999888241 ], [ 15427193.09, 5008835.67 ], [ 15427399.32, 5008907.639999999664724 ], [ 15427613.12, 5008959.53000000026077 ], [ 15427832.62, 5008996.389999999664724 ], [ 15428055.98, 5009023.240000000223517 ], [ 15428281.31, 5009045.110000000335276 ] ] } },
{ "type": "Feature", "properties": { "type": 100, "Name": null, "VALIDATION_ERRORS": "" }, "geometry": { "type": "LineString", "coordinates": [ [ 15426607.13, 5011914.360000000335276 ], [ 15426568.88, 5011649.0 ], [ 15426529.44, 5011383.980000000447035 ], [ 15426487.61, 5011119.5 ], [ 15426442.18, 5010855.769999999552965 ], [ 15426391.96, 5010593.03000000026077 ], [ 15426335.73, 5010331.480000000447035 ], [ 15426272.29, 5010071.33 ], [ 15426206.13, 5009828.809999999590218 ], [ 15426137.13, 5009587.009999999776483 ], [ 15426069.83, 5009345.009999999776483 ], [ 15426008.74, 5009101.860000000335276 ], [ 15425958.39, 5008856.610000000335276 ], [ 15425922.32, 5008613.79 ], [ 15425896.06, 5008369.190000000409782 ], [ 15425874.68, 5008123.589999999850988 ] ] } },
{ "type": "Feature", "properties": { "type": 101, "Name": null, "VALIDATION_ERRORS": "" }, "geometry": { "type": "LineString", "coordinates": [ [ 15423802.88, 5007767.559999999590218 ], [ 15423844.73, 5009568.690000000409782 ] ] } },
{ "type": "Feature", "properties": { "type": 102, "Name": null, "VALIDATION_ERRORS": "" }, "geometry": { "type": "LineString", "coordinates": [ [ 15424556.26, 5006427.179999999701977 ], [ 15424812.22, 5006480.700000000186265 ], [ 15425068.26, 5006532.769999999552965 ], [ 15425324.56, 5006581.929999999701977 ], [ 15425581.3, 5006626.71999999973923 ], [ 15425838.66, 5006665.690000000409782 ], [ 15426096.84, 5006697.400000000372529 ], [ 15426356.0, 5006720.389999999664724 ], [ 15426575.55, 5006732.67 ], [ 15426795.48, 5006741.33 ] ] } },
{ "type": "Feature", "properties": { "type": 103, "Name": null, "VALIDATION_ERRORS": "" }, "geometry": { "type": "LineString", "coordinates": [ [ 15426962.89, 5006825.099999999627471 ], [ 15427187.55, 5006791.639999999664724 ], [ 15427411.91, 5006757.360000000335276 ], [ 15427635.77, 5006721.389999999664724 ], [ 15427858.91, 5006682.879999999888241 ], [ 15428081.13, 5006640.940000000409782 ], [ 15428302.24, 5006594.71999999973923 ], [ 15428537.31, 5006539.92 ], [ 15428771.07, 5006480.110000000335276 ], [ 15429003.93, 5006416.110000000335276 ], [ 15429236.3, 5006348.690000000409782 ], [ 15429468.6, 5006278.67 ], [ 15429701.21, 5006206.83 ], [ 15429934.57, 5006133.96999999973923 ], [ 15430200.95, 5006049.79 ], [ 15430465.19, 5005960.400000000372529 ], [ 15430723.88, 5005860.740000000223517 ], [ 15430973.66, 5005745.759999999776483 ], [ 15431211.13, 5005610.379999999888241 ], [ 15431463.88, 5005427.179999999701977 ], [ 15431699.29, 5005218.230000000447035 ], [ 15431920.83, 5004990.690000000409782 ], [ 15432131.93, 5004751.700000000186265 ], [ 15432331.59, 5004512.660000000149012 ], [ 15432526.52, 5004271.309999999590218 ], [ 15432718.96, 5004029.299999999813735 ], [ 15432911.16, 5003788.269999999552965 ], [ 15433105.36, 5003549.860000000335276 ], [ 15433303.81, 5003315.71 ], [ 15433508.74, 5003087.480000000447035 ], [ 15433722.4, 5002866.79 ], [ 15433898.57, 5002697.79 ], [ 15434078.16, 5002531.700000000186265 ] ] } },
{ "type": "Feature", "properties": { "type": 104, "Name": null, "VALIDATION_ERRORS": "" }, "geometry": { "type": "LineString", "coordinates": [ [ 15429474.17, 5010322.650000000372529 ], [ 15429486.65, 5010068.809999999590218 ], [ 15429500.43, 5009815.259999999776483 ], [ 15429516.81, 5009562.21999999973923 ], [ 15429537.1, 5009309.910000000149012 ], [ 15429562.59, 5009058.53000000026077 ], [ 15429594.61, 5008808.29 ], [ 15429634.46, 5008559.410000000149012 ], [ 15429683.44, 5008312.089999999850988 ], [ 15429734.95, 5008093.79 ], [ 15429791.28, 5007876.410000000149012 ], [ 15429849.07, 5007659.269999999552965 ], [ 15429904.93, 5007441.71 ], [ 15429955.49, 5007223.03000000026077 ], [ 15430001.03, 5006986.519999999552965 ], [ 15430039.47, 5006741.360000000335276 ], [ 15430039.57, 5006740.650000000372529 ], [ 15430051.57, 5006532.349999999627471 ], [ 15430040.65, 5006323.0 ], [ 15430018.28, 5006113.03000000026077 ] ] } },
{ "type": "Feature", "properties": { "type": 105, "Name": null, "VALIDATION_ERRORS": "" }, "geometry": { "type": "LineString", "coordinates": [ [ 15429348.6, 5008144.54 ], [ 15428741.71, 5006531.889999999664724 ] ] } },
{ "type": "Feature", "properties": { "type": 106, "Name": null, "VALIDATION_ERRORS": "" }, "geometry": { "type": "LineString", "coordinates": [ [ 15428406.88, 5005568.5 ], [ 15428595.22, 5006490.009999999776483 ] ] } },
{ "type": "Feature", "properties": { "type": 107, "Name": null, "VALIDATION_ERRORS": "" }, "geometry": { "type": "LineString", "coordinates": [ [ 15430918.15, 5010846.240000000223517 ], [ 15430880.02, 5010613.370000000111759 ], [ 15430842.91, 5010380.5 ], [ 15430807.87, 5010147.519999999552965 ], [ 15430775.91, 5009914.349999999627471 ], [ 15430748.08, 5009680.879999999888241 ], [ 15430725.39, 5009447.019999999552965 ], [ 15430708.87, 5009212.650000000372529 ], [ 15430698.89, 5008961.639999999664724 ], [ 15430696.42, 5008710.299999999813735 ], [ 15430700.75, 5008458.759999999776483 ], [ 15430711.15, 5008207.17 ], [ 15430726.92, 5007955.650000000372529 ], [ 15430747.33, 5007704.349999999627471 ], [ 15430771.66, 5007453.410000000149012 ], [ 15430798.78, 5007206.929999999701977 ], [ 15430828.56, 5006961.019999999552965 ], [ 15430860.56, 5006715.570000000298023 ], [ 15430894.33, 5006470.450000000186265 ], [ 15430929.43, 5006225.570000000298023 ], [ 15430965.42, 5005980.799999999813735 ], [ 15431001.86, 5005736.04 ] ] } },
{ "type": "Feature", "properties": { "type": 108, "Name": null, "VALIDATION_ERRORS": "" }, "geometry": { "type": "LineString", "coordinates": [ [ 15430290.33, 5007746.610000000335276 ], [ 15430457.75, 5005987.370000000111759 ] ] } },
{ "type": "Feature", "properties": { "type": 109, "Name": null, "VALIDATION_ERRORS": "" }, "geometry": { "type": "LineString", "coordinates": [ [ 15430604.24, 5005819.820000000298023 ], [ 15430583.31, 5004374.71999999973923 ] ] } },
{ "type": "Feature", "properties": { "type": 110, "Name": null, "VALIDATION_ERRORS": "" }, "geometry": { "type": "LineString", "coordinates": [ [ 15431085.57, 5004982.08 ], [ 15430913.43, 5004767.570000000298023 ], [ 15430742.52, 5004552.299999999813735 ], [ 15430573.97, 5004335.379999999888241 ], [ 15430408.91, 5004115.92 ], [ 15430248.48, 5003893.019999999552965 ], [ 15430106.22, 5003685.519999999552965 ], [ 15429967.28, 5003475.740000000223517 ], [ 15429829.93, 5003264.71999999973923 ] ] } },
{ "type": "Feature", "properties": { "type": 111, "Name": null, "VALIDATION_ERRORS": "" }, "geometry": { "type": "LineString", "coordinates": [ [ 15427067.53, 5006762.269999999552965 ], [ 15427171.49, 5006496.08 ], [ 15427276.63, 5006230.54 ], [ 15427384.2, 5005966.150000000372529 ], [ 15427495.45, 5005703.42 ], [ 15427611.64, 5005442.839999999850988 ], [ 15427734.02, 5005183.870000000111759 ], [ 15427861.29, 5004927.259999999776483 ], [ 15427992.25, 5004672.379999999888241 ], [ 15428125.68, 5004418.589999999850988 ], [ 15428260.38, 5004165.29 ] ] } },
{ "type": "Feature", "properties": { "type": 112, "Name": null, "VALIDATION_ERRORS": "" }, "geometry": { "type": "LineString", "coordinates": [ [ 15434705.98, 5010741.519999999552965 ], [ 15434523.16, 5010501.21 ], [ 15434341.08, 5010260.410000000149012 ], [ 15434160.46, 5010018.549999999813735 ], [ 15433981.99, 5009775.04 ], [ 15433806.4, 5009529.299999999813735 ], [ 15433634.37, 5009280.740000000223517 ], [ 15433466.62, 5009028.78000000026077 ], [ 15433303.86, 5008772.839999999850988 ], [ 15433172.23, 5008555.25 ], [ 15433046.35, 5008334.339999999850988 ], [ 15432927.92, 5008109.809999999590218 ], [ 15432818.62, 5007881.370000000111759 ], [ 15432720.14, 5007648.71 ], [ 15432634.18, 5007411.519999999552965 ], [ 15432557.36, 5007155.150000000372529 ], [ 15432491.05, 5006895.370000000111759 ], [ 15432429.66, 5006633.929999999701977 ], [ 15432367.62, 5006372.570000000298023 ], [ 15432299.35, 5006113.03000000026077 ], [ 15432230.71, 5005887.53000000026077 ], [ 15432154.84, 5005664.410000000149012 ], [ 15432073.52, 5005443.03000000026077 ], [ 15431988.55, 5005222.78000000026077 ], [ 15431901.73, 5005003.019999999552965 ] ] } },
{ "type": "Feature", "properties": { "type": 113, "Name": null, "VALIDATION_ERRORS": "" }, "geometry": { "type": "LineString", "coordinates": [ [ 15429453.24, 5004165.29 ], [ 15429507.35, 5004373.79 ], [ 15429558.64, 5004582.610000000335276 ], [ 15429604.32, 5004792.200000000186265 ], [ 15429641.58, 5005003.019999999552965 ], [ 15429670.86, 5005239.53000000026077 ], [ 15429688.99, 5005477.490000000223517 ], [ 15429698.75, 5005716.58 ], [ 15429702.94, 5005956.450000000186265 ], [ 15429704.37, 5006196.799999999813735 ] ] } },
{ "type": "Feature", "properties": { "type": 114, "Name": null, "VALIDATION_ERRORS": "" }, "geometry": { "type": "LineString", "coordinates": [ [ 15430039.2, 5004395.660000000149012 ], [ 15430050.91, 5004599.849999999627471 ], [ 15430062.11, 5004803.990000000223517 ], [ 15430072.33, 5005008.160000000149012 ], [ 15430081.06, 5005212.46 ], [ 15430088.11, 5005421.860000000335276 ], [ 15430093.6, 5005631.25 ], [ 15430098.05, 5005840.67 ], [ 15430101.98, 5006050.200000000186265 ] ] } },
{ "type": "Feature", "properties": { "type": 115, "Name": null, "VALIDATION_ERRORS": "" }, "geometry": { "type": "LineString", "coordinates": [ [ 15431964.51, 5009673.410000000149012 ], [ 15431960.54, 5009431.980000000447035 ], [ 15431957.84, 5009190.730000000447035 ], [ 15431957.7, 5008949.679999999701977 ], [ 15431961.4, 5008708.900000000372529 ], [ 15431970.22, 5008468.429999999701977 ], [ 15431985.44, 5008228.309999999590218 ], [ 15432009.0, 5007976.610000000335276 ], [ 15432038.23, 5007725.370000000111759 ], [ 15432070.32, 5007474.320000000298023 ], [ 15432102.49, 5007223.190000000409782 ], [ 15432131.93, 5006971.71 ], [ 15432153.81, 5006750.089999999850988 ], [ 15432172.27, 5006528.259999999776483 ], [ 15432188.15, 5006306.240000000223517 ], [ 15432202.32, 5006084.049999999813735 ], [ 15432215.64, 5005861.700000000186265 ] ] } },
{ "type": "Feature", "properties": { "type": 116, "Name": null, "VALIDATION_ERRORS": "" }, "geometry": { "type": "LineString", "coordinates": [ [ 15433010.87, 5007683.78000000026077 ], [ 15432976.45, 5007432.53000000026077 ], [ 15432942.27, 5007181.33 ], [ 15432908.56, 5006930.099999999627471 ], [ 15432875.55, 5006678.75 ], [ 15432843.46, 5006427.179999999701977 ], [ 15432815.14, 5006197.0 ], [ 15432788.09, 5005966.75 ], [ 15432762.56, 5005736.339999999850988 ], [ 15432738.82, 5005505.67 ], [ 15432714.85, 5005250.379999999888241 ], [ 15432692.91, 5004995.0 ], [ 15432672.49, 5004739.5 ], [ 15432653.09, 5004483.879999999888241 ], [ 15432634.18, 5004228.120000000111759 ] ] } },
{ "type": "Feature", "properties": { "type": 117, "Name": null, "VALIDATION_ERRORS": "" }, "geometry": { "type": "LineString", "coordinates": [ [ 15432801.6, 5005798.870000000111759 ], [ 15433042.29, 5005691.879999999888241 ], [ 15433285.52, 5005597.08 ], [ 15433534.06, 5005526.610000000335276 ], [ 15433749.75, 5005492.429999999701977 ], [ 15433969.24, 5005476.099999999627471 ], [ 15434190.88, 5005469.320000000298023 ], [ 15434413.0, 5005463.78000000026077 ], [ 15434645.01, 5005452.120000000111759 ], [ 15434875.76, 5005434.269999999552965 ], [ 15435105.62, 5005411.79 ], [ 15435334.92, 5005386.21 ], [ 15435564.0, 5005359.059999999590218 ] ] } },
{ "type": "Feature", "properties": { "type": 118, "Name": null, "VALIDATION_ERRORS": "" }, "geometry": { "type": "LineString", "coordinates": [ [ 15435647.71, 5010971.900000000372529 ], [ 15435567.28, 5010724.269999999552965 ], [ 15435485.4, 5010477.29 ], [ 15435400.6, 5010231.54 ], [ 15435311.39, 5009987.58 ], [ 15435216.31, 5009745.990000000223517 ], [ 15435113.89, 5009507.33 ], [ 15435002.65, 5009272.190000000409782 ], [ 15434881.13, 5009041.129999999888241 ], [ 15434747.84, 5008814.730000000447035 ], [ 15434595.29, 5008581.04 ], [ 15434440.08, 5008349.099999999627471 ], [ 15434294.16, 5008114.639999999664724 ], [ 15434169.53, 5007873.349999999627471 ], [ 15434078.16, 5007620.950000000186265 ], [ 15434030.77, 5007382.650000000372529 ], [ 15434007.14, 5007136.799999999813735 ], [ 15433994.46, 5006887.929999999701977 ], [ 15433982.94, 5006655.150000000372529 ], [ 15433970.1, 5006423.71999999973923 ], [ 15433956.2, 5006193.349999999627471 ], [ 15433941.51, 5005963.740000000223517 ], [ 15433926.27, 5005734.610000000335276 ], [ 15433910.75, 5005505.67 ] ] } },
{ "type": "Feature", "properties": { "type": 119, "Name": null, "VALIDATION_ERRORS": "" }, "geometry": { "type": "LineString", "coordinates": [ [ 15433408.49, 5003201.889999999664724 ], [ 15433417.4, 5003459.349999999627471 ], [ 15433429.02, 5003716.379999999888241 ], [ 15433446.07, 5003972.71999999973923 ], [ 15433471.27, 5004228.120000000111759 ], [ 15433507.7, 5004489.629999999888241 ], [ 15433553.32, 5004749.879999999888241 ], [ 15433605.84, 5005009.21999999973923 ], [ 15433662.97, 5005268.019999999552965 ], [ 15433722.4, 5005526.610000000335276 ] ] } },
{ "type": "Feature", "properties": { "type": 120, "Name": null, "VALIDATION_ERRORS": "" }, "geometry": { "type": "LineString", "coordinates": [ [ 15431880.8, 5004437.549999999813735 ], [ 15431830.79, 5004181.480000000447035 ], [ 15431771.22, 5003929.03000000026077 ], [ 15431692.46, 5003683.589999999850988 ], [ 15431606.15, 5003483.889999999664724 ], [ 15431506.23, 5003289.309999999590218 ], [ 15431399.47, 5003097.17 ] ] } },
{ "type": "Feature", "properties": { "type": 121, "Name": null, "VALIDATION_ERRORS": "" }, "geometry": { "type": "LineString", "coordinates": [ [ 15432194.71, 5004081.509999999776483 ], [ 15432320.27, 5002594.53000000026077 ] ] } },
{ "type": "Feature", "properties": { "type": 122, "Name": null, "VALIDATION_ERRORS": "" }, "geometry": { "type": "LineString", "coordinates": [ [ 15428469.66, 4998761.879999999888241 ], [ 15428726.34, 4998744.160000000149012 ], [ 15428982.94, 4998727.110000000335276 ], [ 15429239.44, 4998711.450000000186265 ], [ 15429495.84, 4998697.870000000111759 ], [ 15429752.16, 4998687.049999999813735 ], [ 15430008.37, 4998679.679999999701977 ], [ 15430264.5, 4998676.46999999973923 ], [ 15430520.53, 4998678.110000000335276 ], [ 15430771.67, 4998684.860000000335276 ], [ 15431022.62, 4998696.21999999973923 ], [ 15431273.46, 4998711.46999999973923 ], [ 15431524.25, 4998729.889999999664724 ], [ 15431775.06, 4998750.75 ], [ 15432025.96, 4998773.339999999850988 ], [ 15432277.01, 4998796.940000000409782 ], [ 15432528.29, 4998820.83 ], [ 15432779.86, 4998844.29 ], [ 15433031.8, 4998866.599999999627471 ], [ 15433274.87, 4998886.71999999973923 ], [ 15433517.88, 4998906.75 ], [ 15433760.51, 4998928.349999999627471 ], [ 15434002.45, 4998953.17 ], [ 15434243.39, 4998982.889999999664724 ], [ 15434483.02, 4999019.139999999664724 ], [ 15434721.03, 4999063.599999999627471 ], [ 15434957.11, 4999117.92 ], [ 15435197.72, 4999184.639999999664724 ], [ 15435436.87, 4999258.240000000223517 ], [ 15435675.66, 4999333.450000000186265 ], [ 15435915.22, 4999404.96999999973923 ], [ 15436156.65, 4999467.53000000026077 ], [ 15436401.09, 4999515.849999999627471 ], [ 15436602.23, 4999541.559999999590218 ], [ 15436804.84, 4999555.240000000223517 ], [ 15437007.98, 4999557.730000000447035 ], [ 15437217.65, 4999549.910000000149012 ], [ 15437426.81, 4999534.71999999973923 ], [ 15437635.8, 4999515.849999999627471 ] ] } },
{ "type": "Feature", "properties": { "type": 123, "Name": null, "VALIDATION_ERRORS": "" }, "geometry": { "type": "LineString", "coordinates": [ [ 15433303.86, 5002175.660000000149012 ], [ 15433328.89, 5001929.25 ], [ 15433352.61, 5001682.67 ], [ 15433373.73, 5001435.620000000111759 ], [ 15433390.94, 5001187.799999999813735 ], [ 15433402.96, 5000938.910000000149012 ], [ 15433408.49, 5000688.679999999701977 ], [ 15433408.82, 5000420.129999999888241 ], [ 15433417.13, 5000153.650000000372529 ], [ 15433450.35, 4999892.83 ], [ 15433513.65, 4999660.639999999664724 ], [ 15433603.41, 4999434.549999999813735 ], [ 15433710.8, 4999212.450000000186265 ], [ 15433827.04, 4998992.259999999776483 ] ] } },
{ "type": "Feature", "properties": { "type": 124, "Name": null, "VALIDATION_ERRORS": "" }, "geometry": { "type": "LineString", "coordinates": [ [ 15432257.49, 5002615.46999999973923 ], [ 15432246.1, 5002363.509999999776483 ], [ 15432233.38, 5002111.78000000026077 ], [ 15432217.98, 5001860.370000000111759 ], [ 15432198.56, 5001609.370000000111759 ], [ 15432173.78, 5001358.870000000111759 ], [ 15432146.68, 5001136.71 ], [ 15432116.39, 5000914.950000000186265 ], [ 15432085.0, 5000693.259999999776483 ], [ 15432054.6, 5000471.339999999850988 ], [ 15432027.29, 5000248.870000000111759 ], [ 15432006.97, 5000046.71999999973923 ], [ 15431992.5, 4999844.240000000223517 ], [ 15431985.44, 4999641.509999999776483 ], [ 15431987.07, 4999426.769999999552965 ], [ 15431996.27, 4999212.139999999664724 ], [ 15432010.52, 4998997.519999999552965 ], [ 15432027.29, 4998782.83 ] ] } },
{ "type": "Feature", "properties": { "type": 125, "Name": null, "VALIDATION_ERRORS": "" }, "geometry": { "type": "LineString", "coordinates": [ [ 15417922.32, 4991766.78000000026077 ], [ 15418141.58, 4991859.78000000026077 ], [ 15418361.46, 4991952.370000000111759 ], [ 15418582.68, 4992044.190000000409782 ], [ 15418805.97, 4992134.860000000335276 ], [ 15419032.06, 4992224.019999999552965 ], [ 15419261.66, 4992311.309999999590218 ], [ 15419549.12, 4992420.900000000372529 ], [ 15419821.33, 4992552.099999999627471 ], [ 15420056.9, 4992730.179999999701977 ], [ 15420228.07, 4992947.71 ], [ 15420370.7, 4993197.53000000026077 ], [ 15420505.17, 4993451.67 ], [ 15420651.87, 4993682.190000000409782 ], [ 15420831.21, 4993861.120000000111759 ], [ 15421035.19, 4993961.650000000372529 ], [ 15421271.71, 4994012.509999999776483 ], [ 15421529.7, 4994029.860000000335276 ], [ 15421798.11, 4994029.860000000335276 ], [ 15422065.91, 4994028.67 ], [ 15422335.3, 4994041.299999999813735 ], [ 15422592.95, 4994074.690000000409782 ], [ 15422840.22, 4994133.389999999664724 ], [ 15423097.12, 4994228.21999999973923 ], [ 15423345.61, 4994350.549999999813735 ], [ 15423588.18, 4994493.190000000409782 ], [ 15423827.3, 4994648.96 ], [ 15424065.46, 4994810.660000000149012 ], [ 15424305.13, 4994971.120000000111759 ], [ 15424535.84, 4995116.599999999627471 ], [ 15424770.02, 4995253.58 ], [ 15425007.72, 4995381.240000000223517 ], [ 15425249.01, 4995498.75 ], [ 15425493.95, 4995605.28000000026077 ], [ 15425742.62, 4995700.009999999776483 ], [ 15425995.07, 4995782.110000000335276 ], [ 15426251.37, 4995850.75 ], [ 15426494.35, 4995902.42 ], [ 15426739.98, 4995943.440000000409782 ], [ 15426987.66, 4995975.730000000447035 ], [ 15427236.82, 4996001.179999999701977 ], [ 15427486.86, 4996021.71999999973923 ], [ 15427737.2, 4996039.240000000223517 ], [ 15427992.63, 4996055.839999999850988 ], [ 15428247.56, 4996072.429999999701977 ], [ 15428501.99, 4996090.230000000447035 ], [ 15428755.94, 4996110.46 ], [ 15429009.39, 4996134.33 ], [ 15429262.35, 4996163.059999999590218 ], [ 15429514.82, 4996197.870000000111759 ], [ 15429766.79, 4996239.96 ], [ 15430018.28, 4996290.559999999590218 ], [ 15430249.59, 4996347.309999999590218 ], [ 15430474.67, 4996421.150000000372529 ], [ 15430687.95, 4996520.940000000409782 ], [ 15430894.24, 4996656.08 ], [ 15431092.72, 4996803.96999999973923 ], [ 15431294.84, 4996939.809999999590218 ], [ 15431519.05, 4997047.349999999627471 ], [ 15431757.02, 4997120.429999999701977 ], [ 15432006.48, 4997164.799999999813735 ], [ 15432265.16, 4997186.21 ], [ 15432530.76, 4997190.410000000149012 ], [ 15432801.02, 4997183.150000000372529 ], [ 15433073.66, 4997170.179999999701977 ] ] } },
{ "type": "Feature", "properties": { "type": 126, "Name": null, "VALIDATION_ERRORS": "" }, "geometry": { "type": "LineString", "coordinates": [ [ 15432320.27, 4996143.950000000186265 ], [ 15432566.67, 4996157.110000000335276 ], [ 15432812.97, 4996171.230000000447035 ], [ 15433059.14, 4996187.33 ], [ 15433305.17, 4996206.400000000372529 ], [ 15433551.03, 4996229.440000000409782 ], [ 15433796.71, 4996257.46999999973923 ], [ 15434042.18, 4996291.46999999973923 ], [ 15434287.44, 4996332.450000000186265 ], [ 15434524.98, 4996380.309999999590218 ], [ 15434759.39, 4996439.240000000223517 ], [ 15434988.03, 4996512.83 ], [ 15435208.24, 4996604.71 ], [ 15435446.95, 4996734.17 ], [ 15435675.17, 4996883.96999999973923 ], [ 15435897.17, 4997046.099999999627471 ], [ 15436117.22, 4997212.53000000026077 ], [ 15436339.57, 4997375.240000000223517 ], [ 15436568.51, 4997526.21999999973923 ], [ 15436780.21, 4997645.570000000298023 ], [ 15436998.62, 4997752.349999999627471 ], [ 15437222.1, 4997849.730000000447035 ], [ 15437448.99, 4997940.849999999627471 ], [ 15437677.65, 4998028.860000000335276 ] ] } },
{ "type": "Feature", "properties": { "type": 127, "Name": null, "VALIDATION_ERRORS": "" }, "geometry": { "type": "LineString", "coordinates": [ [ 15429348.6, 4998678.110000000335276 ], [ 15429587.33, 4998565.740000000223517 ], [ 15429825.95, 4998453.21999999973923 ], [ 15430064.49, 4998340.339999999850988 ], [ 15430302.98, 4998226.879999999888241 ], [ 15430541.46, 4998112.639999999664724 ], [ 15430767.37, 4998003.96 ], [ 15430993.89, 4997896.700000000186265 ], [ 15431221.85, 4997793.070000000298023 ], [ 15431452.07, 4997695.309999999590218 ], [ 15431685.4, 4997605.620000000111759 ], [ 15431922.66, 4997526.21999999973923 ], [ 15432182.75, 4997453.21999999973923 ], [ 15432445.52, 4997387.910000000149012 ], [ 15432708.35, 4997323.389999999664724 ], [ 15432968.66, 4997252.75 ], [ 15433223.84, 4997169.08 ], [ 15433471.27, 4997065.46999999973923 ], [ 15433687.37, 4996952.679999999701977 ], [ 15433901.39, 4996835.259999999776483 ], [ 15434120.02, 4996730.370000000111759 ], [ 15434336.3, 4996654.53000000026077 ], [ 15434559.98, 4996598.83 ], [ 15434788.65, 4996556.549999999813735 ], [ 15435019.89, 4996520.940000000409782 ] ] } },
{ "type": "Feature", "properties": { "type": 128, "Name": null, "VALIDATION_ERRORS": "" }, "geometry": { "type": "LineString", "coordinates": [ [ 15433136.44, 4998803.769999999552965 ], [ 15432696.97, 4997295.839999999850988 ] ] } },
{ "type": "Feature", "properties": { "type": 129, "Name": null, "VALIDATION_ERRORS": "" }, "geometry": { "type": "LineString", "coordinates": [ [ 15425351.49, 5003976.799999999813735 ], [ 15425159.55, 5003739.150000000372529 ], [ 15424973.28, 5003498.200000000186265 ], [ 15424798.23, 5003250.46 ], [ 15424639.97, 5002992.46 ], [ 15424508.09, 5002736.179999999701977 ], [ 15424387.97, 5002472.990000000223517 ], [ 15424271.01, 5002208.089999999850988 ], [ 15424148.6, 5001946.679999999701977 ], [ 15424012.15, 5001693.96 ], [ 15423840.0, 5001433.28000000026077 ], [ 15423645.23, 5001187.53000000026077 ], [ 15423431.9, 5000954.83 ], [ 15423204.06, 5000733.33 ], [ 15422965.79, 5000521.129999999888241 ], [ 15422704.43, 5000300.889999999664724 ], [ 15422446.42, 5000080.160000000149012 ], [ 15422202.2, 4999849.54 ], [ 15421982.2, 4999599.620000000111759 ], [ 15421812.82, 4999355.589999999850988 ], [ 15421663.67, 4999095.480000000447035 ], [ 15421527.3, 4998825.660000000149012 ], [ 15421396.24, 4998552.450000000186265 ], [ 15421283.69, 4998320.21 ], [ 15421170.32, 4998089.639999999664724 ], [ 15421056.73, 4997860.009999999776483 ], [ 15420943.5, 4997630.570000000298023 ], [ 15420831.21, 4997400.559999999590218 ], [ 15420705.78, 4997139.150000000372529 ], [ 15420581.3, 4996876.990000000223517 ], [ 15420456.56, 4996614.759999999776483 ], [ 15420330.38, 4996353.129999999888241 ], [ 15420201.58, 4996092.759999999776483 ], [ 15420068.96, 4995834.320000000298023 ], [ 15419931.33, 4995578.480000000447035 ], [ 15419813.17, 4995369.769999999552965 ], [ 15419690.41, 4995163.839999999850988 ], [ 15419562.55, 4994961.04 ], [ 15419429.08, 4994761.690000000409782 ], [ 15419261.45, 4994526.700000000186265 ], [ 15419089.57, 4994294.75 ], [ 15418917.79, 4994063.0 ], [ 15418750.47, 4993828.639999999664724 ], [ 15418591.99, 4993588.860000000335276 ], [ 15418460.65, 4993368.309999999590218 ], [ 15418338.19, 4993142.429999999701977 ], [ 15418222.82, 4992912.28000000026077 ], [ 15418112.76, 4992678.900000000372529 ], [ 15418006.21, 4992443.320000000298023 ], [ 15417901.39, 4992206.589999999850988 ] ] } },
{ "type": "Feature", "properties": { "type": 130, "Name": null, "VALIDATION_ERRORS": "" }, "geometry": { "type": "LineString", "coordinates": [ [ 15423488.97, 5000981.889999999664724 ], [ 15423728.25, 5000969.549999999813735 ], [ 15423967.36, 5000957.179999999701977 ], [ 15424206.22, 5000944.67 ], [ 15424444.73, 5000931.950000000186265 ], [ 15424682.79, 5000918.929999999701977 ], [ 15424920.31, 5000905.509999999776483 ], [ 15425157.2, 5000891.620000000111759 ], [ 15425393.35, 5000877.17 ], [ 15425642.51, 5000861.129999999888241 ], [ 15425891.08, 5000843.929999999701977 ], [ 15426139.52, 5000825.049999999813735 ], [ 15426388.29, 5000803.940000000409782 ], [ 15426637.86, 5000780.099999999627471 ], [ 15426888.7, 5000752.990000000223517 ], [ 15427141.28, 5000722.08 ], [ 15427396.05, 5000686.860000000335276 ], [ 15427653.49, 5000646.79 ], [ 15427899.56, 5000602.839999999850988 ], [ 15428141.94, 5000547.610000000335276 ], [ 15428374.3, 5000474.570000000298023 ], [ 15428590.29, 5000377.17 ], [ 15428783.57, 5000248.870000000111759 ], [ 15428964.76, 5000068.519999999552965 ], [ 15429120.07, 4999856.5 ], [ 15429258.85, 4999625.990000000223517 ], [ 15429390.46, 4999390.190000000409782 ], [ 15429508.16, 4999184.17 ], [ 15429626.89, 4998982.46 ], [ 15429746.22, 4998782.83 ] ] } },
{ "type": "Feature", "properties": { "type": 131, "Name": null, "VALIDATION_ERRORS": "" }, "geometry": { "type": "LineString", "coordinates": [ [ 15431169.27, 5001316.980000000447035 ], [ 15431147.3, 5001075.769999999552965 ], [ 15431124.91, 5000834.690000000409782 ], [ 15431101.69, 5000593.75 ], [ 15431077.21, 5000352.96 ], [ 15431051.05, 5000112.339999999850988 ], [ 15431022.78, 4999871.879999999888241 ], [ 15430992.29, 4999632.71 ], [ 15430959.81, 4999393.860000000335276 ], [ 15430925.83, 4999155.230000000447035 ], [ 15430890.85, 4998916.679999999701977 ], [ 15430855.37, 4998678.110000000335276 ] ] } },
{ "type": "Feature", "properties": { "type": 132, "Name": null, "VALIDATION_ERRORS": "" }, "geometry": { "type": "LineString", "coordinates": [ [ 15417964.17, 4998720.0 ], [ 15418228.49, 4998732.570000000298023 ], [ 15418492.73, 4998745.190000000409782 ], [ 15418756.92, 4998757.910000000149012 ], [ 15419021.08, 4998770.769999999552965 ], [ 15419285.23, 4998783.83 ], [ 15419549.39, 4998797.139999999664724 ], [ 15419813.58, 4998810.75 ], [ 15420077.82, 4998824.71 ], [ 15420325.56, 4998838.150000000372529 ], [ 15420573.2, 4998851.870000000111759 ], [ 15420820.78, 4998865.820000000298023 ], [ 15421068.36, 4998879.940000000409782 ], [ 15421315.97, 4998894.179999999701977 ], [ 15421563.66, 4998908.490000000223517 ] ] } },
{ "type": "Feature", "properties": { "type": 133, "Name": null, "VALIDATION_ERRORS": "" }, "geometry": { "type": "LineString", "coordinates": [ [ 15426544.35, 4999746.21999999973923 ], [ 15426298.06, 4999725.519999999552965 ], [ 15426051.86, 4999704.54 ], [ 15425805.77, 4999683.03000000026077 ], [ 15425559.8, 4999660.700000000186265 ], [ 15425313.94, 4999637.28000000026077 ], [ 15425068.22, 4999612.490000000223517 ], [ 15424822.63, 4999586.070000000298023 ], [ 15424577.19, 4999557.730000000447035 ], [ 15424329.39, 4999527.070000000298023 ], [ 15424081.84, 4999495.009999999776483 ], [ 15423834.39, 4999462.379999999888241 ], [ 15423586.91, 4999429.990000000223517 ], [ 15423339.28, 4999398.67 ], [ 15423091.35, 4999369.240000000223517 ], [ 15422868.44, 4999344.940000000409782 ], [ 15422645.39, 4999322.480000000447035 ], [ 15422422.22, 4999301.480000000447035 ], [ 15422198.93, 4999281.570000000298023 ], [ 15421975.53, 4999262.400000000372529 ], [ 15421752.0, 4999243.58 ] ] } },
{ "type": "Feature", "properties": { "type": 134, "Name": null, "VALIDATION_ERRORS": "" }, "geometry": { "type": "LineString", "coordinates": [ [ 15419177.95, 5000814.339999999850988 ], [ 15419063.92, 5000566.200000000186265 ], [ 15418962.18, 5000315.740000000223517 ], [ 15418884.97, 5000060.379999999888241 ], [ 15418843.63, 4999820.480000000447035 ], [ 15418827.08, 4999575.799999999813735 ], [ 15418829.09, 4999327.509999999776483 ], [ 15418843.48, 4999076.759999999776483 ], [ 15418864.04, 4998824.71 ] ] } },
{ "type": "Feature", "properties": { "type": 135, "Name": null, "VALIDATION_ERRORS": "" }, "geometry": { "type": "LineString", "coordinates": [ [ 15421312.53, 5002343.21 ], [ 15421175.14, 5002124.480000000447035 ], [ 15421043.85, 5001903.96 ], [ 15420924.76, 5001679.71 ], [ 15420823.95, 5001449.79 ], [ 15420747.5, 5001212.259999999776483 ], [ 15420705.94, 5001012.519999999552965 ], [ 15420678.63, 5000808.559999999590218 ], [ 15420659.59, 5000602.25 ], [ 15420642.86, 5000395.46999999973923 ], [ 15420623.91, 5000192.160000000149012 ], [ 15420602.59, 4999989.92 ], [ 15420580.08, 4999788.110000000335276 ] ] } },
{ "type": "Feature", "properties": { "type": 136, "Name": null, "VALIDATION_ERRORS": "" }, "geometry": { "type": "LineString", "coordinates": [ [ 15422923.93, 5001631.129999999888241 ], [ 15422995.12, 5001855.83 ], [ 15423064.19, 5002080.83 ], [ 15423129.06, 5002306.570000000298023 ], [ 15423187.64, 5002533.509999999776483 ], [ 15423237.84, 5002762.08 ], [ 15423281.86, 5003016.83 ], [ 15423315.17, 5003273.480000000447035 ], [ 15423339.93, 5003531.660000000149012 ], [ 15423358.28, 5003791.03000000026077 ], [ 15423372.37, 5004051.21999999973923 ], [ 15423384.33, 5004311.889999999664724 ] ] } },
{ "type": "Feature", "properties": { "type": 137, "Name": null, "VALIDATION_ERRORS": "" }, "geometry": { "type": "LineString", "coordinates": [ [ 15425246.86, 5003851.139999999664724 ], [ 15425271.51, 5003620.79 ], [ 15425296.77, 5003390.5 ], [ 15425323.23, 5003160.150000000372529 ], [ 15425351.49, 5002929.629999999888241 ], [ 15425378.55, 5002720.269999999552965 ], [ 15425403.94, 5002510.910000000149012 ], [ 15425424.04, 5002301.46999999973923 ], [ 15425435.2, 5002091.889999999664724 ], [ 15425433.84, 5001853.160000000149012 ], [ 15425419.44, 5001614.46 ], [ 15425395.25, 5001375.75 ], [ 15425364.53, 5001136.980000000447035 ], [ 15425330.57, 5000898.110000000335276 ] ] } },
{ "type": "Feature", "properties": { "type": 138, "Name": null, "VALIDATION_ERRORS": "" }, "geometry": { "type": "LineString", "coordinates": [ [ 15426272.29, 5003285.660000000149012 ], [ 15426268.15, 5003034.259999999776483 ], [ 15426263.58, 5002782.96 ], [ 15426258.13, 5002531.700000000186265 ], [ 15426251.37, 5002280.379999999888241 ], [ 15426243.36, 5002039.389999999664724 ], [ 15426234.01, 5001798.509999999776483 ], [ 15426223.59, 5001557.71 ], [ 15426212.37, 5001316.940000000409782 ], [ 15426200.61, 5001076.150000000372529 ], [ 15426188.59, 5000835.28000000026077 ] ] } },
{ "type": "Feature", "properties": { "type": 139, "Name": null, "VALIDATION_ERRORS": "" }, "geometry": { "type": "LineString", "coordinates": [ [ 15430227.55, 5002636.42 ], [ 15430069.21, 5002427.480000000447035 ], [ 15429912.83, 5002217.429999999701977 ], [ 15429760.28, 5002005.049999999813735 ], [ 15429613.43, 5001789.08 ], [ 15429474.17, 5001568.299999999813735 ], [ 15429335.62, 5001327.660000000149012 ], [ 15429204.31, 5001082.620000000111759 ], [ 15429076.55, 5000835.28000000026077 ] ] } },
{ "type": "Feature", "properties": { "type": 140, "Name": null, "VALIDATION_ERRORS": "" }, "geometry": { "type": "LineString", "coordinates": [ [ 15418131.59, 4998028.860000000335276 ], [ 15418361.37, 4998017.33 ], [ 15418590.56, 4998003.599999999627471 ], [ 15418818.68, 4997985.450000000186265 ], [ 15419045.26, 4997960.650000000372529 ], [ 15419269.81, 4997927.0 ], [ 15419491.86, 4997882.259999999776483 ], [ 15419761.23, 4997810.059999999590218 ], [ 15420026.76, 4997721.78000000026077 ], [ 15420289.44, 4997621.429999999701977 ], [ 15420550.28, 4997513.019999999552965 ], [ 15420810.28, 4997400.559999999590218 ] ] } },
{ "type": "Feature", "properties": { "type": 141, "Name": null, "VALIDATION_ERRORS": "" }, "geometry": { "type": "LineString", "coordinates": [ [ 15421082.33, 4997756.599999999627471 ], [ 15421070.42, 4997500.440000000409782 ], [ 15421056.28, 4997244.5 ], [ 15421037.64, 4996988.889999999664724 ], [ 15421012.21, 4996733.71 ], [ 15420977.7, 4996479.049999999813735 ], [ 15420928.81, 4996210.200000000186265 ], [ 15420865.13, 4995944.58 ], [ 15420784.49, 4995684.400000000372529 ], [ 15420684.71, 4995431.879999999888241 ], [ 15420560.03, 4995179.870000000111759 ], [ 15420417.54, 4994936.71999999973923 ], [ 15420262.14, 4994700.29 ], [ 15420098.75, 4994468.480000000447035 ], [ 15419912.39, 4994215.440000000409782 ], [ 15419718.42, 4993969.809999999590218 ], [ 15419512.79, 4993735.46 ], [ 15419271.44, 4993495.480000000447035 ], [ 15419015.23, 4993270.339999999850988 ], [ 15418747.86, 4993056.28000000026077 ], [ 15418473.01, 4992849.549999999813735 ], [ 15418194.37, 4992646.400000000372529 ] ] } },
{ "type": "Feature", "properties": { "type": 142, "Name": null, "VALIDATION_ERRORS": "" }, "geometry": { "type": "LineString", "coordinates": [ [ 15417901.39, 4989902.809999999590218 ], [ 15418139.07, 4990139.190000000409782 ], [ 15418379.58, 4990371.5 ], [ 15418625.88, 4990595.759999999776483 ], [ 15418880.92, 4990807.980000000447035 ], [ 15419147.67, 4991004.17 ], [ 15419429.08, 4991180.360000000335276 ], [ 15419688.12, 4991317.450000000186265 ], [ 15419951.82, 4991447.639999999664724 ], [ 15420211.57, 4991582.58 ], [ 15420458.74, 4991733.940000000409782 ], [ 15420684.71, 4991913.379999999888241 ], [ 15420898.09, 4992142.83 ], [ 15421096.02, 4992390.769999999552965 ], [ 15421297.57, 4992630.400000000372529 ], [ 15421521.8, 4992834.889999999664724 ], [ 15421716.33, 4992953.370000000111759 ], [ 15421929.39, 4993044.259999999776483 ], [ 15422155.68, 4993115.759999999776483 ], [ 15422389.93, 4993176.03000000026077 ], [ 15422626.85, 4993233.269999999552965 ], [ 15422861.15, 4993295.650000000372529 ], [ 15423107.0, 4993376.370000000111759 ], [ 15423344.86, 4993470.78000000026077 ], [ 15423576.3, 4993577.099999999627471 ], [ 15423802.88, 4993693.570000000298023 ], [ 15424028.66, 4993819.440000000409782 ], [ 15424252.66, 4993949.46 ], [ 15424476.77, 4994079.379999999888241 ], [ 15424702.9, 4994204.929999999701977 ], [ 15424932.95, 4994321.879999999888241 ], [ 15425153.89, 4994420.92 ], [ 15425379.07, 4994510.129999999888241 ], [ 15425607.8, 4994591.17 ], [ 15425839.38, 4994665.67 ], [ 15426073.13, 4994735.28000000026077 ], [ 15426308.35, 4994801.639999999664724 ], [ 15426544.35, 4994866.410000000149012 ] ] } },
{ "type": "Feature", "properties": { "type": 143, "Name": null, "VALIDATION_ERRORS": "" }, "geometry": { "type": "LineString", "coordinates": [ [ 15421375.31, 4997191.129999999888241 ], [ 15421481.78, 4996932.440000000409782 ], [ 15421593.75, 4996676.769999999552965 ], [ 15421716.84, 4996426.96 ], [ 15421856.64, 4996185.839999999850988 ], [ 15422028.43, 4995935.42 ], [ 15422203.43, 4995687.83 ], [ 15422358.9, 4995431.879999999888241 ], [ 15422467.28, 4995186.740000000223517 ], [ 15422548.03, 4994929.150000000372529 ], [ 15422608.07, 4994662.190000000409782 ], [ 15422654.33, 4994388.929999999701977 ], [ 15422693.73, 4994112.440000000409782 ] ] } },
{ "type": "Feature", "properties": { "type": 144, "Name": null, "VALIDATION_ERRORS": "" }, "geometry": { "type": "LineString", "coordinates": [ [ 15421145.11, 4997463.389999999664724 ], [ 15421380.95, 4997464.049999999813735 ], [ 15421616.7, 4997464.67 ], [ 15421852.34, 4997465.179999999701977 ], [ 15422087.87, 4997465.490000000223517 ], [ 15422323.27, 4997465.54 ], [ 15422558.53, 4997465.25 ], [ 15422793.63, 4997464.559999999590218 ], [ 15423028.57, 4997463.389999999664724 ], [ 15423274.82, 4997461.46 ], [ 15423520.83, 4997458.059999999590218 ], [ 15423766.74, 4997452.29 ], [ 15424012.67, 4997443.240000000223517 ], [ 15424258.73, 4997429.990000000223517 ], [ 15424505.06, 4997411.629999999888241 ], [ 15424751.78, 4997387.25 ], [ 15424999.0, 4997355.940000000409782 ], [ 15425246.86, 4997316.79 ], [ 15425481.94, 4997271.150000000372529 ], [ 15425713.96, 4997214.17 ], [ 15425939.35, 4997142.309999999590218 ], [ 15426154.55, 4997052.04 ], [ 15426356.0, 4996939.809999999590218 ], [ 15426590.3, 4996761.570000000298023 ], [ 15426803.09, 4996552.129999999888241 ], [ 15427001.61, 4996321.849999999627471 ], [ 15427193.09, 4996081.120000000111759 ] ] } },
{ "type": "Feature", "properties": { "type": 145, "Name": null, "VALIDATION_ERRORS": "" }, "geometry": { "type": "LineString", "coordinates": [ [ 15417713.04, 4987745.639999999664724 ], [ 15417958.19, 4987861.429999999701977 ], [ 15418203.74, 4987977.54 ], [ 15418450.18, 4988094.389999999664724 ], [ 15418698.02, 4988212.42 ], [ 15418947.75, 4988332.059999999590218 ], [ 15419219.21, 4988465.139999999664724 ], [ 15419483.55, 4988608.67 ], [ 15419731.13, 4988770.96 ], [ 15419952.26, 4988960.360000000335276 ], [ 15420129.39, 4989166.03000000026077 ], [ 15420286.16, 4989392.150000000372529 ], [ 15420433.89, 4989628.519999999552965 ], [ 15420583.9, 4989864.96999999973923 ], [ 15420747.5, 4990091.299999999813735 ], [ 15420955.06, 4990327.379999999888241 ], [ 15421166.52, 4990557.870000000111759 ], [ 15421354.39, 4990803.379999999888241 ], [ 15421483.16, 4991045.820000000298023 ], [ 15421578.52, 4991307.04 ], [ 15421647.37, 4991578.29 ], [ 15421688.24, 4991800.67 ], [ 15421718.21, 4992023.570000000298023 ], [ 15421739.47, 4992246.910000000149012 ], [ 15421754.22, 4992470.599999999627471 ], [ 15421764.64, 4992694.549999999813735 ], [ 15421772.93, 4992918.67 ] ] } },
{ "type": "Feature", "properties": { "type": 146, "Name": null, "VALIDATION_ERRORS": "" }, "geometry": { "type": "LineString", "coordinates": [ [ 15423049.5, 4992395.08 ], [ 15423197.01, 4992603.75 ], [ 15423339.9, 4992814.759999999776483 ], [ 15423473.61, 4993030.589999999850988 ], [ 15423593.6, 4993253.759999999776483 ], [ 15423691.84, 4993471.53000000026077 ], [ 15423781.95, 4993693.570000000298023 ] ] } },
{ "type": "Feature", "properties": { "type": 147, "Name": null, "VALIDATION_ERRORS": "" }, "geometry": { "type": "LineString", "coordinates": [ [ 15423886.59, 4992311.309999999590218 ], [ 15423971.4, 4992530.849999999627471 ], [ 15424055.74, 4992750.480000000447035 ], [ 15424139.22, 4992970.42 ], [ 15424221.42, 4993190.929999999701977 ], [ 15424301.41, 4993410.320000000298023 ], [ 15424380.09, 4993630.110000000335276 ], [ 15424457.91, 4993850.21 ], [ 15424535.33, 4994070.559999999590218 ] ] } },
{ "type": "Feature", "properties": { "type": 148, "Name": null, "VALIDATION_ERRORS": "" }, "geometry": { "type": "LineString", "coordinates": [ [ 15421459.02, 4997756.599999999627471 ], [ 15421637.88, 4998016.879999999888241 ], [ 15421823.8, 4998270.389999999664724 ], [ 15422024.06, 4998510.559999999590218 ], [ 15422250.19, 4998738.650000000372529 ], [ 15422493.21, 4998950.700000000186265 ], [ 15422747.56, 4999152.110000000335276 ], [ 15423007.64, 4999348.299999999813735 ] ] } },
{ "type": "Feature", "properties": { "type": 149, "Name": null, "VALIDATION_ERRORS": "" }, "geometry": { "type": "LineString", "coordinates": [ [ 15425832.82, 4998301.129999999888241 ], [ 15426272.29, 4996918.860000000335276 ] ] } },
{ "type": "Feature", "properties": { "type": 150, "Name": null, "VALIDATION_ERRORS": "" }, "geometry": { "type": "LineString", "coordinates": [ [ 15426921.04, 4998489.620000000111759 ], [ 15426809.53, 4998706.320000000298023 ], [ 15426687.52, 4998912.29 ], [ 15426544.35, 4999096.980000000447035 ], [ 15426353.1, 4999267.269999999552965 ], [ 15426132.98, 4999408.240000000223517 ], [ 15425893.58, 4999529.71 ], [ 15425644.48, 4999641.509999999776483 ] ] } },
{ "type": "Feature", "properties": { "type": 151, "Name": null, "VALIDATION_ERRORS": "" }, "geometry": { "type": "LineString", "coordinates": [ [ 15427779.06, 4999473.96 ], [ 15426858.26, 5000206.980000000447035 ] ] } },
{ "type": "Feature", "properties": { "type": 152, "Name": null, "VALIDATION_ERRORS": "" }, "geometry": { "type": "LineString", "coordinates": [ [ 15426732.69, 4994175.269999999552965 ], [ 15426988.02, 4994172.370000000111759 ], [ 15427243.28, 4994169.799999999813735 ], [ 15427498.44, 4994167.910000000149012 ], [ 15427753.49, 4994167.04 ], [ 15428008.41, 4994167.54 ], [ 15428263.2, 4994169.740000000223517 ], [ 15428517.83, 4994174.0 ], [ 15428772.28, 4994180.660000000149012 ], [ 15429026.55, 4994190.049999999813735 ], [ 15429280.62, 4994202.53000000026077 ], [ 15429534.46, 4994218.429999999701977 ], [ 15429788.08, 4994238.099999999627471 ], [ 15430050.13, 4994262.589999999850988 ], [ 15430311.86, 4994290.679999999701977 ], [ 15430573.35, 4994321.599999999627471 ], [ 15430834.67, 4994354.58 ], [ 15431095.93, 4994388.849999999627471 ], [ 15431357.19, 4994423.620000000111759 ], [ 15431618.54, 4994458.120000000111759 ], [ 15431880.06, 4994491.58 ], [ 15432141.85, 4994523.21 ], [ 15432403.98, 4994552.25 ], [ 15432642.25, 4994575.96 ], [ 15432880.62, 4994597.79 ], [ 15433119.03, 4994618.660000000149012 ], [ 15433357.37, 4994639.490000000223517 ], [ 15433595.56, 4994661.190000000409782 ], [ 15433833.52, 4994684.690000000409782 ], [ 15434071.15, 4994710.900000000372529 ], [ 15434308.36, 4994740.75 ], [ 15434532.46, 4994772.929999999701977 ], [ 15434756.03, 4994808.5 ], [ 15434979.22, 4994846.78000000026077 ], [ 15435202.15, 4994887.089999999850988 ], [ 15435424.94, 4994928.759999999776483 ], [ 15435647.71, 4994971.120000000111759 ] ] } },
{ "type": "Feature", "properties": { "type": 153, "Name": null, "VALIDATION_ERRORS": "" }, "geometry": { "type": "LineString", "coordinates": [ [ 15431232.06, 4996876.96999999973923 ], [ 15431291.72, 4996669.610000000335276 ], [ 15431358.92, 4996465.980000000447035 ], [ 15431441.33, 4996269.620000000111759 ], [ 15431593.65, 4996008.0 ], [ 15431779.2, 4995764.96 ], [ 15431985.44, 4995536.599999999627471 ], [ 15432227.84, 4995294.049999999813735 ], [ 15432477.68, 4995061.990000000223517 ], [ 15432732.53, 4994836.860000000335276 ], [ 15432989.95, 4994615.08 ] ] } },
{ "type": "Feature", "properties": { "type": 154, "Name": null, "VALIDATION_ERRORS": "" }, "geometry": { "type": "LineString", "coordinates": [ [ 15434057.24, 4996290.559999999590218 ], [ 15433638.69, 4994656.96999999973923 ] ] } },
{ "type": "Feature", "properties": { "type": 155, "Name": null, "VALIDATION_ERRORS": "" }, "geometry": { "type": "LineString", "coordinates": [ [ 15433220.15, 4994615.08 ], [ 15433108.97, 4994372.099999999627471 ], [ 15432997.93, 4994129.129999999888241 ], [ 15432887.17, 4993886.099999999627471 ], [ 15432776.78, 4993642.929999999701977 ], [ 15432666.87, 4993399.549999999813735 ], [ 15432557.57, 4993155.870000000111759 ], [ 15432448.97, 4992911.83 ], [ 15432341.2, 4992667.349999999627471 ], [ 15432235.39, 4992424.849999999627471 ], [ 15432130.39, 4992182.099999999627471 ], [ 15432025.97, 4991939.129999999888241 ], [ 15431921.92, 4991695.96999999973923 ], [ 15431818.02, 4991452.629999999888241 ] ] } },
{ "type": "Feature", "properties": { "type": 156, "Name": null, "VALIDATION_ERRORS": "" }, "geometry": { "type": "LineString", "coordinates": [ [ 15423781.95, 4990049.42 ], [ 15423909.17, 4989795.929999999701977 ], [ 15424037.78, 4989543.389999999664724 ], [ 15424169.27, 4989292.53000000026077 ], [ 15424305.13, 4989044.129999999888241 ], [ 15424448.38, 4988795.589999999850988 ], [ 15424596.86, 4988550.21 ], [ 15424749.92, 4988307.589999999850988 ], [ 15424906.91, 4988067.309999999590218 ], [ 15425067.19, 4987828.96999999973923 ], [ 15425230.1, 4987592.17 ], [ 15425395.0, 4987356.509999999776483 ], [ 15425561.25, 4987121.570000000298023 ], [ 15425728.19, 4986886.96 ] ] } },
{ "type": "Feature", "properties": { "type": 157, "Name": null, "VALIDATION_ERRORS": "" }, "geometry": { "type": "LineString", "coordinates": [ [ 15425163.15, 4987808.46999999973923 ], [ 15425373.78, 4987791.860000000335276 ], [ 15425583.8, 4987779.78000000026077 ], [ 15425792.77, 4987776.820000000298023 ], [ 15426000.24, 4987787.53000000026077 ], [ 15426266.25, 4987826.690000000409782 ], [ 15426528.79, 4987891.259999999776483 ], [ 15426788.07, 4987976.04 ], [ 15427044.31, 4988075.83 ], [ 15427297.73, 4988185.450000000186265 ], [ 15427545.95, 4988299.139999999664724 ], [ 15427791.94, 4988416.04 ], [ 15428036.26, 4988534.910000000149012 ], [ 15428279.44, 4988654.46999999973923 ], [ 15428522.01, 4988773.46 ], [ 15428764.52, 4988890.610000000335276 ], [ 15429007.51, 4989004.650000000372529 ], [ 15429251.51, 4989114.320000000298023 ], [ 15429497.07, 4989218.349999999627471 ], [ 15429744.73, 4989315.480000000447035 ], [ 15429995.01, 4989404.429999999701977 ], [ 15430248.48, 4989483.950000000186265 ], [ 15430483.89, 4989547.78000000026077 ], [ 15430722.0, 4989603.589999999850988 ], [ 15430962.55, 4989652.410000000149012 ], [ 15431205.25, 4989695.25 ], [ 15431449.83, 4989733.129999999888241 ], [ 15431696.04, 4989767.070000000298023 ], [ 15431943.58, 4989798.099999999627471 ], [ 15432168.85, 4989825.559999999590218 ], [ 15432392.16, 4989858.139999999664724 ], [ 15432610.92, 4989902.58 ], [ 15432822.53, 4989965.639999999664724 ], [ 15433073.28, 4990076.070000000298023 ], [ 15433313.47, 4990213.870000000111759 ], [ 15433547.99, 4990367.259999999776483 ], [ 15433781.74, 4990524.490000000223517 ], [ 15434019.62, 4990673.79 ], [ 15434266.51, 4990803.379999999888241 ], [ 15434512.71, 4990900.940000000409782 ], [ 15434766.82, 4990979.799999999813735 ], [ 15435024.39, 4991049.860000000335276 ], [ 15435280.96, 4991120.990000000223517 ], [ 15435532.07, 4991203.08 ], [ 15435773.27, 4991306.019999999552965 ], [ 15436019.66, 4991447.990000000223517 ], [ 15436254.84, 4991612.860000000335276 ], [ 15436484.8, 4991787.71999999973923 ], [ 15436710.26, 4991958.79 ], [ 15436936.05, 4992127.490000000223517 ], [ 15437162.1, 4992294.42 ], [ 15437388.39, 4992460.21 ], [ 15437614.87, 4992625.46 ] ] } },
{ "type": "Feature", "properties": { "type": 158, "Name": null, "VALIDATION_ERRORS": "" }, "geometry": { "type": "LineString", "coordinates": [ [ 15434998.96, 4994196.21999999973923 ], [ 15435234.3, 4993981.360000000335276 ], [ 15435469.61, 4993766.629999999888241 ], [ 15435705.02, 4993552.03000000026077 ], [ 15435940.69, 4993337.54 ], [ 15436162.34, 4993136.17 ], [ 15436384.06, 4992935.059999999590218 ], [ 15436605.88, 4992734.089999999850988 ], [ 15436827.8, 4992533.179999999701977 ], [ 15437049.84, 4992332.25 ] ] } },
{ "type": "Feature", "properties": { "type": 159, "Name": null, "VALIDATION_ERRORS": "" }, "geometry": { "type": "LineString", "coordinates": [ [ 15433471.27, 4992122.820000000298023 ], [ 15433734.16, 4992079.349999999627471 ], [ 15433996.74, 4992034.96999999973923 ], [ 15434258.87, 4991988.75 ], [ 15434520.37, 4991939.740000000223517 ], [ 15434781.07, 4991887.0 ], [ 15435040.82, 4991829.610000000335276 ], [ 15435263.82, 4991775.92 ], [ 15435486.0, 4991718.950000000186265 ], [ 15435707.59, 4991659.490000000223517 ], [ 15435928.83, 4991598.370000000111759 ], [ 15436149.96, 4991536.400000000372529 ] ] } },
{ "type": "Feature", "properties": { "type": 160, "Name": null, "VALIDATION_ERRORS": "" }, "geometry": { "type": "LineString", "coordinates": [ [ 15432320.27, 4991347.910000000149012 ], [ 15432717.89, 4989944.700000000186265 ] ] } },
{ "type": "Feature", "properties": { "type": 161, "Name": null, "VALIDATION_ERRORS": "" }, "geometry": { "type": "LineString", "coordinates": [ [ 15432383.06, 4989860.929999999701977 ], [ 15432780.67, 4987243.0 ] ] } },
{ "type": "Feature", "properties": { "type": 162, "Name": null, "VALIDATION_ERRORS": "" }, "geometry": { "type": "LineString", "coordinates": [ [ 15426272.29, 4993400.370000000111759 ], [ 15426536.88, 4993145.509999999776483 ], [ 15426791.31, 4992882.900000000372529 ], [ 15427025.68, 4992604.519999999552965 ], [ 15427194.33, 4992362.110000000335276 ], [ 15427339.58, 4992101.870000000111759 ], [ 15427444.55, 4991873.29 ], [ 15427555.02, 4991650.379999999888241 ], [ 15427695.35, 4991452.629999999888241 ], [ 15427843.33, 4991319.53000000026077 ], [ 15428009.26, 4991201.309999999590218 ] ] } },
{ "type": "Feature", "properties": { "type": 163, "Name": null, "VALIDATION_ERRORS": "" }, "geometry": { "type": "LineString", "coordinates": [ [ 15424346.99, 4991557.339999999850988 ], [ 15424134.97, 4991364.059999999590218 ], [ 15423930.28, 4991163.96 ], [ 15423740.1, 4990949.990000000223517 ], [ 15423612.28, 4990778.299999999813735 ], [ 15423499.67, 4990596.42 ], [ 15423405.26, 4990405.46 ], [ 15423326.47, 4990193.28000000026077 ], [ 15423265.91, 4989974.519999999552965 ], [ 15423217.47, 4989751.320000000298023 ], [ 15423175.06, 4989525.83 ] ] } },
{ "type": "Feature", "properties": { "type": 164, "Name": null, "VALIDATION_ERRORS": "" }, "geometry": { "type": "LineString", "coordinates": [ [ 15424054.0, 4991180.360000000335276 ], [ 15424765.53, 4990489.230000000447035 ] ] } },
{ "type": "Feature", "properties": { "type": 165, "Name": null, "VALIDATION_ERRORS": "" }, "geometry": { "type": "LineString", "coordinates": [ [ 15422212.4, 4991662.059999999590218 ], [ 15422392.12, 4991423.230000000447035 ], [ 15422578.25, 4991190.79 ], [ 15422777.44, 4990970.929999999701977 ], [ 15422971.04, 4990787.879999999888241 ], [ 15423175.04, 4990615.099999999627471 ], [ 15423384.33, 4990447.339999999850988 ] ] } },
{ "type": "Feature", "properties": { "type": 166, "Name": null, "VALIDATION_ERRORS": "" }, "geometry": { "type": "LineString", "coordinates": [ [ 15417880.46, 4983138.089999999850988 ], [ 15417983.0, 4983382.410000000149012 ], [ 15418082.9, 4983627.360000000335276 ], [ 15418177.58, 4983873.71 ], [ 15418264.43, 4984122.25 ], [ 15418340.86, 4984373.75 ], [ 15418398.45, 4984599.870000000111759 ], [ 15418447.45, 4984828.269999999552965 ], [ 15418489.58, 4985058.519999999552965 ], [ 15418526.56, 4985290.179999999701977 ], [ 15418560.12, 4985522.83 ], [ 15418591.99, 4985756.019999999552965 ] ] } },
{ "type": "Feature", "properties": { "type": 167, "Name": null, "VALIDATION_ERRORS": "" }, "geometry": { "type": "LineString", "coordinates": [ [ 15417754.9, 4989672.440000000409782 ], [ 15418173.44, 4987996.96 ] ] } },
{ "type": "Feature", "properties": { "type": 168, "Name": null, "VALIDATION_ERRORS": "" }, "geometry": { "type": "LineString", "coordinates": [ [ 15418403.64, 4988101.679999999701977 ], [ 15418515.6, 4987875.58 ], [ 15418628.79, 4987649.929999999701977 ], [ 15418744.5, 4987425.009999999776483 ], [ 15418864.04, 4987201.110000000335276 ], [ 15418980.16, 4986988.879999999888241 ], [ 15419088.79, 4986773.900000000372529 ], [ 15419177.95, 4986551.870000000111759 ], [ 15419237.24, 4986334.42 ], [ 15419282.59, 4986112.049999999813735 ] ] } },
{ "type": "Feature", "properties": { "type": 169, "Name": null, "VALIDATION_ERRORS": "" }, "geometry": { "type": "LineString", "coordinates": [ [ 15419617.42, 4988709.04 ], [ 15419757.37, 4988456.46999999973923 ], [ 15419876.06, 4988199.67 ], [ 15419952.26, 4987934.129999999888241 ], [ 15419973.32, 4987687.360000000335276 ], [ 15419965.86, 4987434.650000000372529 ], [ 15419952.26, 4987180.17 ], [ 15419950.23, 4986927.360000000335276 ], [ 15419959.0, 4986676.379999999888241 ], [ 15419973.19, 4986426.200000000186265 ] ] } },
{ "type": "Feature", "properties": { "type": 170, "Name": null, "VALIDATION_ERRORS": "" }, "geometry": { "type": "LineString", "coordinates": [ [ 15427088.46, 4984122.429999999701977 ], [ 15427170.5, 4984384.25 ], [ 15427256.04, 4984644.429999999701977 ], [ 15427348.7, 4984901.46 ], [ 15427452.08, 4985153.809999999590218 ], [ 15427569.78, 4985399.980000000447035 ], [ 15427741.26, 4985697.28000000026077 ], [ 15427938.2, 4985980.009999999776483 ], [ 15428158.24, 4986246.03000000026077 ], [ 15428398.97, 4986493.21 ], [ 15428658.0, 4986719.410000000149012 ], [ 15428891.22, 4986894.71999999973923 ], [ 15429133.55, 4987056.440000000409782 ], [ 15429382.74, 4987207.990000000223517 ], [ 15429636.55, 4987352.809999999590218 ], [ 15429892.71, 4987494.320000000298023 ] ] } },
{ "type": "Feature", "properties": { "type": 171, "Name": null, "VALIDATION_ERRORS": "" }, "geometry": { "type": "LineString", "coordinates": [ [ 15431671.53, 4981713.929999999701977 ], [ 15431792.79, 4981955.990000000223517 ], [ 15431915.92, 4982197.200000000186265 ], [ 15432042.91, 4982436.78000000026077 ], [ 15432175.73, 4982673.96 ], [ 15432316.36, 4982907.990000000223517 ], [ 15432466.77, 4983138.089999999850988 ], [ 15432691.3, 4983440.299999999813735 ], [ 15432946.35, 4983712.54 ], [ 15433241.07, 4983933.940000000409782 ], [ 15433483.93, 4984057.389999999664724 ], [ 15433734.24, 4984167.54 ], [ 15433973.53, 4984289.980000000447035 ], [ 15434232.69, 4984485.370000000111759 ], [ 15434455.75, 4984726.379999999888241 ], [ 15434651.78, 4985001.639999999664724 ], [ 15434829.83, 4985299.769999999552965 ], [ 15434998.96, 4985609.410000000149012 ] ] } },
{ "type": "Feature", "properties": { "type": 172, "Name": null, "VALIDATION_ERRORS": "" }, "geometry": { "type": "LineString", "coordinates": [ [ 15433554.98, 4983159.03000000026077 ], [ 15433806.95, 4983174.549999999813735 ], [ 15434058.69, 4983191.0 ], [ 15434310.14, 4983209.29 ], [ 15434561.19, 4983230.389999999664724 ], [ 15434811.76, 4983255.21 ], [ 15435061.75, 4983284.690000000409782 ], [ 15435319.74, 4983320.83 ], [ 15435576.92, 4983362.269999999552965 ], [ 15435833.39, 4983408.360000000335276 ], [ 15436089.27, 4983458.440000000409782 ], [ 15436344.68, 4983511.849999999627471 ], [ 15436599.71, 4983567.910000000149012 ], [ 15436854.49, 4983625.980000000447035 ], [ 15437109.13, 4983685.370000000111759 ], [ 15437363.75, 4983745.450000000186265 ] ] } },
{ "type": "Feature", "properties": { "type": 173, "Name": null, "VALIDATION_ERRORS": "" }, "geometry": { "type": "LineString", "coordinates": [ [ 15428658.0, 4984604.129999999888241 ], [ 15428812.01, 4984355.980000000447035 ], [ 15428970.79, 4984110.730000000447035 ], [ 15429139.33, 4983871.110000000335276 ], [ 15429299.11, 4983668.190000000409782 ], [ 15429472.61, 4983477.78000000026077 ], [ 15429662.51, 4983305.629999999888241 ], [ 15429836.41, 4983177.370000000111759 ], [ 15430019.25, 4983060.629999999888241 ], [ 15430206.62, 4982949.599999999627471 ] ] } },
{ "type": "Feature", "properties": { "type": 174, "Name": null, "VALIDATION_ERRORS": "" }, "geometry": { "type": "LineString", "coordinates": [ [ 15420621.93, 4986656.58 ], [ 15420850.86, 4986461.360000000335276 ], [ 15421085.9, 4986276.450000000186265 ], [ 15421333.46, 4986112.049999999813735 ], [ 15421537.61, 4986003.610000000335276 ], [ 15421750.35, 4985910.42 ], [ 15421969.15, 4985829.04 ], [ 15422191.48, 4985756.019999999552965 ], [ 15422433.2, 4985683.17 ], [ 15422675.74, 4985615.519999999552965 ], [ 15422919.03, 4985552.410000000149012 ], [ 15423162.95, 4985493.179999999701977 ], [ 15423407.42, 4985437.179999999701977 ], [ 15423652.33, 4985383.759999999776483 ], [ 15423897.61, 4985332.269999999552965 ], [ 15424143.14, 4985282.04 ], [ 15424388.84, 4985232.429999999701977 ] ] } },
{ "type": "Feature", "properties": { "type": 175, "Name": null, "VALIDATION_ERRORS": "" }, "geometry": { "type": "LineString", "coordinates": [ [ 15422798.37, 4987724.700000000186265 ], [ 15422669.26, 4987493.139999999664724 ], [ 15422532.39, 4987267.759999999776483 ], [ 15422379.82, 4987054.509999999776483 ], [ 15422177.63, 4986826.019999999552965 ], [ 15421962.25, 4986607.599999999627471 ], [ 15421752.0, 4986384.320000000298023 ], [ 15421623.89, 4986229.349999999627471 ], [ 15421500.88, 4986070.17 ] ] } },
{ "type": "Feature", "properties": { "type": 176, "Name": null, "VALIDATION_ERRORS": "" }, "geometry": { "type": "LineString", "coordinates": [ [ 15423949.37, 4987368.660000000149012 ], [ 15423810.57, 4987120.099999999627471 ], [ 15423676.5, 4986869.53000000026077 ], [ 15423551.75, 4986614.700000000186265 ], [ 15423455.87, 4986393.879999999888241 ], [ 15423368.12, 4986169.519999999552965 ], [ 15423286.46, 4985942.480000000447035 ], [ 15423208.84, 4985713.610000000335276 ], [ 15423133.2, 4985483.75 ] ] } },
{ "type": "Feature", "properties": { "type": 177, "Name": null, "VALIDATION_ERRORS": "" }, "geometry": { "type": "LineString", "coordinates": [ [ 15421605.51, 4982593.559999999590218 ], [ 15421831.78, 4982839.79 ], [ 15422053.28, 4983090.08 ], [ 15422265.4, 4983348.660000000149012 ], [ 15422463.53, 4983619.79 ], [ 15422588.66, 4983808.950000000186265 ], [ 15422717.19, 4983994.21 ], [ 15422861.15, 4984164.309999999590218 ], [ 15423054.52, 4984331.549999999813735 ], [ 15423266.44, 4984480.71999999973923 ], [ 15423479.76, 4984628.759999999776483 ], [ 15423677.31, 4984792.620000000111759 ], [ 15423889.59, 4985041.120000000111759 ], [ 15424074.93, 4985316.200000000186265 ] ] } },
{ "type": "Feature", "properties": { "type": 178, "Name": null, "VALIDATION_ERRORS": "" }, "geometry": { "type": "LineString", "coordinates": [ [ 15422097.3, 5013380.389999999664724 ], [ 15422467.76, 5013345.339999999850988 ], [ 15422838.29, 5013310.03000000026077 ], [ 15423209.13, 5013274.179999999701977 ], [ 15423580.54, 5013237.5 ], [ 15423952.77, 5013199.700000000186265 ], [ 15424326.06, 5013160.490000000223517 ], [ 15424734.29, 5013115.25 ], [ 15425142.12, 5013064.349999999627471 ], [ 15425547.97, 5013004.08 ], [ 15425950.25, 5012930.730000000447035 ], [ 15426347.38, 5012840.58 ], [ 15426737.77, 5012729.910000000149012 ], [ 15427119.85, 5012595.019999999552965 ], [ 15427462.36, 5012448.769999999552965 ], [ 15427799.66, 5012288.089999999850988 ], [ 15428135.21, 5012121.990000000223517 ], [ 15428472.49, 5011959.5 ], [ 15428814.96, 5011809.639999999664724 ], [ 15429197.75, 5011668.620000000111759 ], [ 15429588.66, 5011550.679999999701977 ], [ 15429985.93, 5011452.990000000223517 ], [ 15430387.82, 5011372.71 ], [ 15430792.58, 5011307.0 ], [ 15431167.63, 5011257.070000000298023 ], [ 15431543.25, 5011216.549999999813735 ], [ 15431919.37, 5011184.75 ], [ 15432295.92, 5011161.009999999776483 ], [ 15432672.8, 5011144.639999999664724 ], [ 15433049.94, 5011134.980000000447035 ], [ 15433427.26, 5011131.360000000335276 ], [ 15433804.68, 5011133.089999999850988 ], [ 15434182.12, 5011139.5 ], [ 15434559.49, 5011149.92 ], [ 15434934.85, 5011163.690000000409782 ], [ 15435309.92, 5011180.54 ], [ 15435684.72, 5011200.21999999973923 ], [ 15436059.28, 5011222.46 ], [ 15436433.65, 5011247.009999999776483 ], [ 15436807.84, 5011273.610000000335276 ], [ 15437181.9, 5011302.0 ], [ 15437555.84, 5011331.92 ], [ 15437929.72, 5011363.120000000111759 ], [ 15438303.55, 5011395.33 ], [ 15438677.36, 5011428.299999999813735 ], [ 15439051.2, 5011461.769999999552965 ], [ 15439425.08, 5011495.490000000223517 ] ] } },
{ "type": "Feature", "properties": { "type": 179, "Name": null, "VALIDATION_ERRORS": "" }, "geometry": { "type": "LineString", "coordinates": [ [ 15422348.43, 5018375.400000000372529 ], [ 15422726.67, 5018325.179999999701977 ], [ 15423104.86, 5018275.03000000026077 ], [ 15423483.03, 5018225.03000000026077 ], [ 15423861.19, 5018175.25 ], [ 15424239.37, 5018125.769999999552965 ], [ 15424617.59, 5018076.650000000372529 ], [ 15424995.88, 5018027.96 ], [ 15425374.25, 5017979.79 ], [ 15425752.72, 5017932.200000000186265 ], [ 15426131.32, 5017885.259999999776483 ], [ 15426510.08, 5017839.049999999813735 ], [ 15426889.0, 5017793.639999999664724 ], [ 15427268.12, 5017749.099999999627471 ], [ 15427647.46, 5017705.5 ], [ 15428027.04, 5017662.929999999701977 ], [ 15428406.88, 5017621.440000000409782 ], [ 15428790.75, 5017580.759999999776483 ], [ 15429174.75, 5017541.599999999627471 ], [ 15429558.87, 5017504.299999999813735 ], [ 15429943.11, 5017469.200000000186265 ], [ 15430327.47, 5017436.620000000111759 ], [ 15430711.96, 5017406.900000000372529 ], [ 15431096.56, 5017380.370000000111759 ], [ 15431481.28, 5017357.370000000111759 ], [ 15431866.12, 5017338.230000000447035 ], [ 15432251.08, 5017323.28000000026077 ], [ 15432636.15, 5017312.849999999627471 ], [ 15433021.34, 5017307.29 ], [ 15433386.68, 5017306.690000000409782 ], [ 15433751.97, 5017310.339999999850988 ], [ 15434117.21, 5017317.820000000298023 ], [ 15434482.42, 5017328.700000000186265 ], [ 15434847.61, 5017342.559999999590218 ], [ 15435212.81, 5017358.96999999973923 ], [ 15435578.02, 5017377.5 ], [ 15435943.27, 5017397.730000000447035 ], [ 15436308.57, 5017419.240000000223517 ], [ 15436673.93, 5017441.589999999850988 ], [ 15437039.37, 5017464.360000000335276 ] ] } },
{ "type": "Feature", "properties": { "type": 180, "Name": null, "VALIDATION_ERRORS": "" }, "geometry": { "type": "LineString", "coordinates": [ [ 15432770.21, 5018563.889999999664724 ], [ 15433145.28, 5018429.150000000372529 ], [ 15433520.55, 5018296.309999999590218 ], [ 15433896.34, 5018167.240000000223517 ], [ 15434272.99, 5018043.820000000298023 ], [ 15434650.79, 5017927.940000000409782 ], [ 15435030.09, 5017821.46 ], [ 15435411.19, 5017726.269999999552965 ], [ 15435794.41, 5017644.240000000223517 ], [ 15436180.08, 5017577.259999999776483 ], [ 15436568.51, 5017527.190000000409782 ], [ 15436932.87, 5017496.309999999590218 ], [ 15437298.93, 5017476.480000000447035 ], [ 15437665.97, 5017462.400000000372529 ], [ 15438033.28, 5017448.759999999776483 ], [ 15438400.15, 5017430.240000000223517 ], [ 15438765.87, 5017401.53000000026077 ], [ 15439146.22, 5017356.42 ], [ 15439524.63, 5017297.42 ], [ 15439901.52, 5017227.53000000026077 ], [ 15440277.34, 5017149.75 ], [ 15440652.52, 5017067.049999999813735 ], [ 15441027.5, 5016982.440000000409782 ], [ 15441402.71, 5016898.889999999664724 ], [ 15441797.29, 5016814.799999999813735 ], [ 15442192.14, 5016733.950000000186265 ], [ 15442587.09, 5016655.08 ], [ 15442982.01, 5016576.870000000111759 ], [ 15443376.75, 5016498.049999999813735 ], [ 15443771.16, 5016417.33 ], [ 15444165.11, 5016333.42 ], [ 15444557.35, 5016246.019999999552965 ], [ 15444949.22, 5016157.269999999552965 ], [ 15445341.42, 5016070.200000000186265 ], [ 15445734.65, 5015987.849999999627471 ], [ 15446097.04, 5015918.46999999973923 ], [ 15446460.38, 5015854.860000000335276 ], [ 15446824.57, 5015796.190000000409782 ], [ 15447189.48, 5015741.639999999664724 ], [ 15447555.0, 5015690.379999999888241 ], [ 15447921.01, 5015641.58 ], [ 15448287.38, 5015594.410000000149012 ], [ 15448654.01, 5015548.04 ] ] } },
{ "type": "Feature", "properties": { "type": 181, "Name": null, "VALIDATION_ERRORS": "" }, "geometry": { "type": "LineString", "coordinates": [ [ 15430196.16, 5014574.17 ], [ 15430120.95, 5014204.349999999627471 ], [ 15430047.3, 5013834.410000000149012 ], [ 15429976.72, 5013464.04 ], [ 15429910.73, 5013092.910000000149012 ], [ 15429850.86, 5012720.679999999701977 ], [ 15429807.11, 5012415.03000000026077 ], [ 15429767.24, 5012108.889999999664724 ], [ 15429729.94, 5011802.339999999850988 ], [ 15429693.9, 5011495.490000000223517 ] ] } },
{ "type": "Feature", "properties": { "type": 182, "Name": null, "VALIDATION_ERRORS": "" }, "geometry": { "type": "LineString", "coordinates": [ [ 15432895.77, 5014699.83 ], [ 15432788.97, 5014318.96999999973923 ], [ 15432686.91, 5013937.620000000111759 ], [ 15432594.31, 5013555.070000000298023 ], [ 15432515.87, 5013170.599999999627471 ], [ 15432456.3, 5012783.509999999776483 ], [ 15432422.61, 5012446.929999999701977 ], [ 15432403.01, 5012108.620000000111759 ], [ 15432393.99, 5011768.950000000186265 ], [ 15432392.0, 5011428.309999999590218 ], [ 15432393.52, 5011087.089999999850988 ] ] } },
{ "type": "Feature", "properties": { "type": 183, "Name": null, "VALIDATION_ERRORS": "" }, "geometry": { "type": "LineString", "coordinates": [ [ 15427496.54, 5013380.389999999664724 ], [ 15429945.03, 5013380.389999999664724 ] ] } },
{ "type": "Feature", "properties": { "type": 184, "Name": null, "VALIDATION_ERRORS": "" }, "geometry": { "type": "LineString", "coordinates": [ [ 15438295.01, 5014542.759999999776483 ], [ 15438514.75, 5011495.490000000223517 ] ] } },
{ "type": "Feature", "properties": { "type": 185, "Name": null, "VALIDATION_ERRORS": "" }, "geometry": { "type": "LineString", "coordinates": [ [ 15422756.51, 5020511.629999999888241 ], [ 15424200.5, 5018124.08 ] ] } },
{ "type": "Feature", "properties": { "type": 186, "Name": null, "VALIDATION_ERRORS": "" }, "geometry": { "type": "LineString", "coordinates": [ [ 15428658.0, 5019380.690000000409782 ], [ 15429379.99, 5017495.78000000026077 ] ] } },
{ "type": "Feature", "properties": { "type": 187, "Name": null, "VALIDATION_ERRORS": "" }, "geometry": { "type": "LineString", "coordinates": [ [ 15423886.59, 5020700.120000000111759 ], [ 15424248.14, 5020733.04 ], [ 15424609.5, 5020766.589999999850988 ], [ 15424970.64, 5020801.42 ], [ 15425331.54, 5020838.17 ], [ 15425692.19, 5020877.490000000223517 ], [ 15426052.56, 5020920.03000000026077 ], [ 15426414.38, 5020966.46 ], [ 15426775.69, 5021016.110000000335276 ], [ 15427136.62, 5021068.349999999627471 ], [ 15427497.31, 5021122.54 ], [ 15427857.9, 5021178.03000000026077 ], [ 15428218.53, 5021234.179999999701977 ] ] } },
{ "type": "Feature", "properties": { "type": 188, "Name": null, "VALIDATION_ERRORS": "" }, "geometry": { "type": "LineString", "coordinates": [ [ 15427873.23, 5021831.070000000298023 ], [ 15428236.5, 5021911.599999999627471 ], [ 15428599.88, 5021986.139999999664724 ], [ 15428963.69, 5022048.679999999701977 ], [ 15429328.26, 5022093.240000000223517 ], [ 15429693.9, 5022113.799999999813735 ], [ 15430007.11, 5022109.389999999664724 ], [ 15430320.85, 5022088.559999999590218 ], [ 15430635.03, 5022056.79 ], [ 15430949.54, 5022019.559999999590218 ] ] } },
{ "type": "Feature", "properties": { "type": 189, "Name": null, "VALIDATION_ERRORS": "" }, "geometry": { "type": "LineString", "coordinates": [ [ 15432173.78, 5023024.839999999850988 ], [ 15432543.04, 5022739.570000000298023 ], [ 15432878.6, 5022432.740000000223517 ], [ 15433146.9, 5022082.389999999664724 ], [ 15433301.16, 5021748.570000000298023 ], [ 15433408.69, 5021387.0 ], [ 15433492.2, 5021014.269999999552965 ], [ 15433562.18, 5020681.879999999888241 ], [ 15433628.79, 5020352.440000000409782 ], [ 15433689.88, 5020024.070000000298023 ], [ 15433743.33, 5019694.839999999850988 ], [ 15433794.52, 5019305.150000000372529 ], [ 15433835.44, 5018912.96 ], [ 15433869.54, 5018519.03000000026077 ], [ 15433900.28, 5018124.08 ] ] } },
{ "type": "Feature", "properties": { "type": 190, "Name": null, "VALIDATION_ERRORS": "" }, "geometry": { "type": "LineString", "coordinates": [ [ 15423478.5, 5022836.349999999627471 ], [ 15423827.62, 5023244.67 ], [ 15424197.31, 5023621.570000000298023 ], [ 15424608.58, 5023935.879999999888241 ], [ 15424895.99, 5024090.620000000111759 ], [ 15425200.62, 5024218.79 ], [ 15425515.3, 5024331.160000000149012 ], [ 15425832.82, 5024438.519999999552965 ], [ 15426191.22, 5024565.620000000111759 ], [ 15426545.05, 5024698.17 ], [ 15426895.91, 5024834.42 ], [ 15427245.41, 5024972.58 ] ] } },
{ "type": "Feature", "properties": { "type": 191, "Name": null, "VALIDATION_ERRORS": "" }, "geometry": { "type": "LineString", "coordinates": [ [ 15422505.39, 5025004.0 ], [ 15425958.39, 5024501.349999999627471 ] ] } },
{ "type": "Feature", "properties": { "type": 192, "Name": null, "VALIDATION_ERRORS": "" }, "geometry": { "type": "LineString", "coordinates": [ [ 15426492.03, 5024627.009999999776483 ], [ 15426881.09, 5024585.549999999813735 ], [ 15427270.08, 5024545.04 ], [ 15427659.17, 5024506.400000000372529 ], [ 15428048.51, 5024470.589999999850988 ], [ 15428438.27, 5024438.519999999552965 ], [ 15428787.64, 5024413.559999999590218 ], [ 15429137.14, 5024391.839999999850988 ], [ 15429486.78, 5024372.820000000298023 ], [ 15429836.56, 5024355.950000000186265 ], [ 15430186.49, 5024340.700000000186265 ], [ 15430536.55, 5024326.509999999776483 ], [ 15430886.76, 5024312.860000000335276 ] ] } },
{ "type": "Feature", "properties": { "type": 193, "Name": null, "VALIDATION_ERRORS": "" }, "geometry": { "type": "LineString", "coordinates": [ [ 15429693.9, 5025192.490000000223517 ], [ 15430074.82, 5024870.110000000335276 ], [ 15430468.15, 5024577.5 ], [ 15430886.76, 5024344.28000000026077 ], [ 15431199.32, 5024229.200000000186265 ], [ 15431526.12, 5024147.950000000186265 ], [ 15431863.16, 5024090.83 ], [ 15432206.45, 5024048.150000000372529 ], [ 15432551.98, 5024010.200000000186265 ], [ 15432895.77, 5023967.299999999813735 ], [ 15433214.29, 5023915.730000000447035 ], [ 15433528.79, 5023854.53000000026077 ], [ 15433840.7, 5023786.879999999888241 ], [ 15434151.41, 5023715.980000000447035 ] ] } },
{ "type": "Feature", "properties": { "type": 194, "Name": null, "VALIDATION_ERRORS": "" }, "geometry": { "type": "LineString", "coordinates": [ [ 15432173.78, 5025223.900000000372529 ], [ 15432565.75, 5025159.559999999590218 ], [ 15432957.77, 5025102.110000000335276 ], [ 15433350.18, 5025058.440000000409782 ], [ 15433743.33, 5025035.410000000149012 ], [ 15434119.46, 5025036.990000000223517 ], [ 15434495.99, 5025057.410000000149012 ], [ 15434872.88, 5025090.400000000372529 ], [ 15435250.09, 5025129.660000000149012 ] ] } },
{ "type": "Feature", "properties": { "type": 195, "Name": null, "VALIDATION_ERRORS": "" }, "geometry": { "type": "LineString", "coordinates": [ [ 15436380.16, 5020951.440000000409782 ], [ 15436722.47, 5020859.490000000223517 ], [ 15437064.3, 5020766.28000000026077 ], [ 15437405.34, 5020670.490000000223517 ], [ 15437745.27, 5020570.809999999590218 ], [ 15438083.79, 5020465.940000000409782 ], [ 15438420.57, 5020354.559999999590218 ], [ 15438725.61, 5020247.54 ], [ 15439030.23, 5020139.940000000409782 ], [ 15439336.09, 5020037.549999999813735 ], [ 15439644.82, 5019946.160000000149012 ], [ 15439965.93, 5019868.259999999776483 ], [ 15440290.54, 5019804.610000000335276 ], [ 15440617.84, 5019751.639999999664724 ], [ 15440877.57, 5019715.440000000409782 ], [ 15440877.97, 5019715.389999999664724 ], [ 15441211.65, 5019670.940000000409782 ], [ 15441545.68, 5019630.200000000186265 ], [ 15441880.04, 5019592.639999999664724 ], [ 15442214.7, 5019557.71 ], [ 15442549.61, 5019524.900000000372529 ], [ 15442884.74, 5019493.660000000149012 ], [ 15443220.07, 5019463.46999999973923 ], [ 15443555.55, 5019433.79 ] ] } },
{ "type": "Feature", "properties": { "type": 196, "Name": null, "VALIDATION_ERRORS": "" }, "geometry": { "type": "LineString", "coordinates": [ [ 15439801.77, 5024784.089999999850988 ], [ 15439394.21, 5024638.179999999701977 ], [ 15438997.57, 5024480.150000000372529 ], [ 15438622.63, 5024297.679999999701977 ], [ 15438280.21, 5024078.480000000447035 ], [ 15437981.1, 5023810.21999999973923 ], [ 15437714.31, 5023454.629999999888241 ], [ 15437506.78, 5023049.25 ], [ 15437353.28, 5022616.450000000186265 ], [ 15437266.26, 5022268.059999999590218 ], [ 15437203.8, 5021917.42 ], [ 15437159.74, 5021565.049999999813735 ], [ 15437127.91, 5021211.46999999973923 ], [ 15437102.15, 5020857.200000000186265 ] ] } },
{ "type": "Feature", "properties": { "type": 197, "Name": null, "VALIDATION_ERRORS": "" }, "geometry": { "type": "LineString", "coordinates": [ [ 15435564.0, 5019443.519999999552965 ], [ 15435928.08, 5019127.059999999590218 ], [ 15436285.84, 5018804.559999999590218 ], [ 15436631.29, 5018469.650000000372529 ], [ 15436910.8, 5018173.29 ], [ 15437181.3, 5017868.200000000186265 ], [ 15437447.45, 5017558.610000000335276 ] ] } },
{ "type": "Feature", "properties": { "type": 198, "Name": null, "VALIDATION_ERRORS": "" }, "geometry": { "type": "LineString", "coordinates": [ [ 15439079.78, 5020071.820000000298023 ], [ 15439770.38, 5017275.870000000111759 ] ] } },
{ "type": "Feature", "properties": { "type": 199, "Name": null, "VALIDATION_ERRORS": "" }, "geometry": { "type": "LineString", "coordinates": [ [ 15438734.48, 5013820.21 ], [ 15438736.96, 5013820.400000000372529 ], [ 15439085.22, 5013845.559999999590218 ], [ 15439433.56, 5013868.269999999552965 ], [ 15439781.97, 5013888.759999999776483 ], [ 15440130.46, 5013907.25 ], [ 15440479.04, 5013923.96 ], [ 15440827.69, 5013939.120000000111759 ], [ 15441176.42, 5013952.940000000409782 ], [ 15441525.24, 5013965.650000000372529 ], [ 15441874.13, 5013977.480000000447035 ], [ 15442223.11, 5013988.639999999664724 ], [ 15442572.18, 5013999.370000000111759 ], [ 15442921.32, 5014009.870000000111759 ] ] } },
{ "type": "Feature", "properties": { "type": 200, "Name": null, "VALIDATION_ERRORS": "" }, "geometry": { "type": "LineString", "coordinates": [ [ 15440617.94, 5017055.96999999973923 ], [ 15440527.76, 5016659.240000000223517 ], [ 15440432.89, 5016264.25 ], [ 15440328.52, 5015872.42 ], [ 15440209.85, 5015485.21 ], [ 15440094.61, 5015159.150000000372529 ], [ 15439968.32, 5014836.900000000372529 ], [ 15439833.73, 5014517.46999999973923 ], [ 15439693.59, 5014199.849999999627471 ], [ 15439550.64, 5013883.04 ] ] } },
{ "type": "Feature", "properties": { "type": 201, "Name": null, "VALIDATION_ERRORS": "" }, "geometry": { "type": "LineString", "coordinates": [ [ 15442564.17, 5022365.120000000111759 ], [ 15442335.39, 5021982.21 ], [ 15442113.45, 5021595.990000000223517 ], [ 15441904.96, 5021202.759999999776483 ], [ 15441751.25, 5020881.769999999552965 ], [ 15441606.23, 5020556.480000000447035 ], [ 15441465.49, 5020228.900000000372529 ] ] } },
{ "type": "Feature", "properties": { "type": 202, "Name": null, "VALIDATION_ERRORS": "" }, "geometry": { "type": "LineString", "coordinates": [ [ 15441434.1, 5012657.849999999627471 ], [ 15441781.97, 5012874.299999999813735 ], [ 15442132.23, 5013080.610000000335276 ], [ 15442487.47, 5013266.639999999664724 ], [ 15442850.32, 5013422.299999999813735 ], [ 15443223.38, 5013537.46999999973923 ], [ 15443576.38, 5013601.559999999590218 ], [ 15443937.62, 5013631.120000000111759 ], [ 15444304.89, 5013634.400000000372529 ], [ 15444675.98, 5013619.620000000111759 ], [ 15445048.66, 5013595.04 ], [ 15445420.74, 5013568.889999999664724 ], [ 15445806.11, 5013547.200000000186265 ], [ 15446188.92, 5013532.429999999701977 ], [ 15446570.06, 5013524.33 ], [ 15446950.41, 5013522.639999999664724 ], [ 15447330.86, 5013527.099999999627471 ], [ 15447712.28, 5013537.46999999973923 ], [ 15448103.11, 5013554.339999999850988 ], [ 15448494.2, 5013579.71 ], [ 15448884.26, 5013616.29 ], [ 15449271.98, 5013666.769999999552965 ], [ 15449656.06, 5013733.839999999850988 ], [ 15450035.21, 5013820.21 ], [ 15450391.48, 5013922.21 ], [ 15450742.63, 5014041.339999999850988 ], [ 15451089.54, 5014174.740000000223517 ], [ 15451433.08, 5014319.559999999590218 ], [ 15451774.14, 5014472.96 ], [ 15452113.59, 5014632.08 ], [ 15452452.3, 5014794.08 ] ] } },
{ "type": "Feature", "properties": { "type": 203, "Name": null, "VALIDATION_ERRORS": "" }, "geometry": { "type": "LineString", "coordinates": [ [ 15454272.98, 5018501.059999999590218 ], [ 15454121.23, 5018092.410000000149012 ], [ 15453967.21, 5017685.009999999776483 ], [ 15453808.54, 5017279.96 ], [ 15453642.86, 5016878.349999999627471 ], [ 15453467.8, 5016481.28000000026077 ], [ 15453281.01, 5016089.83 ], [ 15453080.12, 5015705.120000000111759 ], [ 15452858.65, 5015313.129999999888241 ], [ 15452640.65, 5014919.740000000223517 ], [ 15452458.92, 5014551.400000000372529 ], [ 15452294.86, 5014174.990000000223517 ], [ 15452145.52, 5013791.83 ], [ 15452007.94, 5013403.230000000447035 ], [ 15451879.15, 5013010.519999999552965 ], [ 15451756.2, 5012615.009999999776483 ], [ 15451636.14, 5012218.03000000026077 ] ] } },
{ "type": "Feature", "properties": { "type": 204, "Name": null, "VALIDATION_ERRORS": "" }, "geometry": { "type": "LineString", "coordinates": [ [ 15454304.37, 5012155.200000000186265 ], [ 15454387.97, 5012492.570000000298023 ], [ 15454478.87, 5012825.610000000335276 ], [ 15454584.48, 5013150.179999999701977 ], [ 15454712.2, 5013462.160000000149012 ], [ 15454869.4, 5013757.379999999888241 ], [ 15455150.35, 5014147.150000000372529 ], [ 15455471.35, 5014514.46 ], [ 15455797.44, 5014880.21999999973923 ], [ 15456093.65, 5015265.299999999813735 ], [ 15456279.78, 5015577.620000000111759 ], [ 15456439.48, 5015905.900000000372529 ], [ 15456583.22, 5016243.730000000447035 ], [ 15456721.47, 5016584.740000000223517 ], [ 15456882.47, 5016968.820000000298023 ], [ 15457050.58, 5017348.160000000149012 ], [ 15457226.78, 5017722.78000000026077 ], [ 15457412.07, 5018092.67 ], [ 15457601.04, 5018447.08 ], [ 15457797.98, 5018797.360000000335276 ], [ 15458001.56, 5019144.200000000186265 ], [ 15458210.47, 5019488.339999999850988 ], [ 15458423.4, 5019830.480000000447035 ], [ 15458639.03, 5020171.339999999850988 ], [ 15458856.05, 5020511.629999999888241 ] ] } },
{ "type": "Feature", "properties": { "type": 205, "Name": null, "VALIDATION_ERRORS": "" }, "geometry": { "type": "LineString", "coordinates": [ [ 15453394.03, 5014008.700000000186265 ], [ 15453571.63, 5014397.059999999590218 ], [ 15453756.59, 5014780.78000000026077 ], [ 15453956.46, 5015155.440000000409782 ], [ 15454178.8, 5015516.620000000111759 ], [ 15454497.5, 5015945.25 ], [ 15454855.68, 5016343.610000000335276 ], [ 15455246.09, 5016710.400000000372529 ], [ 15455573.1, 5016977.900000000372529 ], [ 15455912.89, 5017227.96 ], [ 15456262.94, 5017464.08 ], [ 15456620.71, 5017689.79 ], [ 15456983.67, 5017908.620000000111759 ], [ 15457349.29, 5018124.08 ] ] } },
{ "type": "Feature", "properties": { "type": 206, "Name": null, "VALIDATION_ERRORS": "" }, "geometry": { "type": "LineString", "coordinates": [ [ 15443317.55, 5019506.349999999627471 ], [ 15444479.02, 5019977.570000000298023 ] ] } },
{ "type": "Feature", "properties": { "type": 207, "Name": null, "VALIDATION_ERRORS": "" }, "geometry": { "type": "LineString", "coordinates": [ [ 15443631.46, 5022365.120000000111759 ], [ 15443719.8, 5022008.019999999552965 ], [ 15443813.57, 5021652.490000000223517 ], [ 15443918.3, 5021299.860000000335276 ], [ 15444039.54, 5020951.440000000409782 ], [ 15444177.92, 5020620.940000000409782 ], [ 15444343.18, 5020304.139999999664724 ], [ 15444541.8, 5020008.990000000223517 ], [ 15444749.28, 5019760.349999999627471 ], [ 15444949.88, 5019506.349999999627471 ], [ 15445144.61, 5019145.660000000149012 ], [ 15445263.79, 5018752.379999999888241 ], [ 15445310.36, 5018392.839999999850988 ], [ 15445326.57, 5018029.839999999850988 ] ] } },
{ "type": "Feature", "properties": { "type": 208, "Name": null, "VALIDATION_ERRORS": "" }, "geometry": { "type": "LineString", "coordinates": [ [ 15441277.14, 5017778.509999999776483 ], [ 15441635.88, 5017776.889999999664724 ], [ 15441994.53, 5017775.450000000186265 ], [ 15442353.14, 5017774.410000000149012 ], [ 15442711.79, 5017773.980000000447035 ], [ 15443070.51, 5017774.379999999888241 ], [ 15443429.36, 5017775.820000000298023 ], [ 15443788.42, 5017778.509999999776483 ], [ 15444139.92, 5017782.889999999664724 ], [ 15444491.23, 5017790.870000000111759 ], [ 15444842.19, 5017804.71999999973923 ], [ 15445192.66, 5017826.71 ], [ 15445542.51, 5017859.110000000335276 ], [ 15445891.61, 5017904.179999999701977 ], [ 15446212.01, 5017958.870000000111759 ], [ 15446529.36, 5018028.129999999888241 ], [ 15446841.74, 5018113.96 ], [ 15447147.24, 5018218.33 ], [ 15447496.91, 5018366.339999999850988 ], [ 15447836.76, 5018536.650000000372529 ], [ 15448169.7, 5018723.099999999627471 ], [ 15448498.65, 5018919.54 ], [ 15448826.53, 5019119.849999999627471 ], [ 15449156.26, 5019317.860000000335276 ], [ 15449506.59, 5019516.629999999888241 ], [ 15449863.08, 5019701.25 ], [ 15450227.17, 5019866.96 ], [ 15450600.24, 5020008.990000000223517 ], [ 15450930.91, 5020110.240000000223517 ], [ 15451267.23, 5020193.839999999850988 ], [ 15451607.51, 5020263.549999999813735 ], [ 15451950.05, 5020323.139999999664724 ], [ 15452282.5, 5020374.360000000335276 ], [ 15452615.08, 5020420.740000000223517 ], [ 15452947.81, 5020463.490000000223517 ], [ 15453280.7, 5020503.860000000335276 ], [ 15453613.77, 5020543.049999999813735 ] ] } },
{ "type": "Feature", "properties": { "type": 209, "Name": null, "VALIDATION_ERRORS": "" }, "geometry": { "type": "LineString", "coordinates": [ [ 15446331.08, 5022459.370000000111759 ], [ 15446683.04, 5022287.679999999701977 ], [ 15447036.36, 5022121.240000000223517 ], [ 15447392.63, 5021965.25 ], [ 15447753.44, 5021824.910000000149012 ], [ 15448120.36, 5021705.410000000149012 ], [ 15448508.89, 5021606.849999999627471 ], [ 15448903.48, 5021529.650000000372529 ], [ 15449302.32, 5021466.929999999701977 ], [ 15449703.58, 5021411.83 ], [ 15450105.43, 5021357.46999999973923 ], [ 15450506.07, 5021297.009999999776483 ], [ 15450860.46, 5021233.599999999627471 ], [ 15451212.63, 5021161.769999999552965 ], [ 15451563.09, 5021083.29 ], [ 15451912.34, 5020999.950000000186265 ], [ 15452260.89, 5020913.519999999552965 ], [ 15452609.26, 5020825.78000000026077 ], [ 15452973.93, 5020734.190000000409782 ], [ 15453338.64, 5020643.120000000111759 ], [ 15453703.42, 5020552.5 ], [ 15454068.27, 5020462.240000000223517 ], [ 15454433.2, 5020372.259999999776483 ], [ 15454798.22, 5020282.490000000223517 ], [ 15455163.36, 5020192.839999999850988 ], [ 15455528.61, 5020103.230000000447035 ] ] } },
{ "type": "Feature", "properties": { "type": 210, "Name": null, "VALIDATION_ERRORS": "" }, "geometry": { "type": "LineString", "coordinates": [ [ 15442783.91, 5021579.75 ], [ 15442784.24, 5021577.200000000186265 ], [ 15442818.52, 5021231.75 ], [ 15442833.46, 5020885.179999999701977 ], [ 15442832.92, 5020537.679999999701977 ], [ 15442820.77, 5020189.429999999701977 ], [ 15442800.9, 5019840.639999999664724 ], [ 15442777.18, 5019491.490000000223517 ] ] } },
{ "type": "Feature", "properties": { "type": 211, "Name": null, "VALIDATION_ERRORS": "" }, "geometry": { "type": "LineString", "coordinates": [ [ 15444730.14, 5019851.910000000149012 ], [ 15445089.86, 5020041.839999999850988 ], [ 15445452.13, 5020228.900000000372529 ], [ 15445740.51, 5020377.200000000186265 ], [ 15446017.17, 5020543.049999999813735 ], [ 15446358.43, 5020817.120000000111759 ], [ 15446682.54, 5021115.410000000149012 ], [ 15447021.68, 5021391.259999999776483 ], [ 15447402.13, 5021613.110000000335276 ], [ 15447806.45, 5021799.650000000372529 ] ] } },
{ "type": "Feature", "properties": { "type": 212, "Name": null, "VALIDATION_ERRORS": "" }, "geometry": { "type": "LineString", "coordinates": [ [ 15448591.22, 5021611.160000000149012 ], [ 15448742.49, 5021945.129999999888241 ], [ 15448936.52, 5022239.46 ], [ 15449175.41, 5022448.21 ], [ 15449456.71, 5022617.549999999813735 ], [ 15449752.69, 5022773.519999999552965 ], [ 15450044.35, 5022941.610000000335276 ], [ 15450317.81, 5023128.160000000149012 ], [ 15450568.85, 5023338.990000000223517 ], [ 15450897.51, 5023699.559999999590218 ], [ 15451196.67, 5024092.96 ] ] } },
{ "type": "Feature", "properties": { "type": 213, "Name": null, "VALIDATION_ERRORS": "" }, "geometry": { "type": "LineString", "coordinates": [ [ 15444730.14, 5022679.28000000026077 ], [ 15445063.37, 5022497.950000000186265 ], [ 15445397.73, 5022319.139999999664724 ], [ 15445734.65, 5022145.21999999973923 ], [ 15446084.45, 5021973.410000000149012 ], [ 15446437.04, 5021807.54 ], [ 15446791.59, 5021645.570000000298023 ], [ 15447147.24, 5021485.5 ] ] } },
{ "type": "Feature", "properties": { "type": 214, "Name": null, "VALIDATION_ERRORS": "" }, "geometry": { "type": "LineString", "coordinates": [ [ 15442061.92, 5017715.679999999701977 ], [ 15442457.54, 5017599.639999999664724 ], [ 15442854.57, 5017492.120000000111759 ], [ 15443254.77, 5017401.53000000026077 ], [ 15443633.77, 5017337.370000000111759 ], [ 15444015.67, 5017289.46 ], [ 15444399.55, 5017251.639999999664724 ], [ 15444784.5, 5017217.75 ], [ 15445169.62, 5017181.629999999888241 ], [ 15445529.77, 5017141.03000000026077 ], [ 15445888.59, 5017092.46 ], [ 15446245.75, 5017035.21999999973923 ], [ 15446600.96, 5016968.620000000111759 ], [ 15446953.88, 5016891.990000000223517 ], [ 15447304.2, 5016804.650000000372529 ], [ 15447700.17, 5016691.900000000372529 ], [ 15448092.98, 5016568.110000000335276 ], [ 15448483.79, 5016436.92 ], [ 15448873.74, 5016302.0 ] ] } },
{ "type": "Feature", "properties": { "type": 215, "Name": null, "VALIDATION_ERRORS": "" }, "geometry": { "type": "LineString", "coordinates": [ [ 15445201.01, 5017935.589999999850988 ], [ 15445609.09, 5017118.799999999813735 ] ] } },
{ "type": "Feature", "properties": { "type": 216, "Name": null, "VALIDATION_ERRORS": "" }, "geometry": { "type": "LineString", "coordinates": [ [ 15445389.35, 5017118.799999999813735 ], [ 15445546.31, 5016113.509999999776483 ] ] } },
{ "type": "Feature", "properties": { "type": 217, "Name": null, "VALIDATION_ERRORS": "" }, "geometry": { "type": "LineString", "coordinates": [ [ 15445389.35, 5016082.099999999627471 ], [ 15445451.39, 5015737.269999999552965 ], [ 15445507.44, 5015392.240000000223517 ], [ 15445551.54, 5015046.58 ], [ 15445577.7, 5014699.83 ], [ 15445581.92, 5014334.070000000298023 ], [ 15445568.52, 5013967.480000000447035 ], [ 15445546.31, 5013600.299999999813735 ] ] } },
{ "type": "Feature", "properties": { "type": 218, "Name": null, "VALIDATION_ERRORS": "" }, "geometry": { "type": "LineString", "coordinates": [ [ 15443568.68, 5016490.490000000223517 ], [ 15443590.38, 5016176.309999999590218 ], [ 15443609.68, 5015862.230000000447035 ], [ 15443624.18, 5015548.139999999664724 ], [ 15443631.46, 5015233.889999999664724 ], [ 15443628.38, 5014849.04 ], [ 15443614.49, 5014464.28000000026077 ], [ 15443593.38, 5014079.490000000223517 ], [ 15443568.68, 5013694.549999999813735 ] ] } },
{ "type": "Feature", "properties": { "type": 219, "Name": null, "VALIDATION_ERRORS": "" }, "geometry": { "type": "LineString", "coordinates": [ [ 15441842.18, 5009987.559999999590218 ], [ 15441845.83, 5010381.58 ], [ 15441854.29, 5010774.950000000186265 ], [ 15441872.39, 5011167.320000000298023 ], [ 15441904.96, 5011558.320000000298023 ], [ 15441952.44, 5011929.110000000335276 ], [ 15442013.02, 5012298.400000000372529 ], [ 15442082.36, 5012666.78000000026077 ], [ 15442156.09, 5013034.83 ] ] } },
{ "type": "Feature", "properties": { "type": 220, "Name": null, "VALIDATION_ERRORS": "" }, "geometry": { "type": "LineString", "coordinates": [ [ 15451636.14, 5020197.480000000447035 ], [ 15451994.06, 5020045.450000000186265 ], [ 15452358.13, 5019914.740000000223517 ], [ 15452717.48, 5019824.940000000409782 ], [ 15453085.05, 5019767.910000000149012 ], [ 15453458.01, 5019737.17 ], [ 15453833.5, 5019726.25 ], [ 15454119.2, 5019729.03000000026077 ], [ 15454402.37, 5019747.379999999888241 ], [ 15454681.06, 5019789.08 ], [ 15455014.93, 5019877.92 ], [ 15455342.98, 5019993.96 ], [ 15455669.67, 5020117.509999999776483 ], [ 15455999.48, 5020228.900000000372529 ], [ 15456384.38, 5020323.059999999590218 ], [ 15456776.01, 5020388.019999999552965 ], [ 15457171.75, 5020436.25 ], [ 15457569.02, 5020480.21999999973923 ], [ 15457891.62, 5020519.299999999813735 ], [ 15458213.43, 5020557.480000000447035 ], [ 15458534.79, 5020588.440000000409782 ], [ 15458856.05, 5020605.879999999888241 ], [ 15459222.35, 5020603.440000000409782 ], [ 15459588.55, 5020579.480000000447035 ], [ 15459954.7, 5020538.309999999590218 ], [ 15460320.86, 5020484.230000000447035 ], [ 15460687.07, 5020421.54 ], [ 15461053.41, 5020354.559999999590218 ] ] } },
{ "type": "Feature", "properties": { "type": 221, "Name": null, "VALIDATION_ERRORS": "" }, "geometry": { "type": "LineString", "coordinates": [ [ 15459954.73, 5024752.679999999701977 ], [ 15459614.53, 5024433.019999999552965 ], [ 15459274.73, 5024113.25 ], [ 15458935.52, 5023793.089999999850988 ], [ 15458597.09, 5023472.269999999552965 ], [ 15458259.62, 5023150.5 ], [ 15457903.02, 5022808.820000000298023 ], [ 15457545.39, 5022468.33 ], [ 15457183.88, 5022131.21999999973923 ], [ 15456815.64, 5021799.650000000372529 ], [ 15456494.83, 5021524.389999999664724 ], [ 15456164.77, 5021261.059999999590218 ], [ 15455822.69, 5021015.71999999973923 ], [ 15455465.83, 5020794.370000000111759 ], [ 15455168.52, 5020636.980000000447035 ], [ 15454863.9, 5020492.570000000298023 ], [ 15454555.5, 5020354.559999999590218 ] ] } },
{ "type": "Feature", "properties": { "type": 222, "Name": null, "VALIDATION_ERRORS": "" }, "geometry": { "type": "LineString", "coordinates": [ [ 15450851.37, 5024689.849999999627471 ], [ 15451043.12, 5024372.629999999888241 ], [ 15451236.59, 5024056.730000000447035 ], [ 15451433.64, 5023743.240000000223517 ], [ 15451636.14, 5023433.240000000223517 ], [ 15451871.54, 5023090.150000000372529 ], [ 15452113.65, 5022751.740000000223517 ], [ 15452360.28, 5022416.370000000111759 ], [ 15452609.26, 5022082.389999999664724 ] ] } },
{ "type": "Feature", "properties": { "type": 223, "Name": null, "VALIDATION_ERRORS": "" }, "geometry": { "type": "LineString", "coordinates": [ [ 15451102.5, 5021171.349999999627471 ], [ 15451034.56, 5020869.559999999590218 ], [ 15450945.54, 5020574.46 ], [ 15450847.7, 5020348.629999999888241 ], [ 15450725.81, 5020134.650000000372529 ], [ 15450663.02, 5020040.400000000372529 ] ] } },
{ "type": "Feature", "properties": { "type": 224, "Name": null, "VALIDATION_ERRORS": "" }, "geometry": { "type": "LineString", "coordinates": [ [ 15451071.11, 5023873.049999999813735 ], [ 15451139.66, 5023528.410000000149012 ], [ 15451203.89, 5023183.160000000149012 ], [ 15451259.45, 5022836.349999999627471 ], [ 15451307.64, 5022439.879999999888241 ], [ 15451339.03, 5022041.71999999973923 ], [ 15451353.62, 5021642.58 ], [ 15451354.9, 5021422.660000000149012 ], [ 15451353.62, 5021202.759999999776483 ] ] } },
{ "type": "Feature", "properties": { "type": 225, "Name": null, "VALIDATION_ERRORS": "" }, "geometry": { "type": "LineString", "coordinates": [ [ 15451196.67, 5020511.629999999888241 ], [ 15451793.1, 5021045.690000000409782 ] ] } },
{ "type": "Feature", "properties": { "type": 226, "Name": null, "VALIDATION_ERRORS": "" }, "geometry": { "type": "LineString", "coordinates": [ [ 15452044.22, 5024815.509999999776483 ], [ 15451911.53, 5024527.620000000111759 ], [ 15451761.7, 5024250.03000000026077 ], [ 15451611.01, 5024026.360000000335276 ], [ 15451447.8, 5023810.21999999973923 ] ] } },
{ "type": "Feature", "properties": { "type": 227, "Name": null, "VALIDATION_ERRORS": "" }, "geometry": { "type": "LineString", "coordinates": [ [ 15454272.98, 5024689.849999999627471 ], [ 15454452.91, 5024419.429999999701977 ], [ 15454631.27, 5024147.700000000186265 ], [ 15454806.62, 5023873.049999999813735 ], [ 15455009.31, 5023534.17 ], [ 15455183.31, 5023181.92 ], [ 15455281.78, 5022915.599999999627471 ], [ 15455362.51, 5022642.200000000186265 ], [ 15455434.44, 5022365.120000000111759 ] ] } },
{ "type": "Feature", "properties": { "type": 228, "Name": null, "VALIDATION_ERRORS": "" }, "geometry": { "type": "LineString", "coordinates": [ [ 15455654.18, 5024281.450000000186265 ], [ 15456039.0, 5024101.690000000409782 ], [ 15456376.17, 5023873.049999999813735 ], [ 15456605.85, 5023601.240000000223517 ], [ 15456785.87, 5023278.660000000149012 ], [ 15456941.2, 5022930.599999999627471 ] ] } },
{ "type": "Feature", "properties": { "type": 229, "Name": null, "VALIDATION_ERRORS": "" }, "geometry": { "type": "LineString", "coordinates": [ [ 15453927.68, 5017558.610000000335276 ], [ 15454242.12, 5017632.320000000298023 ], [ 15454553.12, 5017714.21 ], [ 15454857.46, 5017812.549999999813735 ], [ 15455151.92, 5017935.589999999850988 ], [ 15455550.81, 5018156.28000000026077 ], [ 15455941.94, 5018392.900000000372529 ], [ 15456344.78, 5018595.309999999590218 ], [ 15456681.21, 5018704.230000000447035 ], [ 15457031.9, 5018773.620000000111759 ], [ 15457392.18, 5018816.690000000409782 ], [ 15457757.37, 5018846.629999999888241 ] ] } },
{ "type": "Feature", "properties": { "type": 230, "Name": null, "VALIDATION_ERRORS": "" }, "geometry": { "type": "LineString", "coordinates": [ [ 15458039.88, 5019066.54 ], [ 15458406.97, 5019163.33 ], [ 15458774.64, 5019255.940000000409782 ], [ 15459143.78, 5019340.240000000223517 ], [ 15459515.26, 5019412.099999999627471 ], [ 15459842.96, 5019462.549999999813735 ], [ 15460172.22, 5019503.400000000372529 ], [ 15460502.61, 5019537.870000000111759 ], [ 15460833.67, 5019569.179999999701977 ] ] } },
{ "type": "Feature", "properties": { "type": 231, "Name": null, "VALIDATION_ERRORS": "" }, "geometry": { "type": "LineString", "coordinates": [ [ 15452734.82, 5019789.08 ], [ 15452925.96, 5019504.820000000298023 ], [ 15453099.29, 5019213.92 ], [ 15453237.08, 5018909.46 ], [ 15453326.3, 5018594.099999999627471 ], [ 15453382.87, 5018267.019999999552965 ], [ 15453425.42, 5017935.589999999850988 ], [ 15453474.62, 5017566.75 ], [ 15453527.54, 5017200.769999999552965 ], [ 15453582.38, 5016836.059999999590218 ] ] } },
{ "type": "Feature", "properties": { "type": 232, "Name": null, "VALIDATION_ERRORS": "" }, "geometry": { "type": "LineString", "coordinates": [ [ 15452797.6, 5015108.230000000447035 ], [ 15454053.24, 5015202.46999999973923 ] ] } },
{ "type": "Feature", "properties": { "type": 233, "Name": null, "VALIDATION_ERRORS": "" }, "geometry": { "type": "LineString", "coordinates": [ [ 15452546.48, 5014417.089999999850988 ], [ 15454429.93, 5013317.559999999590218 ] ] } },
{ "type": "Feature", "properties": { "type": 234, "Name": null, "VALIDATION_ERRORS": "" }, "geometry": { "type": "LineString", "coordinates": [ [ 15454649.67, 5013506.059999999590218 ], [ 15454951.38, 5013256.400000000372529 ], [ 15455254.73, 5013009.29 ], [ 15455561.62, 5012767.089999999850988 ], [ 15455873.91, 5012532.190000000409782 ], [ 15456233.66, 5012278.379999999888241 ], [ 15456600.45, 5012034.660000000149012 ], [ 15456972.57, 5011798.46999999973923 ], [ 15457348.31, 5011567.240000000223517 ], [ 15457725.98, 5011338.410000000149012 ] ] } },
{ "type": "Feature", "properties": { "type": 235, "Name": null, "VALIDATION_ERRORS": "" }, "geometry": { "type": "LineString", "coordinates": [ [ 15451196.67, 5020103.230000000447035 ], [ 15451511.34, 5019863.110000000335276 ], [ 15451817.52, 5019614.650000000372529 ], [ 15452107.0, 5019349.269999999552965 ], [ 15452383.69, 5019050.190000000409782 ], [ 15452642.21, 5018733.08 ], [ 15452891.78, 5018406.820000000298023 ] ] } },
{ "type": "Feature", "properties": { "type": 236, "Name": null, "VALIDATION_ERRORS": "" }, "geometry": { "type": "LineString", "coordinates": [ [ 15455591.39, 5020040.400000000372529 ], [ 15455120.53, 5017935.589999999850988 ] ] } },
{ "type": "Feature", "properties": { "type": 237, "Name": null, "VALIDATION_ERRORS": "" }, "geometry": { "type": "LineString", "coordinates": [ [ 15460833.67, 5024187.200000000186265 ], [ 15460500.8, 5024010.129999999888241 ], [ 15460174.37, 5023824.54 ], [ 15459860.56, 5023621.730000000447035 ], [ 15459506.89, 5023347.78000000026077 ], [ 15459173.92, 5023046.160000000149012 ], [ 15458854.67, 5022726.019999999552965 ], [ 15458542.14, 5022396.54 ] ] } },
{ "type": "Feature", "properties": { "type": 238, "Name": null, "VALIDATION_ERRORS": "" }, "geometry": { "type": "LineString", "coordinates": [ [ 15461367.32, 5023590.320000000298023 ], [ 15461049.25, 5023245.839999999850988 ], [ 15460736.07, 5022897.889999999664724 ], [ 15460432.45, 5022542.740000000223517 ], [ 15460143.08, 5022176.629999999888241 ], [ 15459875.73, 5021803.92 ], [ 15459622.35, 5021420.889999999664724 ], [ 15459378.2, 5021030.900000000372529 ], [ 15459138.57, 5020637.29 ] ] } },
{ "type": "Feature", "properties": { "type": 239, "Name": null, "VALIDATION_ERRORS": "" }, "geometry": { "type": "LineString", "coordinates": [ [ 15460708.11, 5023276.160000000149012 ], [ 15459295.52, 5021988.139999999664724 ] ] } },
{ "type": "Feature", "properties": { "type": 240, "Name": null, "VALIDATION_ERRORS": "" }, "geometry": { "type": "LineString", "coordinates": [ [ 15457569.02, 5014260.019999999552965 ], [ 15457935.28, 5014253.200000000186265 ], [ 15458301.44, 5014248.440000000409782 ], [ 15458667.56, 5014247.820000000298023 ], [ 15459033.71, 5014253.400000000372529 ], [ 15459399.96, 5014267.25 ], [ 15459766.38, 5014291.429999999701977 ], [ 15460101.93, 5014321.690000000409782 ], [ 15460436.88, 5014347.559999999590218 ], [ 15460770.89, 5014354.259999999776483 ], [ 15461109.85, 5014330.139999999664724 ], [ 15461447.44, 5014279.58 ], [ 15461784.22, 5014211.379999999888241 ], [ 15462120.7, 5014134.360000000335276 ] ] } },
{ "type": "Feature", "properties": { "type": 241, "Name": null, "VALIDATION_ERRORS": "" }, "geometry": { "type": "LineString", "coordinates": [ [ 15454712.45, 5011841.049999999813735 ], [ 15454549.01, 5011465.71999999973923 ], [ 15454379.56, 5011095.570000000298023 ], [ 15454198.01, 5010735.660000000149012 ], [ 15453998.23, 5010391.009999999776483 ], [ 15453774.13, 5010066.660000000149012 ], [ 15453519.6, 5009767.650000000372529 ], [ 15453157.59, 5009431.940000000409782 ], [ 15452770.47, 5009116.519999999552965 ], [ 15452389.52, 5008793.78000000026077 ], [ 15452093.32, 5008501.099999999627471 ], [ 15451816.43, 5008190.21 ], [ 15451551.42, 5007866.950000000186265 ], [ 15451290.84, 5007537.179999999701977 ], [ 15451026.24, 5007199.17 ], [ 15450772.2, 5006854.929999999701977 ], [ 15450542.05, 5006498.400000000372529 ], [ 15450349.11, 5006123.5 ], [ 15450241.05, 5005847.349999999627471 ], [ 15450149.69, 5005563.339999999850988 ], [ 15450066.6, 5005275.29 ] ] } },
{ "type": "Feature", "properties": { "type": 242, "Name": null, "VALIDATION_ERRORS": "" }, "geometry": { "type": "LineString", "coordinates": [ [ 15441685.23, 5001159.910000000149012 ], [ 15441857.98, 5001536.009999999776483 ], [ 15442033.34, 5001910.379999999888241 ], [ 15442214.02, 5002281.440000000409782 ], [ 15442402.76, 5002647.610000000335276 ], [ 15442602.28, 5003007.309999999590218 ], [ 15442815.3, 5003358.96999999973923 ], [ 15443068.95, 5003737.28000000026077 ], [ 15443339.59, 5004104.46 ], [ 15443624.68, 5004461.54 ], [ 15443921.63, 5004809.58 ], [ 15444227.89, 5005149.629999999888241 ], [ 15444560.76, 5005503.400000000372529 ], [ 15444899.01, 5005851.04 ], [ 15445240.77, 5006194.690000000409782 ], [ 15445584.16, 5006536.480000000447035 ], [ 15445927.3, 5006878.549999999813735 ], [ 15446268.3, 5007223.03000000026077 ], [ 15446531.32, 5007493.849999999627471 ], [ 15446792.58, 5007766.349999999627471 ], [ 15447053.07, 5008039.820000000298023 ] ] } },
{ "type": "Feature", "properties": { "type": 243, "Name": null, "VALIDATION_ERRORS": "" }, "geometry": { "type": "LineString", "coordinates": [ [ 15441496.88, 5006877.46 ], [ 15441856.83, 5006916.059999999590218 ], [ 15442217.09, 5006951.759999999776483 ], [ 15442578.24, 5006981.730000000447035 ], [ 15442940.86, 5007003.120000000111759 ], [ 15443307.61, 5007015.08 ], [ 15443674.51, 5007024.490000000223517 ], [ 15444040.1, 5007040.490000000223517 ], [ 15444402.92, 5007072.21 ], [ 15444761.53, 5007128.78000000026077 ], [ 15445056.82, 5007199.42 ], [ 15445349.29, 5007285.809999999590218 ], [ 15445640.48, 5007380.099999999627471 ] ] } },
{ "type": "Feature", "properties": { "type": 244, "Name": null, "VALIDATION_ERRORS": "" }, "geometry": { "type": "LineString", "coordinates": [ [ 15443097.82, 5011778.21999999973923 ], [ 15443182.71, 5011396.53000000026077 ], [ 15443265.22, 5011014.549999999813735 ], [ 15443342.94, 5010631.79 ], [ 15443413.5, 5010247.740000000223517 ], [ 15443474.51, 5009861.900000000372529 ], [ 15443519.68, 5009511.79 ], [ 15443554.96, 5009160.509999999776483 ], [ 15443580.21, 5008808.349999999627471 ], [ 15443595.29, 5008455.629999999888241 ], [ 15443600.07, 5008102.650000000372529 ], [ 15443595.19, 5007756.910000000149012 ], [ 15443583.61, 5007411.450000000186265 ], [ 15443568.68, 5007065.950000000186265 ] ] } },
{ "type": "Feature", "properties": { "type": 245, "Name": null, "VALIDATION_ERRORS": "" }, "geometry": { "type": "LineString", "coordinates": [ [ 15449532.95, 5005306.700000000186265 ], [ 15449372.29, 5004985.570000000298023 ], [ 15449215.72, 5004663.139999999664724 ], [ 15449067.28, 5004337.92 ], [ 15448931.02, 5004008.410000000149012 ], [ 15448810.96, 5003673.120000000111759 ], [ 15448718.34, 5003363.559999999590218 ], [ 15448638.07, 5003049.92 ], [ 15448565.77, 5002733.740000000223517 ], [ 15448497.05, 5002416.509999999776483 ], [ 15448424.26, 5002080.940000000409782 ], [ 15448350.94, 5001746.0 ], [ 15448277.32, 5001411.230000000447035 ] ] } },
{ "type": "Feature", "properties": { "type": 246, "Name": null, "VALIDATION_ERRORS": "" }, "geometry": { "type": "LineString", "coordinates": [ [ 15444855.71, 5009673.410000000149012 ], [ 15445171.89, 5009308.129999999888241 ], [ 15445501.97, 5008957.700000000186265 ], [ 15445860.22, 5008636.71 ], [ 15446088.98, 5008468.360000000335276 ], [ 15446331.08, 5008322.559999999590218 ], [ 15446669.8, 5008171.96999999973923 ], [ 15447025.4, 5008063.17 ], [ 15447393.71, 5007985.679999999701977 ], [ 15447770.55, 5007929.03000000026077 ], [ 15448151.75, 5007882.75 ] ] } },
{ "type": "Feature", "properties": { "type": 247, "Name": null, "VALIDATION_ERRORS": "" }, "geometry": { "type": "LineString", "coordinates": [ [ 15443505.9, 5003673.120000000111759 ], [ 15445138.23, 5003107.639999999664724 ] ] } },
{ "type": "Feature", "properties": { "type": 248, "Name": null, "VALIDATION_ERRORS": "" }, "geometry": { "type": "LineString", "coordinates": [ [ 15446519.42, 5003893.019999999552965 ], [ 15446478.08, 5004278.339999999850988 ], [ 15446443.85, 5004663.339999999850988 ], [ 15446423.87, 5005048.03000000026077 ], [ 15446425.25, 5005432.360000000335276 ], [ 15446447.43, 5005767.42 ], [ 15446483.59, 5006102.110000000335276 ], [ 15446526.01, 5006436.71999999973923 ], [ 15446566.96, 5006771.53000000026077 ], [ 15446598.74, 5007106.839999999850988 ], [ 15446613.6, 5007442.929999999701977 ], [ 15446613.6, 5007600.009999999776483 ] ] } },
{ "type": "Feature", "properties": { "type": 249, "Name": null, "VALIDATION_ERRORS": "" }, "geometry": { "type": "LineString", "coordinates": [ [ 15455403.05, 5011369.83 ], [ 15455301.03, 5010977.559999999590218 ], [ 15455186.5, 5010591.519999999552965 ], [ 15455046.83, 5010217.650000000372529 ], [ 15454869.4, 5009861.900000000372529 ], [ 15454658.42, 5009537.58 ], [ 15454437.03, 5009218.79 ], [ 15454241.59, 5008888.03000000026077 ], [ 15454106.62, 5008556.58 ], [ 15454008.08, 5008208.25 ], [ 15453927.68, 5007851.33 ] ] } },
{ "type": "Feature", "properties": { "type": 250, "Name": null, "VALIDATION_ERRORS": "" }, "geometry": { "type": "LineString", "coordinates": [ [ 15445263.79, 5010772.940000000409782 ], [ 15445606.96, 5010937.46 ], [ 15445935.98, 5011119.900000000372529 ], [ 15446236.91, 5011338.410000000149012 ], [ 15446477.93, 5011581.049999999813735 ], [ 15446686.24, 5011857.160000000149012 ], [ 15446864.72, 5012155.200000000186265 ], [ 15447024.73, 5012483.019999999552965 ], [ 15447161.89, 5012819.259999999776483 ], [ 15447283.88, 5013161.190000000409782 ], [ 15447398.37, 5013506.059999999590218 ] ] } },
{ "type": "Feature", "properties": { "type": 251, "Name": null, "VALIDATION_ERRORS": "" }, "geometry": { "type": "LineString", "coordinates": [ [ 15450160.77, 5011683.980000000447035 ], [ 15448622.61, 5013537.46999999973923 ] ] } },
{ "type": "Feature", "properties": { "type": 252, "Name": null, "VALIDATION_ERRORS": "" }, "geometry": { "type": "LineString", "coordinates": [ [ 15451039.71, 5012343.700000000186265 ], [ 15449784.08, 5013694.549999999813735 ] ] } },
{ "type": "Feature", "properties": { "type": 253, "Name": null, "VALIDATION_ERRORS": "" }, "geometry": { "type": "LineString", "coordinates": [ [ 15454932.19, 5009767.650000000372529 ], [ 15455279.41, 5009947.28000000026077 ], [ 15455626.21, 5010127.46999999973923 ], [ 15455972.32, 5010308.900000000372529 ], [ 15456317.49, 5010492.21999999973923 ], [ 15456661.47, 5010678.099999999627471 ], [ 15457003.99, 5010867.179999999701977 ], [ 15457378.87, 5011078.860000000335276 ], [ 15457752.96, 5011291.679999999701977 ], [ 15458127.95, 5011502.339999999850988 ], [ 15458505.54, 5011707.509999999776483 ], [ 15458887.44, 5011903.879999999888241 ], [ 15459271.43, 5012087.320000000298023 ], [ 15459660.29, 5012260.190000000409782 ], [ 15460053.35, 5012424.0 ], [ 15460449.93, 5012580.28000000026077 ], [ 15460849.35, 5012730.549999999813735 ], [ 15461250.94, 5012876.33 ], [ 15461654.02, 5013019.129999999888241 ], [ 15462057.92, 5013160.490000000223517 ] ] } },
{ "type": "Feature", "properties": { "type": 254, "Name": null, "VALIDATION_ERRORS": "" }, "geometry": { "type": "LineString", "coordinates": [ [ 15449972.42, 5001568.299999999813735 ], [ 15450323.39, 5001844.839999999850988 ], [ 15450671.99, 5002123.769999999552965 ], [ 15451016.11, 5002407.71 ], [ 15451353.62, 5002699.25 ], [ 15451757.98, 5003070.879999999888241 ], [ 15452151.99, 5003453.75 ], [ 15452539.21, 5003844.21 ], [ 15452923.17, 5004238.589999999850988 ] ] } },
{ "type": "Feature", "properties": { "type": 255, "Name": null, "VALIDATION_ERRORS": "" }, "geometry": { "type": "LineString", "coordinates": [ [ 15453394.03, 5003578.870000000111759 ], [ 15453742.27, 5003879.980000000447035 ], [ 15454091.73, 5004179.29 ], [ 15454443.77, 5004475.110000000335276 ], [ 15454799.77, 5004765.730000000447035 ], [ 15455161.11, 5005049.46 ], [ 15455529.16, 5005324.599999999627471 ], [ 15455905.3, 5005589.440000000409782 ], [ 15456223.03, 5005798.79 ], [ 15456547.95, 5005996.429999999701977 ], [ 15456881.15, 5006179.08 ], [ 15457223.72, 5006343.400000000372529 ], [ 15457597.01, 5006495.83 ], [ 15457977.34, 5006632.349999999627471 ], [ 15458360.45, 5006761.559999999590218 ], [ 15458742.08, 5006892.099999999627471 ], [ 15459117.97, 5007032.58 ], [ 15459483.87, 5007191.610000000335276 ], [ 15459876.03, 5007398.450000000186265 ], [ 15460252.71, 5007634.070000000298023 ], [ 15460616.52, 5007893.679999999701977 ], [ 15460970.06, 5008172.519999999552965 ], [ 15461315.94, 5008465.79 ], [ 15461656.76, 5008768.71999999973923 ], [ 15461995.14, 5009076.519999999552965 ] ] } },
{ "type": "Feature", "properties": { "type": 256, "Name": null, "VALIDATION_ERRORS": "" }, "geometry": { "type": "LineString", "coordinates": [ [ 15455371.66, 5006500.480000000447035 ], [ 15455351.68, 5006865.820000000298023 ], [ 15455335.11, 5007230.820000000298023 ], [ 15455325.4, 5007595.360000000335276 ], [ 15455325.98, 5007959.309999999590218 ], [ 15455340.27, 5008322.559999999590218 ], [ 15455370.25, 5008682.009999999776483 ], [ 15455413.73, 5009040.509999999776483 ], [ 15455467.32, 5009398.360000000335276 ], [ 15455527.67, 5009755.83 ], [ 15455591.39, 5010113.21999999973923 ] ] } },
{ "type": "Feature", "properties": { "type": 257, "Name": null, "VALIDATION_ERRORS": "" }, "geometry": { "type": "LineString", "coordinates": [ [ 15455308.88, 5008008.410000000149012 ], [ 15455676.92, 5008073.679999999701977 ], [ 15456045.18, 5008134.83 ], [ 15456414.13, 5008187.75 ], [ 15456784.25, 5008228.309999999590218 ], [ 15457149.0, 5008253.21999999973923 ], [ 15457514.67, 5008264.769999999552965 ], [ 15457881.01, 5008265.519999999552965 ], [ 15458247.78, 5008258.0 ], [ 15458614.72, 5008244.75 ], [ 15458981.61, 5008228.309999999590218 ], [ 15459359.0, 5008210.29 ], [ 15459735.86, 5008191.71999999973923 ], [ 15460112.36, 5008172.730000000447035 ], [ 15460488.7, 5008153.46 ], [ 15460865.07, 5008134.070000000298023 ] ] } },
{ "type": "Feature", "properties": { "type": 258, "Name": null, "VALIDATION_ERRORS": "" }, "geometry": { "type": "LineString", "coordinates": [ [ 15458071.28, 5008793.78000000026077 ], [ 15460865.07, 5010050.389999999664724 ] ] } },
{ "type": "Feature", "properties": { "type": 259, "Name": null, "VALIDATION_ERRORS": "" }, "geometry": { "type": "LineString", "coordinates": [ [ 15455183.31, 5001065.660000000149012 ], [ 15454838.01, 5004709.820000000298023 ] ] } },
{ "type": "Feature", "properties": { "type": 260, "Name": null, "VALIDATION_ERRORS": "" }, "geometry": { "type": "LineString", "coordinates": [ [ 15458008.49, 5002322.269999999552965 ], [ 15458170.05, 5002669.559999999590218 ], [ 15458332.86, 5003016.070000000298023 ], [ 15458498.29, 5003361.240000000223517 ], [ 15458667.7, 5003704.53000000026077 ], [ 15458852.36, 5004065.240000000223517 ], [ 15459041.86, 5004423.339999999850988 ], [ 15459235.23, 5004779.379999999888241 ], [ 15459431.54, 5005133.929999999701977 ], [ 15459629.83, 5005487.53000000026077 ], [ 15459829.17, 5005840.759999999776483 ] ] } },
{ "type": "Feature", "properties": { "type": 261, "Name": null, "VALIDATION_ERRORS": "" }, "geometry": { "type": "LineString", "coordinates": [ [ 15446739.16, 5001159.910000000149012 ], [ 15446791.79, 5001463.570000000298023 ], [ 15446859.85, 5001759.33 ], [ 15446958.9, 5002039.53000000026077 ], [ 15447198.45, 5002438.410000000149012 ], [ 15447514.63, 5002798.360000000335276 ], [ 15447869.23, 5003139.059999999590218 ] ] } },
{ "type": "Feature", "properties": { "type": 262, "Name": null, "VALIDATION_ERRORS": "" }, "geometry": { "type": "LineString", "coordinates": [ [ 15445483.52, 5001411.230000000447035 ], [ 15445569.27, 5001731.269999999552965 ], [ 15445664.61, 5002045.740000000223517 ], [ 15445779.28, 5002349.25 ], [ 15445923.0, 5002636.42 ], [ 15446134.5, 5002946.21 ], [ 15446380.96, 5003236.03000000026077 ], [ 15446644.99, 5003516.04 ] ] } },
{ "type": "Feature", "properties": { "type": 263, "Name": null, "VALIDATION_ERRORS": "" }, "geometry": { "type": "LineString", "coordinates": [ [ 15458510.75, 5016176.339999999850988 ], [ 15460519.77, 5015233.889999999664724 ] ] } },
{ "type": "Feature", "properties": { "type": 264, "Name": null, "VALIDATION_ERRORS": "" }, "geometry": { "type": "LineString", "coordinates": [ [ 15441998.81, 5019549.200000000186265 ], [ 15441278.11, 5018020.110000000335276 ], [ 15440903.34, 5017068.04 ] ] } },
{ "type": "Feature", "properties": { "type": 265, "Name": null, "VALIDATION_ERRORS": "" }, "geometry": { "type": "LineString", "coordinates": [ [ 15438694.88, 4995016.879999999888241 ], [ 15439123.1, 4994865.429999999701977 ], [ 15439548.14, 4994707.17 ], [ 15439967.24, 4994535.070000000298023 ], [ 15440327.26, 4994368.96999999973923 ], [ 15440681.37, 4994190.08 ], [ 15441030.84, 4994001.309999999590218 ], [ 15441376.97, 4993805.599999999627471 ], [ 15441721.03, 4993605.879999999888241 ], [ 15442128.59, 4993366.610000000335276 ], [ 15442534.88, 4993126.29 ], [ 15442940.28, 4992885.150000000372529 ], [ 15443345.17, 4992643.429999999701977 ], [ 15443749.93, 4992401.360000000335276 ] ] } },
{ "type": "Feature", "properties": { "type": 266, "Name": null, "VALIDATION_ERRORS": "" }, "geometry": { "type": "LineString", "coordinates": [ [ 15437663.23, 4991300.089999999850988 ], [ 15440414.28, 4993468.21999999973923 ] ] } },
{ "type": "Feature", "properties": { "type": 267, "Name": null, "VALIDATION_ERRORS": "" }, "geometry": { "type": "LineString", "coordinates": [ [ 15437456.9, 4989820.259999999776483 ], [ 15437868.9, 4989844.230000000447035 ], [ 15438280.89, 4989867.04 ], [ 15438693.08, 4989887.549999999813735 ], [ 15439105.67, 4989904.570000000298023 ], [ 15439518.86, 4989916.940000000409782 ], [ 15439932.85, 4989923.509999999776483 ], [ 15440306.21, 4989923.25 ], [ 15440679.29, 4989915.089999999850988 ], [ 15441051.39, 4989896.730000000447035 ], [ 15441421.8, 4989865.879999999888241 ], [ 15441789.81, 4989820.259999999776483 ], [ 15442234.94, 4989742.450000000186265 ], [ 15442675.62, 4989642.429999999701977 ], [ 15443112.49, 4989523.370000000111759 ], [ 15443546.23, 4989388.429999999701977 ], [ 15443977.49, 4989240.79 ], [ 15444406.93, 4989083.629999999888241 ], [ 15444835.22, 4988920.110000000335276 ], [ 15445263.01, 4988753.410000000149012 ] ] } },
{ "type": "Feature", "properties": { "type": 268, "Name": null, "VALIDATION_ERRORS": "" }, "geometry": { "type": "LineString", "coordinates": [ [ 15440861.33, 4985311.940000000409782 ], [ 15441183.56, 4985652.610000000335276 ], [ 15441504.04, 4985994.58 ], [ 15441821.26, 4986339.360000000335276 ], [ 15442133.69, 4986688.519999999552965 ], [ 15442466.53, 4987074.179999999701977 ], [ 15442792.83, 4987465.29 ], [ 15443113.93, 4987860.79 ], [ 15443431.17, 4988259.629999999888241 ], [ 15443745.89, 4988660.759999999776483 ], [ 15444059.43, 4989063.139999999664724 ] ] } },
{ "type": "Feature", "properties": { "type": 269, "Name": null, "VALIDATION_ERRORS": "" }, "geometry": { "type": "LineString", "coordinates": [ [ 15447326.3, 4994948.049999999813735 ], [ 15447722.62, 4994670.099999999627471 ], [ 15448119.03, 4994391.92 ], [ 15448515.79, 4994113.179999999701977 ], [ 15448913.17, 4993833.58 ], [ 15449311.44, 4993552.79 ], [ 15449710.88, 4993270.509999999776483 ], [ 15450111.74, 4992986.410000000149012 ], [ 15450499.55, 4992712.900000000372529 ], [ 15450892.44, 4992448.370000000111759 ], [ 15451294.3, 4992203.58 ], [ 15451709.06, 4991989.299999999813735 ], [ 15452140.64, 4991816.309999999590218 ], [ 15452515.86, 4991706.870000000111759 ], [ 15452897.94, 4991614.570000000298023 ], [ 15453279.64, 4991519.900000000372529 ], [ 15453653.72, 4991403.339999999850988 ], [ 15454021.83, 4991247.83 ], [ 15454379.35, 4991065.019999999552965 ], [ 15454731.64, 4990870.5 ], [ 15455084.04, 4990679.820000000298023 ], [ 15455441.9, 4990508.559999999590218 ], [ 15455816.45, 4990366.83 ], [ 15456200.82, 4990257.929999999701977 ], [ 15456593.93, 4990178.190000000409782 ], [ 15456994.69, 4990123.96999999973923 ], [ 15457402.03, 4990091.620000000111759 ], [ 15457814.88, 4990077.46999999973923 ], [ 15458232.15, 4990077.889999999664724 ], [ 15458652.76, 4990089.21999999973923 ], [ 15459075.63, 4990107.799999999813735 ], [ 15459499.7, 4990129.990000000223517 ] ] } },
{ "type": "Feature", "properties": { "type": 270, "Name": null, "VALIDATION_ERRORS": "" }, "geometry": { "type": "LineString", "coordinates": [ [ 15446535.37, 4992057.21999999973923 ], [ 15446892.98, 4992035.139999999664724 ], [ 15447248.44, 4992004.700000000186265 ], [ 15447599.84, 4991957.509999999776483 ], [ 15447945.29, 4991885.139999999664724 ], [ 15448364.05, 4991754.0 ], [ 15448775.24, 4991592.740000000223517 ], [ 15449184.12, 4991422.809999999590218 ], [ 15449595.92, 4991265.679999999701977 ], [ 15449985.83, 4991146.320000000298023 ], [ 15450381.79, 4991053.79 ], [ 15450783.14, 4990985.110000000335276 ], [ 15451189.22, 4990937.309999999590218 ], [ 15451599.37, 4990907.379999999888241 ], [ 15452012.93, 4990892.349999999627471 ], [ 15452429.24, 4990889.240000000223517 ], [ 15452847.65, 4990895.049999999813735 ], [ 15453267.49, 4990906.809999999590218 ], [ 15453688.1, 4990921.53000000026077 ] ] } },
{ "type": "Feature", "properties": { "type": 271, "Name": null, "VALIDATION_ERRORS": "" }, "geometry": { "type": "LineString", "coordinates": [ [ 15455304.35, 4990990.360000000335276 ], [ 15455722.69, 4990924.370000000111759 ], [ 15456141.1, 4990859.929999999701977 ], [ 15456559.76, 4990798.53000000026077 ], [ 15456978.85, 4990741.660000000149012 ], [ 15457398.55, 4990690.820000000298023 ], [ 15457819.04, 4990647.480000000447035 ], [ 15458240.5, 4990613.129999999888241 ], [ 15458663.1, 4990589.269999999552965 ], [ 15459087.04, 4990577.379999999888241 ], [ 15459454.45, 4990575.879999999888241 ], [ 15459821.57, 4990572.980000000447035 ], [ 15460187.24, 4990557.059999999590218 ], [ 15460550.31, 4990516.519999999552965 ], [ 15460909.61, 4990439.730000000447035 ], [ 15461328.13, 4990288.009999999776483 ], [ 15461714.55, 4990069.629999999888241 ], [ 15462044.42, 4989785.849999999627471 ], [ 15462301.72, 4989442.929999999701977 ], [ 15462509.6, 4989060.400000000372529 ], [ 15462699.82, 4988662.019999999552965 ], [ 15462904.12, 4988271.599999999627471 ], [ 15463239.69, 4987790.519999999552965 ], [ 15463636.33, 4987357.79 ], [ 15464073.32, 4986963.839999999850988 ], [ 15464469.53, 4986647.599999999627471 ], [ 15464877.95, 4986349.769999999552965 ], [ 15465296.71, 4986066.46 ], [ 15465723.95, 4985793.740000000223517 ], [ 15466114.79, 4985553.389999999664724 ], [ 15466507.2, 4985314.71999999973923 ], [ 15466897.72, 4985073.660000000149012 ], [ 15467282.91, 4984826.150000000372529 ], [ 15467659.29, 4984568.099999999627471 ], [ 15468023.42, 4984295.46999999973923 ], [ 15468371.84, 4984004.179999999701977 ], [ 15468803.08, 4983589.929999999701977 ], [ 15469211.93, 4983149.75 ], [ 15469609.81, 4982696.42 ] ] } },
{ "type": "Feature", "properties": { "type": 272, "Name": null, "VALIDATION_ERRORS": "" }, "geometry": { "type": "LineString", "coordinates": [ [ 15463007.29, 4994500.660000000149012 ], [ 15462976.62, 4994063.559999999590218 ], [ 15462934.21, 4993629.33 ], [ 15462868.16, 4993200.58 ], [ 15462766.57, 4992779.92 ], [ 15462614.26, 4992355.599999999627471 ], [ 15462416.64, 4991947.519999999552965 ], [ 15462179.06, 4991559.879999999888241 ], [ 15461906.87, 4991196.849999999627471 ], [ 15461539.35, 4990790.339999999850988 ], [ 15461150.33, 4990405.309999999590218 ] ] } },
{ "type": "Feature", "properties": { "type": 273, "Name": null, "VALIDATION_ERRORS": "" }, "geometry": { "type": "LineString", "coordinates": [ [ 15465298.0, 4989678.54 ], [ 15464280.47, 4988214.71 ] ] } },
{ "type": "Feature", "properties": { "type": 274, "Name": null, "VALIDATION_ERRORS": "" }, "geometry": { "type": "LineString", "coordinates": [ [ 15466739.51, 4988639.009999999776483 ], [ 15466566.39, 4988401.410000000149012 ], [ 15466392.09, 4988164.929999999701977 ], [ 15466215.31, 4987930.58 ], [ 15466034.77, 4987699.33 ], [ 15465849.17, 4987472.179999999701977 ], [ 15465618.53, 4987205.650000000372529 ], [ 15465381.21, 4986944.870000000111759 ], [ 15465139.39, 4986687.860000000335276 ], [ 15464895.23, 4986432.650000000372529 ] ] } },
{ "type": "Feature", "properties": { "type": 275, "Name": null, "VALIDATION_ERRORS": "" }, "geometry": { "type": "LineString", "coordinates": [ [ 15465509.99, 4990378.639999999664724 ], [ 15469686.12, 4988893.589999999850988 ] ] } },
{ "type": "Feature", "properties": { "type": 276, "Name": null, "VALIDATION_ERRORS": "" }, "geometry": { "type": "LineString", "coordinates": [ [ 15464556.05, 4995258.089999999850988 ], [ 15463623.31, 4993263.879999999888241 ] ] } },
{ "type": "Feature", "properties": { "type": 277, "Name": null, "VALIDATION_ERRORS": "" }, "geometry": { "type": "LineString", "coordinates": [ [ 15466251.94, 4994409.490000000223517 ], [ 15466153.63, 4994166.04 ], [ 15466065.46, 4993919.610000000335276 ], [ 15465997.56, 4993666.96 ], [ 15465958.64, 4993402.519999999552965 ], [ 15465955.16, 4993136.589999999850988 ], [ 15465990.37, 4992869.46 ], [ 15466058.64, 4992607.92 ], [ 15466151.7, 4992350.54 ], [ 15466261.29, 4992095.870000000111759 ], [ 15466379.13, 4991842.46999999973923 ] ] } },
{ "type": "Feature", "properties": { "type": 278, "Name": null, "VALIDATION_ERRORS": "" }, "geometry": { "type": "LineString", "coordinates": [ [ 15466909.1, 4994218.549999999813735 ], [ 15465955.16, 4992945.650000000372529 ] ] } },
{ "type": "Feature", "properties": { "type": 279, "Name": null, "VALIDATION_ERRORS": "" }, "geometry": { "type": "LineString", "coordinates": [ [ 15454656.29, 4997400.799999999813735 ], [ 15454915.49, 4997375.110000000335276 ], [ 15455174.21, 4997351.21999999973923 ], [ 15455432.07, 4997330.96 ], [ 15455688.64, 4997316.129999999888241 ], [ 15455943.55, 4997308.559999999590218 ], [ 15456196.38, 4997310.070000000298023 ], [ 15456446.73, 4997322.46999999973923 ], [ 15456694.21, 4997347.589999999850988 ], [ 15456938.41, 4997387.240000000223517 ], [ 15457178.93, 4997443.230000000447035 ], [ 15457430.39, 4997521.67 ], [ 15457678.18, 4997616.42 ], [ 15457923.42, 4997723.259999999776483 ], [ 15458167.22, 4997838.0 ], [ 15458410.7, 4997956.429999999701977 ], [ 15458654.98, 4998074.349999999627471 ], [ 15458901.17, 4998187.549999999813735 ], [ 15459150.4, 4998291.83 ], [ 15459408.82, 4998385.71 ], [ 15459670.82, 4998467.21999999973923 ], [ 15459935.87, 4998537.75 ], [ 15460203.44, 4998598.650000000372529 ], [ 15460472.98, 4998651.309999999590218 ], [ 15460743.98, 4998697.08 ], [ 15461015.88, 4998737.349999999627471 ], [ 15461281.53, 4998772.440000000409782 ], [ 15461547.39, 4998803.759999999776483 ], [ 15461813.44, 4998831.509999999776483 ], [ 15462079.68, 4998855.889999999664724 ], [ 15462346.1, 4998877.089999999850988 ], [ 15462612.7, 4998895.320000000298023 ], [ 15462879.45, 4998910.769999999552965 ], [ 15463146.36, 4998923.650000000372529 ], [ 15463413.41, 4998934.139999999664724 ], [ 15463680.59, 4998942.46 ], [ 15463947.9, 4998948.799999999813735 ], [ 15464215.33, 4998953.349999999627471 ], [ 15464482.87, 4998956.320000000298023 ], [ 15464750.51, 4998957.910000000149012 ], [ 15465018.24, 4998958.309999999590218 ], [ 15465286.05, 4998957.71999999973923 ], [ 15465553.93, 4998956.349999999627471 ], [ 15465821.88, 4998954.389999999664724 ], [ 15466089.88, 4998952.04 ], [ 15466357.93, 4998949.5 ] ] } },
{ "type": "Feature", "properties": { "type": 280, "Name": null, "VALIDATION_ERRORS": "" }, "geometry": { "type": "LineString", "coordinates": [ [ 15463496.12, 4998588.839999999850988 ], [ 15463753.82, 4998543.379999999888241 ], [ 15464011.57, 4998499.009999999776483 ], [ 15464269.49, 4998456.870000000111759 ], [ 15464527.72, 4998418.059999999590218 ], [ 15464786.38, 4998383.690000000409782 ], [ 15465045.61, 4998354.889999999664724 ], [ 15465305.53, 4998332.78000000026077 ], [ 15465566.27, 4998318.46 ], [ 15465827.97, 4998313.049999999813735 ], [ 15466052.77, 4998316.660000000149012 ], [ 15466276.91, 4998330.240000000223517 ], [ 15466499.17, 4998356.440000000409782 ], [ 15466718.31, 4998397.910000000149012 ], [ 15466934.32, 4998456.379999999888241 ], [ 15467146.83, 4998528.370000000111759 ], [ 15467357.07, 4998609.379999999888241 ], [ 15467566.26, 4998694.92 ] ] } },
{ "type": "Feature", "properties": { "type": 281, "Name": null, "VALIDATION_ERRORS": "" }, "geometry": { "type": "LineString", "coordinates": [ [ 15466251.94, 4998737.349999999627471 ], [ 15467078.69, 4998482.769999999552965 ] ] } },
{ "type": "Feature", "properties": { "type": 282, "Name": null, "VALIDATION_ERRORS": "" }, "geometry": { "type": "LineString", "coordinates": [ [ 15467863.04, 4997761.46 ], [ 15467702.32, 4998024.599999999627471 ], [ 15467502.66, 4998228.190000000409782 ], [ 15467325.5, 4998309.370000000111759 ], [ 15467123.54, 4998352.509999999776483 ], [ 15466909.1, 4998376.690000000409782 ] ] } },
{ "type": "Feature", "properties": { "type": 283, "Name": null, "VALIDATION_ERRORS": "" }, "geometry": { "type": "LineString", "coordinates": [ [ 15468838.17, 4999713.240000000223517 ], [ 15469770.91, 4999989.03000000026077 ] ] } },
{ "type": "Feature", "properties": { "type": 284, "Name": null, "VALIDATION_ERRORS": "" }, "geometry": { "type": "LineString", "coordinates": [ [ 15461715.43, 5000031.46 ], [ 15461974.65, 5000194.190000000409782 ], [ 15462233.78, 5000356.96 ], [ 15462492.76, 5000519.860000000335276 ], [ 15462751.57, 5000682.96999999973923 ], [ 15463010.14, 5000846.360000000335276 ], [ 15463268.45, 5001010.120000000111759 ], [ 15463526.43, 5001174.320000000298023 ], [ 15463784.06, 5001339.049999999813735 ], [ 15464041.28, 5001504.389999999664724 ], [ 15464298.05, 5001670.410000000149012 ], [ 15464554.32, 5001837.200000000186265 ], [ 15464810.06, 5002004.839999999850988 ], [ 15465065.21, 5002173.400000000372529 ], [ 15465319.73, 5002342.96999999973923 ], [ 15465573.58, 5002513.620000000111759 ], [ 15465834.68, 5002690.83 ], [ 15466094.96, 5002869.150000000372529 ], [ 15466354.49, 5003048.490000000223517 ], [ 15466613.34, 5003228.79 ], [ 15466871.54, 5003409.980000000447035 ], [ 15467129.17, 5003591.990000000223517 ], [ 15467386.27, 5003774.740000000223517 ], [ 15467642.91, 5003958.17 ], [ 15467899.14, 5004142.200000000186265 ], [ 15468155.02, 5004326.759999999776483 ], [ 15468410.61, 5004511.78000000026077 ], [ 15468665.96, 5004697.190000000409782 ], [ 15468921.12, 5004882.92 ], [ 15469176.17, 5005068.889999999664724 ], [ 15469431.15, 5005255.04 ], [ 15469686.12, 5005441.29 ] ] } },
{ "type": "Feature", "properties": { "type": 285, "Name": null, "VALIDATION_ERRORS": "" }, "geometry": { "type": "LineString", "coordinates": [ [ 15453691.75, 4997750.849999999627471 ], [ 15456648.96, 4999310.150000000372529 ] ] } },
{ "type": "Feature", "properties": { "type": 286, "Name": null, "VALIDATION_ERRORS": "" }, "geometry": { "type": "LineString", "coordinates": [ [ 15462181.8, 5003224.320000000298023 ], [ 15462540.65, 5003633.839999999850988 ], [ 15462901.08, 5004041.519999999552965 ], [ 15463264.88, 5004445.67 ], [ 15463633.83, 5004844.58 ], [ 15464009.68, 5005236.559999999590218 ], [ 15464394.23, 5005619.889999999664724 ], [ 15464789.23, 5005992.879999999888241 ], [ 15465139.73, 5006305.400000000372529 ], [ 15465498.72, 5006608.549999999813735 ], [ 15465865.81, 5006902.160000000149012 ], [ 15466240.65, 5007186.03000000026077 ], [ 15466622.86, 5007459.980000000447035 ], [ 15467012.07, 5007723.820000000298023 ], [ 15467407.92, 5007977.379999999888241 ], [ 15467810.04, 5008220.46 ], [ 15468198.15, 5008442.25 ], [ 15468590.32, 5008656.150000000372529 ], [ 15468985.57, 5008864.17 ], [ 15469382.96, 5009068.320000000298023 ], [ 15469781.51, 5009270.599999999627471 ] ] } },
{ "type": "Feature", "properties": { "type": 287, "Name": null, "VALIDATION_ERRORS": "" }, "geometry": { "type": "LineString", "coordinates": [ [ 15469686.12, 5008093.17 ], [ 15467492.06, 5007997.700000000186265 ] ] } },
{ "type": "Feature", "properties": { "type": 288, "Name": null, "VALIDATION_ERRORS": "" }, "geometry": { "type": "LineString", "coordinates": [ [ 15462054.61, 5012802.900000000372529 ], [ 15462295.21, 5012400.5 ], [ 15462546.06, 5012005.610000000335276 ], [ 15462817.76, 5011625.46 ], [ 15463167.42, 5011212.71 ], [ 15463552.69, 5010830.650000000372529 ], [ 15463967.97, 5010480.04 ], [ 15464407.66, 5010161.629999999888241 ], [ 15464700.22, 5009973.660000000149012 ], [ 15464997.79, 5009794.900000000372529 ], [ 15465298.0, 5009620.650000000372529 ] ] } },
{ "type": "Feature", "properties": { "type": 289, "Name": null, "VALIDATION_ERRORS": "" }, "geometry": { "type": "LineString", "coordinates": [ [ 15464556.05, 5010331.349999999627471 ], [ 15464820.15, 5010519.03000000026077 ], [ 15465084.85, 5010705.559999999590218 ], [ 15465350.89, 5010889.849999999627471 ], [ 15465618.97, 5011070.83 ], [ 15465889.83, 5011247.400000000372529 ], [ 15466164.17, 5011418.5 ], [ 15466442.73, 5011583.03000000026077 ], [ 15466686.4, 5011719.129999999888241 ], [ 15466932.41, 5011851.28000000026077 ], [ 15467179.61, 5011981.339999999850988 ], [ 15467426.85, 5012111.160000000149012 ], [ 15467672.96, 5012242.589999999850988 ], [ 15467916.79, 5012377.46999999973923 ], [ 15468157.19, 5012517.660000000149012 ], [ 15468393.0, 5012665.0 ], [ 15468632.34, 5012827.059999999590218 ], [ 15468866.35, 5012997.129999999888241 ], [ 15469096.12, 5013173.620000000111759 ], [ 15469322.75, 5013354.940000000409782 ], [ 15469547.32, 5013539.509999999776483 ], [ 15469770.91, 5013725.75 ] ] } },
{ "type": "Feature", "properties": { "type": 290, "Name": null, "VALIDATION_ERRORS": "" }, "geometry": { "type": "LineString", "coordinates": [ [ 15469707.32, 5012834.71999999973923 ], [ 15468859.37, 5012919.58 ] ] } },
{ "type": "Feature", "properties": { "type": 291, "Name": null, "VALIDATION_ERRORS": "" }, "geometry": { "type": "LineString", "coordinates": [ [ 15462245.4, 5013407.519999999552965 ], [ 15462493.89, 5013526.120000000111759 ], [ 15462742.05, 5013645.200000000186265 ], [ 15462989.62, 5013765.320000000298023 ], [ 15463236.32, 5013887.0 ], [ 15463481.88, 5014010.799999999813735 ], [ 15463726.04, 5014137.25 ], [ 15463968.52, 5014266.900000000372529 ], [ 15464209.06, 5014400.28000000026077 ], [ 15464447.39, 5014537.940000000409782 ], [ 15464683.24, 5014680.42 ], [ 15464944.31, 5014846.400000000372529 ], [ 15465201.29, 5015019.04 ], [ 15465453.7, 5015198.429999999701977 ], [ 15465701.07, 5015384.629999999888241 ], [ 15465942.92, 5015577.700000000186265 ], [ 15466178.77, 5015777.71 ], [ 15466408.13, 5015984.730000000447035 ], [ 15466630.54, 5016198.820000000298023 ], [ 15466845.5, 5016420.049999999813735 ], [ 15467063.98, 5016660.900000000372529 ], [ 15467275.26, 5016908.03000000026077 ], [ 15467481.17, 5017159.910000000149012 ], [ 15467683.55, 5017414.990000000223517 ], [ 15467884.24, 5017671.740000000223517 ] ] } },
{ "type": "Feature", "properties": { "type": 292, "Name": null, "VALIDATION_ERRORS": "" }, "geometry": { "type": "LineString", "coordinates": [ [ 15462732.97, 5019475.009999999776483 ], [ 15469876.91, 5016929.21 ] ] } },
{ "type": "Feature", "properties": { "type": 293, "Name": null, "VALIDATION_ERRORS": "" }, "geometry": { "type": "LineString", "coordinates": [ [ 15462457.39, 5016080.610000000335276 ], [ 15462698.18, 5016236.599999999627471 ], [ 15462938.69, 5016392.849999999627471 ], [ 15463178.74, 5016549.67 ], [ 15463418.13, 5016707.379999999888241 ], [ 15463656.66, 5016866.299999999813735 ], [ 15463894.16, 5017026.75 ], [ 15464130.42, 5017189.049999999813735 ], [ 15464365.26, 5017353.509999999776483 ], [ 15464597.56, 5017519.610000000335276 ], [ 15464828.37, 5017687.650000000372529 ], [ 15465058.01, 5017857.269999999552965 ], [ 15465286.82, 5018028.089999999850988 ], [ 15465515.1, 5018199.730000000447035 ], [ 15465743.17, 5018371.83 ] ] } },
{ "type": "Feature", "properties": { "type": 294, "Name": null, "VALIDATION_ERRORS": "" }, "geometry": { "type": "LineString", "coordinates": [ [ 15469749.72, 5019793.240000000223517 ], [ 15467502.66, 5017820.240000000223517 ] ] } },
{ "type": "Feature", "properties": { "type": 295, "Name": null, "VALIDATION_ERRORS": "" }, "geometry": { "type": "LineString", "coordinates": [ [ 15469664.92, 5009716.110000000335276 ], [ 15468562.59, 5009716.110000000335276 ] ] } },
{ "type": "Feature", "properties": { "type": 296, "Name": null, "VALIDATION_ERRORS": "" }, "geometry": { "type": "LineString", "coordinates": [ [ 15462097.01, 5007170.309999999590218 ], [ 15462329.83, 5007368.46 ], [ 15462563.77, 5007564.160000000149012 ], [ 15462800.03, 5007755.009999999776483 ], [ 15463039.86, 5007938.620000000111759 ], [ 15463284.46, 5008112.58 ], [ 15463535.07, 5008274.509999999776483 ], [ 15463792.9, 5008422.0 ], [ 15464031.66, 5008540.860000000335276 ], [ 15464276.42, 5008647.519999999552965 ], [ 15464526.46, 5008743.46 ], [ 15464781.09, 5008830.17 ], [ 15465039.6, 5008909.129999999888241 ], [ 15465301.3, 5008981.839999999850988 ], [ 15465565.48, 5009049.769999999552965 ], [ 15465831.45, 5009114.410000000149012 ], [ 15466098.5, 5009177.259999999776483 ], [ 15466365.93, 5009239.78000000026077 ], [ 15466633.03, 5009303.480000000447035 ], [ 15466899.12, 5009369.83 ], [ 15467163.48, 5009440.320000000298023 ], [ 15467429.47, 5009517.259999999776483 ], [ 15467693.1, 5009599.360000000335276 ], [ 15467954.65, 5009686.059999999590218 ], [ 15468214.38, 5009776.79 ], [ 15468472.56, 5009870.96999999973923 ], [ 15468729.47, 5009968.04 ], [ 15468985.37, 5010067.429999999701977 ], [ 15469240.53, 5010168.559999999590218 ], [ 15469495.22, 5010270.870000000111759 ], [ 15469749.72, 5010373.78000000026077 ] ] } },
{ "type": "Feature", "properties": { "type": 297, "Name": null, "VALIDATION_ERRORS": "" }, "geometry": { "type": "LineString", "coordinates": [ [ 15465006.19, 5021808.21 ], [ 15465153.02, 5022102.25 ], [ 15465301.98, 5022395.110000000335276 ], [ 15465455.3, 5022685.71999999973923 ], [ 15465615.21, 5022972.980000000447035 ], [ 15465783.96, 5023255.839999999850988 ], [ 15465963.78, 5023533.21 ], [ 15466176.16, 5023830.009999999776483 ], [ 15466404.26, 5024115.759999999776483 ], [ 15466647.99, 5024387.559999999590218 ], [ 15466907.25, 5024642.549999999813735 ], [ 15467181.95, 5024877.820000000298023 ], [ 15467471.99, 5025090.5 ], [ 15467737.15, 5025255.96 ], [ 15468012.31, 5025404.320000000298023 ], [ 15468296.08, 5025538.03000000026077 ], [ 15468587.02, 5025659.549999999813735 ], [ 15468883.72, 5025771.33 ], [ 15469184.75, 5025875.83 ], [ 15469488.71, 5025975.5 ], [ 15469794.16, 5026072.79 ] ] } },
{ "type": "Feature", "properties": { "type": 298, "Name": null, "VALIDATION_ERRORS": "" }, "geometry": { "type": "LineString", "coordinates": [ [ 15466849.56, 5022311.33 ], [ 15467007.52, 5022625.900000000372529 ], [ 15467167.91, 5022938.29 ], [ 15467333.25, 5023246.46 ], [ 15467506.05, 5023548.339999999850988 ], [ 15467688.83, 5023841.879999999888241 ], [ 15467884.12, 5024125.019999999552965 ], [ 15468094.43, 5024395.71 ], [ 15468337.84, 5024669.889999999664724 ], [ 15468598.31, 5024929.639999999664724 ], [ 15468873.0, 5025177.379999999888241 ], [ 15469159.09, 5025415.53000000026077 ], [ 15469453.75, 5025646.53000000026077 ], [ 15469754.16, 5025872.79 ], [ 15470057.5, 5026096.75 ] ] } },
{ "type": "Feature", "properties": { "type": 299, "Name": null, "VALIDATION_ERRORS": "" }, "geometry": { "type": "LineString", "coordinates": [ [ 15468597.17, 5023221.75 ], [ 15469937.8, 5025186.33 ] ] } },
{ "type": "Feature", "properties": { "type": 300, "Name": null, "VALIDATION_ERRORS": "" }, "geometry": { "type": "LineString", "coordinates": [ [ 15459640.82, 5017778.509999999776483 ], [ 15459859.3, 5018101.839999999850988 ], [ 15460076.48, 5018425.910000000149012 ], [ 15460291.14, 5018751.679999999701977 ], [ 15460502.08, 5019080.089999999850988 ], [ 15460708.11, 5019412.099999999627471 ], [ 15460920.71, 5019771.67 ], [ 15461121.15, 5020137.589999999850988 ], [ 15461304.54, 5020511.629999999888241 ], [ 15461451.44, 5020854.400000000372529 ], [ 15461584.08, 5021203.150000000372529 ], [ 15461706.05, 5021556.450000000186265 ], [ 15461820.95, 5021912.839999999850988 ], [ 15461932.36, 5022270.879999999888241 ], [ 15462037.65, 5022335.29 ], [ 15462130.06, 5022640.79 ], [ 15462227.09, 5022943.129999999888241 ], [ 15462333.47, 5023239.299999999813735 ], [ 15462453.9, 5023526.240000000223517 ], [ 15462593.12, 5023800.92 ], [ 15462755.85, 5024060.29 ], [ 15462992.91, 5024355.679999999701977 ], [ 15463265.02, 5024625.42 ], [ 15463564.64, 5024872.049999999813735 ], [ 15463884.2, 5025098.110000000335276 ], [ 15464216.18, 5025306.120000000111759 ], [ 15464503.99, 5025471.08 ], [ 15464794.69, 5025626.21 ], [ 15465087.79, 5025773.17 ], [ 15465382.83, 5025913.610000000335276 ], [ 15465679.36, 5026049.190000000409782 ], [ 15465976.9, 5026181.559999999590218 ], [ 15466275.0, 5026312.370000000111759 ] ] } },
{ "type": "Feature", "properties": { "type": 301, "Name": null, "VALIDATION_ERRORS": "" }, "geometry": { "type": "LineString", "coordinates": [ [ 15417566.55, 4985525.639999999664724 ], [ 15417827.28, 4985586.799999999813735 ], [ 15418086.58, 4985651.490000000223517 ], [ 15418343.18, 4985723.29 ], [ 15418595.79, 4985805.799999999813735 ], [ 15418843.11, 4985902.620000000111759 ], [ 15419070.28, 4986008.110000000335276 ], [ 15419294.14, 4986121.67 ], [ 15419517.45, 4986235.650000000372529 ], [ 15419742.99, 4986342.429999999701977 ], [ 15419977.63, 4986438.549999999813735 ], [ 15420215.71, 4986525.860000000335276 ], [ 15420455.76, 4986611.190000000409782 ], [ 15420696.3, 4986701.360000000335276 ], [ 15420935.84, 4986803.190000000409782 ], [ 15421231.5, 4986958.389999999664724 ], [ 15421497.89, 4987151.139999999664724 ], [ 15421710.15, 4987389.599999999627471 ], [ 15421833.22, 4987625.200000000186265 ], [ 15421922.15, 4987883.259999999776483 ], [ 15421997.67, 4988149.190000000409782 ], [ 15422080.54, 4988408.379999999888241 ], [ 15422191.48, 4988646.21 ], [ 15422376.14, 4988884.379999999888241 ], [ 15422608.64, 4989088.53000000026077 ], [ 15422870.19, 4989274.110000000335276 ], [ 15423142.0, 4989456.610000000335276 ], [ 15423405.26, 4989651.490000000223517 ], [ 15423630.93, 4989852.299999999813735 ], [ 15423846.71, 4990057.78000000026077 ], [ 15424066.73, 4990248.610000000335276 ], [ 15424305.13, 4990405.46 ], [ 15424507.91, 4990493.0 ], [ 15424724.95, 4990553.309999999590218 ], [ 15424951.52, 4990590.799999999813735 ], [ 15425182.87, 4990609.860000000335276 ], [ 15425414.28, 4990614.889999999664724 ], [ 15425629.85, 4990610.610000000335276 ], [ 15425842.69, 4990600.96 ], [ 15426054.46, 4990589.259999999776483 ], [ 15426266.86, 4990578.839999999850988 ], [ 15426481.57, 4990573.0 ], [ 15426674.1, 4990575.46999999973923 ], [ 15426864.22, 4990593.33 ], [ 15427046.6, 4990635.83 ], [ 15427299.25, 4990755.440000000409782 ], [ 15427535.12, 4990918.440000000409782 ], [ 15427767.4, 4991091.980000000447035 ], [ 15428009.26, 4991243.190000000409782 ], [ 15428208.0, 4991327.120000000111759 ], [ 15428417.01, 4991385.299999999813735 ], [ 15428633.37, 4991424.559999999590218 ], [ 15428854.18, 4991451.71 ], [ 15429076.55, 4991473.570000000298023 ], [ 15429310.33, 4991496.700000000186265 ], [ 15429542.51, 4991519.200000000186265 ], [ 15429773.2, 4991538.78000000026077 ], [ 15430002.55, 4991553.190000000409782 ], [ 15430230.69, 4991560.129999999888241 ], [ 15430457.75, 4991557.339999999850988 ], [ 15430719.06, 4991540.410000000149012 ], [ 15430980.14, 4991512.379999999888241 ], [ 15431242.31, 4991478.29 ], [ 15431506.84, 4991443.150000000372529 ], [ 15431775.05, 4991411.980000000447035 ], [ 15432048.22, 4991389.799999999813735 ], [ 15432288.1, 4991383.259999999776483 ], [ 15432521.82, 4991399.940000000409782 ], [ 15432738.82, 4991452.629999999888241 ], [ 15432999.56, 4991600.559999999590218 ], [ 15433218.6, 4991821.509999999776483 ], [ 15433407.74, 4992094.150000000372529 ], [ 15433578.72, 4992397.160000000149012 ], [ 15433743.33, 4992709.230000000447035 ], [ 15433904.93, 4993001.21 ], [ 15434072.21, 4993281.429999999701977 ], [ 15434246.1, 4993549.589999999850988 ], [ 15434427.52, 4993805.349999999627471 ], [ 15434617.42, 4994048.42 ], [ 15434816.71, 4994278.46999999973923 ], [ 15435026.34, 4994495.179999999701977 ], [ 15435247.22, 4994698.25 ], [ 15435480.29, 4994887.349999999627471 ], [ 15435698.5, 4995043.96 ], [ 15435925.83, 4995190.450000000186265 ], [ 15436161.15, 4995328.099999999627471 ], [ 15436403.34, 4995458.17 ], [ 15436651.26, 4995581.929999999701977 ], [ 15436903.78, 4995700.650000000372529 ], [ 15437159.78, 4995815.599999999627471 ], [ 15437418.11, 4995928.04 ], [ 15437677.65, 4996039.240000000223517 ], [ 15437766.4, 4996083.730000000447035 ], [ 15438162.32, 4996425.410000000149012 ], [ 15438560.98, 4996762.559999999590218 ], [ 15438965.35, 4997090.71999999973923 ], [ 15439378.38, 4997405.42 ], [ 15439803.06, 4997702.179999999701977 ], [ 15440242.34, 4997976.54 ], [ 15440597.24, 4998172.849999999627471 ], [ 15440961.59, 4998352.75 ], [ 15441334.39, 4998516.33 ], [ 15441714.64, 4998663.67 ], [ 15442101.36, 4998794.83 ], [ 15442493.56, 4998909.910000000149012 ], [ 15442890.23, 4999008.980000000447035 ], [ 15443293.75, 4999092.78000000026077 ], [ 15443699.96, 4999160.629999999888241 ], [ 15444108.26, 4999212.849999999627471 ], [ 15444518.09, 4999249.75 ], [ 15444928.86, 4999271.650000000372529 ], [ 15445340.0, 4999278.860000000335276 ], [ 15445750.91, 4999271.690000000409782 ], [ 15446161.02, 4999250.46 ], [ 15446569.76, 4999215.46999999973923 ], [ 15447004.32, 4999163.379999999888241 ], [ 15447436.55, 4999097.200000000186265 ], [ 15447866.6, 4999018.21999999973923 ], [ 15448294.61, 4998927.71999999973923 ], [ 15448720.75, 4998826.990000000223517 ], [ 15449145.16, 4998717.309999999590218 ], [ 15449567.98, 4998599.980000000447035 ], [ 15449989.39, 4998476.269999999552965 ], [ 15450409.51, 4998347.480000000447035 ], [ 15450828.52, 4998214.889999999664724 ], [ 15451246.55, 4998079.79 ], [ 15451657.8, 4997945.17 ], [ 15452068.14, 4997809.480000000447035 ], [ 15452477.71, 4997672.849999999627471 ], [ 15452886.63, 4997535.400000000372529 ], [ 15453295.03, 4997397.29 ], [ 15453703.05, 4997258.639999999664724 ], [ 15454110.81, 4997119.599999999627471 ], [ 15454518.44, 4996980.29 ], [ 15454926.08, 4996840.860000000335276 ] ] } }
]
}
