{
"type": "FeatureCollection",
"name": "11",
"features": [
{ "type": "Feature", "properties": { "type": 1, "Name": null, "VALIDATION_ERRORS": "" }, "geometry": { "type": "LineString", "coordinates": [ [ 15425106.543726744130254, 5004335.534398204647005 ], [ 15425109.142801055684686, 5004334.89858777821064 ], [ 15425109.46315566636622, 5004334.781692501157522 ], [ 15425109.782337309792638, 5004334.662465121597052 ], [ 15425110.099421439692378, 5004334.538463104516268 ], [ 15425110.413455916568637, 5004334.407271588221192 ], [ 15425110.742669789120555, 5004334.258292533457279 ], [ 15425111.067978402599692, 5004334.100757831707597 ], [ 15425111.39038916490972, 5004333.936806375160813 ], [ 15425111.710936961695552, 5004333.768521871417761 ], [ 15425112.030656779184937, 5004333.598043258301914 ] ] } },
{ "type": "Feature", "properties": { "type": 2, "Name": null, "VALIDATION_ERRORS": "" }, "geometry": { "type": "LineString", "coordinates": [ [ 15425114.514201970770955, 5004335.823414240963757 ], [ 15425114.865439781919122, 5004335.776358048431575 ], [ 15425115.216608604416251, 5004335.729950451292098 ], [ 15425115.567749856039882, 5004335.684881391003728 ], [ 15425115.918877275660634, 5004335.641785649582744 ], [ 15425116.270018504932523, 5004335.601325619965792 ], [ 15425116.62118730507791, 5004335.564177452586591 ], [ 15425116.972438955679536, 5004335.531003541313112 ], [ 15425117.323759561404586, 5004335.502438644878566 ], [ 15425117.675204394385219, 5004335.479172740131617 ], [ 15425118.026787178590894, 5004335.461854417808354 ], [ 15425118.378535592928529, 5004335.451146021485329 ], [ 15425118.730463383719325, 5004335.447696150280535 ], [ 15425119.064051674678922, 5004335.451491007581353 ], [ 15425119.397653779014945, 5004335.461426626890898 ], [ 15425119.731283476576209, 5004335.476537036709487 ], [ 15425120.064926968887448, 5004335.495828689076006 ], [ 15425120.398611882701516, 5004335.518349432386458 ], [ 15425120.732338199391961, 5004335.543105664663017 ], [ 15425121.06610588543117, 5004335.569145256653428 ], [ 15425121.399942578747869, 5004335.595460838638246 ], [ 15425121.733834454789758, 5004335.621100252494216 ], [ 15425122.091420033946633, 5004335.646946653723717 ], [ 15425122.44885384850204, 5004335.67112332675606 ], [ 15425122.80620483495295, 5004335.693864834494889 ], [ 15425123.163500605151057, 5004335.715419618412852 ], [ 15425123.520754991099238, 5004335.736022201366723 ], [ 15425123.878036981448531, 5004335.755907242186368 ], [ 15425124.235374176874757, 5004335.775323086418211 ], [ 15425124.592807931825519, 5004335.794504346325994 ] ] } },
{ "type": "Feature", "properties": { "type": 3, "Name": null, "VALIDATION_ERRORS": "" }, "geometry": { "type": "LineString", "coordinates": [ [ 15425116.997747177258134, 5004337.499663013033569 ], [ 15425117.310622459277511, 5004337.24469028133899 ], [ 15425117.626036873087287, 5004336.994271358475089 ], [ 15425117.946736475452781, 5004336.752849698066711 ], [ 15425118.275453573092818, 5004336.524854905903339 ], [ 15425118.614948080852628, 5004336.31473043281585 ], [ 15425118.957713028416038, 5004336.129872778430581 ], [ 15425119.309833941981196, 5004335.961063916794956 ], [ 15425119.6682751160115, 5004335.802908211946487 ], [ 15425120.030000539496541, 5004335.650010141544044 ] ] } },
{ "type": "Feature", "properties": { "type": 4, "Name": null, "VALIDATION_ERRORS": "" }, "geometry": { "type": "LineString", "coordinates": [ [ 15425108.680739713832736, 5004331.199282011017203 ], [ 15425109.025684984400868, 5004331.181908476166427 ], [ 15425109.369981681928039, 5004331.168316002003849 ], [ 15425109.713146796450019, 5004331.162327019497752 ], [ 15425110.054724978283048, 5004331.1677640164271 ], [ 15425110.39420566894114, 5004331.188435620628297 ], [ 15425110.731119627133012, 5004331.228178080171347 ], [ 15425111.05739420466125, 5004331.288026373833418 ], [ 15425111.380605345591903, 5004331.366890325210989 ], [ 15425111.700849557295442, 5004331.462065239436924 ], [ 15425112.01827865280211, 5004331.570777441374958 ], [ 15425112.332989292219281, 5004331.690280820243061 ], [ 15425112.645105628296733, 5004331.817843097262084 ], [ 15425112.95476564951241, 5004331.950704344548285 ], [ 15425113.311164481565356, 5004332.108501251786947 ], [ 15425113.664775805547833, 5004332.268975237384439 ], [ 15425114.016344813629985, 5004332.431477760896087 ], [ 15425114.366616675630212, 5004332.595346425659955 ], [ 15425114.716350371018052, 5004332.759918875992298 ] ] } },
{ "type": "Feature", "properties": { "type": 5, "Name": null, "VALIDATION_ERRORS": "" }, "geometry": { "type": "LineString", "coordinates": [ [ 15425113.907756829634309, 5004332.239706573076546 ], [ 15425114.267881510779262, 5004332.17010207939893 ], [ 15425114.628047594800591, 5004332.101711913011968 ], [ 15425114.988475846126676, 5004332.035722865723073 ], [ 15425115.349414670839906, 5004331.973307871259749 ], [ 15425115.711057310923934, 5004331.915667513385415 ], [ 15425116.07363828830421, 5004331.864002308808267 ], [ 15425116.413450153544545, 5004331.821789740584791 ], [ 15425116.753841591998935, 5004331.784600170329213 ], [ 15425117.09468843601644, 5004331.751191662624478 ], [ 15425117.435935446992517, 5004331.720267055556178 ], [ 15425117.77747224457562, 5004331.690598200075328 ] ] } },
{ "type": "Feature", "properties": { "type": 6, "Name": null, "VALIDATION_ERRORS": "" }, "geometry": { "type": "LineString", "coordinates": [ [ 15425111.857376897707582, 5004331.401582187972963 ], [ 15425112.207772934809327, 5004331.307069643400609 ], [ 15425112.558044837787747, 5004331.212446699850261 ], [ 15425112.908178659155965, 5004331.117561564780772 ], [ 15425113.25814693979919, 5004331.022276252508163 ], [ 15425113.607935788109899, 5004330.926425160840154 ], [ 15425113.957559125497937, 5004330.829870282672346 ], [ 15425114.306961582973599, 5004330.732473651878536 ], [ 15425114.656170876696706, 5004330.634097244590521 ], [ 15425115.005131786689162, 5004330.534561703912914 ], [ 15425115.340596815571189, 5004330.437675641849637 ], [ 15425115.675689274445176, 5004330.339878831990063 ], [ 15425116.010533323511481, 5004330.241405827924609 ], [ 15425116.345280790701509, 5004330.142463647760451 ], [ 15425116.680097246542573, 5004330.043245485052466 ] ] } },
{ "type": "Feature", "properties": { "type": 7, "Name": null, "VALIDATION_ERRORS": "" }, "geometry": { "type": "LineString", "coordinates": [ [ 15425129.877575812861323, 5004334.869677904061973 ], [ 15425129.754181010648608, 5004334.524332444183528 ], [ 15425129.631117345765233, 5004334.178959410637617 ], [ 15425129.508674694225192, 5004333.833462163805962 ], [ 15425129.387142801657319, 5004333.487730327062309 ], [ 15425129.266825223341584, 5004333.141625915654004 ], [ 15425129.147998044267297, 5004332.795038509182632 ], [ 15425129.030964745208621, 5004332.447857739403844 ], [ 15425128.916015205904841, 5004332.099973191507161 ], [ 15425128.803452966734767, 5004331.751246863044798 ], [ 15425128.693554004654288, 5004331.401582187972963 ], [ 15425128.590002803131938, 5004331.062722477130592 ], [ 15425128.488604316487908, 5004330.723310803994536 ], [ 15425128.388599613681436, 5004330.383457532152534 ], [ 15425128.289257237687707, 5004330.043245485052466 ] ] } },
{ "type": "Feature", "properties": { "type": 8, "Name": null, "VALIDATION_ERRORS": "" }, "geometry": { "type": "LineString", "coordinates": [ [ 15425106.659242073073983, 5004327.124271948821843 ], [ 15425106.997066797688603, 5004326.915085827000439 ], [ 15425107.333828968927264, 5004326.704768156632781 ], [ 15425107.66861785762012, 5004326.492063178680837 ], [ 15425108.000495007261634, 5004326.275715145282447 ], [ 15425108.328563516959548, 5004326.054509707726538 ], [ 15425108.651871239766479, 5004325.827191092073917 ], [ 15425108.969521129503846, 5004325.592531153000891 ], [ 15425109.333785658702254, 5004325.307061596773565 ], [ 15425109.690005065873265, 5004325.0115598263219 ], [ 15425110.039462758228183, 5004324.707529974170029 ], [ 15425110.383483467623591, 5004324.396558994427323 ], [ 15425110.723350504413247, 5004324.080164828337729 ], [ 15425111.060374921187758, 5004323.759906814433634 ], [ 15425111.395853748545051, 5004323.437344285659492 ], [ 15425111.731097960844636, 5004323.114008977077901 ], [ 15425112.067404793575406, 5004322.791460261680186 ], [ 15425112.406071273609996, 5004322.471229830756783 ], [ 15425112.750147176906466, 5004322.153000336140394 ], [ 15425113.098142134025693, 5004321.839586853049695 ], [ 15425113.450511498376727, 5004321.531720760278404 ], [ 15425113.80769688822329, 5004321.230161005631089 ], [ 15425114.170181261375546, 5004320.935597597621381 ], [ 15425114.538406254723668, 5004320.648803290911019 ], [ 15425114.912827165797353, 5004320.3704818431288 ], [ 15425115.293927034363151, 5004320.101364655420184 ], [ 15425115.635077426210046, 5004319.872500512748957 ], [ 15425115.980961075052619, 5004319.650701677426696 ], [ 15425116.33099833317101, 5004319.435223001055419 ], [ 15425116.684651033952832, 5004319.225264118984342 ], [ 15425117.041339701041579, 5004319.02005226071924 ], [ 15425117.400498410686851, 5004318.818800835870206 ], [ 15425117.761575231328607, 5004318.620764705352485 ], [ 15425118.124018220230937, 5004318.425129652023315 ], [ 15425118.485923023894429, 5004318.231964733451605 ], [ 15425118.848310837522149, 5004318.040345340967178 ], [ 15425119.211098814383149, 5004317.849981692619622 ], [ 15425119.574245577678084, 5004317.660597812384367 ], [ 15425119.937709698453546, 5004317.47193150781095 ], [ 15425120.30142224393785, 5004317.283720582723618 ], [ 15425120.665327990427613, 5004317.095689056441188 ] ] } },
{ "type": "Feature", "properties": { "type": 9, "Name": null, "VALIDATION_ERRORS": "" }, "geometry": { "type": "LineString", "coordinates": [ [ 15425121.185140078887343, 5004320.852786994539201 ], [ 15425121.116763716563582, 5004320.521310013718903 ], [ 15425121.050222704187036, 5004320.189764032140374 ], [ 15425120.987310921773314, 5004319.857942064292729 ], [ 15425120.929863737896085, 5004319.525637113489211 ], [ 15425120.879688864573836, 5004319.192600784823298 ], [ 15425120.838594080880284, 5004318.858639892190695 ], [ 15425120.807917861267924, 5004318.523851042613387 ], [ 15425120.786942655220628, 5004318.188261803239584 ], [ 15425120.774440376088023, 5004317.85195501986891 ], [ 15425120.769224161282182, 5004317.515041050501168 ], [ 15425120.770065912976861, 5004317.177575084380805 ], [ 15425120.775751309469342, 5004316.83965374995023 ], [ 15425120.785052141174674, 5004316.501373630948365 ], [ 15425120.79678169824183, 5004316.162803722545505 ], [ 15425120.8097117934376, 5004315.824054422788322 ] ] } },
{ "type": "Feature", "properties": { "type": 10, "Name": null, "VALIDATION_ERRORS": "" }, "geometry": { "type": "LineString", "coordinates": [ [ 15425106.601491307839751, 5004321.951017548330128 ], [ 15425106.927476057782769, 5004321.906376264058053 ], [ 15425107.253626486286521, 5004321.861528007313609 ], [ 15425107.580218439921737, 5004321.816265753470361 ], [ 15425107.907528003677726, 5004321.77032732218504 ], [ 15425108.23581731133163, 5004321.7235057502985 ], [ 15425108.565389966592193, 5004321.675552592612803 ], [ 15425108.896508185192943, 5004321.626233296468854 ], [ 15425109.22943408973515, 5004321.575313271023333 ], [ 15425109.557668214663863, 5004321.520846775732934 ], [ 15425109.878395406529307, 5004321.449034349061549 ], [ 15425110.182425269857049, 5004321.344103211537004 ], [ 15425110.533552663400769, 5004321.148136981762946 ], [ 15425110.853838307783008, 5004320.894282004795969 ], [ 15425111.154514854773879, 5004320.602575079537928 ], [ 15425111.446773773059249, 5004320.293066847138107 ], [ 15425111.741861572489142, 5004319.985766529105604 ], [ 15425112.046802179887891, 5004319.698751417919993 ], [ 15425112.363817336037755, 5004319.431524749845266 ], [ 15425112.691527044400573, 5004319.181713010184467 ], [ 15425113.028509994968772, 5004318.946984086185694 ], [ 15425113.373358683660626, 5004318.724936876446009 ], [ 15425113.724665509536862, 5004318.513239252381027 ], [ 15425114.081022894009948, 5004318.309517730027437 ], [ 15425114.390034390613437, 5004318.139301306568086 ], [ 15425114.701074356213212, 5004317.97261755913496 ], [ 15425115.013784060254693, 5004317.808762690983713 ], [ 15425115.327790914103389, 5004317.647005335427821 ], [ 15425115.642694739624858, 5004317.486627934500575 ], [ 15425115.958122944459319, 5004317.326899114064872 ] ] } },
{ "type": "Feature", "properties": { "type": 11, "Name": null, "VALIDATION_ERRORS": "" }, "geometry": { "type": "LineString", "coordinates": [ [ 15425110.788870392367244, 5004323.88737247698009 ], [ 15425110.413455916568637, 5004321.257401159964502 ] ] } },
{ "type": "Feature", "properties": { "type": 12, "Name": null, "VALIDATION_ERRORS": "" }, "geometry": { "type": "LineString", "coordinates": [ [ 15425107.410084808245301, 5004327.731186292134225 ], [ 15425107.74223799072206, 5004327.629511815495789 ], [ 15425108.074653336778283, 5004327.528748099692166 ], [ 15425108.407689655199647, 5004327.429750734940171 ], [ 15425108.74166433699429, 5004327.333402859047055 ], [ 15425109.076949978247285, 5004327.240587646141648 ], [ 15425109.413877790793777, 5004327.152146869339049 ], [ 15425109.752806453034282, 5004327.068977475166321 ], [ 15425110.094081068411469, 5004326.991948858834803 ], [ 15425110.438046576455235, 5004326.921916577033699 ], [ 15425110.785034148022532, 5004326.859763767570257 ], [ 15425111.135416409000754, 5004326.80635982286185 ], [ 15425111.488144548609853, 5004326.761221775785089 ], [ 15425111.840969314798713, 5004326.717781059443951 ], [ 15425112.190523618832231, 5004326.668089185841382 ], [ 15425112.533426569774747, 5004326.604170053265989 ], [ 15425112.866311090067029, 5004326.518047582358122 ], [ 15425113.185796337202191, 5004326.401745684444904 ], [ 15425113.550488630309701, 5004326.214017736725509 ], [ 15425113.895309688523412, 5004325.981910698115826 ], [ 15425114.225282544270158, 5004325.716519370675087 ], [ 15425114.545416386798024, 5004325.428897079080343 ], [ 15425114.860747965052724, 5004325.130111035890877 ] ] } },
{ "type": "Feature", "properties": { "type": 13, "Name": null, "VALIDATION_ERRORS": "" }, "geometry": { "type": "LineString", "coordinates": [ [ 15425113.445695465430617, 5004329.754243253730237 ], [ 15425113.739679345861077, 5004329.406993489712477 ], [ 15425114.02654261700809, 5004329.055631470866501 ], [ 15425114.299247687682509, 5004328.695824183523655 ], [ 15425114.550784366205335, 5004328.323224791325629 ], [ 15425114.774114953354001, 5004327.933486463502049 ], [ 15425114.913503328338265, 5004327.641503545455635 ], [ 15425115.034897236153483, 5004327.340550979599357 ], [ 15425115.13858644105494, 5004327.032408888451755 ], [ 15425115.224846923723817, 5004326.718885009177029 ], [ 15425115.293927034363151, 5004326.401745684444904 ], [ 15425115.349483681842685, 5004326.059560303576291 ], [ 15425115.387680599465966, 5004325.715788001194596 ], [ 15425115.410698099061847, 5004325.370621940121055 ], [ 15425115.420702734962106, 5004325.024213932454586 ], [ 15425115.419860983267426, 5004324.676784769631922 ], [ 15425115.410380722954869, 5004324.32851382996887 ], [ 15425115.394400956109166, 5004323.979580527171493 ], [ 15425115.374101949855685, 5004323.630164226517081 ], [ 15425115.351677803322673, 5004323.280458142980933 ] ] } },
{ "type": "Feature", "properties": { "type": 14, "Name": null, "VALIDATION_ERRORS": "" }, "geometry": { "type": "LineString", "coordinates": [ [ 15425114.629717314615846, 5004328.684908799827099 ], [ 15425114.971033340319991, 5004328.664526996202767 ], [ 15425115.311369581148028, 5004328.641040301881731 ], [ 15425115.649884277954698, 5004328.611302446573973 ], [ 15425115.98573568277061, 5004328.572180957533419 ], [ 15425116.318082028999925, 5004328.520515759475529 ], [ 15425116.646081546321511, 5004328.45317436940968 ], [ 15425116.968878706917167, 5004328.366996703669429 ], [ 15425117.30659300647676, 5004328.252378326840699 ], [ 15425117.638566782698035, 5004328.117861137725413 ], [ 15425117.966304140165448, 5004327.968399109318852 ], [ 15425118.291267743334174, 5004327.808946268633008 ], [ 15425118.614948080852628, 5004327.644484237767756 ] ] } },
{ "type": "Feature", "properties": { "type": 15, "Name": null, "VALIDATION_ERRORS": "" }, "geometry": { "type": "LineString", "coordinates": [ [ 15425112.57933740131557, 5004322.933649953454733 ], [ 15425112.943049928173423, 5004322.835383960045874 ], [ 15425113.30684526078403, 5004322.739408662542701 ], [ 15425113.670888958498836, 5004322.648056193254888 ], [ 15425114.035401893779635, 5004322.563631060533226 ], [ 15425114.400563383474946, 5004322.488465363159776 ], [ 15425114.766552837565541, 5004322.424877419136465 ], [ 15425115.133577229455113, 5004322.375185553915799 ], [ 15425115.501829789951444, 5004322.341694232076406 ], [ 15425115.871489910408854, 5004322.326735611073673 ], [ 15425116.225253054872155, 5004322.33134464174509 ], [ 15425116.579388735815883, 5004322.353906774893403 ], [ 15425116.933041481301188, 5004322.393469838425517 ], [ 15425117.285397047176957, 5004322.449067884124815 ], [ 15425117.63558610714972, 5004322.5197349563241 ], [ 15425117.982794465497136, 5004322.604518880136311 ], [ 15425118.326166624203324, 5004322.702439896762371 ], [ 15425118.666171649470925, 5004322.812863223254681 ], [ 15425119.001760898157954, 5004322.933981135487556 ], [ 15425119.333500055596232, 5004323.064303306862712 ], [ 15425119.661954978480935, 5004323.20229796692729 ], [ 15425119.987677549943328, 5004323.346447190269828 ], [ 15425120.311233630403876, 5004323.495233036577702 ], [ 15425120.63318901322782, 5004323.647151369601488 ], [ 15425120.954109387472272, 5004323.800670437514782 ], [ 15425121.312536740675569, 5004323.972349592484534 ], [ 15425121.671819666400552, 5004324.141586259938776 ], [ 15425122.033848682418466, 5004324.30589650478214 ], [ 15425122.400431519374251, 5004324.46283783391118 ], [ 15425122.773458668962121, 5004324.609898753464222 ], [ 15425123.134576911106706, 5004324.73615006916225 ], [ 15425123.500938976183534, 5004324.837162170559168 ], [ 15425123.870833670720458, 5004324.898900978267193 ], [ 15425124.205967487767339, 5004324.912176051177084 ], [ 15425124.541998302564025, 5004324.889296540990472 ], [ 15425124.87881569005549, 5004324.837507147341967 ], [ 15425125.216240206733346, 5004324.764038800261915 ], [ 15425125.554133972153068, 5004324.676122387871146 ], [ 15425125.892331315204501, 5004324.581002677790821 ] ] } },
{ "type": "Feature", "properties": { "type": 16, "Name": null, "VALIDATION_ERRORS": "" }, "geometry": { "type": "LineString", "coordinates": [ [ 15425115.784856854006648, 5004327.008660015650094 ], [ 15425115.980560911819339, 5004326.68314440920949 ], [ 15425116.178127849474549, 5004326.359008728526533 ], [ 15425116.379531098529696, 5004326.037508759647608 ], [ 15425116.586757646873593, 5004325.719872632063925 ], [ 15425116.801794720813632, 5004325.407356121577322 ], [ 15425117.026629472151399, 5004325.101214951835573 ], [ 15425117.291579211130738, 5004324.768358033150434 ], [ 15425117.571804998442531, 5004324.448334597982466 ], [ 15425117.868217503651977, 5004324.14405635651201 ], [ 15425118.181769011542201, 5004323.858476401306689 ], [ 15425118.536222068592906, 5004323.574786965735257 ], [ 15425118.90422628633678, 5004323.307891479693353 ], [ 15425119.279157759621739, 5004323.049248089082539 ] ] } },
{ "type": "Feature", "properties": { "type": 17, "Name": null, "VALIDATION_ERRORS": "" }, "geometry": { "type": "LineString", "coordinates": [ [ 15425124.072995824739337, 5004328.945014959201217 ], [ 15425124.239196604117751, 5004328.605216888710856 ], [ 15425124.404169240966439, 5004328.264604659751058 ], [ 15425124.566754573956132, 5004327.922295089811087 ], [ 15425124.725820979103446, 5004327.577336020767689 ], [ 15425124.880209418013692, 5004327.228802890516818 ], [ 15425125.028774471953511, 5004326.875784951262176 ], [ 15425125.170370822772384, 5004326.517343810759485 ], [ 15425125.308144679293036, 5004326.14709032420069 ], [ 15425125.447588300332427, 5004325.778106389567256 ], [ 15425125.598996045067906, 5004325.417967911809683 ], [ 15425125.772689932957292, 5004325.074209399521351 ], [ 15425125.978964367881417, 5004324.754406759515405 ], [ 15425126.256871795281768, 5004324.430505678057671 ], [ 15425126.574990889057517, 5004324.136577044613659 ], [ 15425126.919991357252002, 5004323.862561044283211 ], [ 15425127.278501501306891, 5004323.598370244726539 ] ] } },
{ "type": "Feature", "properties": { "type": 18, "Name": null, "VALIDATION_ERRORS": "" }, "geometry": { "type": "LineString", "coordinates": [ [ 15425109.835879253223538, 5004316.257564650848508 ], [ 15425110.169370925053954, 5004316.203056761994958 ], [ 15425110.502862667664886, 5004316.149680427275598 ], [ 15425110.836478551849723, 5004316.09859480522573 ], [ 15425111.170370468869805, 5004316.050903847441077 ], [ 15425111.504676325246692, 5004316.007766716182232 ], [ 15425111.839520370587707, 5004315.970301162451506 ], [ 15425112.175040600821376, 5004315.939652539789677 ], [ 15425112.50130140222609, 5004315.917228411883116 ], [ 15425112.82800374366343, 5004315.90174541156739 ], [ 15425113.155064919963479, 5004315.892610164359212 ], [ 15425113.48242967762053, 5004315.889270686544478 ], [ 15425113.809987606480718, 5004315.891161218285561 ], [ 15425114.137683542445302, 5004315.897715979255736 ], [ 15425114.465407067909837, 5004315.908355358056724 ], [ 15425114.793089205399156, 5004315.922527411952615 ], [ 15425115.120647134259343, 5004315.939652539789677 ], [ 15425115.463149880990386, 5004315.960199961438775 ], [ 15425115.805266255512834, 5004315.983134663663805 ], [ 15425116.147037668153644, 5004316.008222101256251 ], [ 15425116.488533040508628, 5004316.035213856957853 ], [ 15425116.829780055209994, 5004316.063875353895128 ], [ 15425117.170833880081773, 5004316.093971976079047 ], [ 15425117.511735899373889, 5004316.125269172713161 ], [ 15425117.852555116638541, 5004316.157504722476006 ], [ 15425118.193305337801576, 5004316.190457854419947 ], [ 15425118.53405555896461, 5004316.223893960006535 ], [ 15425118.874860977753997, 5004316.257564650848508 ] ] } },
{ "type": "Feature", "properties": { "type": 19, "Name": null, "VALIDATION_ERRORS": "" }, "geometry": { "type": "LineString", "coordinates": [ [ 15425109.662613144144416, 5004313.222979181446135 ], [ 15425110.021923640742898, 5004313.188894489780068 ], [ 15425110.381082350388169, 5004313.156162152066827 ], [ 15425110.740034079179168, 5004313.126162111759186 ], [ 15425111.098765017464757, 5004313.100260516628623 ], [ 15425111.457206187769771, 5004313.079823499545455 ], [ 15425111.815316123887897, 5004313.066203443333507 ], [ 15425112.173039687797427, 5004313.060794049873948 ], [ 15425112.530363069847226, 5004313.064933887682855 ], [ 15425112.88720347173512, 5004313.080002901144326 ], [ 15425113.243547102436423, 5004313.107367247343063 ], [ 15425113.575507080182433, 5004313.144211824052036 ], [ 15425113.907066831365228, 5004313.188135514035821 ], [ 15425114.238571425899863, 5004313.234336136840284 ], [ 15425114.570365807041526, 5004313.278011439368129 ], [ 15425114.90278116427362, 5004313.314359232783318 ], [ 15425115.236162478104234, 5004313.338577304035425 ], [ 15425115.590035958215594, 5004313.348333528265357 ], [ 15425115.944268321618438, 5004313.34946509078145 ], [ 15425116.298210779204965, 5004313.352390569634736 ], [ 15425116.65121497772634, 5004313.367487183772027 ], [ 15425117.0209302585572, 5004313.404828552156687 ], [ 15425117.388948267325759, 5004313.460840583778918 ], [ 15425117.755765659734607, 5004313.529244533739984 ], [ 15425118.121906911954284, 5004313.603734048083425 ], [ 15425118.487882545217872, 5004313.678057979792356 ], [ 15425118.854217009618878, 5004313.745896156877279 ], [ 15425119.221393199637532, 5004313.800997424870729 ], [ 15425119.569843510165811, 5004313.836834636516869 ], [ 15425119.91920462436974, 5004313.857188860885799 ], [ 15425120.269393699243665, 5004313.863578015938401 ], [ 15425120.620341686531901, 5004313.857589039951563 ], [ 15425120.971952138468623, 5004313.840739890001714 ], [ 15425121.324155939742923, 5004313.814589910209179 ], [ 15425121.676870265975595, 5004313.780698422342539 ], [ 15425122.030012434348464, 5004313.740624760277569 ], [ 15425122.383485769852996, 5004313.695886888541281 ], [ 15425122.737207489088178, 5004313.648057936690748 ], [ 15425123.091122416779399, 5004313.59868345130235 ] ] } },
{ "type": "Feature", "properties": { "type": 20, "Name": null, "VALIDATION_ERRORS": "" }, "geometry": { "type": "LineString", "coordinates": [ [ 15425119.39467310719192, 5004311.488924414850771 ], [ 15425119.733146423473954, 5004311.567498568445444 ], [ 15425120.071564542129636, 5004311.646196934394538 ], [ 15425120.409955045208335, 5004311.725185076706111 ], [ 15425120.748345552012324, 5004311.804587214253843 ], [ 15425121.086791282519698, 5004311.884582713246346 ], [ 15425121.425292203202844, 5004311.965295797213912 ], [ 15425121.763903534039855, 5004312.046878246590495 ], [ 15425122.102639025077224, 5004312.129481852985919 ], [ 15425122.441553914919496, 5004312.213244611397386 ], [ 15425122.780662024393678, 5004312.298318324610591 ], [ 15425123.12000466324389, 5004312.384854772128165 ], [ 15425123.447921415790915, 5004312.469169506803155 ], [ 15425123.776155525818467, 5004312.550489773973823 ], [ 15425124.1050382014364, 5004312.624316925182939 ], [ 15425124.434900661930442, 5004312.68619373254478 ], [ 15425124.766074037179351, 5004312.731662961654365 ], [ 15425125.105775525793433, 5004312.757730163633823 ], [ 15425125.446718914434314, 5004312.764685087837279 ], [ 15425125.788752501830459, 5004312.75527385622263 ], [ 15425126.131696863099933, 5004312.73222874943167 ], [ 15425126.475413946434855, 5004312.698268260806799 ], [ 15425126.819724457338452, 5004312.656138488091528 ], [ 15425127.164490317925811, 5004312.608557932078838 ], [ 15425127.509532170370221, 5004312.55825886875391 ] ] } },
{ "type": "Feature", "properties": { "type": 21, "Name": null, "VALIDATION_ERRORS": "" }, "geometry": { "type": "LineString", "coordinates": [ [ 15425111.539713168516755, 5004310.853113991208375 ], [ 15425111.876558167859912, 5004310.744443197734654 ], [ 15425112.213554913178086, 5004310.636945356614888 ], [ 15425112.551007078960538, 5004310.531779621727765 ], [ 15425112.889190586283803, 5004310.430105154402554 ], [ 15425113.228381486609578, 5004310.333094893954694 ], [ 15425113.568869506940246, 5004310.241908022202551 ], [ 15425113.910916915163398, 5004310.157717479392886 ], [ 15425114.254813404753804, 5004310.081696217879653 ], [ 15425114.600835027173162, 5004310.014989603310823 ], [ 15425114.943682758137584, 5004309.959336341358721 ], [ 15425115.288269245997071, 5004309.913715314120054 ], [ 15425115.634277069941163, 5004309.877933293581009 ], [ 15425115.981333652511239, 5004309.851866103708744 ], [ 15425116.329094043001533, 5004309.835348141379654 ], [ 15425116.677226966246963, 5004309.828241413459182 ], [ 15425117.0253737103194, 5004309.830366527661681 ], [ 15425117.373175462707877, 5004309.841585495509207 ], [ 15425117.717968931421638, 5004309.861484331078827 ], [ 15425118.061906831339002, 5004309.889497248455882 ], [ 15425118.40507192350924, 5004309.924906687811017 ], [ 15425118.747478114441037, 5004309.967036451213062 ], [ 15425119.089194318279624, 5004310.015168992802501 ], [ 15425119.43024810962379, 5004310.068600523285568 ], [ 15425119.770694745704532, 5004310.126627281308174 ], [ 15425120.110589416697621, 5004310.188559277914464 ], [ 15425120.449973480775952, 5004310.253678972832859 ], [ 15425120.788888411596417, 5004310.321296354755759 ], [ 15425121.127375496551394, 5004310.390693874098361 ], [ 15425121.480379676446319, 5004310.464424427598715 ], [ 15425121.832859432324767, 5004310.539093337021768 ], [ 15425122.184994241222739, 5004310.614466015249491 ], [ 15425122.536977188661695, 5004310.690321685746312 ], [ 15425122.888974012807012, 5004310.766411936841905 ] ] } },
{ "type": "Feature", "properties": { "type": 22, "Name": null, "VALIDATION_ERRORS": "" }, "geometry": { "type": "LineString", "coordinates": [ [ 15425106.543726744130254, 5004308.887849173508584 ], [ 15425106.879357336089015, 5004308.883074561133981 ], [ 15425107.214767185971141, 5004308.877237376756966 ], [ 15425107.549845846369863, 5004308.869233692064881 ], [ 15425107.884482873603702, 5004308.857973330654204 ], [ 15425108.21856795065105, 5004308.842352331615984 ], [ 15425108.551976898685098, 5004308.82128053996712 ], [ 15425108.88461303152144, 5004308.793681615032256 ], [ 15425109.216352192685008, 5004308.758437772281468 ], [ 15425109.547097837552428, 5004308.714445074088871 ], [ 15425109.888883022591472, 5004308.658750425092876 ], [ 15425110.229122640565038, 5004308.593106355518103 ], [ 15425110.567733960226178, 5004308.518037264235318 ], [ 15425110.904606511816382, 5004308.434108912013471 ], [ 15425111.239657560363412, 5004308.341873288154602 ], [ 15425111.572762878611684, 5004308.241882335394621 ], [ 15425111.903853511437774, 5004308.134688097052276 ], [ 15425112.232805183157325, 5004308.020828689448535 ], [ 15425112.595993330702186, 5004307.887898436747491 ], [ 15425112.957787765190005, 5004307.752691266126931 ], [ 15425113.319927154108882, 5004307.620368175208569 ], [ 15425113.684136474505067, 5004307.496090178377926 ], [ 15425114.052140651270747, 5004307.385018268600106 ], [ 15425114.412223922088742, 5004307.293831406161189 ], [ 15425114.776184877380729, 5004307.216443985700607 ], [ 15425115.143071284517646, 5004307.149419984780252 ], [ 15425115.511889608576894, 5004307.089364700950682 ], [ 15425115.881673900410533, 5004307.032814494334161 ], [ 15425116.251472005620599, 5004306.976374680176377 ], [ 15425116.620276557281613, 5004306.916609178297222 ], [ 15425116.98713537119329, 5004306.850095748901367 ], [ 15425117.351068692281842, 5004306.773398316465318 ], [ 15425117.711096795275807, 5004306.683108420111239 ], [ 15425118.06625366024673, 5004306.575789959169924 ], [ 15425118.367137229070067, 5004306.468554309569299 ], [ 15425118.664998700842261, 5004306.351300244219601 ], [ 15425118.961494037881494, 5004306.228981758467853 ] ] } },
{ "type": "Feature", "properties": { "type": 23, "Name": null, "VALIDATION_ERRORS": "" }, "geometry": { "type": "LineString", "coordinates": [ [ 15425107.438967103138566, 5004301.604849534109235 ], [ 15425107.787348451092839, 5004301.555847632698715 ], [ 15425108.135729784145951, 5004301.507190711796284 ], [ 15425108.484193922951818, 5004301.459209974855185 ], [ 15425108.832809818908572, 5004301.412264186888933 ], [ 15425109.181701736524701, 5004301.36668454669416 ], [ 15425109.530952436849475, 5004301.322816040366888 ], [ 15425109.880630927160382, 5004301.281003656797111 ], [ 15425110.230861371383071, 5004301.241592388600111 ], [ 15425110.581699041649699, 5004301.204927197657526 ], [ 15425110.933268049731851, 5004301.171339302323759 ], [ 15425111.287817711010575, 5004301.141021871007979 ], [ 15425111.642836572602391, 5004301.114692474715412 ], [ 15425111.998145261779428, 5004301.092861731536686 ], [ 15425112.353591924533248, 5004301.076053974218667 ], [ 15425112.709010975435376, 5004301.064779814332724 ], [ 15425113.064236851409078, 5004301.05957742407918 ], [ 15425113.419117709621787, 5004301.060929763130844 ], [ 15425113.773488005623221, 5004301.06937504094094 ], [ 15425114.127168359234929, 5004301.085437617264688 ], [ 15425114.48002071864903, 5004301.109614280983806 ], [ 15425114.83186567761004, 5004301.142443209886551 ], [ 15425115.183834889903665, 5004301.184393595904112 ], [ 15425115.534562123939395, 5004301.234913442283869 ], [ 15425115.884157827124, 5004301.293354177847505 ], [ 15425116.232718525454402, 5004301.359039647504687 ], [ 15425116.580340908840299, 5004301.431307453662157 ], [ 15425116.927121518179774, 5004301.509509032592177 ], [ 15425117.273170741274953, 5004301.592982004396617 ], [ 15425117.618585171177983, 5004301.681064004078507 ], [ 15425117.96347520686686, 5004301.773106434382498 ], [ 15425118.307937500998378, 5004301.868446945212781 ], [ 15425118.652054788544774, 5004301.966423165053129 ], [ 15425118.995951322838664, 5004302.066372691653669 ], [ 15425119.339709812775254, 5004302.167646980844438 ], [ 15425119.68345452286303, 5004302.269569844007492 ] ] } },
{ "type": "Feature", "properties": { "type": 24, "Name": null, "VALIDATION_ERRORS": "" }, "geometry": { "type": "LineString", "coordinates": [ [ 15425117.142144815996289, 5004298.31015791092068 ], [ 15425117.49864018894732, 5004298.411997978575528 ], [ 15425117.855094222351909, 5004298.51375525072217 ], [ 15425118.211548233404756, 5004298.615402118302882 ], [ 15425118.56804365105927, 5004298.716869589872658 ], [ 15425118.924594262614846, 5004298.818102477118373 ], [ 15425119.281227683648467, 5004298.919031761586666 ], [ 15425119.63801291026175, 5004299.019616081379354 ], [ 15425119.994936080649495, 5004299.119786423631012 ], [ 15425120.352066276594996, 5004299.219501352868974 ], [ 15425120.709417285397649, 5004299.318691918626428 ], [ 15425121.067030446603894, 5004299.417302892543375 ], [ 15425121.424933424219489, 5004299.515279118902981 ], [ 15425121.783153781667352, 5004299.612565353512764 ], [ 15425122.141732914373279, 5004299.709106423892081 ], [ 15425122.500698423013091, 5004299.804833329282701 ], [ 15425122.860091725364327, 5004299.899704656563699 ], [ 15425123.204015808179975, 5004299.989428799599409 ], [ 15425123.548271125182509, 5004300.077634981833398 ], [ 15425123.892967967316508, 5004300.163688452914357 ], [ 15425124.238175457343459, 5004300.246926822699606 ], [ 15425124.584003875032067, 5004300.326715349219739 ], [ 15425124.930536074563861, 5004300.402405423112214 ], [ 15425125.277868648990989, 5004300.473334682174027 ], [ 15425125.626070590689778, 5004300.538854555226862 ], [ 15425125.975266108289361, 5004300.59834404848516 ], [ 15425126.325510324910283, 5004300.6511270115152 ], [ 15425126.65729090385139, 5004300.694471132941544 ], [ 15425126.989802872762084, 5004300.732129877433181 ], [ 15425127.322935758158565, 5004300.764986403286457 ], [ 15425127.656593108549714, 5004300.79393769428134 ], [ 15425127.99065057374537, 5004300.819866891019046 ], [ 15425128.325011653825641, 5004300.84367096517235 ], [ 15425128.659579744562507, 5004300.866233091801405 ], [ 15425128.994230588898063, 5004300.888464026153088 ], [ 15425129.328881433233619, 5004300.911233158782125 ], [ 15425129.68838513083756, 5004300.937093351967633 ], [ 15425130.047571433708072, 5004300.964347302913666 ], [ 15425130.40649557672441, 5004300.992774202488363 ], [ 15425130.765254126861691, 5004301.022139467298985 ], [ 15425131.123929863795638, 5004301.0521947061643 ], [ 15425131.482577970251441, 5004301.082746722735465 ], [ 15425131.84130890853703, 5004301.113533335737884 ] ] } },
{ "type": "Feature", "properties": { "type": 25, "Name": null, "VALIDATION_ERRORS": "" }, "geometry": { "type": "LineString", "coordinates": [ [ 15425106.976905761286616, 5004296.720611162483692 ], [ 15425107.339528141543269, 5004296.665730684064329 ], [ 15425107.702109118923545, 5004296.611015799455345 ], [ 15425108.064676301553845, 5004296.556604501791298 ], [ 15425108.427243506535888, 5004296.50266238860786 ], [ 15425108.789824491366744, 5004296.449341251514852 ], [ 15425109.152460670098662, 5004296.396792880259454 ], [ 15425109.515138247981668, 5004296.345169080421329 ], [ 15425109.877898616716266, 5004296.294607834890485 ], [ 15425110.240755612030625, 5004296.245302331633866 ], [ 15425110.603736760094762, 5004296.197362995706499 ], [ 15425110.966842135414481, 5004296.150969184935093 ], [ 15425111.330113084986806, 5004296.106258907355368 ], [ 15425111.69354965724051, 5004296.063411579467356 ], [ 15425112.057179333642125, 5004296.022551354020834 ], [ 15425112.421016110107303, 5004295.983843850903213 ], [ 15425112.7850874196738, 5004295.947440857067704 ], [ 15425113.1494071315974, 5004295.913494155742228 ], [ 15425113.514002857729793, 5004295.882155569270253 ], [ 15425113.878874534741044, 5004295.853590672835708 ], [ 15425114.230333166196942, 5004295.828779240138829 ], [ 15425114.581929741427302, 5004295.806355112232268 ], [ 15425114.933664364740252, 5004295.786000897176564 ], [ 15425115.285523140802979, 5004295.76741301920265 ], [ 15425115.637464771047235, 5004295.750246480107307 ], [ 15425115.989489139989018, 5004295.7341976929456 ], [ 15425116.341582527384162, 5004295.718949283473194 ], [ 15425116.693717317655683, 5004295.704170051962137 ], [ 15425117.045865902677178, 5004295.689542634412646 ], [ 15425117.398042095825076, 5004295.674749589525163 ], [ 15425117.750190639868379, 5004295.659473588690162 ], [ 15425118.102311676368117, 5004295.643397206440568 ], [ 15425118.454391246661544, 5004295.626175476238132 ], [ 15425118.806415619328618, 5004295.607518606819212 ], [ 15425119.158343451097608, 5004295.587095386348665 ], [ 15425119.510188413783908, 5004295.564574648626149 ], [ 15425119.87337657995522, 5004295.538907658308744 ], [ 15425120.236316358670592, 5004295.510977537371218 ], [ 15425120.59902155213058, 5004295.481046496890485 ], [ 15425120.961574917659163, 5004295.449418108910322 ], [ 15425121.324004115536809, 5004295.416354581713676 ], [ 15425121.686350511386991, 5004295.382173304446042 ], [ 15425122.048683105036616, 5004295.347122659906745 ], [ 15425122.411029489710927, 5004295.311492449603975 ], [ 15425122.773458668962121, 5004295.275572426617146 ] ] } },
{ "type": "Feature", "properties": { "type": 26, "Name": null, "VALIDATION_ERRORS": "" }, "geometry": { "type": "LineString", "coordinates": [ [ 15425119.452423876151443, 5004293.281411527656019 ], [ 15425119.810727017000318, 5004293.504203908145428 ], [ 15425120.169402753934264, 5004293.726071721874177 ], [ 15425120.528961630538106, 5004293.946145627647638 ], [ 15425120.889872891828418, 5004294.163528628647327 ], [ 15425121.252633238211274, 5004294.377337547950447 ], [ 15425121.617725739255548, 5004294.586703068576753 ], [ 15425121.985660945996642, 5004294.790714382193983 ], [ 15425122.356894196942449, 5004294.988502132706344 ], [ 15425122.731949890032411, 5004295.179183157160878 ], [ 15425123.111297192052007, 5004295.361874299123883 ], [ 15425123.4954191762954, 5004295.535678567364812 ], [ 15425123.833009311929345, 5004295.678227072581649 ], [ 15425124.174684079363942, 5004295.810329364612699 ], [ 15425124.520829910412431, 5004295.928949561901391 ], [ 15425124.871846927329898, 5004296.031079418025911 ], [ 15425125.228135360404849, 5004296.113696835003793 ], [ 15425125.579497391358018, 5004296.17419368494302 ], [ 15425125.933702124282718, 5004296.221180865541101 ], [ 15425126.288624407723546, 5004296.262524071149528 ], [ 15425126.642111519351602, 5004296.306116591207683 ], [ 15425126.992038374766707, 5004296.35985170211643 ], [ 15425127.33626607991755, 5004296.431608931161463 ], [ 15425127.70745793171227, 5004296.538485802710056 ], [ 15425128.070604691281915, 5004296.671636856161058 ], [ 15425128.427555495873094, 5004296.825914893299341 ], [ 15425128.780131855979562, 5004296.996145115233958 ], [ 15425129.13018292747438, 5004297.177138909697533 ], [ 15425129.479530228301883, 5004297.363762904889882 ], [ 15425129.830022847279906, 5004297.550800868310034 ], [ 15425130.183496227487922, 5004297.733133219182491 ], [ 15425130.541771756485105, 5004297.905543757602572 ], [ 15425130.858096918091178, 5004298.043745410628617 ], [ 15425131.178782725706697, 5004298.169775934889913 ], [ 15425131.503387564793229, 5004298.282862561754882 ], [ 15425131.83146988786757, 5004298.382273925468326 ], [ 15425132.162588087841868, 5004298.467251038178802 ], [ 15425132.496300576254725, 5004298.537034942768514 ], [ 15425132.832151992246509, 5004298.590894251130521 ], [ 15425133.169714564457536, 5004298.628070021979511 ], [ 15425133.533592684194446, 5004298.649238405749202 ], [ 15425133.898450566455722, 5004298.653585242107511 ], [ 15425134.264136457815766, 5004298.644491387531161 ], [ 15425134.630484664812684, 5004298.625337722711265 ], [ 15425134.9973158929497, 5004298.599463726393878 ], [ 15425135.364492090418935, 5004298.570264049805701 ] ] } },
{ "type": "Feature", "properties": { "type": 27, "Name": null, "VALIDATION_ERRORS": "" }, "geometry": { "type": "LineString", "coordinates": [ [ 15425107.785513116046786, 5004294.206237969920039 ], [ 15425108.146907350048423, 5004294.183744847774506 ], [ 15425108.508218778297305, 5004294.160534140653908 ], [ 15425108.869433602318168, 5004294.135874493978918 ], [ 15425109.230551840737462, 5004294.108993125148118 ], [ 15425109.591587314382195, 5004294.079158690758049 ], [ 15425109.952512329444289, 5004294.04562596976757 ], [ 15425110.313354616984725, 5004294.007636052556336 ], [ 15425110.674100244417787, 5004293.964443722739816 ], [ 15425111.034763092175126, 5004293.915290020406246 ], [ 15425111.395329328253865, 5004293.859429785981774 ], [ 15425111.775435639545321, 5004293.792433365248144 ], [ 15425112.154244827106595, 5004293.716287912800908 ], [ 15425112.530777068808675, 5004293.630055039189756 ], [ 15425112.904066419228911, 5004293.532782603055239 ], [ 15425113.273119369521737, 5004293.423546036705375 ], [ 15425113.636969903483987, 5004293.301379360258579 ], [ 15425113.994624448940158, 5004293.165344208478928 ], [ 15425114.345117116346955, 5004293.01450224313885 ], [ 15425114.687468079850078, 5004292.847901287488639 ], [ 15425115.052946968004107, 5004292.646705057471991 ], [ 15425115.409124964848161, 5004292.428797697648406 ], [ 15425115.757892711088061, 5004292.1974634276703 ], [ 15425116.101195832714438, 5004291.956000374630094 ], [ 15425116.440911090001464, 5004291.707678967155516 ], [ 15425116.778970425948501, 5004291.45576969627291 ], [ 15425117.117291936650872, 5004291.20357065461576 ], [ 15425117.457779979333282, 5004290.954366092570126 ], [ 15425117.802338855341077, 5004290.711426475085318 ], [ 15425118.152900515124202, 5004290.478036100044847 ], [ 15425118.508471360430121, 5004290.257700027897954 ], [ 15425118.869617192074656, 5004290.0469407774508 ], [ 15425119.234309522435069, 5004289.842487882822752 ], [ 15425119.600547337904572, 5004289.641139854677022 ], [ 15425119.966315994039178, 5004289.439626243896782 ], [ 15425120.329614559188485, 5004289.234731769189239 ], [ 15425120.688428299501538, 5004289.023199756629765 ], [ 15425121.040742440149188, 5004288.801787310279906 ], [ 15425121.398990405723453, 5004288.558419913984835 ], [ 15425121.749455479905009, 5004288.303447185084224 ], [ 15425122.093862535431981, 5004288.039352995343506 ], [ 15425122.433895213529468, 5004287.7686074571684 ], [ 15425122.771236961707473, 5004287.49368067085743 ], [ 15425123.107612768188119, 5004287.217042774893343 ], [ 15425123.444706132635474, 5004286.941177637316287 ], [ 15425123.784214390441775, 5004286.668555380776525 ], [ 15425124.127848705276847, 5004286.401646092534065 ], [ 15425124.477292587980628, 5004286.142919906415045 ], [ 15425124.831911278888583, 5004285.895150481723249 ], [ 15425125.191911792382598, 5004285.65542615018785 ], [ 15425125.555582934990525, 5004285.421014612540603 ], [ 15425125.921213557943702, 5004285.189183573238552 ] ] } },
{ "type": "Feature", "properties": { "type": 28, "Name": null, "VALIDATION_ERRORS": "" }, "geometry": { "type": "LineString", "coordinates": [ [ 15425107.554482443258166, 5004284.871285272762179 ], [ 15425107.904285131022334, 5004284.862632995471358 ], [ 15425108.253784192726016, 5004284.852945774793625 ], [ 15425108.602772733196616, 5004284.841188634745777 ], [ 15425108.951029846444726, 5004284.82628520578146 ], [ 15425109.298334812745452, 5004284.807172946631908 ], [ 15425109.644453072920442, 5004284.78280308842659 ], [ 15425109.989177530631423, 5004284.752099267207086 ], [ 15425110.332273630425334, 5004284.714026551693678 ], [ 15425110.673548294231296, 5004284.667494753375649 ], [ 15425111.012752948328853, 5004284.611468904651701 ], [ 15425111.349680734798312, 5004284.544886484742165 ], [ 15425111.684110781177878, 5004284.466671107336879 ], [ 15425112.047947524115443, 5004284.366735364310443 ], [ 15425112.408499976620078, 5004284.253138172440231 ], [ 15425112.765975156798959, 5004284.127356019802392 ], [ 15425113.120566265657544, 5004283.990920703858137 ], [ 15425113.472480243071914, 5004283.845294925384223 ], [ 15425113.821924144402146, 5004283.692010456696153 ], [ 15425114.169091122224927, 5004283.532557610422373 ], [ 15425114.514201970770955, 5004283.368440566584468 ], [ 15425114.86276269517839, 5004283.197892967611551 ], [ 15425115.208052972331643, 5004283.02259833086282 ], [ 15425115.549037786200643, 5004282.840914556756616 ], [ 15425115.88468218781054, 5004282.651227091439068 ], [ 15425116.213909851387143, 5004282.451893799006939 ], [ 15425116.535699630156159, 5004282.241313938051462 ], [ 15425116.902379034087062, 5004281.979137880727649 ], [ 15425117.25939885340631, 5004281.702969157136977 ], [ 15425117.609242940321565, 5004281.416271440684795 ], [ 15425117.954381378367543, 5004281.122508392669261 ], [ 15425118.29728433676064, 5004280.82517128624022 ] ] } },
{ "type": "Feature", "properties": { "type": 29, "Name": null, "VALIDATION_ERRORS": "" }, "geometry": { "type": "LineString", "coordinates": [ [ 15425108.478591317310929, 5004280.82517128624022 ], [ 15425108.826061872765422, 5004280.882880652323365 ], [ 15425109.173573860898614, 5004280.939720656722784 ], [ 15425109.521278968080878, 5004280.994835735298693 ], [ 15425109.869329126551747, 5004281.047328903339803 ], [ 15425110.217862261459231, 5004281.096344603225589 ], [ 15425110.567016379907727, 5004281.141013472341001 ], [ 15425110.916957071051002, 5004281.180452353321016 ], [ 15425111.267822308465838, 5004281.213791862130165 ], [ 15425111.619750095531344, 5004281.2401626361534 ], [ 15425111.972892237827182, 5004281.258681529201567 ], [ 15425112.297814482823014, 5004281.267858167178929 ], [ 15425112.622847093269229, 5004281.267982373945415 ], [ 15425112.947162149474025, 5004281.257301583886147 ], [ 15425113.269959261640906, 5004281.234090888872743 ], [ 15425113.590424293652177, 5004281.196597722359002 ], [ 15425113.907756829634309, 5004281.143083397299051 ], [ 15425114.238102262839675, 5004281.068221290595829 ], [ 15425114.564445858821273, 5004280.976468636654317 ], [ 15425114.887477541342378, 5004280.870626737363636 ], [ 15425115.207887357100844, 5004280.753538260236382 ], [ 15425115.526365229859948, 5004280.627976923249662 ], [ 15425115.843601176515222, 5004280.496785380877554 ], [ 15425116.160271348431706, 5004280.362751165404916 ] ] } },
{ "type": "Feature", "properties": { "type": 30, "Name": null, "VALIDATION_ERRORS": "" }, "geometry": { "type": "LineString", "coordinates": [ [ 15425120.520930333063006, 5004284.929077425971627 ], [ 15425120.177282268181443, 5004285.03246302343905 ], [ 15425119.832999343052506, 5004285.131681187078357 ], [ 15425119.487281328067183, 5004285.2225506817922 ], [ 15425119.139300184324384, 5004285.300917866639793 ], [ 15425118.78822792135179, 5004285.362601461820304 ], [ 15425118.446580769494176, 5004285.403130494058132 ], [ 15425118.102463459596038, 5004285.425140656530857 ], [ 15425117.756759217008948, 5004285.429459883831441 ], [ 15425117.410351207479835, 5004285.416957570239902 ], [ 15425117.064108798280358, 5004285.388461670838296 ], [ 15425116.718887550756335, 5004285.34481396432966 ], [ 15425116.375584432855248, 5004285.286856205202639 ], [ 15425116.035068800672889, 5004285.215430155396461 ], [ 15425115.698223801329732, 5004285.131391420029104 ], [ 15425115.3474689591676, 5004285.030034316703677 ], [ 15425115.001336945220828, 5004284.917196088470519 ], [ 15425114.659151596948504, 5004284.794532633386552 ], [ 15425114.320222852751613, 5004284.663658491335809 ], [ 15425113.983902266249061, 5004284.526215811260045 ], [ 15425113.649472201243043, 5004284.383874299935997 ], [ 15425113.316284095868468, 5004284.238234746269882 ], [ 15425112.983634145930409, 5004284.090953043662012 ] ] } },
{ "type": "Feature", "properties": { "type": 31, "Name": null, "VALIDATION_ERRORS": "" }, "geometry": { "type": "LineString", "coordinates": [ [ 15425118.124018220230937, 5004283.686352662742138 ], [ 15425118.468646073713899, 5004283.692686631344259 ], [ 15425118.813204994425178, 5004283.699268974363804 ], [ 15425119.157667292281985, 5004283.706320500932634 ], [ 15425119.502046717330813, 5004283.714089598506689 ], [ 15425119.84632964245975, 5004283.722824667580426 ], [ 15425120.190515907481313, 5004283.732746473513544 ], [ 15425120.534619422629476, 5004283.744103443808854 ], [ 15425120.878612557426095, 5004283.757130142301321 ], [ 15425121.222522804513574, 5004283.772088753990829 ], [ 15425121.566336533054709, 5004283.789200091734529 ], [ 15425121.91003985889256, 5004283.808698749169707 ], [ 15425122.253646580502391, 5004283.830846896395087 ], [ 15425122.586365530267358, 5004283.854968344792724 ], [ 15425122.918849842622876, 5004283.881504730321467 ], [ 15425123.251141035929322, 5004283.910193818621337 ], [ 15425123.583252793177962, 5004283.940759633667767 ], [ 15425123.915254132822156, 5004283.972953796386719 ], [ 15425124.247172703966498, 5004284.006486490368843 ], [ 15425124.579022264108062, 5004284.0411093570292 ], [ 15425124.910871865227818, 5004284.0765325948596 ], [ 15425125.242749011144042, 5004284.112507791258395 ], [ 15425125.574667586013675, 5004284.148758996278048 ] ] } },
{ "type": "Feature", "properties": { "type": 32, "Name": null, "VALIDATION_ERRORS": "" }, "geometry": { "type": "LineString", "coordinates": [ [ 15425122.398030402138829, 5004285.420393642038107 ], [ 15425124.823824806138873, 5004285.189183573238552 ] ] } },
{ "type": "Feature", "properties": { "type": 33, "Name": null, "VALIDATION_ERRORS": "" }, "geometry": { "type": "LineString", "coordinates": [ [ 15425129.040100017562509, 5004283.281738524325192 ], [ 15425129.085155272856355, 5004283.626048997975886 ], [ 15425129.130734918639064, 5004283.970166301354766 ], [ 15425129.177349494770169, 5004284.314035215415061 ], [ 15425129.225509604439139, 5004284.657586731947958 ], [ 15425129.275781100615859, 5004285.000751855783165 ], [ 15425129.328660635277629, 5004285.343475415371358 ], [ 15425129.384686483070254, 5004285.685674586333334 ], [ 15425129.444396777078509, 5004286.027307972311974 ], [ 15425129.507791513577104, 5004286.366512658074498 ], [ 15425129.574843129143119, 5004286.704944564029574 ], [ 15425129.645110009238124, 5004287.042741721495986 ], [ 15425129.718136789277196, 5004287.379986881278455 ], [ 15425129.793454272672534, 5004287.716804253868759 ], [ 15425129.870620900765061, 5004288.053290443494916 ], [ 15425129.949167480692267, 5004288.389555842615664 ], [ 15425130.028638606891036, 5004288.725724646821618 ], [ 15425130.108592687174678, 5004289.061893448233604 ] ] } },
{ "type": "Feature", "properties": { "type": 34, "Name": null, "VALIDATION_ERRORS": "" }, "geometry": { "type": "LineString", "coordinates": [ [ 15425132.95313192345202, 5004283.845308723859489 ], [ 15425133.115896625444293, 5004284.381197212263942 ], [ 15425133.279171911999583, 5004284.916726910509169 ], [ 15425133.44357874430716, 5004285.451801222749054 ], [ 15425133.609682949259877, 5004285.986309759318829 ], [ 15425133.778105417266488, 5004286.520183518528938 ], [ 15425133.94943960942328, 5004287.053298301994801 ], [ 15425134.111045135185122, 5004287.546201460063457 ], [ 15425134.275038031861186, 5004288.038152424618602 ], [ 15425134.44097657315433, 5004288.529385845176876 ], [ 15425134.608377935364842, 5004289.020136271603405 ], [ 15425134.776800429448485, 5004289.510652107186615 ], [ 15425134.94574729911983, 5004290.001181744039059 ] ] } },
{ "type": "Feature", "properties": { "type": 35, "Name": null, "VALIDATION_ERRORS": "" }, "geometry": { "type": "LineString", "coordinates": [ [ 15425140.750327298417687, 5004286.923238336108625 ], [ 15425140.280745251104236, 5004286.978339609690011 ], [ 15425139.811328766867518, 5004287.032695696689188 ], [ 15425139.34205031953752, 5004287.085506265982985 ], [ 15425138.872882271185517, 5004287.135970908217132 ], [ 15425138.403769372031093, 5004287.183303084224463 ], [ 15425137.93467035703361, 5004287.226702394895256 ], [ 15425137.439490286633372, 5004287.266182675026357 ], [ 15425136.943344274535775, 5004287.292153283022344 ], [ 15425136.444700518622994, 5004287.296237912960351 ], [ 15425135.9420549813658, 5004287.270046522840858 ], [ 15425135.520481275394559, 5004287.217042774893343 ], [ 15425135.111037285998464, 5004287.121219277381897 ], [ 15425134.729164658114314, 5004286.966596256941557 ], [ 15425134.155217235907912, 5004286.545657341368496 ], [ 15425133.646210120990872, 5004286.012859925627708 ] ] } },
{ "type": "Feature", "properties": { "type": 36, "Name": null, "VALIDATION_ERRORS": "" }, "geometry": { "type": "LineString", "coordinates": [ [ 15425126.412143377587199, 5004296.200398874469101 ], [ 15425126.898119198158383, 5004296.003038914874196 ], [ 15425127.3843295853585, 5004295.806396511383355 ], [ 15425127.8712023999542, 5004295.611106449738145 ], [ 15425128.359192909672856, 5004295.417831124737859 ], [ 15425128.848742792382836, 5004295.227205294184387 ], [ 15425129.34027979709208, 5004295.039877536706626 ], [ 15425129.834245508536696, 5004294.856510238721967 ], [ 15425130.311389653012156, 5004294.68561764806509 ], [ 15425130.791624898090959, 5004294.524950443767011 ], [ 15425131.275861969217658, 5004294.380373440682888 ], [ 15425131.765039259567857, 5004294.25773757789284 ], [ 15425132.260053725913167, 5004294.162893848493695 ], [ 15425132.80538103915751, 5004294.093937906436622 ], [ 15425133.354503190144897, 5004294.047074924223125 ], [ 15425133.903873765841126, 5004294.004337967373431 ], [ 15425134.44991865940392, 5004293.947773962281644 ], [ 15425134.989063804969192, 5004293.859429785981774 ], [ 15425135.475481214001775, 5004293.739015636965632 ], [ 15425135.954736670479178, 5004293.586641932837665 ], [ 15425136.429024340584874, 5004293.412106280215085 ], [ 15425136.900565920397639, 5004293.225220097228885 ], [ 15425137.371541718021035, 5004293.035767207853496 ], [ 15425137.889021700248122, 5004292.834433005191386 ], [ 15425138.407674631103873, 5004292.64046770054847 ], [ 15425138.927321122959256, 5004292.452408577315509 ], [ 15425139.447795635089278, 5004292.268737670965493 ], [ 15425139.968891074880958, 5004292.087978466413915 ], [ 15425140.490428136661649, 5004291.90862680785358 ] ] } },
{ "type": "Feature", "properties": { "type": 37, "Name": null, "VALIDATION_ERRORS": "" }, "geometry": { "type": "LineString", "coordinates": [ [ 15425138.974294571205974, 5004287.009940390475094 ], [ 15425139.293117428198457, 5004286.570744751952589 ], [ 15425139.600183127447963, 5004286.125091006979346 ], [ 15425139.883969174697995, 5004285.66605173330754 ], [ 15425140.147676957771182, 5004285.164937909692526 ], [ 15425140.38137093372643, 5004284.647595914080739 ], [ 15425140.593772331252694, 5004284.119255734607577 ], [ 15425140.793643811717629, 5004283.585188787430525 ], [ 15425140.989127045497298, 5004283.047658173367381 ], [ 15425141.181298421695828, 5004282.510196544229984 ], [ 15425141.371041083708405, 5004281.972734924405813 ], [ 15425141.559196820482612, 5004281.435176710598171 ], [ 15425141.746634947136045, 5004280.897425292991102 ] ] } },
{ "type": "Feature", "properties": { "type": 38, "Name": null, "VALIDATION_ERRORS": "" }, "geometry": { "type": "LineString", "coordinates": [ [ 15425136.33191748522222, 5004290.694798123091459 ], [ 15425136.808965055271983, 5004290.772447724826634 ], [ 15425137.285736607387662, 5004290.852319034747779 ], [ 15425137.762246018275619, 5004290.936702769249678 ], [ 15425138.238465586677194, 5004291.027931040152907 ], [ 15425138.714395361021161, 5004291.128308363258839 ], [ 15425139.23278615437448, 5004291.253234934061766 ], [ 15425139.741130905225873, 5004291.40704379696399 ], [ 15425140.230515191331506, 5004291.605176529847085 ], [ 15425140.782052276656032, 5004291.909123578108847 ], [ 15425141.313455896452069, 5004292.255434994585812 ] ] } },
{ "type": "Feature", "properties": { "type": 39, "Name": null, "VALIDATION_ERRORS": "" }, "geometry": { "type": "LineString", "coordinates": [ [ 15425141.400102766230702, 5004294.379642069339752 ], [ 15425140.868492132052779, 5004294.361081788316369 ], [ 15425140.337419649586082, 5004294.336960316635668 ], [ 15425139.80705095641315, 5004294.301675086840987 ], [ 15425139.277524014934897, 5004294.249595887027681 ], [ 15425138.77610662765801, 5004294.17841823771596 ], [ 15425138.281216314062476, 5004294.076191794127226 ], [ 15425137.850645394995809, 5004293.953321358188987 ], [ 15425137.427208742126822, 5004293.805736062116921 ], [ 15425137.008436342701316, 5004293.641646588221192 ], [ 15425136.591830423101783, 5004293.469277457334101 ] ] } },
{ "type": "Feature", "properties": { "type": 40, "Name": null, "VALIDATION_ERRORS": "" }, "geometry": { "type": "LineString", "coordinates": [ [ 15425140.360464734956622, 5004306.301235765218735 ], [ 15425140.079314412549138, 5004305.827251691371202 ], [ 15425139.805767605081201, 5004305.351639293134212 ], [ 15425139.547441596165299, 5004304.872549403458834 ], [ 15425139.311926087364554, 5004304.388146727345884 ], [ 15425139.106810806319118, 5004303.896595943719149 ], [ 15425138.939726861193776, 5004303.396061684936285 ], [ 15425138.818236386403441, 5004302.884722459129989 ], [ 15425138.749970400705934, 5004302.360729117877781 ], [ 15425138.749915199354291, 5004302.360039133578539 ], [ 15425138.765508616343141, 5004302.571778160519898 ], [ 15425138.730168187990785, 5004302.091929310001433 ], [ 15425138.695255530998111, 5004301.608368398621678 ], [ 15425138.661032849922776, 5004301.119135917164385 ], [ 15425138.627762345597148, 5004300.622217131778598 ], [ 15425138.603585669770837, 5004300.143927622586489 ], [ 15425138.619413672015071, 5004299.675518522970378 ], [ 15425138.714395361021161, 5004299.234984358772635 ], [ 15425138.98979133926332, 5004298.728654336184263 ], [ 15425139.388968525454402, 5004298.274500088766217 ], [ 15425139.84065262787044, 5004297.84775157738477 ], [ 15425140.337957816198468, 5004297.378224741667509 ], [ 15425140.817378913983703, 5004296.911816569976509 ], [ 15425141.284932428970933, 5004296.447354125790298 ], [ 15425141.746634947136045, 5004295.983636855147779 ] ] } },
{ "type": "Feature", "properties": { "type": 41, "Name": null, "VALIDATION_ERRORS": "" }, "geometry": { "type": "LineString", "coordinates": [ [ 15425118.311732346192002, 5004305.260797399096191 ], [ 15425118.822395427152514, 5004305.135788029059768 ], [ 15425119.333251649513841, 5004305.018547766841948 ], [ 15425119.844728900119662, 5004304.91691468283534 ], [ 15425120.357282472774386, 5004304.838726921007037 ], [ 15425120.871312623843551, 5004304.791781121864915 ], [ 15425121.387288456782699, 5004304.78394303098321 ], [ 15425121.882026931270957, 5004304.818400297313929 ], [ 15425122.374281501397491, 5004304.891910064965487 ], [ 15425122.860091725364327, 5004305.000691251829267 ], [ 15425123.393303109332919, 5004305.159661112353206 ], [ 15425123.915033334866166, 5004305.351087310351431 ], [ 15425124.427697306498885, 5004305.567987326532602 ], [ 15425124.933737540617585, 5004305.80330962408334 ], [ 15425125.435568934306502, 5004306.050071683712304 ], [ 15425125.935647835955024, 5004306.301235765218735 ], [ 15425126.437148036435246, 5004306.551640890538692 ], [ 15425126.938896616920829, 5004306.799631100147963 ], [ 15425127.440879831090569, 5004307.045454801060259 ], [ 15425127.943083798512816, 5004307.289415569975972 ], [ 15425128.445508586242795, 5004307.531748007051647 ], [ 15425128.948140347376466, 5004307.772769482806325 ], [ 15425129.450965316966176, 5004308.012714605778456 ], [ 15425129.953969674184918, 5004308.251873173750937 ], [ 15425130.457153389230371, 5004308.490507327020168 ], [ 15425130.9605165515095, 5004308.728906928561628 ] ] } },
{ "type": "Feature", "properties": { "type": 42, "Name": null, "VALIDATION_ERRORS": "" }, "geometry": { "type": "LineString", "coordinates": [ [ 15425121.170692024752498, 5004306.604686037637293 ], [ 15425121.629082718864083, 5004306.715619947761297 ], [ 15425122.085375873371959, 5004306.831259481608868 ], [ 15425122.537722388282418, 5004306.956475850194693 ], [ 15425122.984286895021796, 5004307.096098844893277 ], [ 15425123.423220356926322, 5004307.254958300851285 ], [ 15425123.952264280989766, 5004307.482014727778733 ], [ 15425124.46864034794271, 5004307.739236776717007 ], [ 15425124.974735783413053, 5004308.020428523421288 ], [ 15425125.472979290410876, 5004308.31938014831394 ], [ 15425125.965758280828595, 5004308.629854347556829 ], [ 15425126.455459902063012, 5004308.945655146613717 ], [ 15425126.944982202723622, 5004309.262228702194989 ], [ 15425127.4335385132581, 5004309.577850102446973 ], [ 15425127.921322038397193, 5004309.892684924416244 ], [ 15425128.408457031473517, 5004310.206857376731932 ], [ 15425128.895150391384959, 5004310.520533059723675 ], [ 15425129.381540233269334, 5004310.833863737992942 ], [ 15425129.867791967466474, 5004311.146973638795316 ], [ 15425130.354071406647563, 5004311.460028330795467 ] ] } },
{ "type": "Feature", "properties": { "type": 43, "Name": null, "VALIDATION_ERRORS": "" }, "geometry": { "type": "LineString", "coordinates": [ [ 15425130.440704463049769, 5004316.662178816273808 ], [ 15425130.312714410945773, 5004316.143180882558227 ], [ 15425130.186435477808118, 5004315.624044958502054 ], [ 15425130.063496040180326, 5004315.104288040660322 ], [ 15425129.945565806701779, 5004314.583454775623977 ], [ 15425129.834245508536696, 5004314.061103568412364 ], [ 15425129.726513070985675, 5004313.514630898833275 ], [ 15425129.626356510445476, 5004312.966819680295885 ], [ 15425129.532271778210998, 5004312.417876901105046 ], [ 15425129.442727038636804, 5004311.868009565398097 ], [ 15425129.356190564110875, 5004311.317452250048518 ], [ 15425129.27111685089767, 5004310.766411936841905 ] ] } },
{ "type": "Feature", "properties": { "type": 44, "Name": null, "VALIDATION_ERRORS": "" }, "geometry": { "type": "LineString", "coordinates": [ [ 15425121.387288456782699, 5004318.569623877294362 ], [ 15425121.855145594105124, 5004318.558501496911049 ], [ 15425122.321912532672286, 5004318.541914541274309 ], [ 15425122.786650964990258, 5004318.51428800355643 ], [ 15425123.248450106009841, 5004318.470060715451837 ], [ 15425123.706426834687591, 5004318.403657681308687 ], [ 15425124.159628877416253, 5004318.309517730027437 ], [ 15425124.668580794706941, 5004318.163119188509881 ], [ 15425125.165720390155911, 5004317.975722431205213 ], [ 15425125.647128561511636, 5004317.749300790950656 ], [ 15425126.108927762135863, 5004317.485841367393732 ], [ 15425126.616637697443366, 5004317.13686665892601 ], [ 15425127.094527019187808, 5004316.748328890651464 ], [ 15425127.545272765681148, 5004316.327555557712913 ], [ 15425127.971593512222171, 5004315.88184657599777 ], [ 15425128.35005765222013, 5004315.449164304882288 ], [ 15425128.712928479537368, 5004315.004421297460794 ], [ 15425129.064166253432631, 5004314.550598252564669 ], [ 15425129.407731598243117, 5004314.090662034228444 ], [ 15425129.747612470760942, 5004313.627593331038952 ] ] } },
{ "type": "Feature", "properties": { "type": 45, "Name": null, "VALIDATION_ERRORS": "" }, "geometry": { "type": "LineString", "coordinates": [ [ 15425121.777150979265571, 5004319.956870447844267 ], [ 15425122.302234465256333, 5004319.918011143803596 ], [ 15425122.827221384271979, 5004319.880269595421851 ], [ 15425123.352153087034822, 5004319.844777378253639 ], [ 15425123.877139987424016, 5004319.812638414092362 ], [ 15425124.40222348831594, 5004319.78498428221792 ], [ 15425124.927513973787427, 5004319.762932734563947 ], [ 15425125.453066674992442, 5004319.747601541690528 ], [ 15425125.978964367881417, 5004319.740108419209719 ], [ 15425126.260514860972762, 5004319.739473641850054 ], [ 15425126.542106797918677, 5004319.740108419209719 ] ] } },
{ "type": "Feature", "properties": { "type": 46, "Name": null, "VALIDATION_ERRORS": "" }, "geometry": { "type": "LineString", "coordinates": [ [ 15425122.296963112428784, 5004322.03771959617734 ], [ 15425122.850639091804624, 5004321.991008411161602 ], [ 15425123.399278273805976, 5004321.928358825854957 ], [ 15425123.938244024291635, 5004321.833694471046329 ], [ 15425124.462844571098685, 5004321.690911401063204 ], [ 15425125.011331966146827, 5004321.471168695017695 ], [ 15425125.543328976258636, 5004321.202410279773176 ], [ 15425126.065611196681857, 5004320.910592970438302 ], [ 15425126.564558470621705, 5004320.628076494671404 ], [ 15425127.061918864026666, 5004320.347022758796811 ] ] } },
{ "type": "Feature", "properties": { "type": 47, "Name": null, "VALIDATION_ERRORS": "" }, "geometry": { "type": "LineString", "coordinates": [ [ 15425129.184483839198947, 5004326.89306187722832 ], [ 15425129.149681562557817, 5004326.424914984032512 ], [ 15425129.117142418399453, 5004325.956630091182888 ], [ 15425129.089101923629642, 5004325.487876019440591 ], [ 15425129.067823128774762, 5004325.018293958157301 ], [ 15425129.055541606619954, 5004324.547525160945952 ], [ 15425129.054534254595637, 5004324.075238420628011 ], [ 15425129.064980423077941, 5004323.594754804857075 ], [ 15425129.07760695554316, 5004323.114464362151921 ], [ 15425129.080684231594205, 5004322.635981670580804 ], [ 15425129.062468947842717, 5004322.160935024730861 ], [ 15425129.011217726394534, 5004321.690911401063204 ], [ 15425128.922059362754226, 5004321.230036816559732 ], [ 15425128.812946958467364, 5004320.769824605435133 ], [ 15425128.707988237962127, 5004320.303678634576499 ], [ 15425128.641543792560697, 5004319.911401197314262 ], [ 15425128.608107687905431, 5004319.518737372010946 ], [ 15425128.621355185285211, 5004319.133194076828659 ], [ 15425128.742473116144538, 5004318.591413224115968 ], [ 15425128.967680403962731, 5004318.075685768388212 ], [ 15425129.270937481895089, 5004317.579401748254895 ], [ 15425129.626218566671014, 5004317.095978839322925 ], [ 15425130.007525390014052, 5004316.618820889852941 ] ] } },
{ "type": "Feature", "properties": { "type": 48, "Name": null, "VALIDATION_ERRORS": "" }, "geometry": { "type": "LineString", "coordinates": [ [ 15425128.534722128883004, 5004316.098608607426286 ], [ 15425128.990615097805858, 5004316.186952782794833 ], [ 15425129.441650653257966, 5004316.287578492425382 ], [ 15425129.883233593776822, 5004316.41293284855783 ], [ 15425130.310741083696485, 5004316.575476761907339 ], [ 15425130.822149297222495, 5004316.845725524239242 ], [ 15425131.298796704038978, 5004317.182184114120901 ], [ 15425131.736253568902612, 5004317.572929813526571 ], [ 15425132.130090368911624, 5004318.006067460402846 ], [ 15425132.499515859410167, 5004318.502406681887805 ], [ 15425132.824714070186019, 5004319.02615162730217 ], [ 15425133.116807417944074, 5004319.570512972772121 ], [ 15425133.386931957677007, 5004320.128673794679344 ], [ 15425133.646210120990872, 5004320.693830945529044 ] ] } },
{ "type": "Feature", "properties": { "type": 49, "Name": null, "VALIDATION_ERRORS": "" }, "geometry": { "type": "LineString", "coordinates": [ [ 15425137.068326024338603, 5004331.921808272600174 ], [ 15425136.90422279573977, 5004331.398546298034489 ], [ 15425136.741389060392976, 5004330.875173930078745 ], [ 15425136.580970278009772, 5004330.351415183395147 ], [ 15425136.424111744388938, 5004329.826952655799687 ], [ 15425136.271986419335008, 5004329.301537970080972 ], [ 15425136.125712061300874, 5004328.77489513065666 ], [ 15425135.986475447192788, 5004328.246706745587289 ], [ 15425135.855421928688884, 5004327.716738242655993 ], [ 15425135.735035391524434, 5004327.194400836713612 ], [ 15425135.620016815140843, 5004326.671028466895223 ], [ 15425135.506516212597489, 5004326.147297305054963 ], [ 15425135.390711104497313, 5004325.623855949379504 ], [ 15425135.268751388415694, 5004325.101394346915185 ], [ 15425135.1367870811373, 5004324.58058868534863 ], [ 15425134.990995725616813, 5004324.062101329676807 ], [ 15425134.827513435855508, 5004323.546622266061604 ], [ 15425134.642517788335681, 5004323.034800045192242 ], [ 15425134.454306872561574, 5004322.58605520054698 ], [ 15425134.229044390842319, 5004322.160562458448112 ], [ 15425133.94943960942328, 5004321.777613454498351 ], [ 15425133.560487857088447, 5004321.411127208732069 ], [ 15425133.126398013904691, 5004321.083997064270079 ] ] } },
{ "type": "Feature", "properties": { "type": 50, "Name": null, "VALIDATION_ERRORS": "" }, "geometry": { "type": "LineString", "coordinates": [ [ 15425135.682155838236213, 5004321.344103211537004 ], [ 15425135.687937812879682, 5004321.346573302522302 ], [ 15425136.435786066576838, 5004321.650258174166083 ], [ 15425137.192121030762792, 5004321.930759930051863 ], [ 15425137.955604115501046, 5004322.191956222057343 ], [ 15425138.724841566756368, 5004322.43775231949985 ], [ 15425139.498494869098067, 5004322.672012080438435 ], [ 15425140.275184066966176, 5004322.898640708066523 ], [ 15425141.053556749597192, 5004323.121502099558711 ] ] } },
{ "type": "Feature", "properties": { "type": 51, "Name": null, "VALIDATION_ERRORS": "" }, "geometry": { "type": "LineString", "coordinates": [ [ 15425136.895046116784215, 5004321.777613454498351 ], [ 15425137.339747728779912, 5004321.564508286304772 ], [ 15425137.784021580591798, 5004321.349981788545847 ], [ 15425138.227826187387109, 5004321.132529783993959 ], [ 15425138.671078870072961, 5004320.910592970438302 ], [ 15425139.111778618767858, 5004320.687676393426955 ], [ 15425139.557322001084685, 5004320.478807653300464 ], [ 15425140.01393255405128, 5004320.303678634576499 ], [ 15425140.522912038490176, 5004320.167891887016594 ], [ 15425141.044794077053666, 5004320.073696725070477 ], [ 15425141.573368875309825, 5004320.000214560888708 ] ] } },
{ "type": "Feature", "properties": { "type": 52, "Name": null, "VALIDATION_ERRORS": "" }, "geometry": { "type": "LineString", "coordinates": [ [ 15425127.754997102543712, 5004309.812675615772605 ], [ 15425127.841630158945918, 5004307.298316230066121 ] ] } },
{ "type": "Feature", "properties": { "type": 53, "Name": null, "VALIDATION_ERRORS": "" }, "geometry": { "type": "LineString", "coordinates": [ [ 15425132.837616575881839, 5004306.012219753116369 ], [ 15425132.488876463845372, 5004306.04536606464535 ], [ 15425132.143655197694898, 5004306.067362405359745 ], [ 15425131.805319869890809, 5004306.0670036226511 ], [ 15425131.477209994569421, 5004306.033084543421865 ], [ 15425131.162664955481887, 5004305.954427572898567 ], [ 15425130.811647931113839, 5004305.796920471824706 ], [ 15425130.474913349375129, 5004305.590452850796282 ], [ 15425130.142732596024871, 5004305.363672411069274 ], [ 15425129.805377030745149, 5004305.145199269987643 ], [ 15425129.490004004910588, 5004304.974430864676833 ], [ 15425129.165040386840701, 5004304.827908135019243 ], [ 15425128.832652630284429, 5004304.699655899778008 ], [ 15425128.495034882798791, 5004304.583712778054178 ], [ 15425128.154339862987399, 5004304.474117420613766 ], [ 15425127.812761636450887, 5004304.364880830980837 ], [ 15425127.496270881965756, 5004304.260543068870902 ], [ 15425127.17991809360683, 5004304.158482215367258 ], [ 15425126.862309584394097, 5004304.065694608725607 ], [ 15425126.542106797918677, 5004303.989162756130099 ], [ 15425126.195188177749515, 5004303.931163609027863 ], [ 15425125.844681771472096, 5004303.896126753650606 ], [ 15425125.49118079803884, 5004303.880243566818535 ], [ 15425125.135237375274301, 5004303.879650194197893 ], [ 15425124.777444815263152, 5004303.890537967905402 ], [ 15425124.41835511662066, 5004303.909056849777699 ], [ 15425124.058547792956233, 5004303.931370590813458 ] ] } },
{ "type": "Feature", "properties": { "type": 54, "Name": null, "VALIDATION_ERRORS": "" }, "geometry": { "type": "LineString", "coordinates": [ [ 15425125.964530089870095, 5004306.301235765218735 ], [ 15425125.762381730601192, 5004303.960266674868762 ] ] } },
{ "type": "Feature", "properties": { "type": 55, "Name": null, "VALIDATION_ERRORS": "" }, "geometry": { "type": "LineString", "coordinates": [ [ 15425127.581730989739299, 5004307.139360174536705 ], [ 15425127.52396641112864, 5004304.335970954038203 ] ] } },
{ "type": "Feature", "properties": { "type": 56, "Name": null, "VALIDATION_ERRORS": "" }, "geometry": { "type": "LineString", "coordinates": [ [ 15425130.26742453686893, 5004308.382084916345775 ], [ 15425130.354071406647563, 5004305.54981342330575 ] ] } },
{ "type": "Feature", "properties": { "type": 57, "Name": null, "VALIDATION_ERRORS": "" }, "geometry": { "type": "LineString", "coordinates": [ [ 15425130.758368169888854, 5004305.72321752179414 ], [ 15425130.997775105759501, 5004305.430158254690468 ], [ 15425131.245282327756286, 5004305.147420986555517 ], [ 15425131.509210946038365, 5004304.885093122720718 ], [ 15425131.821299677714705, 5004304.63217650167644 ], [ 15425132.157385705038905, 5004304.409535904414952 ], [ 15425132.51268052123487, 5004304.211099580861628 ], [ 15425132.882437271997333, 5004304.030781948007643 ], [ 15425133.261867394670844, 5004303.862497456371784 ], [ 15425133.646210120990872, 5004303.700160527601838 ] ] } },
{ "type": "Feature", "properties": { "type": 58, "Name": null, "VALIDATION_ERRORS": "" }, "geometry": { "type": "LineString", "coordinates": [ [ 15425130.931634278967977, 5004310.809756076894701 ], [ 15425130.673197889700532, 5004310.468012293800712 ], [ 15425130.420929821208119, 5004310.122556429356337 ], [ 15425130.180791480466723, 5004309.769331487827003 ], [ 15425129.970846420153975, 5004309.428760655224323 ], [ 15425129.773845257237554, 5004309.08025514613837 ], [ 15425129.586517447605729, 5004308.725719240494072 ], [ 15425129.405592681840062, 5004308.36711249127984 ], [ 15425129.22780036367476, 5004308.006380652077496 ] ] } },
{ "type": "Feature", "properties": { "type": 59, "Name": null, "VALIDATION_ERRORS": "" }, "geometry": { "type": "LineString", "coordinates": [ [ 15425133.256361411884427, 5004315.838502460159361 ], [ 15425133.787668464705348, 5004315.765793067403138 ], [ 15425134.318782335147262, 5004315.692807696759701 ], [ 15425134.849703012034297, 5004315.619228922761977 ], [ 15425135.380444267764688, 5004315.544753219932318 ], [ 15425135.910978576168418, 5004315.46906313765794 ], [ 15425136.44134726934135, 5004315.39184132963419 ], [ 15425136.971508981660008, 5004315.31278418097645 ], [ 15425137.501491261646152, 5004315.231588138267398 ], [ 15425138.049440527334809, 5004315.145120669156313 ], [ 15425138.596892921254039, 5004315.056403896771371 ], [ 15425139.143931372091174, 5004314.965755200013518 ], [ 15425139.690666219219565, 5004314.873491966165602 ], [ 15425140.237194111570716, 5004314.779931579716504 ], [ 15425140.783625395968556, 5004314.685391440056264 ], [ 15425141.330056665465236, 5004314.5901751331985 ], [ 15425141.876598341390491, 5004314.494613815099001 ] ] } },
{ "type": "Feature", "properties": { "type": 60, "Name": null, "VALIDATION_ERRORS": "" }, "geometry": { "type": "LineString", "coordinates": [ [ 15425141.746634947136045, 5004319.696764300577343 ], [ 15425141.269725425168872, 5004319.332927559502423 ], [ 15425140.79305043630302, 5004318.969132230617106 ], [ 15425140.316582469269633, 5004318.605157495476305 ], [ 15425139.840293830260634, 5004318.24085159227252 ], [ 15425139.364157067611814, 5004317.876007486134768 ], [ 15425138.829013774171472, 5004317.465045577846467 ], [ 15425138.294450046494603, 5004317.053669673390687 ], [ 15425137.760300265625119, 5004316.641948789358139 ], [ 15425137.226385133340955, 5004316.229896726086736 ], [ 15425136.692566568031907, 5004315.817554871551692 ], [ 15425136.158651372417808, 5004315.404992210678756 ] ] } },
{ "type": "Feature", "properties": { "type": 61, "Name": null, "VALIDATION_ERRORS": "" }, "geometry": { "type": "LineString", "coordinates": [ [ 15425130.743920160457492, 5004313.324129266664386 ], [ 15425130.752517195418477, 5004312.849496621638536 ], [ 15425130.769725130870938, 5004312.376588902436197 ], [ 15425130.804306594654918, 5004311.906910244375467 ], [ 15425130.86498281173408, 5004311.441937237046659 ], [ 15425130.9605165515095, 5004310.983160167001188 ], [ 15425131.124854391440749, 5004310.457303897477686 ], [ 15425131.343203393742442, 5004309.949345532804728 ], [ 15425131.610278243198991, 5004309.465867426246405 ], [ 15425131.982118645682931, 5004308.92756403516978 ], [ 15425132.39423974044621, 5004308.418874310329556 ], [ 15425132.8259008359164, 5004307.924287628382444 ], [ 15425133.256361411884427, 5004307.42836239375174 ], [ 15425133.627235868945718, 5004306.973214591853321 ], [ 15425133.986187560483813, 5004306.509442108683288 ], [ 15425134.339302094653249, 5004306.041129627265036 ] ] } },
{ "type": "Feature", "properties": { "type": 62, "Name": null, "VALIDATION_ERRORS": "" }, "geometry": { "type": "LineString", "coordinates": [ [ 15425131.653594749048352, 5004310.809756076894701 ], [ 15425132.058760916814208, 5004310.294014816172421 ], [ 15425132.470661176368594, 5004309.785283683799207 ], [ 15425132.896374715492129, 5004309.290241615846753 ], [ 15425133.342994464561343, 5004308.815608968026936 ], [ 15425133.845874613150954, 5004308.337250456213951 ], [ 15425134.369150372222066, 5004307.878735579550266 ], [ 15425134.902430767193437, 5004307.42836239375174 ], [ 15425135.335844388231635, 5004307.064249674789608 ], [ 15425135.773135704919696, 5004306.706346703693271 ], [ 15425136.219079250469804, 5004306.362643389031291 ], [ 15425136.22341232933104, 5004306.359607516787946 ], [ 15425136.714300705119967, 5004306.034312690608203 ], [ 15425137.218919621780515, 5004305.731455803848803 ], [ 15425137.734591877087951, 5004305.446496818214655 ], [ 15425138.258612828329206, 5004305.174923325888813 ], [ 15425138.788263941183686, 5004304.912222872488201 ], [ 15425139.320840546861291, 5004304.653883050195873 ] ] } },
{ "type": "Feature", "properties": { "type": 63, "Name": null, "VALIDATION_ERRORS": "" }, "geometry": { "type": "LineString", "coordinates": [ [ 15425131.783558143302798, 5004311.503372455015779 ], [ 15425132.317970087751746, 5004311.99955986905843 ], [ 15425132.846393072977662, 5004312.500866890884936 ], [ 15425133.363224441185594, 5004313.012799495831132 ], [ 15425133.862806553021073, 5004313.540891292504966 ], [ 15425134.278846686705947, 5004314.014668365009129 ], [ 15425134.681653102859855, 5004314.500285390764475 ], [ 15425135.075710674747825, 5004314.993906094692647 ], [ 15425135.46555938012898, 5004315.491694265045226 ] ] } },
{ "type": "Feature", "properties": { "type": 64, "Name": null, "VALIDATION_ERRORS": "" }, "geometry": { "type": "LineString", "coordinates": [ [ 15425133.169714564457536, 5004312.283704689703882 ], [ 15425133.629429964348674, 5004311.726785817183554 ], [ 15425134.095327576622367, 5004311.177001279778779 ], [ 15425134.573962071910501, 5004310.641236982308328 ], [ 15425135.071833046153188, 5004310.126365078613162 ], [ 15425135.595508964732289, 5004309.639271521940827 ], [ 15425136.022202270105481, 5004309.283755861222744 ], [ 15425136.463371211662889, 5004308.944551187567413 ], [ 15425136.914627583697438, 5004308.616744853556156 ], [ 15425137.371541718021035, 5004308.295382883399725 ], [ 15425137.823846826329827, 5004307.981486421078444 ], [ 15425138.27818045951426, 5004307.671674595214427 ], [ 15425138.735977755859494, 5004307.368182932958007 ], [ 15425139.198591081425548, 5004307.073260733857751 ], [ 15425139.667427962645888, 5004306.789115913212299 ], [ 15425140.209222612902522, 5004306.4832369312644 ], [ 15425140.210864720866084, 5004306.482353776693344 ], [ 15425140.739701682701707, 5004306.205274284817278 ], [ 15425141.271602125838399, 5004305.934763348661363 ], [ 15425141.806414255872369, 5004305.670475958846509 ], [ 15425142.080816628411412, 5004305.538553046993911 ], [ 15425142.082610560581088, 5004305.537697492167354 ], [ 15425142.531769396737218, 5004305.362320071086287 ], [ 15425142.999750727787614, 5004305.238704440183938 ], [ 15425143.477460643276572, 5004305.141183626838028 ], [ 15425143.955846754834056, 5004305.044049178250134 ], [ 15425144.422544715926051, 5004304.928492448292673 ], [ 15425144.882839692756534, 5004304.794913602992892 ], [ 15425145.339160459116101, 5004304.64982601441443 ], [ 15425145.793894292786717, 5004304.49972921051085 ], [ 15425146.249442273750901, 5004304.351150366477668 ], [ 15425146.2516915705055, 5004304.350432781502604 ], [ 15425146.2516915705055, 5004304.350432781502604 ], [ 15425146.25381669588387, 5004304.349563424475491 ], [ 15425146.80278710834682, 5004304.07122817914933 ], [ 15425147.317024195566773, 5004303.72662790119648 ], [ 15425147.818924618884921, 5004303.35774056147784 ], [ 15425148.330940024927258, 5004303.006544142961502 ], [ 15425148.779891872778535, 5004302.751419606618583 ], [ 15425149.246175838634372, 5004302.529344797134399 ], [ 15425149.724906919524074, 5004302.331432852894068 ], [ 15425150.211200134828687, 5004302.148796911351383 ], [ 15425150.700142795220017, 5004301.972577719949186 ], [ 15425151.186849990859628, 5004301.793860834091902 ], [ 15425151.189913479611278, 5004301.792701673693955 ] ] } },
{ "type": "Feature", "properties": { "type": 65, "Name": null, "VALIDATION_ERRORS": "" }, "geometry": { "type": "LineString", "coordinates": [ [ 15425140.707010751590133, 5004306.474639871157706 ], [ 15425140.749540707096457, 5004306.97068930324167 ], [ 15425140.809665, 5004307.458942016586661 ], [ 15425140.905102090910077, 5004307.931904927827418 ], [ 15425141.053556749597192, 5004308.382084916345775 ], [ 15425141.344283917918801, 5004308.925673509016633 ], [ 15425141.72684652544558, 5004309.426000769250095 ], [ 15425142.173438647761941, 5004309.892077753320336 ], [ 15425142.65630960278213, 5004310.332901714369655 ], [ 15425143.147322183474898, 5004310.761444129981101 ], [ 15425143.607838, 5004311.200225776992738 ], [ 15425143.999163279309869, 5004311.676790359430015 ], [ 15425144.238942829892039, 5004312.094376007094979 ], [ 15425144.42283452488482, 5004312.545301170088351 ], [ 15425144.562388500198722, 5004313.022652322426438 ], [ 15425144.669182574376464, 5004313.519515910185874 ], [ 15425144.754808252677321, 5004314.029006009921432 ], [ 15425144.830829543992877, 5004314.544195290654898 ], [ 15425144.908837931230664, 5004315.058184030465782 ], [ 15425145.006758911535144, 5004315.614123134873807 ], [ 15425145.114422371610999, 5004316.16193435434252 ], [ 15425145.225356256589293, 5004316.703701411373913 ], [ 15425145.333061100915074, 5004317.241439018398523 ], [ 15425145.43106491304934, 5004317.777230912819505 ], [ 15425145.512854347005486, 5004318.313091782853007 ], [ 15425145.571971265599132, 5004318.851105393841863 ], [ 15425145.601916128769517, 5004319.393300217576325 ], [ 15425145.599597798660398, 5004319.881304557435215 ], [ 15425145.569514950737357, 5004320.370992426760495 ], [ 15425145.512316154316068, 5004320.859521145001054 ], [ 15425145.428650019690394, 5004321.344103211537004 ], [ 15425145.318751076236367, 5004321.826049574650824 ], [ 15425145.186703955754638, 5004322.301620584912598 ], [ 15425145.036607151851058, 5004322.771920219995081 ], [ 15425144.872559098526835, 5004323.238010993227363 ], [ 15425144.698644420132041, 5004323.700996900908649 ], [ 15425144.51897538639605, 5004324.161940474994481 ], [ 15425144.305125059559941, 5004324.701568608172238 ], [ 15425144.08946698717773, 5004325.239720194600523 ], [ 15425143.872415168210864, 5004325.776823031716049 ], [ 15425143.65445257909596, 5004326.313332497142255 ], [ 15425143.436034662649035, 5004326.849703959189355 ] ] } },
{ "type": "Feature", "properties": { "type": 66, "Name": null, "VALIDATION_ERRORS": "" }, "geometry": { "type": "LineString", "coordinates": [ [ 15425145.558599563315511, 5004321.257401159964502 ], [ 15425145.59584436006844, 5004321.736118447966874 ], [ 15425145.628121307119727, 5004322.214228570461273 ], [ 15425145.650435039773583, 5004322.691414119675756 ], [ 15425145.657803950831294, 5004323.167357717640698 ], [ 15425145.645232615992427, 5004323.641714381985366 ], [ 15425145.601060533896089, 5004324.191374721936882 ], [ 15425145.528282163664699, 5004324.738440785557032 ], [ 15425145.432030903175473, 5004325.283450722694397 ], [ 15425145.317440116778016, 5004325.826942697167397 ], [ 15425145.189643250778317, 5004326.369454927742481 ], [ 15425145.053759885951877, 5004326.911525572650135 ], [ 15425144.914923490956426, 5004327.453679 ], [ 15425144.778267366811633, 5004327.996467229910195 ], [ 15425144.648924952372909, 5004328.540400796569884 ], [ 15425144.531187897548079, 5004329.08502434566617 ], [ 15425144.424904448911548, 5004329.630931233987212 ], [ 15425144.329136097803712, 5004330.178024874068797 ], [ 15425144.242930857464671, 5004330.726236292161047 ], [ 15425144.165308864787221, 5004331.275427469052374 ], [ 15425144.095345569774508, 5004331.825529390014708 ], [ 15425144.032061228528619, 5004332.376445493660867 ], [ 15425143.974517425522208, 5004332.928051572293043 ], [ 15425143.921734491363168, 5004333.480292418040335 ], [ 15425143.872787745669484, 5004334.033030047081411 ], [ 15425143.826683769002557, 5004334.586181662976742 ], [ 15425143.782497832551599, 5004335.139664460904896 ], [ 15425143.739250322803855, 5004335.69335426017642 ] ] } },
{ "type": "Feature", "properties": { "type": 67, "Name": null, "VALIDATION_ERRORS": "" }, "geometry": { "type": "LineString", "coordinates": [ [ 15425145.73187948949635, 5004325.505815308541059 ], [ 15425146.12715139053762, 5004325.962370656430721 ], [ 15425146.518945833668113, 5004326.421023520641029 ], [ 15425146.90389578230679, 5004326.884133631363511 ], [ 15425147.278675498440862, 5004327.354033061303198 ], [ 15425147.639959337189794, 5004327.83309534098953 ], [ 15425147.984394008293748, 5004328.323652575723827 ], [ 15425148.317623535171151, 5004328.839725029654801 ], [ 15425148.633658884093165, 5004329.367140640504658 ], [ 15425148.936833193525672, 5004329.903139500878751 ], [ 15425149.231424177065492, 5004330.444975557737052 ], [ 15425149.521751141175628, 5004330.989875090308487 ], [ 15425149.812119549140334, 5004331.535092014819384 ], [ 15425150.106820931658149, 5004332.077866427600384 ], [ 15425150.410188445821404, 5004332.615424647927284 ], [ 15425150.692415120080113, 5004333.091602838598192 ], [ 15425150.982811095193028, 5004333.562371651642025 ], [ 15425151.279361607506871, 5004334.02913860231638 ], [ 15425151.580093396827579, 5004334.493338868021965 ], [ 15425151.882991714403033, 5004334.956393744796515 ] ] } },
{ "type": "Feature", "properties": { "type": 68, "Name": null, "VALIDATION_ERRORS": "" }, "geometry": { "type": "LineString", "coordinates": [ [ 15425150.106972752138972, 5004330.404515522532165 ], [ 15425155.175144219771028, 5004334.089359471574426 ] ] } },
{ "type": "Feature", "properties": { "type": 69, "Name": null, "VALIDATION_ERRORS": "" }, "geometry": { "type": "LineString", "coordinates": [ [ 15425141.876598341390491, 5004307.51506444811821 ], [ 15425142.396576030179858, 5004307.494144457392395 ], [ 15425142.91638813726604, 5004307.473114055581391 ], [ 15425143.436103640124202, 5004307.451807691715658 ], [ 15425143.95580537058413, 5004307.430114926770329 ], [ 15425144.475576033815742, 5004307.407897791825235 ], [ 15425144.995470942929387, 5004307.385018268600106 ], [ 15425145.461244342848659, 5004307.363891284912825 ], [ 15425145.926824552938342, 5004307.342295126989484 ], [ 15425146.392404766753316, 5004307.320381560362875 ], [ 15425146.85813675634563, 5004307.298316230066121 ] ] } },
{ "type": "Feature", "properties": { "type": 70, "Name": null, "VALIDATION_ERRORS": "" }, "geometry": { "type": "LineString", "coordinates": [ [ 15425140.577061174437404, 5004314.061103568412364 ], [ 15425140.594186337664723, 5004313.54661806859076 ], [ 15425140.609945306554437, 5004313.032311951741576 ], [ 15425140.62298577837646, 5004312.51818522810936 ], [ 15425140.631914088502526, 5004312.004210298880935 ], [ 15425140.635363942012191, 5004311.490359558723867 ], [ 15425140.631983058527112, 5004310.976619211025536 ], [ 15425140.620377698913217, 5004310.462947881780565 ], [ 15425140.599333500489593, 5004309.942156018689275 ], [ 15425140.570078669115901, 5004309.421778133139014 ], [ 15425140.534255249425769, 5004308.901676234789193 ], [ 15425140.493505394086242, 5004308.381698545999825 ], [ 15425140.449471322819591, 5004307.861748445779085 ], [ 15425140.403781307861209, 5004307.341660354286432 ] ] } },
{ "type": "Feature", "properties": { "type": 71, "Name": null, "VALIDATION_ERRORS": "" }, "geometry": { "type": "LineString", "coordinates": [ [ 15425149.24061462841928, 5004314.754719962365925 ], [ 15425149.047256538644433, 5004314.260036694817245 ], [ 15425148.856147697195411, 5004313.764842832460999 ], [ 15425148.669454718008637, 5004313.268351819366217 ], [ 15425148.489371685311198, 5004312.769804698415101 ], [ 15425148.318037496879697, 5004312.268442475236952 ], [ 15425148.157673908397555, 5004311.763492397964001 ], [ 15425148.000801583752036, 5004311.222580910660326 ], [ 15425147.856003740802407, 5004310.678178156726062 ], [ 15425147.720313603058457, 5004310.131112105213106 ], [ 15425147.590819427743554, 5004309.582238326780498 ], [ 15425147.464581901207566, 5004309.032357191666961 ], [ 15425147.355786914005876, 5004308.555185431614518 ], [ 15425147.247281698510051, 5004308.078262060880661 ], [ 15425147.138997295871377, 5004307.601490508764982 ], [ 15425147.030878467485309, 5004307.124787938781083 ], [ 15425146.922842470929027, 5004306.648057765327394 ], [ 15425146.814820250496268, 5004306.171175800263882 ] ] } },
{ "type": "Feature", "properties": { "type": 72, "Name": null, "VALIDATION_ERRORS": "" }, "geometry": { "type": "LineString", "coordinates": [ [ 15425147.204682750627398, 5004301.315847305580974 ], [ 15425147.507898448035121, 5004303.483398513868451 ] ] } },
{ "type": "Feature", "properties": { "type": 73, "Name": null, "VALIDATION_ERRORS": "" }, "geometry": { "type": "LineString", "coordinates": [ [ 15425147.118035884574056, 5004320.520426858216524 ], [ 15425147.160634869709611, 5004319.98990636318922 ], [ 15425147.203289004042745, 5004319.459261674433947 ], [ 15425147.246108746156096, 5004318.928161608055234 ], [ 15425147.289218293502927, 5004318.396233567036688 ], [ 15425147.332700377330184, 5004317.863173982128501 ], [ 15425147.376679291948676, 5004317.32861024979502 ], [ 15425147.421265387907624, 5004316.792224982753396 ], [ 15425147.465092459693551, 5004316.295899572782218 ], [ 15425147.521891096606851, 5004315.802485848776996 ], [ 15425147.604191111400723, 5004315.316247850656509 ], [ 15425147.724494839087129, 5004314.841422010213137 ], [ 15425147.89508387632668, 5004314.371536368504167 ], [ 15425148.105070346966386, 5004313.91434623952955 ], [ 15425148.341358622536063, 5004313.465518599376082 ], [ 15425148.590839186683297, 5004313.020665192976594 ] ] } },
{ "type": "Feature", "properties": { "type": 74, "Name": null, "VALIDATION_ERRORS": "" }, "geometry": { "type": "LineString", "coordinates": [ [ 15425151.276546532288194, 5004325.939339353702962 ], [ 15425151.335898043587804, 5004325.400056204758584 ], [ 15425151.395553136244416, 5004324.860980039462447 ], [ 15425151.455829193815589, 5004324.322083279490471 ], [ 15425151.517057420685887, 5004323.783338307403028 ], [ 15425151.579568995162845, 5004323.244717528112233 ], [ 15425151.643681323155761, 5004322.706207149662077 ], [ 15425151.709725560620427, 5004322.167779555544257 ], [ 15425151.77347912080586, 5004321.664030043408275 ], [ 15425151.838985173031688, 5004321.1606117002666 ], [ 15425151.906050620600581, 5004320.657483158633113 ], [ 15425151.974468344822526, 5004320.154589189216495 ], [ 15425152.044059073552489, 5004319.651860831305385 ], [ 15425152.114615714177489, 5004319.149270467460155 ], [ 15425152.185958979651332, 5004318.646749096922576 ], [ 15425152.257909374311566, 5004318.144227717071772 ], [ 15425152.330259973183274, 5004317.641678746789694 ], [ 15425152.402803802862763, 5004317.139033181592822 ] ] } },
{ "type": "Feature", "properties": { "type": 75, "Name": null, "VALIDATION_ERRORS": "" }, "geometry": { "type": "LineString", "coordinates": [ [ 15425152.402803802862763, 5004315.7951445216313 ], [ 15425152.070581624284387, 5004315.33576029445976 ], [ 15425151.747812120243907, 5004314.872139609418809 ], [ 15425151.44389265216887, 5004314.399797677062452 ], [ 15425151.168165503069758, 5004313.91420824918896 ], [ 15425150.930000534281135, 5004313.410831311717629 ], [ 15425150.763289170339704, 5004312.969841768965125 ], [ 15425150.624728733673692, 5004312.517026062123477 ], [ 15425150.508868442848325, 5004312.055930688977242 ], [ 15425150.410188445821404, 5004311.590074494481087 ], [ 15425150.316338224336505, 5004311.078583482652903 ], [ 15425150.234314220026135, 5004310.566347293555737 ], [ 15425150.161756640300155, 5004310.053490109741688 ], [ 15425150.096278162673116, 5004309.540108559653163 ], [ 15425150.035491524264216, 5004309.026299218647182 ], [ 15425149.97700939886272, 5004308.512144894339144 ] ] } },
{ "type": "Feature", "properties": { "type": 76, "Name": null, "VALIDATION_ERRORS": "" }, "geometry": { "type": "LineString", "coordinates": [ [ 15425154.568699078634381, 5004315.144886083900928 ], [ 15425154.442475343123078, 5004314.623142036609352 ], [ 15425154.306743802502751, 5004314.106241628527641 ], [ 15425154.151817185804248, 5004313.598780049011111 ], [ 15425153.968008266761899, 5004313.1053387215361 ], [ 15425153.745657483115792, 5004312.63051288202405 ], [ 15425153.399497857317328, 5004312.057434847578406 ], [ 15425153.001176265999675, 5004311.511955725960433 ], [ 15425152.576083684340119, 5004310.983160167001188 ], [ 15425152.143456624820828, 5004310.459360011853278 ], [ 15425151.710236171260476, 5004309.939975695684552 ], [ 15425151.276546532288194, 5004309.422523303888738 ] ] } },
{ "type": "Feature", "properties": { "type": 77, "Name": null, "VALIDATION_ERRORS": "" }, "geometry": { "type": "LineString", "coordinates": [ [ 15425155.543341586366296, 5004326.763001911342144 ], [ 15425157.947484640404582, 5004333.330720004625618 ] ] } },
{ "type": "Feature", "properties": { "type": 78, "Name": null, "VALIDATION_ERRORS": "" }, "geometry": { "type": "LineString", "coordinates": [ [ 15425150.020325882360339, 5004330.339478644542396 ], [ 15425155.218460751697421, 5004334.111038428731263 ] ] } },
{ "type": "Feature", "properties": { "type": 79, "Name": null, "VALIDATION_ERRORS": "" }, "geometry": { "type": "LineString", "coordinates": [ [ 15425143.912530222907662, 5004333.850932281464338 ], [ 15425143.630676129832864, 5004333.076299225911498 ], [ 15425143.354369400069118, 5004332.300479426980019 ], [ 15425143.089033240452409, 5004331.521816936321557 ], [ 15425142.840104686096311, 5004330.738641996867955 ], [ 15425142.612993070855737, 5004329.949326328001916 ], [ 15425142.432716829702258, 5004329.242407249286771 ], [ 15425142.269952127709985, 5004328.530989564955235 ], [ 15425142.120545318350196, 5004327.816121999174356 ], [ 15425141.980328934267163, 5004327.098784324713051 ], [ 15425141.845176948234439, 5004326.380025322549045 ], [ 15425141.710908124223351, 5004325.660838526673615 ], [ 15425141.573368875309825, 5004324.942258889786899 ], [ 15425141.426542552188039, 5004324.211397749371827 ], [ 15425141.273685866966844, 5004323.482399550266564 ], [ 15425141.116247741505504, 5004322.754657065495849 ], [ 15425140.955746123567224, 5004322.027632190845907 ], [ 15425140.793643811717629, 5004321.300759086385369 ] ] } },
{ "type": "Feature", "properties": { "type": 80, "Name": null, "VALIDATION_ERRORS": "" }, "geometry": { "type": "LineString", "coordinates": [ [ 15425155.283442417159677, 5004335.541629121638834 ], [ 15425155.905936354771256, 5004335.007493174634874 ], [ 15425156.539124870672822, 5004334.492041699588299 ], [ 15425157.194240747019649, 5004334.013669389300048 ], [ 15425157.882502952590585, 5004333.590826149098575 ], [ 15425158.533161578699946, 5004333.269615956582129 ], [ 15425159.208038305863738, 5004332.992950453422964 ], [ 15425159.896783484145999, 5004332.745470826514065 ], [ 15425160.660556336864829, 5004332.491574447602034 ], [ 15425161.426992507651448, 5004332.252084694802761 ], [ 15425162.195636613294482, 5004332.024089911021292 ], [ 15425162.966019386425614, 5004331.80466459132731 ], [ 15425163.737657954916358, 5004331.590910862199962 ], [ 15425164.51012453250587, 5004331.379917020909488 ] ] } },
{ "type": "Feature", "properties": { "type": 81, "Name": null, "VALIDATION_ERRORS": "" }, "geometry": { "type": "LineString", "coordinates": [ [ 15425158.987108835950494, 5004334.826333764009178 ], [ 15425163.405518630519509, 5004334.371144575998187 ] ] } },
{ "type": "Feature", "properties": { "type": 82, "Name": null, "VALIDATION_ERRORS": "" }, "geometry": { "type": "LineString", "coordinates": [ [ 15425140.836960336193442, 5004294.379642069339752 ], [ 15425141.616685403510928, 5004291.215010417625308 ], [ 15425141.876598341390491, 5004287.356748576276004 ], [ 15425141.963231405243278, 5004285.275899422354996 ] ] } },
{ "type": "Feature", "properties": { "type": 83, "Name": null, "VALIDATION_ERRORS": "" }, "geometry": { "type": "LineString", "coordinates": [ [ 15425139.537436993792653, 5004300.27540893573314 ], [ 15425139.820450225844979, 5004299.750311639159918 ], [ 15425140.103932680562139, 5004299.225655919872224 ], [ 15425140.388450095430017, 5004298.701772963628173 ], [ 15425140.674582006409764, 5004298.178980184718966 ], [ 15425140.962880467996001, 5004297.657622541300952 ], [ 15425141.253925012424588, 5004297.138031213544309 ], [ 15425141.548281406983733, 5004296.620537432841957 ], [ 15425141.846501680091023, 5004296.105472337454557 ], [ 15425142.149165390059352, 5004295.593167157843709 ], [ 15425142.456838307902217, 5004295.083966840989888 ], [ 15425142.770100006833673, 5004294.578202590346336 ], [ 15425143.089488649740815, 5004294.076191794127226 ], [ 15425143.423076940700412, 5004293.566094511188567 ], [ 15425143.761660670861602, 5004293.059267718344927 ], [ 15425144.103363050147891, 5004292.554483232088387 ], [ 15425144.446362586691976, 5004292.050485318526626 ], [ 15425144.788796385750175, 5004291.546045809052885 ], [ 15425145.128829019144177, 5004291.039922776632011 ], [ 15425145.46461140923202, 5004290.530860465019941 ], [ 15425145.794280687347054, 5004290.017644502222538 ], [ 15425146.115987660363317, 5004289.499005345627666 ], [ 15425146.427910773083568, 5004288.973714857362211 ], [ 15425146.72818717174232, 5004288.44053107406944 ], [ 15425146.996683375909925, 5004287.936767760664225 ], [ 15425147.258459264412522, 5004287.428892188705504 ], [ 15425147.518758611753583, 5004286.920478451065719 ], [ 15425147.782783815637231, 5004286.415114381350577 ], [ 15425148.055764840915799, 5004285.916374063119292 ], [ 15425148.342931715771556, 5004285.427817756310105 ], [ 15425148.649500725790858, 5004284.95301950443536 ], [ 15425148.980701709166169, 5004284.495567194186151 ], [ 15425149.383466741070151, 5004284.009122199378908 ], [ 15425149.818177526816726, 5004283.547364439815283 ], [ 15425150.280238823965192, 5004283.108334422111511 ], [ 15425150.782925786450505, 5004282.677183886058629 ], [ 15425151.30820251815021, 5004282.274267069995403 ], [ 15425151.855047745630145, 5004281.904869146645069 ], [ 15425152.422412851825356, 5004281.574220132082701 ], [ 15425153.009262757375836, 5004281.287577613256872 ], [ 15425153.507616704329848, 5004281.086781585589051 ], [ 15425154.016886001452804, 5004280.916095978580415 ], [ 15425154.535732133314013, 5004280.771753560751677 ], [ 15425155.062802774831653, 5004280.649973273277283 ], [ 15425155.596731720492244, 5004280.546960240229964 ], [ 15425156.136194264516234, 5004280.458961050957441 ], [ 15425156.679824264720082, 5004280.382167021743953 ], [ 15425157.226283119991422, 5004280.312824707478285 ], [ 15425157.774218531325459, 5004280.247153039090335 ] ] } },
{ "type": "Feature", "properties": { "type": 84, "Name": null, "VALIDATION_ERRORS": "" }, "geometry": { "type": "LineString", "coordinates": [ [ 15425148.634169491007924, 5004280.333855093456805 ], [ 15425149.110665051266551, 5004284.192116925492883 ] ] } },
{ "type": "Feature", "properties": { "type": 85, "Name": null, "VALIDATION_ERRORS": "" }, "geometry": { "type": "LineString", "coordinates": [ [ 15425162.235944831743836, 5004319.718429462052882 ], [ 15425162.083833323791623, 5004320.506337609142065 ], [ 15425161.935668433085084, 5004321.294259533286095 ], [ 15425161.795383075252175, 5004322.082512657158077 ], [ 15425161.666868621483445, 5004322.8714419612661 ], [ 15425161.554057998582721, 5004323.661406221799552 ], [ 15425161.46088401414454, 5004324.452709032222629 ], [ 15425161.391251908615232, 5004325.245709167793393 ], [ 15425161.349191101267934, 5004326.007908900268376 ], [ 15425161.32962347753346, 5004326.771295391023159 ], [ 15425161.329747689887881, 5004327.535772035829723 ], [ 15425161.346721014007926, 5004328.301187036558986 ], [ 15425161.377769829705358, 5004329.067457616329193 ], [ 15425161.420051394030452, 5004329.834445759654045 ], [ 15425161.470750628039241, 5004330.602041099220514 ], [ 15425161.5270662214607, 5004331.37011939752847 ], [ 15425161.58616934902966, 5004332.138556489720941 ] ] } },
{ "type": "Feature", "properties": { "type": 86, "Name": null, "VALIDATION_ERRORS": "" }, "geometry": { "type": "LineString", "coordinates": [ [ 15425163.369419189170003, 5004312.139196678064764 ], [ 15425165.679698267951608, 5004310.4051419114694 ], [ 15425166.058369474485517, 5004310.121742267161608 ], [ 15425166.421212626621127, 5004309.827510050497949 ], [ 15425166.752620635554194, 5004309.511405663564801 ], [ 15425167.037000024691224, 5004309.162417151033878 ], [ 15425167.222878852859139, 5004308.854965041391551 ], [ 15425167.379723588004708, 5004308.526689532212913 ], [ 15425167.518711803480983, 5004308.184531756676733 ], [ 15425167.651021061465144, 5004307.835377662442625 ], [ 15425167.787829024717212, 5004307.486168357543647 ], [ 15425167.946771258488297, 5004307.127189042977989 ], [ 15425168.126868085935712, 5004306.781995380297303 ], [ 15425168.332383552566171, 5004306.456534978933632 ], [ 15425168.567554051056504, 5004306.156727747060359 ], [ 15425168.906979547813535, 5004305.819592980667949 ], [ 15425169.279427135363221, 5004305.509491386823356 ], [ 15425169.664942806586623, 5004305.203005239367485 ], [ 15425169.972367325797677, 5004304.952268924564123 ], [ 15425170.286236209794879, 5004304.720327489078045 ], [ 15425170.617933986708522, 5004304.53828492667526 ], [ 15425170.932203037664294, 5004304.438652783632278 ], [ 15425171.263983624055982, 5004304.391444811597466 ], [ 15425171.608349295333028, 5004304.385773226618767 ], [ 15425171.960456473752856, 5004304.410805469378829 ], [ 15425172.315406365320086, 5004304.455626125447452 ], [ 15425172.668300108984113, 5004304.509388849139214 ], [ 15425173.006042061373591, 5004304.561537033878267 ], [ 15425173.338567780330777, 5004304.611256513744593 ], [ 15425173.667464291676879, 5004304.657829711213708 ], [ 15425173.994318453595042, 5004304.700539055280387 ], [ 15425174.320731019601226, 5004304.738680776208639 ], [ 15425174.648288963362575, 5004304.771523510105908 ], [ 15425174.978579202666879, 5004304.798391073942184 ], [ 15425175.297540048137307, 5004304.817185942083597 ], [ 15425175.618005098775029, 5004304.825382830575109 ], [ 15425175.937821501865983, 5004304.818386495113373 ], [ 15425176.254850452765822, 5004304.79165692999959 ], [ 15425176.566897811368108, 5004304.740585104562342 ], [ 15425176.920964499935508, 5004304.64739731606096 ], [ 15425177.267206916585565, 5004304.524030080996454 ], [ 15425177.607791541144252, 5004304.379149476066232 ], [ 15425177.944884905591607, 5004304.221476777456701 ], [ 15425178.280653538182378, 5004304.059678034856915 ], [ 15425178.617277702316642, 5004303.902460711076856 ], [ 15425178.947195364162326, 5004303.759884614497423 ], [ 15425179.278962118551135, 5004303.624470445327461 ], [ 15425179.611998477950692, 5004303.490781228989363 ], [ 15425179.945683358237147, 5004303.353352332487702 ], [ 15425180.300150251016021, 5004303.201434010639787 ], [ 15425180.657032081857324, 5004303.057036394253373 ], [ 15425181.019226664677262, 5004302.937960791401565 ], [ 15425181.389618145301938, 5004302.862036139704287 ], [ 15425181.721785122528672, 5004302.842082105576992 ], [ 15425182.057153547182679, 5004302.863291881978512 ], [ 15425182.390852237120271, 5004302.919993889518082 ], [ 15425182.718023819848895, 5004303.006544142961502 ], [ 15425183.071014137938619, 5004303.132133089005947 ], [ 15425183.411446979269385, 5004303.283609832637012 ], [ 15425183.741447409614921, 5004303.456655146554112 ], [ 15425184.063126774504781, 5004303.646949773654342 ], [ 15425184.378610199317336, 5004303.850174533203244 ], [ 15425184.689995152875781, 5004304.062023943290114 ], [ 15425184.999434376135468, 5004304.278178779408336 ] ] } },
{ "type": "Feature", "properties": { "type": 87, "Name": null, "VALIDATION_ERRORS": "" }, "geometry": { "type": "LineString", "coordinates": [ [ 15425185.288215832784772, 5004299.971958661451936 ], [ 15425183.353351207450032, 5004303.20884432643652 ] ] } },
{ "type": "Feature", "properties": { "type": 88, "Name": null, "VALIDATION_ERRORS": "" }, "geometry": { "type": "LineString", "coordinates": [ [ 15425160.019515937194228, 5004306.098921792581677 ], [ 15425160.349985549226403, 5004306.074510535225272 ], [ 15425160.680524146184325, 5004306.050678854808211 ], [ 15425161.011352563276887, 5004306.028061529621482 ], [ 15425161.342636374756694, 5004306.007251940667629 ], [ 15425161.674582524225116, 5004305.988871043547988 ], [ 15425162.007384276017547, 5004305.973526040092111 ], [ 15425162.341234745457768, 5004305.961837894283235 ], [ 15425162.67634099163115, 5004305.954427572898567 ], [ 15425163.035720499232411, 5004305.952026469632983 ], [ 15425163.39561059884727, 5004305.956814896315336 ], [ 15425163.755086725577712, 5004305.970421162433922 ], [ 15425164.113265672698617, 5004305.994515030644834 ], [ 15425164.469222920015454, 5004306.030752433463931 ], [ 15425164.822089029476047, 5004306.080775495618582 ], [ 15425165.170925745740533, 5004306.14625396206975 ], [ 15425165.514863660559058, 5004306.228816175833344 ], [ 15425165.852978194132447, 5004306.33013185299933 ], [ 15425166.196364106610417, 5004306.455693202093244 ], [ 15425166.533540258184075, 5004306.599456045776606 ], [ 15425166.865776250138879, 5004306.757777329534292 ], [ 15425167.194341527298093, 5004306.927055371925235 ], [ 15425167.520519526675344, 5004307.103619553148746 ], [ 15425167.845593566074967, 5004307.283854387700558 ] ] } },
{ "type": "Feature", "properties": { "type": 89, "Name": null, "VALIDATION_ERRORS": "" }, "geometry": { "type": "LineString", "coordinates": [ [ 15425162.329794997349381, 5004305.954427572898567 ], [ 15425162.474192595109344, 5004304.653883050195873 ] ] } },
{ "type": "Feature", "properties": { "type": 90, "Name": null, "VALIDATION_ERRORS": "" }, "geometry": { "type": "LineString", "coordinates": [ [ 15425162.329794997349381, 5004308.23759070970118 ], [ 15425162.474192595109344, 5004305.983323669061065 ] ] } },
{ "type": "Feature", "properties": { "type": 91, "Name": null, "VALIDATION_ERRORS": "" }, "geometry": { "type": "LineString", "coordinates": [ [ 15425163.022887008264661, 5004312.746111011132598 ], [ 15425163.093761058524251, 5004312.45225137565285 ], [ 15425163.162786008790135, 5004312.158239934593439 ], [ 15425163.228140259161592, 5004311.86375932302326 ], [ 15425163.288002332672477, 5004311.568519737571478 ], [ 15425163.340550718829036, 5004311.272176194004714 ], [ 15425163.389883833006024, 5004310.93251612316817 ], [ 15425163.428591309115291, 5004310.591517508029938 ], [ 15425163.458011770620942, 5004310.249318331480026 ], [ 15425163.479469956830144, 5004309.906084204092622 ], [ 15425163.494276767596602, 5004309.561980711296201 ], [ 15425163.503798430785537, 5004309.21713204216212 ], [ 15425163.509332006797194, 5004308.871717597357929 ], [ 15425163.512229876592755, 5004308.525889160111547 ], [ 15425163.513816809281707, 5004308.179784744977951 ] ] } },
{ "type": "Feature", "properties": { "type": 92, "Name": null, "VALIDATION_ERRORS": "" }, "geometry": { "type": "LineString", "coordinates": [ [ 15425161.434568399563432, 5004307.746274504810572 ], [ 15425161.761546770110726, 5004307.943772472441196 ], [ 15425162.084730276837945, 5004308.146031244657934 ], [ 15425162.400475876405835, 5004308.357922054827213 ], [ 15425162.705223286524415, 5004308.584398910403252 ], [ 15425162.97203597612679, 5004308.806666923686862 ], [ 15425163.230513786897063, 5004309.039615702815354 ], [ 15425163.484934581443667, 5004309.278015286661685 ] ] } },
{ "type": "Feature", "properties": { "type": 93, "Name": null, "VALIDATION_ERRORS": "" }, "geometry": { "type": "LineString", "coordinates": [ [ 15425165.13101770542562, 5004310.780859986320138 ], [ 15425165.01750329323113, 5004310.478941464796662 ], [ 15425164.906113984063268, 5004310.176512359641492 ], [ 15425164.798864549025893, 5004309.872786100953817 ], [ 15425164.697838677093387, 5004309.567031316459179 ], [ 15425164.593252493068576, 5004309.22152026835829 ], [ 15425164.494268922135234, 5004308.874298087321222 ], [ 15425164.396002912893891, 5004308.526634333655238 ], [ 15425164.293541876599193, 5004308.179784744977951 ], [ 15425164.193468162789941, 5004307.863073202781379 ], [ 15425164.092870047315955, 5004307.546748023480177 ], [ 15425163.9987439122051, 5004307.229042894206941 ], [ 15425163.918113609775901, 5004306.908150102011859 ], [ 15425163.860459426417947, 5004306.611668570898473 ], [ 15425163.814245013520122, 5004306.31264793407172 ], [ 15425163.773715997114778, 5004306.012219753116369 ] ] } },
{ "type": "Feature", "properties": { "type": 94, "Name": null, "VALIDATION_ERRORS": "" }, "geometry": { "type": "LineString", "coordinates": [ [ 15425163.484934581443667, 5004309.538121433928609 ], [ 15425163.838463069871068, 5004309.746300175786018 ], [ 15425164.206895025447011, 5004309.913839505985379 ], [ 15425164.519784105941653, 5004309.999120217747986 ], [ 15425164.842222454026341, 5004310.058333716355264 ] ] } },
{ "type": "Feature", "properties": { "type": 95, "Name": null, "VALIDATION_ERRORS": "" }, "geometry": { "type": "LineString", "coordinates": [ [ 15425164.784471688792109, 5004308.960103183984756 ], [ 15425166.632689451798797, 5004309.653733370825648 ] ] } },
{ "type": "Feature", "properties": { "type": 96, "Name": null, "VALIDATION_ERRORS": "" }, "geometry": { "type": "LineString", "coordinates": [ [ 15425174.747562328353524, 5004315.636188481003046 ], [ 15425174.500510467216372, 5004315.290912017226219 ], [ 15425174.253776026889682, 5004314.945525182411075 ], [ 15425174.007621144875884, 5004314.599862348288298 ], [ 15425173.762294223532081, 5004314.25371652841568 ], [ 15425173.518029851838946, 5004313.906922125257552 ], [ 15425173.275104029104114, 5004313.559285970404744 ], [ 15425173.033765176311135, 5004313.210628659464419 ], [ 15425172.794275434687734, 5004312.860756973735988 ], [ 15425172.556855658069253, 5004312.509505353868008 ], [ 15425172.321795476600528, 5004312.156680609099567 ], [ 15425172.089329672977328, 5004311.802103300578892 ], [ 15425171.859706560149789, 5004311.445580286905169 ], [ 15425171.65460511483252, 5004311.12173440400511 ], [ 15425171.450731778517365, 5004310.797212361358106 ], [ 15425171.246610095724463, 5004310.472842086106539 ], [ 15425171.04076343216002, 5004310.149506785906851 ], [ 15425170.831687709316611, 5004309.828006823547184 ], [ 15425170.617933986708522, 5004309.509225343354046 ], [ 15425170.350817712023854, 5004309.127821885049343 ], [ 15425170.073931405320764, 5004308.75355276465416 ], [ 15425169.786198729649186, 5004308.387908302247524 ], [ 15425169.486570896580815, 5004308.032378844916821 ], [ 15425169.173999236896634, 5004307.688468550331891 ], [ 15425168.844909520819783, 5004307.353320903144777 ], [ 15425168.506491420790553, 5004307.027377497404814 ], [ 15425168.163257295265794, 5004306.705849927850068 ] ] } },
{ "type": "Feature", "properties": { "type": 97, "Name": null, "VALIDATION_ERRORS": "" }, "geometry": { "type": "LineString", "coordinates": [ [ 15425166.5460563916713, 5004318.237263722345233 ], [ 15425166.410338645800948, 5004317.902364458888769 ], [ 15425166.27357211895287, 5004317.568113787099719 ], [ 15425166.134666698053479, 5004317.235063680447638 ], [ 15425165.992490788921714, 5004316.903710884042084 ], [ 15425165.845954293385148, 5004316.574607396498322 ], [ 15425165.693925546482205, 5004316.248263818211854 ], [ 15425165.535314468666911, 5004315.925204498693347 ], [ 15425165.338382309302688, 5004315.548134081065655 ], [ 15425165.132176840677857, 5004315.176003870554268 ], [ 15425164.917995365336537, 5004314.808068690821528 ], [ 15425164.697176290675998, 5004314.443638577125967 ], [ 15425164.471030602231622, 5004314.081954559311271 ], [ 15425164.24085552431643, 5004313.72231287509203 ], [ 15425164.007975706830621, 5004313.363968329504132 ], [ 15425163.773715997114778, 5004313.006217146292329 ] ] } },
{ "type": "Feature", "properties": { "type": 98, "Name": null, "VALIDATION_ERRORS": "" }, "geometry": { "type": "LineString", "coordinates": [ [ 15425170.24250572361052, 5004317.514751247130334 ], [ 15425169.925821742042899, 5004317.155399339273572 ], [ 15425169.61042114533484, 5004316.794943484477699 ], [ 15425169.297435423359275, 5004316.432100309059024 ], [ 15425168.987940998747945, 5004316.065545082092285 ], [ 15425168.683069402351975, 5004315.693994442000985 ], [ 15425168.418643994256854, 5004315.363179844804108 ], [ 15425168.153376886621118, 5004315.033317378722131 ], [ 15425167.881720533594489, 5004314.709913090802729 ], [ 15425167.598086325451732, 5004314.39845912437886 ], [ 15425167.296899190172553, 5004314.104447702877223 ], [ 15425166.990854604169726, 5004313.841871443204582 ], [ 15425166.678144918754697, 5004313.586498524062335 ], [ 15425166.372790301218629, 5004313.324129266664386 ], [ 15425166.045052966102958, 5004313.000172987580299 ], [ 15425165.741243937984109, 5004312.653309603221714 ], [ 15425165.456547135487199, 5004312.288065316155553 ], [ 15425165.186146581545472, 5004311.909021583385766 ], [ 15425164.925212452188134, 5004311.520704575814307 ], [ 15425164.668956389650702, 5004311.127668175846338 ] ] } },
{ "type": "Feature", "properties": { "type": 99, "Name": null, "VALIDATION_ERRORS": "" }, "geometry": { "type": "LineString", "coordinates": [ [ 15425166.748204791918397, 5004310.549649932421744 ], [ 15425167.087064461782575, 5004310.665192857384682 ], [ 15425167.425496412441134, 5004310.781522370874882 ], [ 15425167.763238331303, 5004310.899535408243537 ], [ 15425168.100028110668063, 5004311.020059935748577 ], [ 15425168.435603560879827, 5004311.143992946483195 ], [ 15425168.769702455028892, 5004311.272176194004714 ], [ 15425169.132173037156463, 5004311.418533332645893 ], [ 15425169.490144984796643, 5004311.575198666192591 ], [ 15425169.841658817604184, 5004311.746519053354859 ], [ 15425170.184754913672805, 5004311.936896506696939 ], [ 15425170.546314751729369, 5004312.16305594611913 ], [ 15425170.907833175733685, 5004312.385323962196708 ], [ 15425171.282129911705852, 5004312.572706918232143 ], [ 15425171.566716304048896, 5004312.672021678648889 ], [ 15425171.861748876050115, 5004312.743627103045583 ], [ 15425172.164647193625569, 5004312.794491933658719 ], [ 15425172.472872084006667, 5004312.831543506123126 ], [ 15425172.783815449103713, 5004312.861722942441702 ] ] } },
{ "type": "Feature", "properties": { "type": 100, "Name": null, "VALIDATION_ERRORS": "" }, "geometry": { "type": "LineString", "coordinates": [ [ 15425170.473536355420947, 5004316.821134862489998 ], [ 15425170.420753421261907, 5004316.454952225089073 ], [ 15425170.366328297182918, 5004316.08923876285553 ], [ 15425170.308605162426829, 5004315.724270475097001 ], [ 15425170.245914174243808, 5004315.360337145626545 ], [ 15425170.176613261923194, 5004314.997769957408309 ], [ 15425170.099018855020404, 5004314.636844921857119 ], [ 15425170.011475032195449, 5004314.27785178925842 ], [ 15425169.920177763327956, 5004313.943187131546438 ], [ 15425169.824961444362998, 5004313.609516027383506 ], [ 15425169.732091022655368, 5004313.275568936951458 ], [ 15425169.647790113463998, 5004312.940034913830459 ], [ 15425169.5783097948879, 5004312.601602996699512 ], [ 15425169.528535084798932, 5004312.26652435772121 ], [ 15425169.492297703400254, 5004311.9289894066751 ], [ 15425169.462794447317719, 5004311.590074494481087 ] ] } },
{ "type": "Feature", "properties": { "type": 101, "Name": null, "VALIDATION_ERRORS": "" }, "geometry": { "type": "LineString", "coordinates": [ [ 15425166.603820974007249, 5004311.098772091791034 ], [ 15425166.661571739241481, 5004313.584235404618084 ] ] } },
{ "type": "Feature", "properties": { "type": 102, "Name": null, "VALIDATION_ERRORS": "" }, "geometry": { "type": "LineString", "coordinates": [ [ 15425167.643445206806064, 5004309.249119205400348 ], [ 15425167.996656322851777, 5004309.322973953559995 ], [ 15425168.349977878853679, 5004309.3948277765885 ], [ 15425168.703658172860742, 5004309.462665950879455 ], [ 15425169.057945678010583, 5004309.524473752826452 ], [ 15425169.413088792935014, 5004309.578250284306705 ], [ 15425169.769363375380635, 5004309.622008386068046 ], [ 15425170.126990372315049, 5004309.653733370825648 ], [ 15425170.429957641288638, 5004309.670679114758968 ], [ 15425170.733449334278703, 5004309.682629451155663 ] ] } },
{ "type": "Feature", "properties": { "type": 103, "Name": null, "VALIDATION_ERRORS": "" }, "geometry": { "type": "LineString", "coordinates": [ [ 15425170.964466167613864, 5004309.79822756908834 ], [ 15425171.274485008791089, 5004309.752054552547634 ], [ 15425171.584089832380414, 5004309.704749995842576 ], [ 15425171.893004698678851, 5004309.655113301239908 ], [ 15425172.200925981625915, 5004309.601971571333706 ], [ 15425172.507577719166875, 5004309.54409659281373 ], [ 15425172.812697740271688, 5004309.480315478518605 ], [ 15425173.137081807479262, 5004309.404694389551878 ], [ 15425173.459658106788993, 5004309.322159780189395 ], [ 15425173.780992520973086, 5004309.233843201771379 ], [ 15425174.101650720462203, 5004309.140807193703949 ], [ 15425174.42221231199801, 5004309.044183325022459 ], [ 15425174.743201700970531, 5004308.945047966204584 ], [ 15425175.065226031467319, 5004308.844505045562983 ], [ 15425175.432816227898002, 5004308.728341129608452 ], [ 15425175.79745333828032, 5004308.604987713508308 ], [ 15425176.154431728646159, 5004308.46746223513037 ], [ 15425176.499114802107215, 5004308.308795973658562 ], [ 15425176.826810756698251, 5004308.121978775598109 ], [ 15425177.175592252984643, 5004307.869172562845051 ], [ 15425177.500445494428277, 5004307.580832709558308 ], [ 15425177.806158872321248, 5004307.266839649528265 ], [ 15425178.097465621307492, 5004306.937046192586422 ], [ 15425178.372985789552331, 5004306.607183744199574 ], [ 15425178.641978764906526, 5004306.274133619852364 ], [ 15425178.90753567405045, 5004305.940172732807696 ], [ 15425179.172761438414454, 5004305.607564188539982 ], [ 15425179.440747098997235, 5004305.278571097180247 ], [ 15425179.714597506448627, 5004304.955456600524485 ], [ 15425179.997389962896705, 5004304.640511380508542 ], [ 15425180.292229374870658, 5004304.335970954038203 ], [ 15425180.535334585234523, 5004304.102759965695441 ], [ 15425180.783159187063575, 5004303.873564635403454 ] ] } },
{ "type": "Feature", "properties": { "type": 104, "Name": null, "VALIDATION_ERRORS": "" }, "geometry": { "type": "LineString", "coordinates": [ [ 15425174.429898599162698, 5004314.624659978784621 ], [ 15425174.447120347991586, 5004314.274374324828386 ], [ 15425174.466135988011956, 5004313.924488854594529 ], [ 15425174.488739525899291, 5004313.575307162478566 ], [ 15425174.51673867739737, 5004313.227132816798985 ], [ 15425174.551913490518928, 5004312.880241832695901 ], [ 15425174.596099367365241, 5004312.534923984669149 ], [ 15425174.651090251281857, 5004312.19148286152631 ], [ 15425174.718680059537292, 5004311.85019445233047 ], [ 15425174.789761083200574, 5004311.54895210172981 ], [ 15425174.867493478581309, 5004311.248979285359383 ], [ 15425174.947240615263581, 5004310.949337675236166 ], [ 15425175.024324437603354, 5004310.649116476066411 ], [ 15425175.094094509258866, 5004310.347349751740694 ], [ 15425175.156937317922711, 5004310.020978567190468 ], [ 15425175.20998247154057, 5004309.682670847512782 ], [ 15425175.210120460018516, 5004309.68169108685106 ], [ 15425175.226679822430015, 5004309.394248199649155 ], [ 15425175.211610807105899, 5004309.105356360785663 ], [ 15425175.18074138276279, 5004308.815608968026936 ] ] } },
{ "type": "Feature", "properties": { "type": 105, "Name": null, "VALIDATION_ERRORS": "" }, "geometry": { "type": "LineString", "coordinates": [ [ 15425174.256618717685342, 5004311.618984395638108 ], [ 15425173.419142881408334, 5004309.393613424152136 ] ] } },
{ "type": "Feature", "properties": { "type": 106, "Name": null, "VALIDATION_ERRORS": "" }, "geometry": { "type": "LineString", "coordinates": [ [ 15425172.957095375284553, 5004308.064186615869403 ], [ 15425173.216994503512979, 5004309.335821250453591 ] ] } },
{ "type": "Feature", "properties": { "type": 107, "Name": null, "VALIDATION_ERRORS": "" }, "geometry": { "type": "LineString", "coordinates": [ [ 15425176.42251399345696, 5004315.347186255268753 ], [ 15425176.369896614924073, 5004315.025838075205684 ], [ 15425176.318686781451106, 5004314.704489901661873 ], [ 15425176.270333467051387, 5004314.38298992998898 ], [ 15425176.226230384781957, 5004314.061227757483721 ], [ 15425176.187826449051499, 5004313.739051620475948 ], [ 15425176.156515469774604, 5004313.416337296366692 ], [ 15425176.133718742057681, 5004313.092919200658798 ], [ 15425176.119946869090199, 5004312.746538789942861 ], [ 15425176.116538418456912, 5004312.399702991358936 ], [ 15425176.122513568028808, 5004312.052591220475733 ], [ 15425176.136865017935634, 5004311.705410438589752 ], [ 15425176.158626778051257, 5004311.358326259069145 ], [ 15425176.18679148517549, 5004311.011545673944056 ], [ 15425176.220365596935153, 5004310.66526185721159 ], [ 15425176.257789740338922, 5004310.325132601894438 ], [ 15425176.298884542658925, 5004309.985789928585291 ], [ 15425176.343042826279998, 5004309.647082018665969 ], [ 15425176.38964363373816, 5004309.308829493820667 ], [ 15425176.438079779967666, 5004308.970908159390092 ], [ 15425176.487744065001607, 5004308.633138621225953 ], [ 15425176.538029300048947, 5004308.295382883399725 ] ] } },
{ "type": "Feature", "properties": { "type": 108, "Name": null, "VALIDATION_ERRORS": "" }, "geometry": { "type": "LineString", "coordinates": [ [ 15425175.556155892089009, 5004311.069862212054431 ], [ 15425175.787186520174146, 5004308.642204874195158 ] ] } },
{ "type": "Feature", "properties": { "type": 109, "Name": null, "VALIDATION_ERRORS": "" }, "geometry": { "type": "LineString", "coordinates": [ [ 15425175.989334920421243, 5004308.410994817502797 ], [ 15425175.960452632978559, 5004306.416833903640509 ] ] } },
{ "type": "Feature", "properties": { "type": 110, "Name": null, "VALIDATION_ERRORS": "" }, "geometry": { "type": "LineString", "coordinates": [ [ 15425176.653544643893838, 5004307.254958300851285 ], [ 15425176.416000617668033, 5004306.958945941179991 ], [ 15425176.180153930559754, 5004306.661884830333292 ], [ 15425175.947563940659165, 5004306.362546792253852 ], [ 15425175.719789935275912, 5004306.059703706763685 ], [ 15425175.498405104503036, 5004305.752113605849445 ], [ 15425175.30209388397634, 5004305.465774672105908 ], [ 15425175.110364122316241, 5004305.176289461553097 ], [ 15425174.920828437432647, 5004304.885093122720718 ] ] } },
{ "type": "Feature", "properties": { "type": 111, "Name": null, "VALIDATION_ERRORS": "" }, "geometry": { "type": "LineString", "coordinates": [ [ 15425171.108863787725568, 5004309.711525524035096 ], [ 15425171.252323037013412, 5004309.34419752843678 ], [ 15425171.397410651668906, 5004308.977766498923302 ], [ 15425171.545851493254304, 5004308.61292240768671 ], [ 15425171.69937059096992, 5004308.250369012355804 ], [ 15425171.859706560149789, 5004307.89078252017498 ], [ 15425172.028584456071258, 5004307.533417732454836 ], [ 15425172.204210260882974, 5004307.179309629835188 ], [ 15425172.3849280718714, 5004306.827588813379407 ], [ 15425172.569054333493114, 5004306.477372159250081 ], [ 15425172.754933161661029, 5004306.12783167231828 ] ] } },
{ "type": "Feature", "properties": { "type": 112, "Name": null, "VALIDATION_ERRORS": "" }, "geometry": { "type": "LineString", "coordinates": [ [ 15425181.649517292156816, 5004315.202678237110376 ], [ 15425181.39723546244204, 5004314.871063268743455 ], [ 15425181.145974779501557, 5004314.538772104308009 ], [ 15425180.896728800609708, 5004314.205018205568194 ], [ 15425180.650449706241488, 5004313.868987402878702 ], [ 15425180.408144885674119, 5004313.529879311099648 ], [ 15425180.170752657577395, 5004313.186879771761596 ], [ 15425179.939266638830304, 5004312.83918840624392 ], [ 15425179.714666517451406, 5004312.486004863865674 ], [ 15425179.533024126663804, 5004312.185742274858057 ], [ 15425179.359316421672702, 5004311.880898252129555 ], [ 15425179.195889351889491, 5004311.57105883769691 ], [ 15425179.045061169192195, 5004311.255823822692037 ], [ 15425178.909164009615779, 5004310.934765440411866 ], [ 15425178.790543818846345, 5004310.607455899007618 ], [ 15425178.684536321088672, 5004310.253678972832859 ], [ 15425178.593032075092196, 5004309.895196421071887 ], [ 15425178.508317144587636, 5004309.534423167817295 ], [ 15425178.422705257311463, 5004309.173760316334665 ], [ 15425178.32849627174437, 5004308.815608968026936 ], [ 15425178.233776761218905, 5004308.504431009292603 ], [ 15425178.1290801782161, 5004308.196537300944328 ], [ 15425178.016862927004695, 5004307.891044717282057 ], [ 15425177.899608870968223, 5004307.587111453525722 ], [ 15425177.779801910743117, 5004307.283854387700558 ] ] } },
{ "type": "Feature", "properties": { "type": 113, "Name": null, "VALIDATION_ERRORS": "" }, "geometry": { "type": "LineString", "coordinates": [ [ 15425174.401016311720014, 5004306.12783167231828 ], [ 15425174.475685259327292, 5004306.415550552308559 ], [ 15425174.546462701633573, 5004306.703711021691561 ], [ 15425174.609498703852296, 5004306.992934032343328 ], [ 15425174.660915477201343, 5004307.283854387700558 ], [ 15425174.701320322230458, 5004307.610225562937558 ], [ 15425174.726338753476739, 5004307.938597679138184 ], [ 15425174.739807004109025, 5004308.268529114313424 ], [ 15425174.745588982477784, 5004308.599536920897663 ], [ 15425174.747562328353524, 5004308.931207099929452 ] ] } },
{ "type": "Feature", "properties": { "type": 114, "Name": null, "VALIDATION_ERRORS": "" }, "geometry": { "type": "LineString", "coordinates": [ [ 15425175.20960989408195, 5004306.44572997931391 ], [ 15425175.225769052281976, 5004306.727501296438277 ], [ 15425175.241224436089396, 5004307.009203605353832 ], [ 15425175.255327502265573, 5004307.290947314351797 ], [ 15425175.267374435439706, 5004307.572870409116149 ], [ 15425175.277103057131171, 5004307.861831244081259 ], [ 15425175.284678945317864, 5004308.150778271257877 ], [ 15425175.290819710120559, 5004308.439766694791615 ], [ 15425175.296242905780673, 5004308.728906928561628 ] ] } },
{ "type": "Feature", "properties": { "type": 115, "Name": null, "VALIDATION_ERRORS": "" }, "geometry": { "type": "LineString", "coordinates": [ [ 15425177.866434970870614, 5004313.728743422776461 ], [ 15425177.860956555232406, 5004313.395582902245224 ], [ 15425177.85723072104156, 5004313.062670780345798 ], [ 15425177.85703749768436, 5004312.730034623295069 ], [ 15425177.862143335863948, 5004312.397771083749831 ], [ 15425177.87431444041431, 5004312.065935308113694 ], [ 15425177.895317258313298, 5004311.734582512639463 ], [ 15425177.927828779444098, 5004311.387249938212335 ], [ 15425177.968164606019855, 5004311.040552156977355 ], [ 15425178.012447101995349, 5004310.694116536527872 ], [ 15425178.056839974597096, 5004310.347570532001555 ], [ 15425178.097465621307492, 5004310.000541559420526 ], [ 15425178.127658868208528, 5004309.69471777882427 ], [ 15425178.15313264541328, 5004309.388604219071567 ], [ 15425178.175046229735017, 5004309.082228451967239 ], [ 15425178.194600043818355, 5004308.775618116371334 ], [ 15425178.212980965152383, 5004308.468786970712245 ] ] } },
{ "type": "Feature", "properties": { "type": 116, "Name": null, "VALIDATION_ERRORS": "" }, "geometry": { "type": "LineString", "coordinates": [ [ 15425179.310355899855494, 5004310.983160167001188 ], [ 15425179.262858180329204, 5004310.636448571458459 ], [ 15425179.215691609308124, 5004310.289805967360735 ], [ 15425179.169173574075103, 5004309.943121963180602 ], [ 15425179.123621566221118, 5004309.596272378228605 ], [ 15425179.079339088872075, 5004309.249119205400348 ], [ 15425179.040258990600705, 5004308.931483089923859 ], [ 15425179.002931406721473, 5004308.61375037394464 ], [ 15425178.967701377347112, 5004308.295796863734722 ], [ 15425178.93494145013392, 5004307.977484562434256 ], [ 15425178.901864109560847, 5004307.625197979621589 ], [ 15425178.871588097885251, 5004307.27278720587492 ], [ 15425178.843409555032849, 5004306.920210843905807 ], [ 15425178.816638635471463, 5004306.567468882538378 ], [ 15425178.790543818846345, 5004306.214533720165491 ] ] } },
{ "type": "Feature", "properties": { "type": 117, "Name": null, "VALIDATION_ERRORS": "" }, "geometry": { "type": "LineString", "coordinates": [ [ 15425179.021574469283223, 5004308.382084916345775 ], [ 15425179.353713875636458, 5004308.234444438479841 ], [ 15425179.689358277246356, 5004308.10362549405545 ], [ 15425180.03233022801578, 5004308.006380652077496 ], [ 15425180.329970939084888, 5004307.959214079193771 ], [ 15425180.632855420932174, 5004307.936679549515247 ], [ 15425180.938706761226058, 5004307.927323503419757 ], [ 15425181.245220551267266, 5004307.919678597711027 ], [ 15425181.565381934866309, 5004307.903588420711458 ], [ 15425181.883804654702544, 5004307.878956384025514 ], [ 15425182.200999176129699, 5004307.847935180179775 ], [ 15425182.517420941963792, 5004307.81263614539057 ], [ 15425182.833539100363851, 5004307.775170588865876 ] ] } },
{ "type": "Feature", "properties": { "type": 118, "Name": null, "VALIDATION_ERRORS": "" }, "geometry": { "type": "LineString", "coordinates": [ [ 15425182.949054466560483, 5004315.52059034910053 ], [ 15425182.838065365329385, 5004315.178874166682363 ], [ 15425182.725075310096145, 5004314.838054938241839 ], [ 15425182.608055861666799, 5004314.498933050781488 ], [ 15425182.484950786456466, 5004314.162281260825694 ], [ 15425182.353745447471738, 5004313.828899945132434 ], [ 15425182.212411316111684, 5004313.499561876058578 ], [ 15425182.058906080201268, 5004313.175081224180758 ], [ 15425181.89121494628489, 5004312.856230741366744 ], [ 15425181.707281833514571, 5004312.54381082765758 ], [ 15425181.496771005913615, 5004312.221331086009741 ], [ 15425181.282589482143521, 5004311.90126627497375 ], [ 15425181.081227639690042, 5004311.577723973430693 ], [ 15425180.909244915470481, 5004311.244756658561528 ], [ 15425180.783159187063575, 5004310.896458130329847 ], [ 15425180.71776351891458, 5004310.567616834305227 ], [ 15425180.685155401006341, 5004310.228356962092221 ], [ 15425180.667657637968659, 5004309.884929622523487 ], [ 15425180.651760680601001, 5004309.563705649226904 ], [ 15425180.634042145684361, 5004309.244344593025744 ], [ 15425180.614860894158483, 5004308.92644627392292 ], [ 15425180.594589473679662, 5004308.609596722759306 ], [ 15425180.573559110984206, 5004308.293409556150436 ], [ 15425180.552142353728414, 5004307.977484562434256 ] ] } },
{ "type": "Feature", "properties": { "type": 119, "Name": null, "VALIDATION_ERRORS": "" }, "geometry": { "type": "LineString", "coordinates": [ [ 15425179.859050339087844, 5004304.798391073942184 ], [ 15425179.871345663443208, 5004305.153672127053142 ], [ 15425179.887380601838231, 5004305.508359827101231 ], [ 15425179.91090870834887, 5004305.862095352262259 ], [ 15425179.945683358237147, 5004306.214533720165491 ], [ 15425179.995954813435674, 5004306.575403567403555 ], [ 15425180.058907983824611, 5004306.934534683823586 ], [ 15425180.13138279505074, 5004307.292410045862198 ], [ 15425180.210219142958522, 5004307.64954024925828 ], [ 15425180.292229374870658, 5004308.006380652077496 ] ] } },
{ "type": "Feature", "properties": { "type": 120, "Name": null, "VALIDATION_ERRORS": "" }, "geometry": { "type": "LineString", "coordinates": [ [ 15425177.750919604673982, 5004306.503535945899785 ], [ 15425177.681908478960395, 5004306.15017301402986 ], [ 15425177.599705083295703, 5004305.801805480383337 ], [ 15425177.491020435467362, 5004305.463111381046474 ], [ 15425177.371917271986604, 5004305.187536032870412 ], [ 15425177.234032990410924, 5004304.919026009738445 ], [ 15425177.086709903553128, 5004304.653883050195873 ] ] } },
{ "type": "Feature", "properties": { "type": 121, "Name": null, "VALIDATION_ERRORS": "" }, "geometry": { "type": "LineString", "coordinates": [ [ 15425178.184098633006215, 5004306.012219753116369 ], [ 15425178.357364749535918, 5004303.960266674868762 ] ] } },
{ "type": "Feature", "properties": { "type": 122, "Name": null, "VALIDATION_ERRORS": "" }, "geometry": { "type": "LineString", "coordinates": [ [ 15425173.043728431686759, 5004298.671414149925113 ], [ 15425173.397933123633265, 5004298.646961484104395 ], [ 15425173.752027420327067, 5004298.623433403670788 ], [ 15425174.105983732268214, 5004298.601823434233665 ], [ 15425174.459802037104964, 5004298.583083755336702 ], [ 15425174.81350994668901, 5004298.568152743391693 ], [ 15425175.167066110298038, 5004298.557982527650893 ], [ 15425175.520511837676167, 5004298.553552910685539 ], [ 15425175.873819580301642, 5004298.555816011503339 ], [ 15425176.220379406586289, 5004298.565130654722452 ], [ 15425176.566677020862699, 5004298.580806849524379 ], [ 15425176.912822807207704, 5004298.601851034909487 ], [ 15425177.258899668231606, 5004298.627269665710628 ], [ 15425177.605004070326686, 5004298.656055341474712 ], [ 15425177.951232666149735, 5004298.687228328548372 ], [ 15425178.297668287530541, 5004298.719795072451234 ], [ 15425178.644421262666583, 5004298.752762 ], [ 15425178.991574445739388, 5004298.785135542973876 ], [ 15425179.339238213375211, 5004298.815922153182328 ], [ 15425179.674661817029119, 5004298.843686692416668 ], [ 15425180.010002659633756, 5004298.871327013708651 ], [ 15425180.344819141551852, 5004298.901133862324059 ], [ 15425180.67868342064321, 5004298.935384147800505 ], [ 15425181.011167762801051, 5004298.976396160200238 ], [ 15425181.341844389215112, 5004299.026419221423566 ], [ 15425181.67028552107513, 5004299.087771641090512 ], [ 15425181.996063290163875, 5004299.162730354815722 ], [ 15425182.328092260286212, 5004299.254800384864211 ], [ 15425182.658106500282884, 5004299.356364453211427 ], [ 15425182.987623939290643, 5004299.460150256752968 ], [ 15425183.318203980103135, 5004299.558844041079283 ], [ 15425183.65136450342834, 5004299.645173493772745 ], [ 15425183.988678680732846, 5004299.711852519772947 ], [ 15425184.266241105273366, 5004299.747330946847796 ], [ 15425184.545832129195333, 5004299.766208618879318 ], [ 15425184.826154476031661, 5004299.769644690677524 ], [ 15425185.115487901493907, 5004299.758853505365551 ], [ 15425185.404117530211806, 5004299.737892127595842 ], [ 15425185.69251255504787, 5004299.711852519772947 ] ] } },
{ "type": "Feature", "properties": { "type": 123, "Name": null, "VALIDATION_ERRORS": "" }, "geometry": { "type": "LineString", "coordinates": [ [ 15425179.714666517451406, 5004303.382248419336975 ], [ 15425179.749206559732556, 5004303.042215775698423 ], [ 15425179.781938886269927, 5004302.701948524452746 ], [ 15425179.811083359643817, 5004302.361032711341977 ], [ 15425179.834832256659865, 5004302.019054320640862 ], [ 15425179.851419212296605, 5004301.675599400885403 ], [ 15425179.859050339087844, 5004301.330295342952013 ], [ 15425179.859505685046315, 5004300.959710674360394 ], [ 15425179.870973059907556, 5004300.591982491314411 ], [ 15425179.9168148804456, 5004300.23206480871886 ], [ 15425180.004165498539805, 5004299.911655002273619 ], [ 15425180.128029523417354, 5004299.599662861786783 ], [ 15425180.276221955195069, 5004299.293176714330912 ], [ 15425180.43662696890533, 5004298.989326260983944 ] ] } },
{ "type": "Feature", "properties": { "type": 124, "Name": null, "VALIDATION_ERRORS": "" }, "geometry": { "type": "LineString", "coordinates": [ [ 15425178.270731685683131, 5004303.989162756130099 ], [ 15425178.255014145746827, 5004303.641471398994327 ], [ 15425178.237461203709245, 5004303.294097434729338 ], [ 15425178.216210024431348, 5004302.947165041230619 ], [ 15425178.189411478117108, 5004302.600798427127302 ], [ 15425178.155216386541724, 5004302.255121802911162 ], [ 15425178.117819843813777, 5004301.948552851565182 ], [ 15425178.076021237298846, 5004301.642535872757435 ], [ 15425178.032704723998904, 5004301.336615507490933 ], [ 15425177.990754352882504, 5004301.030377749353647 ], [ 15425177.95306802727282, 5004300.723381012678146 ], [ 15425177.925027491524816, 5004300.444424802437425 ], [ 15425177.905059659853578, 5004300.16501319501549 ], [ 15425177.895317258313298, 5004299.885256607085466 ], [ 15425177.897566514089704, 5004299.588926864787936 ], [ 15425177.910262061282992, 5004299.292748923413455 ], [ 15425177.929926311597228, 5004298.996584769338369 ], [ 15425177.95306802727282, 5004298.700324029661715 ] ] } },
{ "type": "Feature", "properties": { "type": 125, "Name": null, "VALIDATION_ERRORS": "" }, "geometry": { "type": "LineString", "coordinates": [ [ 15425158.488961907103658, 5004289.018549326807261 ], [ 15425158.791528994217515, 5004289.146884368732572 ], [ 15425159.09495166875422, 5004289.274653623811901 ], [ 15425159.400223469361663, 5004289.401360331103206 ], [ 15425159.708351759240031, 5004289.526480078697205 ], [ 15425160.020343882963061, 5004289.64951613266021 ], [ 15425160.337179644033313, 5004289.769971675239503 ], [ 15425160.733859112486243, 5004289.921200038865209 ], [ 15425161.109494375064969, 5004290.102249034680426 ], [ 15425161.434568399563432, 5004290.347989933565259 ], [ 15425161.670773861929774, 5004290.648169721476734 ], [ 15425161.867595644667745, 5004290.992907992564142 ], [ 15425162.053157096728683, 5004291.343607644550502 ], [ 15425162.255595268681645, 5004291.661712947301567 ], [ 15425162.503074882552028, 5004291.90862680785358 ], [ 15425162.784556424245238, 5004292.04735283087939 ], [ 15425163.110941423103213, 5004292.117536917328835 ], [ 15425163.466953841969371, 5004292.1414789929986 ], [ 15425163.837345322594047, 5004292.1414789929986 ], [ 15425164.206895025447011, 5004292.139836858958006 ], [ 15425164.578638842329383, 5004292.157265583053231 ], [ 15425164.934182146564126, 5004292.20334199629724 ], [ 15425165.275401527062058, 5004292.284344877116382 ], [ 15425165.629909804090858, 5004292.415205211378634 ], [ 15425165.972812762483954, 5004292.584014087915421 ], [ 15425166.307546416297555, 5004292.780849673785269 ], [ 15425166.637519272044301, 5004292.995803971774876 ], [ 15425166.96616735868156, 5004293.218941344879568 ], [ 15425167.296899190172553, 5004293.440367589704692 ], [ 15425167.615266690030694, 5004293.641122218221426 ], [ 15425167.93842258490622, 5004293.830147307366133 ], [ 15425168.266435893252492, 5004294.006311301141977 ], [ 15425168.59940324537456, 5004294.168468832038343 ], [ 15425168.937407361343503, 5004294.315474541857839 ], [ 15425169.280558684840798, 5004294.446196888573468 ], [ 15425169.628926219418645, 5004294.559490511193871 ], [ 15425169.982606517150998, 5004294.654210052452981 ], [ 15425170.317905968055129, 5004294.725511899217963 ], [ 15425170.65686228312552, 5004294.782117303460836 ], [ 15425170.998647464439273, 5004294.826675780117512 ], [ 15425171.342474961653352, 5004294.861795425415039 ], [ 15425171.687516817823052, 5004294.890139536000788 ], [ 15425172.032972676679492, 5004294.914316184818745 ], [ 15425172.385452447459102, 5004294.937223301269114 ], [ 15425172.737242257222533, 5004294.960116631351411 ], [ 15425173.088342061266303, 5004294.984679681248963 ], [ 15425173.438779523596168, 5004295.012595998123288 ], [ 15425173.788526991382241, 5004295.045535325072706 ], [ 15425174.137598296627402, 5004295.085181186906993 ], [ 15425174.485993439331651, 5004295.133217122405767 ], [ 15425174.833698617294431, 5004295.191299078986049 ], [ 15425175.18074138276279, 5004295.261124382726848 ], [ 15425175.499936817213893, 5004295.339436360634863 ], [ 15425175.810535239055753, 5004295.441331620328128 ], [ 15425176.104850245639682, 5004295.579036493785679 ], [ 15425176.38951944001019, 5004295.765522490255535 ], [ 15425176.663411254063249, 5004295.969602803699672 ], [ 15425176.94232608191669, 5004296.157054758630693 ], [ 15425177.25172389857471, 5004296.305454209446907 ], [ 15425177.580109851434827, 5004296.406300719827414 ], [ 15425177.924351310357451, 5004296.467528944835067 ], [ 15425178.281315905973315, 5004296.497073600068688 ], [ 15425178.647829735651612, 5004296.502869378775358 ], [ 15425179.020774116739631, 5004296.492850976064801 ], [ 15425179.397002773359418, 5004296.474953059107065 ] ] } },
{ "type": "Feature", "properties": { "type": 126, "Name": null, "VALIDATION_ERRORS": "" }, "geometry": { "type": "LineString", "coordinates": [ [ 15425178.357364749535918, 5004295.058810415677726 ], [ 15425178.697383606806397, 5004295.076970509253442 ], [ 15425179.037264501675963, 5004295.096455353312194 ], [ 15425179.376965949311852, 5004295.118672496639192 ], [ 15425179.716474207118154, 5004295.144988073036075 ], [ 15425180.055747935548425, 5004295.176782045513391 ], [ 15425180.394773220643401, 5004295.215461953543127 ], [ 15425180.73350871168077, 5004295.262380146421492 ], [ 15425181.071954442188144, 5004295.318930346518755 ], [ 15425181.399746937677264, 5004295.384974598884583 ], [ 15425181.723220249637961, 5004295.46629486605525 ], [ 15425182.038731226697564, 5004295.567845133133233 ], [ 15425182.342609306797385, 5004295.694634629413486 ], [ 15425182.672016384080052, 5004295.873282527551055 ], [ 15425182.986947795376182, 5004296.07999852951616 ], [ 15425183.293295970186591, 5004296.303729289211333 ], [ 15425183.596953192725778, 5004296.533393803983927 ], [ 15425183.903784358873963, 5004296.757924920879304 ], [ 15425184.219709312543273, 5004296.966269260272384 ], [ 15425184.511844037100673, 5004297.130965896882117 ], [ 15425184.813238171860576, 5004297.278316599316895 ], [ 15425185.121628681197762, 5004297.412695812992752 ], [ 15425185.434724738821387, 5004297.538436545059085 ], [ 15425185.750263364985585, 5004297.659885654225945 ] ] } },
{ "type": "Feature", "properties": { "type": 127, "Name": null, "VALIDATION_ERRORS": "" }, "geometry": { "type": "LineString", "coordinates": [ [ 15425174.256618717685342, 5004298.555816011503339 ], [ 15425174.586053362116218, 5004298.400751401670277 ], [ 15425174.915336245670915, 5004298.24547980632633 ], [ 15425175.244508689269423, 5004298.089711427688599 ], [ 15425175.573612185195088, 5004297.933142689056695 ], [ 15425175.902701867744327, 5004297.775497591122985 ], [ 15425176.214445581659675, 5004297.625524976290762 ], [ 15425176.527031099423766, 5004297.477511904202402 ], [ 15425176.841603795066476, 5004297.334508029744029 ], [ 15425177.159295110031962, 5004297.199604443274438 ], [ 15425177.481278041377664, 5004297.075837019830942 ], [ 15425177.808684205636382, 5004296.966269260272384 ], [ 15425178.167594512924552, 5004296.865533173084259 ], [ 15425178.530203076079488, 5004296.775408851914108 ], [ 15425178.892894500866532, 5004296.686374688521028 ], [ 15425179.252108370885253, 5004296.588895246386528 ], [ 15425179.604243161156774, 5004296.473435131832957 ], [ 15425179.945683358237147, 5004296.330458839423954 ], [ 15425180.243889851495624, 5004296.174814658239484 ], [ 15425180.539226049557328, 5004296.012781334109604 ], [ 15425180.840923769399524, 5004295.868038722313941 ], [ 15425181.139378609135747, 5004295.763383574783802 ], [ 15425181.448045091703534, 5004295.686520539224148 ], [ 15425181.763597486540675, 5004295.628176406957209 ], [ 15425182.082696346566081, 5004295.579036493785679 ] ] } },
{ "type": "Feature", "properties": { "type": 128, "Name": null, "VALIDATION_ERRORS": "" }, "geometry": { "type": "LineString", "coordinates": [ [ 15425179.483635826036334, 5004298.72922011371702 ], [ 15425178.877190688624978, 5004296.648357167840004 ] ] } },
{ "type": "Feature", "properties": { "type": 129, "Name": null, "VALIDATION_ERRORS": "" }, "geometry": { "type": "LineString", "coordinates": [ [ 15425168.740820167586207, 5004305.867725534364581 ], [ 15425168.47595320828259, 5004305.539781212806702 ], [ 15425168.218910561874509, 5004305.20728307031095 ], [ 15425167.977350877597928, 5004304.865415090695024 ], [ 15425167.758960513398051, 5004304.509388849139214 ], [ 15425167.576973149552941, 5004304.155736110173166 ], [ 15425167.411213958635926, 5004303.79254796449095 ], [ 15425167.249815387651324, 5004303.427000090479851 ], [ 15425167.080896152183414, 5004303.066268236376345 ], [ 15425166.892602389678359, 5004302.717528121545911 ], [ 15425166.65504458360374, 5004302.357803626917303 ], [ 15425166.386272387579083, 5004302.018681732937694 ], [ 15425166.091888340190053, 5004301.697568155825138 ], [ 15425165.777481282129884, 5004301.391909974627197 ], [ 15425165.448681453242898, 5004301.099085298366845 ], [ 15425165.088018575683236, 5004300.795165839605033 ], [ 15425164.731978548690677, 5004300.490570214577019 ], [ 15425164.394967952743173, 5004300.172326910309494 ], [ 15425164.091379718855023, 5004299.827450648881495 ], [ 15425163.857644347473979, 5004299.490702282637358 ], [ 15425163.651825292035937, 5004299.131764348596334 ], [ 15425163.463641976937652, 5004298.759427134878933 ], [ 15425163.28278617747128, 5004298.382411921396852 ], [ 15425163.127473151311278, 5004298.061933107674122 ], [ 15425162.971028601750731, 5004297.743758802302182 ], [ 15425162.814280470833182, 5004297.426881653256714 ], [ 15425162.658029107376933, 5004297.110266701318324 ], [ 15425162.503074882552028, 5004296.792865170165896 ], [ 15425162.329988179728389, 5004296.432133313268423 ], [ 15425162.158212436363101, 5004296.070366494357586 ], [ 15425161.986077914014459, 5004295.708503092639148 ], [ 15425161.811956213787198, 5004295.347467646002769 ], [ 15425161.634219096973538, 5004294.988170935772359 ], [ 15425161.451210586354136, 5004294.631537525914609 ], [ 15425161.261288514360785, 5004294.278491977602243 ], [ 15425161.098234022036195, 5004293.990483314730227 ], [ 15425160.928831765428185, 5004293.706310897134244 ], [ 15425160.752391772344708, 5004293.426457723602653 ], [ 15425160.568210316821933, 5004293.151365361176431 ], [ 15425160.336889838799834, 5004292.827091690152884 ], [ 15425160.099704628810287, 5004292.507013060152531 ], [ 15425159.862657370045781, 5004292.187210419215262 ], [ 15425159.631764708086848, 5004291.863806122913957 ], [ 15425159.413070758804679, 5004291.532922528684139 ], [ 15425159.231828549876809, 5004291.228575287386775 ], [ 15425159.062840277329087, 5004290.916872932575643 ], [ 15425158.903635868802667, 5004290.599278210662305 ], [ 15425158.751758942380548, 5004290.277226271107793 ], [ 15425158.604725619778037, 5004289.952138428576291 ], [ 15425158.460079615935683, 5004289.625463669188321 ] ] } },
{ "type": "Feature", "properties": { "type": 130, "Name": null, "VALIDATION_ERRORS": "" }, "geometry": { "type": "LineString", "coordinates": [ [ 15425166.170641945675015, 5004301.73490949999541 ], [ 15425166.500835554674268, 5004301.717880968935788 ], [ 15425166.830794600769877, 5004301.700811033137143 ], [ 15425167.160408636555076, 5004301.683547894470394 ], [ 15425167.489539703354239, 5004301.665994969196618 ], [ 15425167.818049805238843, 5004301.648028064519167 ], [ 15425168.145814752206206, 5004301.629509180784225 ], [ 15425168.472710309550166, 5004301.610341725870967 ], [ 15425168.798584727570415, 5004301.590401496738195 ], [ 15425169.142412265762687, 5004301.568267150782049 ], [ 15425169.485425578430295, 5004301.544532065279782 ], [ 15425169.828259499743581, 5004301.518478673882782 ], [ 15425170.171548845246434, 5004301.489347998984158 ], [ 15425170.515942132100463, 5004301.456450071185827 ], [ 15425170.862087959423661, 5004301.419039716012776 ], [ 15425171.210634866729379, 5004301.376385566778481 ], [ 15425171.56220387481153, 5004301.327783844433725 ], [ 15425171.917457344010472, 5004301.272489394061267 ], [ 15425172.257020803168416, 5004301.211840731091797 ], [ 15425172.591492319479585, 5004301.135626273229718 ], [ 15425172.912136698141694, 5004301.034834972582757 ], [ 15425173.210191370919347, 5004300.900428170338273 ], [ 15425173.476907463744283, 5004300.723381012678146 ], [ 15425173.726939978078008, 5004300.474507643841207 ], [ 15425173.941259505227208, 5004300.181931347586215 ], [ 15425174.132768509909511, 5004299.863839840516448 ], [ 15425174.31438329257071, 5004299.538448417559266 ], [ 15425174.476802987977862, 5004299.254151820205152 ], [ 15425174.640644041821361, 5004298.975802771747112 ], [ 15425174.805313112214208, 5004298.700324029661715 ] ] } },
{ "type": "Feature", "properties": { "type": 131, "Name": null, "VALIDATION_ERRORS": "" }, "geometry": { "type": "LineString", "coordinates": [ [ 15425176.769046174362302, 5004302.197315839119256 ], [ 15425176.738728756085038, 5004301.864458899945021 ], [ 15425176.707831738516688, 5004301.531781358644366 ], [ 15425176.675789384171367, 5004301.199297024868429 ], [ 15425176.64200827293098, 5004300.867019665427506 ], [ 15425176.605908898636699, 5004300.534976893104613 ], [ 15425176.566897811368108, 5004300.203154928050935 ], [ 15425176.524823227897286, 5004299.873113084584475 ], [ 15425176.480002539232373, 5004299.543512827716768 ], [ 15425176.433111963793635, 5004299.214216154068708 ], [ 15425176.384841417893767, 5004298.88502989243716 ], [ 15425176.335880937054753, 5004298.555816011503339 ] ] } },
{ "type": "Feature", "properties": { "type": 132, "Name": null, "VALIDATION_ERRORS": "" }, "geometry": { "type": "LineString", "coordinates": [ [ 15425158.54671267233789, 5004298.613621976226568 ], [ 15425158.911460159346461, 5004298.630967904813588 ], [ 15425159.27609726972878, 5004298.648382847197354 ], [ 15425159.640665365383029, 5004298.665935748256743 ], [ 15425160.005192058160901, 5004298.683681872673333 ], [ 15425160.369704997166991, 5004298.7017039693892 ], [ 15425160.734231689944863, 5004298.720071068033576 ], [ 15425161.098799781873822, 5004298.738852133974433 ], [ 15425161.463436873629689, 5004298.758116189390421 ], [ 15425161.805304886773229, 5004298.776662671007216 ], [ 15425162.14703487418592, 5004298.795595541596413 ], [ 15425162.488682029768825, 5004298.814845806919038 ], [ 15425162.830329267308116, 5004298.834330638870597 ], [ 15425163.172017829492688, 5004298.853981087915599 ], [ 15425163.513816809281707, 5004298.873728123493493 ] ] } },
{ "type": "Feature", "properties": { "type": 133, "Name": null, "VALIDATION_ERRORS": "" }, "geometry": { "type": "LineString", "coordinates": [ [ 15425170.38690329529345, 5004300.029750820249319 ], [ 15425170.047036258503795, 5004300.001185923814774 ], [ 15425169.707293389365077, 5004299.97223465051502 ], [ 15425169.36770230345428, 5004299.942552003078163 ], [ 15425169.028276851400733, 5004299.911737800575793 ], [ 15425168.689003141596913, 5004299.879419441334903 ], [ 15425168.349922681227326, 5004299.845210563391447 ], [ 15425168.011021548882127, 5004299.808752390556037 ], [ 15425167.672327456995845, 5004299.769644690677524 ], [ 15425167.330376679077744, 5004299.727335510775447 ], [ 15425166.988770904019475, 5004299.683094431646168 ], [ 15425166.647303098812699, 5004299.63806676864624 ], [ 15425166.305793905630708, 5004299.593370289541781 ], [ 15425165.964077716693282, 5004299.550150368362665 ], [ 15425165.621947525069118, 5004299.509538543410599 ], [ 15425165.314343618229032, 5004299.476005837321281 ], [ 15425165.006546521559358, 5004299.445012234151363 ], [ 15425164.698583828285336, 5004299.416033358313143 ], [ 15425164.390455523505807, 5004299.388558615930378 ], [ 15425164.082175454124808, 5004299.36210504360497 ], [ 15425163.773715997114778, 5004299.336134450510144 ] ] } },
{ "type": "Feature", "properties": { "type": 134, "Name": null, "VALIDATION_ERRORS": "" }, "geometry": { "type": "LineString", "coordinates": [ [ 15425160.221664300188422, 5004301.503699442371726 ], [ 15425160.064308980479836, 5004301.161279485560954 ], [ 15425159.923913231119514, 5004300.815658045001328 ], [ 15425159.817367536947131, 5004300.463274865411222 ], [ 15425159.760320542380214, 5004300.132225668989122 ], [ 15425159.737482411786914, 5004299.794580321758986 ], [ 15425159.74025615118444, 5004299.451953368261456 ], [ 15425159.760113524273038, 5004299.105931743048131 ], [ 15425159.788485245779157, 5004298.758116189390421 ] ] } },
{ "type": "Feature", "properties": { "type": 135, "Name": null, "VALIDATION_ERRORS": "" }, "geometry": { "type": "LineString", "coordinates": [ [ 15425163.167270826175809, 5004303.61345848813653 ], [ 15425162.977679966017604, 5004303.311622755602002 ], [ 15425162.796506771817803, 5004303.007316926494241 ], [ 15425162.632168931886554, 5004302.697863882407546 ], [ 15425162.493056489154696, 5004302.380586536601186 ], [ 15425162.38755957596004, 5004302.052807820960879 ], [ 15425162.330208977684379, 5004301.777177283540368 ], [ 15425162.292522652074695, 5004301.495723363943398 ], [ 15425162.266248455271125, 5004301.211026548407972 ], [ 15425162.243161944672465, 5004300.92568120546639 ], [ 15425162.217011986300349, 5004300.645124236121774 ], [ 15425162.187591498717666, 5004300.366043828427792 ], [ 15425162.156528884544969, 5004300.087556790560484 ] ] } },
{ "type": "Feature", "properties": { "type": 136, "Name": null, "VALIDATION_ERRORS": "" }, "geometry": { "type": "LineString", "coordinates": [ [ 15425165.390916874632239, 5004302.630826067179441 ], [ 15425165.48915527574718, 5004302.940900087356567 ], [ 15425165.584468195214868, 5004303.251388085074723 ], [ 15425165.673985300585628, 5004303.562897242605686 ], [ 15425165.75482258759439, 5004303.876062332652509 ], [ 15425165.824095929041505, 5004304.191476746462286 ], [ 15425165.884841157123446, 5004304.543018139898777 ], [ 15425165.930807190015912, 5004304.897181455977261 ], [ 15425165.964974654838443, 5004305.253456085920334 ], [ 15425165.990296686068177, 5004305.611372853629291 ], [ 15425166.009740142151713, 5004305.970421162433922 ], [ 15425166.02624430693686, 5004306.33013185299933 ] ] } },
{ "type": "Feature", "properties": { "type": 137, "Name": null, "VALIDATION_ERRORS": "" }, "geometry": { "type": "LineString", "coordinates": [ [ 15425168.596436323598027, 5004305.694321441464126 ], [ 15425168.630452023819089, 5004305.376450713723898 ], [ 15425168.66530947946012, 5004305.058662812225521 ], [ 15425168.70182285644114, 5004304.740792106837034 ], [ 15425168.740820167586207, 5004304.422686794772744 ], [ 15425168.778161508962512, 5004304.133781160227954 ], [ 15425168.813198374584317, 5004303.844875541515648 ], [ 15425168.840935265645385, 5004303.555859505198896 ], [ 15425168.856335492804646, 5004303.266650293022394 ], [ 15425168.854458751156926, 5004302.937215632759035 ], [ 15425168.834587523713708, 5004302.607822356745601 ], [ 15425168.801206601783633, 5004302.27841529995203 ], [ 15425168.758814634755254, 5004301.948925432749093 ], [ 15425168.711951671168208, 5004301.619297565892339 ] ] } },
{ "type": "Feature", "properties": { "type": 138, "Name": null, "VALIDATION_ERRORS": "" }, "geometry": { "type": "LineString", "coordinates": [ [ 15425170.011475032195449, 5004304.913989197462797 ], [ 15425170.005762042477727, 5004304.56707061547786 ], [ 15425169.999455681070685, 5004304.220290017314255 ], [ 15425169.991934994235635, 5004303.873564635403454 ], [ 15425169.982606517150998, 5004303.526756437495351 ], [ 15425169.971553159877658, 5004303.194203090853989 ], [ 15425169.95865067280829, 5004302.861801533959806 ], [ 15425169.944271614775062, 5004302.529510378837585 ], [ 15425169.928788619115949, 5004302.197260637767613 ], [ 15425169.912560427561402, 5004301.864983279258013 ], [ 15425169.895973498001695, 5004301.532595526427031 ] ] } },
{ "type": "Feature", "properties": { "type": 139, "Name": null, "VALIDATION_ERRORS": "" }, "geometry": { "type": "LineString", "coordinates": [ [ 15425175.469522813335061, 5004304.018072644248605 ], [ 15425175.25102205388248, 5004303.729746587574482 ], [ 15425175.035225993022323, 5004303.439888789318502 ], [ 15425174.824715120717883, 5004303.146815726533532 ], [ 15425174.622069993987679, 5004302.848788646049798 ], [ 15425174.429898599162698, 5004302.544124028645456 ], [ 15425174.238707015290856, 5004302.212053652852774 ], [ 15425174.057506209239364, 5004301.873911541886628 ], [ 15425173.881204223260283, 5004301.532595526427031 ] ] } },
{ "type": "Feature", "properties": { "type": 140, "Name": null, "VALIDATION_ERRORS": "" }, "geometry": { "type": "LineString", "coordinates": [ [ 15425158.777743326500058, 5004297.659885654225945 ], [ 15425159.094827452674508, 5004297.643974866718054 ], [ 15425159.411097457632422, 5004297.625028203241527 ], [ 15425159.725890884175897, 5004297.599982168525457 ], [ 15425160.038559203967452, 5004297.56575948279351 ], [ 15425160.348426209762692, 5004297.519324287772179 ], [ 15425160.654843369498849, 5004297.457585480064154 ], [ 15425161.026559581980109, 5004297.357953330501914 ], [ 15425161.39297684840858, 5004297.23613163176924 ], [ 15425161.755461202934384, 5004297.097653983160853 ], [ 15425162.115406496450305, 5004296.948053970001638 ], [ 15425162.474192595109344, 5004296.792865170165896 ] ] } },
{ "type": "Feature", "properties": { "type": 141, "Name": null, "VALIDATION_ERRORS": "" }, "geometry": { "type": "LineString", "coordinates": [ [ 15425162.849607104435563, 5004297.284181371331215 ], [ 15425162.833171932026744, 5004296.930694251321256 ], [ 15425162.813659509643912, 5004296.577510688453913 ], [ 15425162.787937307730317, 5004296.224782531149685 ], [ 15425162.752845255658031, 5004295.872647750191391 ], [ 15425162.705223286524415, 5004295.521230529993773 ], [ 15425162.637757686898112, 5004295.150231872685254 ], [ 15425162.549882689490914, 5004294.783690434880555 ], [ 15425162.438603775575757, 5004294.424655918963253 ], [ 15425162.3009127471596, 5004294.076191794127226 ], [ 15425162.128860967233777, 5004293.728431443683803 ], [ 15425161.932232389226556, 5004293.392897420562804 ], [ 15425161.717788653448224, 5004293.066636619158089 ], [ 15425161.492319205775857, 5004292.746751195751131 ], [ 15425161.235152306035161, 5004292.397569488734007 ], [ 15425160.967484088614583, 5004292.058613192290068 ], [ 15425160.683725660666823, 5004291.735222700051963 ], [ 15425160.350675547495484, 5004291.404063107445836 ], [ 15425159.997119380161166, 5004291.093381912447512 ], [ 15425159.628163067623973, 5004290.797990536317229 ], [ 15425159.248884717002511, 5004290.512714168056846 ], [ 15425158.864376382902265, 5004290.232378005981445 ] ] } },
{ "type": "Feature", "properties": { "type": 142, "Name": null, "VALIDATION_ERRORS": "" }, "geometry": { "type": "LineString", "coordinates": [ [ 15425158.460079615935683, 5004286.446370178833604 ], [ 15425158.788065342232585, 5004286.772561961784959 ], [ 15425159.119956282898784, 5004287.093137358315289 ], [ 15425159.459837159141898, 5004287.402604206465185 ], [ 15425159.811778763309121, 5004287.695456487126648 ], [ 15425160.179879562929273, 5004287.966188217513263 ], [ 15425160.568210316821933, 5004288.209321017377079 ], [ 15425160.925671705976129, 5004288.398497898131609 ], [ 15425161.289563639089465, 5004288.578153165057302 ], [ 15425161.648004768416286, 5004288.764363150112331 ], [ 15425161.989086179062724, 5004288.973231877200305 ], [ 15425162.3009127471596, 5004289.220849506556988 ], [ 15425162.595365768298507, 5004289.537478260695934 ], [ 15425162.868498569354415, 5004289.879622233100235 ], [ 15425163.146626817062497, 5004290.210298852063715 ], [ 15425163.4560522492975, 5004290.492484141141176 ], [ 15425163.724493293091655, 5004290.655980224721134 ], [ 15425164.01850469969213, 5004290.781403574161232 ], [ 15425164.330772841349244, 5004290.880069760605693 ], [ 15425164.654025355353951, 5004290.963239149190485 ], [ 15425164.980962323024869, 5004291.042227291502059 ], [ 15425165.304283821955323, 5004291.128308363258839 ], [ 15425165.643543669953942, 5004291.239697652868927 ], [ 15425165.971777798607945, 5004291.369978412985802 ], [ 15425166.291152646765113, 5004291.516694354824722 ], [ 15425166.603820974007249, 5004291.677416736260056 ], [ 15425166.915385341271758, 5004291.851110617630184 ], [ 15425167.224493371322751, 5004292.030531275086105 ], [ 15425167.533753225579858, 5004292.209813952445984 ], [ 15425167.84580054692924, 5004292.383066262118518 ], [ 15425168.163257295265794, 5004292.544451016001403 ], [ 15425168.46814270876348, 5004292.68112092744559 ], [ 15425168.778879089280963, 5004292.804225978441536 ], [ 15425169.094514260068536, 5004292.91605684813112 ], [ 15425169.414082309231162, 5004293.018862877972424 ], [ 15425169.736644877120852, 5004293.114920971915126 ], [ 15425170.061235884204507, 5004293.206494223326445 ], [ 15425170.38690329529345, 5004293.295873364433646 ] ] } },
{ "type": "Feature", "properties": { "type": 143, "Name": null, "VALIDATION_ERRORS": "" }, "geometry": { "type": "LineString", "coordinates": [ [ 15425163.253903890028596, 5004296.503862941637635 ], [ 15425163.400826813653111, 5004296.1468845307827 ], [ 15425163.555339423939586, 5004295.794073587283492 ], [ 15425163.725197063758969, 5004295.449349110014737 ], [ 15425163.918113609775901, 5004295.11661637108773 ], [ 15425164.155174626037478, 5004294.771050143055618 ], [ 15425164.39666529931128, 5004294.429389147087932 ], [ 15425164.611205624416471, 5004294.076191794127226 ], [ 15425164.76076421700418, 5004293.737911680713296 ], [ 15425164.872194910421968, 5004293.382451212033629 ], [ 15425164.955046912655234, 5004293.014060662128031 ], [ 15425165.01888326369226, 5004292.636976443231106 ], [ 15425165.073253130540252, 5004292.255434994585812 ] ] } },
{ "type": "Feature", "properties": { "type": 144, "Name": null, "VALIDATION_ERRORS": "" }, "geometry": { "type": "LineString", "coordinates": [ [ 15425162.93624016083777, 5004296.87956721894443 ], [ 15425163.261686759069562, 5004296.880477976985276 ], [ 15425163.587009200826287, 5004296.881333543919027 ], [ 15425163.912179825827479, 5004296.88203732483089 ], [ 15425164.237198648974299, 5004296.882465115748346 ], [ 15425164.56203812174499, 5004296.88253410346806 ], [ 15425164.886684348806739, 5004296.882133928127587 ], [ 15425165.211109833791852, 5004296.881181748583913 ], [ 15425165.535314468666911, 5004296.87956721894443 ], [ 15425165.875126348808408, 5004296.876903921365738 ], [ 15425166.214606998488307, 5004296.872212092392147 ], [ 15425166.553949682042003, 5004296.864249815233052 ], [ 15425166.89331996999681, 5004296.851761285215616 ], [ 15425167.232869638130069, 5004296.833477004431188 ], [ 15425167.57279191724956, 5004296.808141183108091 ], [ 15425167.913252329453826, 5004296.774498087354004 ], [ 15425168.254402758553624, 5004296.731291956268251 ], [ 15425168.596436323598027, 5004296.677267035469413 ], [ 15425168.920834181830287, 5004296.614286268129945 ], [ 15425169.24100942723453, 5004296.535656919702888 ], [ 15425169.552035583183169, 5004296.436493939720094 ], [ 15425169.849000094458461, 5004296.311926160007715 ], [ 15425170.126990372315049, 5004296.157054758630693 ], [ 15425170.450311871245503, 5004295.911093056201935 ], [ 15425170.743950700387359, 5004295.622077034786344 ], [ 15425171.01789771206677, 5004295.304302928969264 ], [ 15425171.282129911705852, 5004294.972108362242579 ] ] } },
{ "type": "Feature", "properties": { "type": 145, "Name": null, "VALIDATION_ERRORS": "" }, "geometry": { "type": "LineString", "coordinates": [ [ 15425158.200166655704379, 5004283.469590657390654 ], [ 15425158.538460565730929, 5004283.629374680109322 ], [ 15425158.877306478098035, 5004283.789600284770131 ], [ 15425159.217380518093705, 5004283.950847045518458 ], [ 15425159.5593865159899, 5004284.113722149282694 ], [ 15425159.904000597074628, 5004284.278818973340094 ], [ 15425160.278600899502635, 5004284.462462279014289 ], [ 15425160.64337601326406, 5004284.660526022315025 ], [ 15425160.985023213550448, 5004284.884477546438575 ], [ 15425161.29017080180347, 5004285.145839457400143 ], [ 15425161.534600770100951, 5004285.429653075523674 ], [ 15425161.750934982672334, 5004285.741686624474823 ], [ 15425161.954794546589255, 5004286.067864610813558 ], [ 15425162.161800282076001, 5004286.394152994267642 ], [ 15425162.38755957596004, 5004286.706476316787302 ], [ 15425162.673981299623847, 5004287.032254116609693 ], [ 15425162.965784819796681, 5004287.350318025797606 ], [ 15425163.225035412237048, 5004287.689108728431165 ], [ 15425163.402731141075492, 5004288.023662987165153 ], [ 15425163.534322855994105, 5004288.384132653474808 ], [ 15425163.629332149401307, 5004288.758443187922239 ], [ 15425163.685730597004294, 5004289.065315717831254 ], [ 15425163.727087577804923, 5004289.372905833646655 ], [ 15425163.756425270810723, 5004289.681103120557964 ], [ 15425163.776779478415847, 5004289.989783383905888 ], [ 15425163.791158517822623, 5004290.298822432756424 ], [ 15425163.80259826593101, 5004290.608096080832183 ] ] } },
{ "type": "Feature", "properties": { "type": 146, "Name": null, "VALIDATION_ERRORS": "" }, "geometry": { "type": "LineString", "coordinates": [ [ 15425165.564196759834886, 5004289.885569813661277 ], [ 15425165.767752697691321, 5004290.173523274250329 ], [ 15425165.964933270588517, 5004290.464705811813474 ], [ 15425166.149445941671729, 5004290.762539703398943 ], [ 15425166.31502572260797, 5004291.070502399466932 ], [ 15425166.450591688975692, 5004291.371013374999166 ], [ 15425166.574938701465726, 5004291.677416736260056 ] ] } },
{ "type": "Feature", "properties": { "type": 147, "Name": null, "VALIDATION_ERRORS": "" }, "geometry": { "type": "LineString", "coordinates": [ [ 15425166.719336314126849, 5004289.769971675239503 ], [ 15425166.836369561031461, 5004290.072925171814859 ], [ 15425166.952754316851497, 5004290.376002853736281 ], [ 15425167.067952221259475, 5004290.679508314467967 ], [ 15425167.181383846327662, 5004290.983800345100462 ], [ 15425167.291765766218305, 5004291.286546842195094 ], [ 15425167.400339970365167, 5004291.589845325797796 ], [ 15425167.507727401331067, 5004291.893571577966213 ], [ 15425167.614562915638089, 5004292.197642823681235 ] ] } },
{ "type": "Feature", "properties": { "type": 148, "Name": null, "VALIDATION_ERRORS": "" }, "geometry": { "type": "LineString", "coordinates": [ [ 15425163.369419189170003, 5004297.284181371331215 ], [ 15425163.616236502304673, 5004297.643353896215558 ], [ 15425163.872796127572656, 5004297.993184174410999 ], [ 15425164.149144256487489, 5004298.324605949223042 ], [ 15425164.461191622540355, 5004298.63935798406601 ], [ 15425164.796546233817935, 5004298.931975671090186 ], [ 15425165.147535683587193, 5004299.209910726174712 ], [ 15425165.506432177498937, 5004299.480642463080585 ] ] } },
{ "type": "Feature", "properties": { "type": 149, "Name": null, "VALIDATION_ERRORS": "" }, "geometry": { "type": "LineString", "coordinates": [ [ 15425169.405029868707061, 5004298.035603723488748 ], [ 15425170.011475032195449, 5004296.128144873306155 ] ] } },
{ "type": "Feature", "properties": { "type": 150, "Name": null, "VALIDATION_ERRORS": "" }, "geometry": { "type": "LineString", "coordinates": [ [ 15425170.906715402379632, 5004298.295709870755672 ], [ 15425170.752837551757693, 5004298.59474431257695 ], [ 15425170.584470259025693, 5004298.878971922211349 ], [ 15425170.38690329529345, 5004299.133834264241159 ], [ 15425170.122988531365991, 5004299.368825382553041 ], [ 15425169.819234667345881, 5004299.563356459140778 ], [ 15425169.48887543566525, 5004299.730978575535119 ], [ 15425169.145130725577474, 5004299.885256607085466 ] ] } },
{ "type": "Feature", "properties": { "type": 151, "Name": null, "VALIDATION_ERRORS": "" }, "geometry": { "type": "LineString", "coordinates": [ [ 15425172.09073725156486, 5004299.654046561568975 ], [ 15425170.820082345977426, 5004300.665575058199465 ] ] } },
{ "type": "Feature", "properties": { "type": 152, "Name": null, "VALIDATION_ERRORS": "" }, "geometry": { "type": "LineString", "coordinates": [ [ 15425170.646802479401231, 5004292.342137033119798 ], [ 15425170.999144254252315, 5004292.338135189376771 ], [ 15425171.351389421150088, 5004292.334588722325861 ], [ 15425171.703496603295207, 5004292.331980631686747 ], [ 15425172.055452002212405, 5004292.330780072137713 ], [ 15425172.407228009775281, 5004292.331470054574311 ], [ 15425172.758824603632092, 5004292.334505923092365 ], [ 15425173.110200406983495, 5004292.340384510345757 ], [ 15425173.46132786758244, 5004292.349574955180287 ], [ 15425173.812206881120801, 5004292.362532657571137 ], [ 15425174.162809936329722, 5004292.379754394292831 ], [ 15425174.513095578178763, 5004292.401695533655584 ], [ 15425174.863077672198415, 5004292.428839087486267 ], [ 15425175.224692700430751, 5004292.462633985094726 ], [ 15425175.585866140201688, 5004292.501396682113409 ], [ 15425175.946708345785737, 5004292.544064632616937 ], [ 15425176.307316025719047, 5004292.5895752646029 ], [ 15425176.667840896174312, 5004292.636866034939885 ], [ 15425177.028365766629577, 5004292.684846775606275 ], [ 15425177.38901480846107, 5004292.732454949989915 ], [ 15425177.749898472800851, 5004292.778627966530621 ], [ 15425178.111154699698091, 5004292.822275672107935 ], [ 15425178.472880089655519, 5004292.862349322065711 ], [ 15425178.80168, 5004292.895067863166332 ], [ 15425179.130617877468467, 5004292.925192100927234 ], [ 15425179.459610978141427, 5004292.953991588205099 ], [ 15425179.788507429882884, 5004292.982735865749419 ], [ 15425180.11719691939652, 5004293.012680722400546 ], [ 15425180.445569032803178, 5004293.045109466649592 ], [ 15425180.77348574437201, 5004293.081277857534587 ], [ 15425181.100822916254401, 5004293.122469262219965 ], [ 15425181.410068975761533, 5004293.166875961236656 ], [ 15425181.718583611771464, 5004293.215960655361414 ], [ 15425182.026573913171887, 5004293.268785011023283 ], [ 15425182.334205431863666, 5004293.324410662986338 ], [ 15425182.641643768176436, 5004293.38191303703934 ], [ 15425182.949054466560483, 5004293.440367589704692 ] ] } },
{ "type": "Feature", "properties": { "type": 153, "Name": null, "VALIDATION_ERRORS": "" }, "geometry": { "type": "LineString", "coordinates": [ [ 15425176.855693029239774, 5004296.070338908582926 ], [ 15425176.938020637258887, 5004295.784193174913526 ], [ 15425177.03075304441154, 5004295.503194641321898 ], [ 15425177.144474441185594, 5004295.232228307984769 ], [ 15425177.354667929932475, 5004294.871206665411592 ], [ 15425177.610717019066215, 5004294.535824421793222 ], [ 15425177.895317258313298, 5004294.220699824392796 ], [ 15425178.229816319420934, 5004293.885993746109307 ], [ 15425178.574582183733582, 5004293.565763323567808 ], [ 15425178.926261587068439, 5004293.255095936357975 ], [ 15425179.281487448140979, 5004292.94905137270689 ] ] } },
{ "type": "Feature", "properties": { "type": 154, "Name": null, "VALIDATION_ERRORS": "" }, "geometry": { "type": "LineString", "coordinates": [ [ 15425180.754290716722608, 5004295.261124382726848 ], [ 15425180.176714023575187, 5004293.006857333704829 ] ] } },
{ "type": "Feature", "properties": { "type": 155, "Name": null, "VALIDATION_ERRORS": "" }, "geometry": { "type": "LineString", "coordinates": [ [ 15425179.599151177331805, 5004292.94905137270689 ], [ 15425179.445728683844209, 5004292.613751933909953 ], [ 15425179.292499439790845, 5004292.278466305695474 ], [ 15425179.139656526967883, 5004291.943097873590887 ], [ 15425178.98732421733439, 5004291.607536237686872 ], [ 15425178.835654275491834, 5004291.271684821695089 ], [ 15425178.684826107695699, 5004290.93541941139847 ], [ 15425178.534963911399245, 5004290.598657249473035 ], [ 15425178.386247077956796, 5004290.26128787919879 ], [ 15425178.240234924480319, 5004289.926650822162628 ], [ 15425178.095340495929122, 5004289.591668768785894 ], [ 15425177.951246464625001, 5004289.256383128464222 ], [ 15425177.807663014158607, 5004288.920835306867957 ], [ 15425177.664286548271775, 5004288.585039080120623 ] ] } },
{ "type": "Feature", "properties": { "type": 156, "Name": null, "VALIDATION_ERRORS": "" }, "geometry": { "type": "LineString", "coordinates": [ [ 15425166.574938701465726, 5004286.648684151470661 ], [ 15425166.750495517626405, 5004286.2988814804703 ], [ 15425166.927970448508859, 5004285.950389745645225 ], [ 15425167.10941961966455, 5004285.604216334410012 ], [ 15425167.296899190172553, 5004285.261437586508691 ], [ 15425167.494576530531049, 5004284.918465632013977 ], [ 15425167.699471013620496, 5004284.579854333773255 ], [ 15425167.91068565659225, 5004284.245051680132747 ], [ 15425168.127323491498828, 5004283.913478097878397 ], [ 15425168.348501326516271, 5004283.584581606090069 ], [ 15425168.573308425024152, 5004283.257810246199369 ], [ 15425168.800861613824964, 5004282.932612024247646 ], [ 15425169.030277764424682, 5004282.608407342806458 ], [ 15425169.260646065697074, 5004282.284658078104258 ] ] } },
{ "type": "Feature", "properties": { "type": 157, "Name": null, "VALIDATION_ERRORS": "" }, "geometry": { "type": "LineString", "coordinates": [ [ 15425168.480921039357781, 5004283.556292711757123 ], [ 15425168.771579155698419, 5004283.533371784724295 ], [ 15425169.061395531520247, 5004283.516702032648027 ], [ 15425169.349763007834554, 5004283.512617381289601 ], [ 15425169.636060519143939, 5004283.527396627701819 ], [ 15425170.003140131011605, 5004283.581435329280794 ], [ 15425170.365431359037757, 5004283.670538496226072 ], [ 15425170.723223919048905, 5004283.787530369125307 ], [ 15425171.076821448281407, 5004283.92523524351418 ], [ 15425171.426527531817555, 5004284.076504994183779 ], [ 15425171.769057905301452, 5004284.233391125686467 ], [ 15425172.108510950580239, 5004284.394706885330379 ], [ 15425172.445659535005689, 5004284.55874115228653 ], [ 15425172.781234940513968, 5004284.723727574571967 ], [ 15425173.115968590602279, 5004284.887927423231304 ], [ 15425173.450619475916028, 5004285.049588175490499 ], [ 15425173.785932725295424, 5004285.206957295536995 ], [ 15425174.122639698907733, 5004285.358296030201018 ], [ 15425174.461499383673072, 5004285.50185189396143 ], [ 15425174.803256979212165, 5004285.635886108502746 ], [ 15425175.14863002486527, 5004285.75863235630095 ], [ 15425175.498405104503036, 5004285.868365721777081 ], [ 15425175.82325835339725, 5004285.95644770655781 ], [ 15425176.15183742903173, 5004286.033462533727288 ], [ 15425176.483783585950732, 5004286.100831520743668 ], [ 15425176.818696649745107, 5004286.159948443062603 ], [ 15425177.156204035505652, 5004286.212220810353756 ], [ 15425177.495960639789701, 5004286.259056207723916 ], [ 15425177.837552642449737, 5004286.301875949837267 ], [ 15425178.148413235321641, 5004286.339769291691482 ], [ 15425178.456569137051702, 5004286.384727952070534 ], [ 15425178.758446281775832, 5004286.446052786894143 ], [ 15425179.050456756725907, 5004286.533072217367589 ], [ 15425179.396478416398168, 5004286.685459732078016 ], [ 15425179.727927790954709, 5004286.875616380944848 ], [ 15425180.051552886143327, 5004287.087286387570202 ], [ 15425180.374115390703082, 5004287.304255397059023 ], [ 15425180.702377127483487, 5004287.51028143428266 ], [ 15425181.043072147294879, 5004287.689108728431165 ], [ 15425181.382815020158887, 5004287.823736324906349 ], [ 15425181.733473254367709, 5004287.932558910921216 ], [ 15425182.088906118646264, 5004288.029237968847156 ], [ 15425182.44295903109014, 5004288.127393575385213 ], [ 15425182.789477420970798, 5004288.240673402324319 ], [ 15425183.122320560738444, 5004288.382725110277534 ], [ 15425183.462325626984239, 5004288.578636145219207 ], [ 15425183.786861473694444, 5004288.806147951632738 ], [ 15425184.104193983599544, 5004289.0474454164505 ], [ 15425184.415316762402654, 5004289.283512893132865 ], [ 15425184.726894928142428, 5004289.516309880651534 ], [ 15425185.038831872865558, 5004289.746664371341467 ], [ 15425185.351100007072091, 5004289.975445736199617 ], [ 15425185.663630304858088, 5004290.203481915406883 ] ] } },
{ "type": "Feature", "properties": { "type": 158, "Name": null, "VALIDATION_ERRORS": "" }, "geometry": { "type": "LineString", "coordinates": [ [ 15425182.053814055398107, 5004292.37104691658169 ], [ 15425182.378570696339011, 5004292.074551571160555 ], [ 15425182.703285975381732, 5004291.778235645964742 ], [ 15425183.028139198198915, 5004291.482099086046219 ], [ 15425183.353351207450032, 5004291.186114336363971 ], [ 15425183.659216387197375, 5004290.908234481699765 ], [ 15425183.96517820097506, 5004290.630713406018913 ], [ 15425184.271277951076627, 5004290.353385522030294 ], [ 15425184.5775157045573, 5004290.076140445657074 ], [ 15425184.883919050917029, 5004289.798867759294808 ] ] } },
{ "type": "Feature", "properties": { "type": 159, "Name": null, "VALIDATION_ERRORS": "" }, "geometry": { "type": "LineString", "coordinates": [ [ 15425179.945683358237147, 5004289.509865527972579 ], [ 15425180.308457540348172, 5004289.449879261665046 ], [ 15425180.670803928747773, 5004289.388637228868902 ], [ 15425181.032529337331653, 5004289.324856081046164 ], [ 15425181.393385419622064, 5004289.257224911823869 ], [ 15425181.753137486055493, 5004289.184446507133543 ], [ 15425182.111578634008765, 5004289.105251374654472 ], [ 15425182.419306734576821, 5004289.031162042170763 ], [ 15425182.725903270766139, 5004288.952546474523842 ], [ 15425183.031685637310147, 5004288.870494840666652 ], [ 15425183.336985072121024, 5004288.786152514629066 ], [ 15425183.642132667824626, 5004288.700637236237526 ] ] } },
{ "type": "Feature", "properties": { "type": 160, "Name": null, "VALIDATION_ERRORS": "" }, "geometry": { "type": "LineString", "coordinates": [ [ 15425178.357364749535918, 5004288.44053107406944 ], [ 15425178.906059162691236, 5004286.504176133312285 ] ] } },
{ "type": "Feature", "properties": { "type": 161, "Name": null, "VALIDATION_ERRORS": "" }, "geometry": { "type": "LineString", "coordinates": [ [ 15425178.444011611863971, 5004286.388578004203737 ], [ 15425178.992692215368152, 5004282.775974267162383 ] ] } },
{ "type": "Feature", "properties": { "type": 162, "Name": null, "VALIDATION_ERRORS": "" }, "geometry": { "type": "LineString", "coordinates": [ [ 15425170.011475032195449, 5004291.272816381417215 ], [ 15425170.376595115289092, 5004290.921123165637255 ], [ 15425170.727694941684604, 5004290.558735397644341 ], [ 15425171.051113037392497, 5004290.174585834145546 ], [ 15425171.283841015771031, 5004289.840072962455451 ], [ 15425171.484278297051787, 5004289.480955651029944 ], [ 15425171.629131274297833, 5004289.165527444332838 ], [ 15425171.781574001535773, 5004288.857923530973494 ], [ 15425171.97522191144526, 5004288.585039080120623 ], [ 15425172.179426422342658, 5004288.4013681858778 ], [ 15425172.408400954678655, 5004288.238230897113681 ] ] } },
{ "type": "Feature", "properties": { "type": 163, "Name": null, "VALIDATION_ERRORS": "" }, "geometry": { "type": "LineString", "coordinates": [ [ 15425167.35466374643147, 5004288.729533299803734 ], [ 15425167.062087452039123, 5004288.462817214429379 ], [ 15425166.779626188799739, 5004288.186689887195826 ], [ 15425166.517187936231494, 5004287.891422704793513 ], [ 15425166.340803125873208, 5004287.654499666765332 ], [ 15425166.185407331213355, 5004287.403514974750578 ], [ 15425166.055126594379544, 5004287.140000355429947 ], [ 15425165.94640058465302, 5004286.847203282639384 ], [ 15425165.862831013277173, 5004286.545326148159802 ], [ 15425165.795986415818334, 5004286.237322058528662 ], [ 15425165.737462868914008, 5004285.926157880574465 ] ] } },
{ "type": "Feature", "properties": { "type": 164, "Name": null, "VALIDATION_ERRORS": "" }, "geometry": { "type": "LineString", "coordinates": [ [ 15425166.950353154912591, 5004288.209321017377079 ], [ 15425167.932226603850722, 5004287.25559847895056 ] ] } },
{ "type": "Feature", "properties": { "type": 165, "Name": null, "VALIDATION_ERRORS": "" }, "geometry": { "type": "LineString", "coordinates": [ [ 15425164.409043425694108, 5004288.874041308648884 ], [ 15425164.657047418877482, 5004288.54446866363287 ], [ 15425164.913896897807717, 5004288.223713859915733 ], [ 15425165.188768470659852, 5004287.92031878605485 ], [ 15425165.455926148220897, 5004287.667719550430775 ], [ 15425165.737435238435864, 5004287.429292369633913 ], [ 15425166.02624430693686, 5004287.197792520746589 ] ] } },
{ "type": "Feature", "properties": { "type": 166, "Name": null, "VALIDATION_ERRORS": "" }, "geometry": { "type": "LineString", "coordinates": [ [ 15425158.431197328492999, 5004277.11141746584326 ], [ 15425158.5726970564574, 5004277.448566026054323 ], [ 15425158.710553722456098, 5004277.786583957262337 ], [ 15425158.841207077726722, 5004278.126533832401037 ], [ 15425158.961055440828204, 5004278.469505753368139 ], [ 15425159.066524779424071, 5004278.816562340594828 ], [ 15425159.14599590562284, 5004279.128595871850848 ], [ 15425159.213613284751773, 5004279.443775697611272 ], [ 15425159.271750437095761, 5004279.761508416384459 ], [ 15425159.322780864313245, 5004280.081186849623919 ], [ 15425159.369091840460896, 5004280.402231448329985 ], [ 15425159.413070758804679, 5004280.724021200090647 ] ] } },
{ "type": "Feature", "properties": { "type": 167, "Name": null, "VALIDATION_ERRORS": "" }, "geometry": { "type": "LineString", "coordinates": [ [ 15425158.257931219413877, 5004286.12847185973078 ], [ 15425158.835494088009, 5004283.816398849710822 ] ] } },
{ "type": "Feature", "properties": { "type": 168, "Name": null, "VALIDATION_ERRORS": "" }, "geometry": { "type": "LineString", "coordinates": [ [ 15425159.153157817199826, 5004283.960906852968037 ], [ 15425159.307656632736325, 5004283.648900922387838 ], [ 15425159.463852820917964, 5004283.337515966035426 ], [ 15425159.623526448383927, 5004283.027138352394104 ], [ 15425159.788485245779157, 5004282.718168303370476 ], [ 15425159.94872466288507, 5004282.425302227027714 ], [ 15425160.0986282620579, 5004282.128641306422651 ], [ 15425160.221664300188422, 5004281.822251744568348 ], [ 15425160.30348134227097, 5004281.52218234911561 ], [ 15425160.366061938926578, 5004281.2153236027807 ] ] } },
{ "type": "Feature", "properties": { "type": 169, "Name": null, "VALIDATION_ERRORS": "" }, "geometry": { "type": "LineString", "coordinates": [ [ 15425160.828109486028552, 5004284.799031262286007 ], [ 15425161.021232986822724, 5004284.450498133897781 ], [ 15425161.185018857941031, 5004284.096127837896347 ], [ 15425161.29017080180347, 5004283.729696804657578 ], [ 15425161.319232502952218, 5004283.389167359098792 ], [ 15425161.308938076719642, 5004283.040441043674946 ], [ 15425161.29017080180347, 5004282.689272212795913 ], [ 15425161.287369495257735, 5004282.340407912619412 ], [ 15425161.299471633508801, 5004281.994068892672658 ], [ 15425161.319053096696734, 5004281.648833842948079 ] ] } },
{ "type": "Feature", "properties": { "type": 170, "Name": null, "VALIDATION_ERRORS": "" }, "geometry": { "type": "LineString", "coordinates": [ [ 15425171.137746093794703, 5004278.469754154793918 ], [ 15425171.250956924632192, 5004278.83105178643018 ], [ 15425171.36899752356112, 5004279.190086302347481 ], [ 15425171.496863400563598, 5004279.544773981906474 ], [ 15425171.639522289857268, 5004279.893003525212407 ], [ 15425171.801941985264421, 5004280.232705001719296 ], [ 15425172.038575263693929, 5004280.642963132821023 ], [ 15425172.310341952368617, 5004281.033115450292826 ], [ 15425172.613985417410731, 5004281.400208864361048 ], [ 15425172.946179987862706, 5004281.74130407627672 ], [ 15425173.303627556189895, 5004282.05344800837338 ], [ 15425173.625458700582385, 5004282.295366456732154 ], [ 15425173.959861138835549, 5004282.518531414680183 ], [ 15425174.303730087354779, 5004282.727662338875234 ], [ 15425174.653974363580346, 5004282.927506214939058 ], [ 15425175.007461490109563, 5004283.122782468795776 ] ] } },
{ "type": "Feature", "properties": { "type": 171, "Name": null, "VALIDATION_ERRORS": "" }, "geometry": { "type": "LineString", "coordinates": [ [ 15425177.462138189002872, 5004275.146152642555535 ], [ 15425177.629470517858863, 5004275.480182525701821 ], [ 15425177.799383314326406, 5004275.813039456494153 ], [ 15425177.974622769281268, 5004276.143647084012628 ], [ 15425178.157907316461205, 5004276.470942835323513 ], [ 15425178.351969176903367, 5004276.793891731649637 ], [ 15425178.559526963159442, 5004277.11141746584326 ], [ 15425178.869366372004151, 5004277.528451143763959 ], [ 15425179.221321752294898, 5004277.904127819463611 ], [ 15425179.628019647672772, 5004278.209648001007736 ], [ 15425179.963153464719653, 5004278.380002432502806 ], [ 15425180.308567939326167, 5004278.532003551721573 ], [ 15425180.63877541013062, 5004278.700964220799506 ], [ 15425180.996402328833938, 5004278.970591985620558 ], [ 15425181.30421325750649, 5004279.303172929212451 ], [ 15425181.57472419179976, 5004279.683017046190798 ], [ 15425181.820423690602183, 5004280.094420538283885 ], [ 15425182.053814055398107, 5004280.521707227453589 ] ] } },
{ "type": "Feature", "properties": { "type": 172, "Name": null, "VALIDATION_ERRORS": "" }, "geometry": { "type": "LineString", "coordinates": [ [ 15425180.061198702082038, 5004277.140313556417823 ], [ 15425180.408903853967786, 5004277.161730328574777 ], [ 15425180.756291629746556, 5004277.184430446475744 ], [ 15425181.103279234841466, 5004277.209669660776854 ], [ 15425181.449714811518788, 5004277.23878653999418 ], [ 15425181.795488065108657, 5004277.273036825470626 ], [ 15425182.140460902824998, 5004277.313717649318278 ], [ 15425182.496473362669349, 5004277.363588910549879 ], [ 15425182.851368037983775, 5004277.420773913152516 ], [ 15425183.205282943323255, 5004277.484375640749931 ], [ 15425183.558383679017425, 5004277.553483380004764 ], [ 15425183.910835849121213, 5004277.627186327241361 ], [ 15425184.262763680890203, 5004277.704546131193638 ], [ 15425184.614346465095878, 5004277.784679629839957 ], [ 15425184.965736100450158, 5004277.866634665988386 ], [ 15425185.317098123952746, 5004277.949541860260069 ] ] } },
{ "type": "Feature", "properties": { "type": 173, "Name": null, "VALIDATION_ERRORS": "" }, "geometry": { "type": "LineString", "coordinates": [ [ 15425173.303627556189895, 5004279.134474460966885 ], [ 15425173.516153113916516, 5004278.792040684260428 ], [ 15425173.735261062160134, 5004278.453608779236674 ], [ 15425173.9678372759372, 5004278.122945965267718 ], [ 15425174.188325157389045, 5004277.84292717743665 ], [ 15425174.427745906636119, 5004277.580171543173492 ], [ 15425174.689797768369317, 5004277.342613733373582 ], [ 15425174.929770482704043, 5004277.165621764957905 ], [ 15425175.182079942896962, 5004277.004526790231466 ], [ 15425175.440640544518828, 5004276.851311330683529 ] ] } },
{ "type": "Feature", "properties": { "type": 174, "Name": null, "VALIDATION_ERRORS": "" }, "geometry": { "type": "LineString", "coordinates": [ [ 15425162.214279690757394, 5004281.966745954938233 ], [ 15425162.530190853402019, 5004281.69735277350992 ], [ 15425162.854533532634377, 5004281.442186838947237 ], [ 15425163.196153121069074, 5004281.2153236027807 ], [ 15425163.477869229391217, 5004281.065682181157172 ], [ 15425163.771439066156745, 5004280.937084963545203 ], [ 15425164.073371374979615, 5004280.824784909375012 ], [ 15425164.380174933001399, 5004280.724021200090647 ], [ 15425164.713735653087497, 5004280.623492078855634 ], [ 15425165.048427922651172, 5004280.530138690955937 ], [ 15425165.384155152365565, 5004280.44305026344955 ], [ 15425165.720751708373427, 5004280.361316018737853 ], [ 15425166.05810727365315, 5004280.284039003774524 ], [ 15425166.396069983020425, 5004280.210322260856628 ], [ 15425166.734543340280652, 5004280.139268807135522 ], [ 15425167.073361618444324, 5004280.069954086095095 ], [ 15425167.412414515390992, 5004280.001494932919741 ] ] } },
{ "type": "Feature", "properties": { "type": 175, "Name": null, "VALIDATION_ERRORS": "" }, "geometry": { "type": "LineString", "coordinates": [ [ 15425165.217650761827826, 5004283.44069457333535 ], [ 15425165.039485836401582, 5004283.121154124848545 ], [ 15425164.850612556561828, 5004282.810141747817397 ], [ 15425164.640074057504535, 5004282.515868125483394 ], [ 15425164.361062666401267, 5004282.200564114376903 ], [ 15425164.063849790021777, 5004281.899156172759831 ], [ 15425163.773715997114778, 5004281.591041686944664 ], [ 15425163.596931016072631, 5004281.377191350795329 ], [ 15425163.427183771505952, 5004281.157531437464058 ] ] } },
{ "type": "Feature", "properties": { "type": 176, "Name": null, "VALIDATION_ERRORS": "" }, "geometry": { "type": "LineString", "coordinates": [ [ 15425166.805969377979636, 5004282.949378374963999 ], [ 15425166.614432761445642, 5004282.606378838419914 ], [ 15425166.429423315450549, 5004282.260605599731207 ], [ 15425166.257274957373738, 5004281.908953798003495 ], [ 15425166.124965680763125, 5004281.604233958758414 ], [ 15425166.003875376656651, 5004281.294629128649831 ], [ 15425165.891188925132155, 5004280.981326063163579 ], [ 15425165.784077493473887, 5004280.665497659705579 ], [ 15425165.679698267951608, 5004280.348303134553134 ] ] } },
{ "type": "Feature", "properties": { "type": 177, "Name": null, "VALIDATION_ERRORS": "" }, "geometry": { "type": "LineString", "coordinates": [ [ 15425163.571567634120584, 5004276.359995111823082 ], [ 15425163.883808141574264, 5004276.699779380112886 ], [ 15425164.18946629576385, 5004277.045166224241257 ], [ 15425164.482180560007691, 5004277.401992828585207 ], [ 15425164.755589442327619, 5004277.776137766428292 ], [ 15425164.928262138739228, 5004278.03716847486794 ], [ 15425165.105626696720719, 5004278.292817392386496 ], [ 15425165.304283821955323, 5004278.527546313591301 ], [ 15425165.571124097332358, 5004278.758328595198691 ], [ 15425165.863562388345599, 5004278.964175236411393 ], [ 15425166.157932622358203, 5004279.168462534435093 ], [ 15425166.430541066452861, 5004279.394580596126616 ], [ 15425166.723476128652692, 5004279.737497352063656 ], [ 15425166.979235442355275, 5004280.117093062028289 ] ] } },
{ "type": "Feature", "properties": { "type": 178, "Name": null, "VALIDATION_ERRORS": "" }, "geometry": { "type": "LineString", "coordinates": [ [ 15425164.250211553648114, 5004318.844178059138358 ], [ 15425164.761426595970988, 5004318.795810920186341 ], [ 15425165.272738231346011, 5004318.747085020877421 ], [ 15425165.784477638080716, 5004318.69761392660439 ], [ 15425166.29700362496078, 5004318.646997483447194 ], [ 15425166.810661176219583, 5004318.594835485331714 ], [ 15425167.325781458988786, 5004318.540727786719799 ], [ 15425167.889117078855634, 5004318.478298993781209 ], [ 15425168.451900722458959, 5004318.40805971622467 ], [ 15425169.011952077969909, 5004318.324890327639878 ], [ 15425169.567077046260238, 5004318.223671250976622 ], [ 15425170.115095226094127, 5004318.099269050173461 ], [ 15425170.653812592849135, 5004317.946550354361534 ], [ 15425171.181062621995807, 5004317.760409357026219 ], [ 15425171.653708117082715, 5004317.558592159301043 ], [ 15425172.119164140895009, 5004317.336862330324948 ], [ 15425172.582205245271325, 5004317.107653186656535 ], [ 15425173.047633672133088, 5004316.883425659500062 ], [ 15425173.520223954692483, 5004316.676626862958074 ], [ 15425174.048453724011779, 5004316.482026767916977 ], [ 15425174.587888678535819, 5004316.319275876507163 ], [ 15425175.136100118979812, 5004316.184468884021044 ], [ 15425175.69068687595427, 5004316.073686775751412 ], [ 15425176.249234085902572, 5004315.983010466210544 ], [ 15425176.766783060505986, 5004315.914109734818339 ], [ 15425177.285118656232953, 5004315.85819429717958 ], [ 15425177.804144145920873, 5004315.814311988651752 ], [ 15425178.323763085529208, 5004315.781552062369883 ], [ 15425178.843837393447757, 5004315.758962331339717 ], [ 15425179.364270443096757, 5004315.74563204869628 ], [ 15425179.88495191372931, 5004315.740636642090976 ], [ 15425180.405771376565099, 5004315.743023946881294 ], [ 15425180.926618443801999, 5004315.751869402825832 ], [ 15425181.44736891426146, 5004315.766248445957899 ], [ 15425181.965345686301589, 5004315.785250310786068 ], [ 15425182.482922246679664, 5004315.808502434752882 ], [ 15425183.000126278027892, 5004315.835659766569734 ], [ 15425183.516999093815684, 5004315.866349777206779 ], [ 15425184.033609731122851, 5004315.900227469392121 ], [ 15425184.549971980974078, 5004315.936934052966535 ], [ 15425185.066154820844531, 5004315.976110736839473 ], [ 15425185.582172064110637, 5004316.017398744821548 ], [ 15425186.098106497898698, 5004316.060453087091446 ], [ 15425186.613971980288625, 5004316.104901158250868 ], [ 15425187.129809817299247, 5004316.150398009456694 ], [ 15425187.645689090713859, 5004316.196584812365472 ], [ 15425188.16162352450192, 5004316.243116613477468 ] ] } },
{ "type": "Feature", "properties": { "type": 179, "Name": null, "VALIDATION_ERRORS": "" }, "geometry": { "type": "LineString", "coordinates": [ [ 15425164.596757570281625, 5004325.737025381065905 ], [ 15425165.118708597496152, 5004325.667724462226033 ], [ 15425165.640590628609061, 5004325.598520123399794 ], [ 15425166.162445051595569, 5004325.529522806406021 ], [ 15425166.684285657480359, 5004325.460829047486186 ], [ 15425167.206153893843293, 5004325.392549280077219 ], [ 15425167.728077309206128, 5004325.324766322039068 ], [ 15425168.250097328796983, 5004325.257576712407172 ], [ 15425168.772227769717574, 5004325.191104675643146 ], [ 15425169.294496146962047, 5004325.125433020293713 ], [ 15425169.816943945363164, 5004325.060658328235149 ], [ 15425170.339612515643239, 5004324.996890993788838 ], [ 15425170.862501921132207, 5004324.934227613732219 ], [ 15425171.385667277500033, 5004324.872764782980084 ], [ 15425171.909136278554797, 5004324.812599127180874 ], [ 15425172.432936439290643, 5004324.753854786045849 ], [ 15425172.957095375284553, 5004324.696600806899369 ], [ 15425173.486815458163619, 5004324.640464571304619 ], [ 15425174.016714992001653, 5004324.586425864137709 ], [ 15425174.546780085191131, 5004324.534953854046762 ], [ 15425175.077010789886117, 5004324.486517721787095 ], [ 15425175.607407068833709, 5004324.441559063270688 ], [ 15425176.137982761487365, 5004324.400547036901116 ], [ 15425176.668710259720683, 5004324.363937065005302 ], [ 15425177.199603335931897, 5004324.33219829108566 ], [ 15425177.730662019923329, 5004324.305786108598113 ], [ 15425178.261886263266206, 5004324.285155903548002 ], [ 15425178.793262312188745, 5004324.270763075910509 ], [ 15425179.324803980067372, 5004324.263090557418764 ], [ 15425179.828953677788377, 5004324.262262585572898 ], [ 15425180.333034383133054, 5004324.267299395054579 ], [ 15425180.837046096101403, 5004324.277621390298009 ], [ 15425181.341016406193376, 5004324.292635218240321 ], [ 15425181.844959149137139, 5004324.311761274002492 ], [ 15425182.348915642127395, 5004324.334406202659011 ], [ 15425182.852885952219367, 5004324.359976620413363 ], [ 15425183.356911497190595, 5004324.38789293076843 ], [ 15425183.861006023362279, 5004324.41757557913661 ], [ 15425184.365183314308524, 5004324.44841739628464 ], [ 15425184.869471041485667, 5004324.479838772676885 ] ] } },
{ "type": "Feature", "properties": { "type": 180, "Name": null, "VALIDATION_ERRORS": "" }, "geometry": { "type": "LineString", "coordinates": [ [ 15425178.978257978335023, 5004325.997131519019604 ], [ 15425179.495834546163678, 5004325.811197518371046 ], [ 15425180.013687143102288, 5004325.627885388210416 ], [ 15425180.532257286831737, 5004325.449775676243007 ], [ 15425181.052014200016856, 5004325.279462653212249 ], [ 15425181.573358038440347, 5004325.119554448872805 ], [ 15425182.096771800890565, 5004324.972617723979056 ], [ 15425182.622669471427798, 5004324.841260605491698 ], [ 15425183.151492657139897, 5004324.728063585236669 ], [ 15425183.683696685358882, 5004324.635634754784405 ], [ 15425184.219709312543273, 5004324.566540823318064 ], [ 15425184.722506714984775, 5004324.523928083479404 ], [ 15425185.227649951353669, 5004324.496563733555377 ], [ 15425185.734145594760776, 5004324.477134085260332 ], [ 15425186.241013770923018, 5004324.458311616443098 ], [ 15425186.747274795547128, 5004324.432754995301366 ], [ 15425187.251948876306415, 5004324.393136733211577 ], [ 15425187.776811623945832, 5004324.33088733907789 ], [ 15425188.298997202888131, 5004324.249470480717719 ], [ 15425188.819085320457816, 5004324.153026019223034 ], [ 15425189.337696870788932, 5004324.045693759806454 ], [ 15425189.85542525537312, 5004323.931572170928121 ], [ 15425190.372877670451999, 5004323.814814873039722 ], [ 15425190.890647420659661, 5004323.699520336464047 ], [ 15425191.435146788135171, 5004323.583480635657907 ], [ 15425191.980018695816398, 5004323.471911950968206 ], [ 15425192.525028647854924, 5004323.363075551576912 ], [ 15425193.069997174665332, 5004323.255149931646883 ], [ 15425193.614717336371541, 5004323.146382519975305 ], [ 15425194.158982070162892, 5004323.034993224777281 ], [ 15425194.702612036839128, 5004322.919201921671629 ], [ 15425195.243882345035672, 5004322.798594571650028 ], [ 15425195.784642027691007, 5004322.676124311052263 ], [ 15425196.325857115909457, 5004322.555972361937165 ], [ 15425196.868493495509028, 5004322.442333749495447 ], [ 15425197.368572363629937, 5004322.346593056805432 ], [ 15425197.869962198659778, 5004322.258814641274512 ], [ 15425198.372524974867702, 5004322.177853177301586 ], [ 15425198.876081319525838, 5004322.102577095851302 ], [ 15425199.380479404702783, 5004322.031841021962464 ], [ 15425199.885553674772382, 5004321.964499619789422 ], [ 15425200.391124745830894, 5004321.899407538585365 ], [ 15425200.89705460332334, 5004321.835419418290257 ] ] } },
{ "type": "Feature", "properties": { "type": 181, "Name": null, "VALIDATION_ERRORS": "" }, "geometry": { "type": "LineString", "coordinates": [ [ 15425175.426206285133958, 5004320.491530762054026 ], [ 15425175.322420498356223, 5004319.981198891997337 ], [ 15425175.220787426456809, 5004319.470701433718204 ], [ 15425175.12339080311358, 5004318.959610590711236 ], [ 15425175.032328108325601, 5004318.447470992803574 ], [ 15425174.949710724875331, 5004317.933813449926674 ], [ 15425174.889338048174977, 5004317.512032761238515 ], [ 15425174.834319552406669, 5004317.089575888589025 ], [ 15425174.782847577705979, 5004316.666553241200745 ], [ 15425174.733114274218678, 5004316.243116613477468 ] ] } },
{ "type": "Feature", "properties": { "type": 182, "Name": null, "VALIDATION_ERRORS": "" }, "geometry": { "type": "LineString", "coordinates": [ [ 15425179.151524053886533, 5004320.664934852160513 ], [ 15425179.004145761951804, 5004320.139368377625942 ], [ 15425178.863308439031243, 5004319.613125737756491 ], [ 15425178.73552536405623, 5004319.085227149538696 ], [ 15425178.627282345667481, 5004318.554679049178958 ], [ 15425178.545078909024596, 5004318.020515504293144 ], [ 15425178.49858851917088, 5004317.556053060106933 ], [ 15425178.471541548147798, 5004317.089203304611146 ], [ 15425178.459094425663352, 5004316.620476822368801 ], [ 15425178.456348339095712, 5004316.150411790236831 ], [ 15425178.45844585634768, 5004315.67954639531672 ] ] } },
{ "type": "Feature", "properties": { "type": 183, "Name": null, "VALIDATION_ERRORS": "" }, "geometry": { "type": "LineString", "coordinates": [ [ 15425171.700874706730247, 5004318.844178059138358 ], [ 15425175.079660268500447, 5004318.844178059138358 ] ] } },
{ "type": "Feature", "properties": { "type": 184, "Name": null, "VALIDATION_ERRORS": "" }, "geometry": { "type": "LineString", "coordinates": [ [ 15425186.602187203243375, 5004320.448186640627682 ], [ 15425186.905416695401073, 5004316.243116613477468 ] ] } },
{ "type": "Feature", "properties": { "type": 185, "Name": null, "VALIDATION_ERRORS": "" }, "geometry": { "type": "LineString", "coordinates": [ [ 15425165.159886183217168, 5004328.684908799827099 ], [ 15425167.152515349909663, 5004325.390217183157802 ] ] } },
{ "type": "Feature", "properties": { "type": 186, "Name": null, "VALIDATION_ERRORS": "" }, "geometry": { "type": "LineString", "coordinates": [ [ 15425173.303627556189895, 5004327.124271948821843 ], [ 15425174.299935204908252, 5004324.523196713998914 ] ] } },
{ "type": "Feature", "properties": { "type": 187, "Name": null, "VALIDATION_ERRORS": "" }, "geometry": { "type": "LineString", "coordinates": [ [ 15425166.719336314126849, 5004328.945014959201217 ], [ 15425167.218255987390876, 5004328.990442801266909 ], [ 15425167.716913538053632, 5004329.036739996634424 ], [ 15425168.215267462655902, 5004329.084803550504148 ], [ 15425168.713290216401219, 5004329.135516594164073 ], [ 15425169.210967963561416, 5004329.189776088111103 ], [ 15425169.70825937949121, 5004329.248479023575783 ], [ 15425170.207551660016179, 5004329.312549953348935 ], [ 15425170.706140181049705, 5004329.381064295768738 ], [ 15425171.204204319044948, 5004329.453152700327337 ], [ 15425171.701937282457948, 5004329.527932015247643 ], [ 15425172.1995322201401, 5004329.604505255818367 ], [ 15425172.697182415053248, 5004329.681989263743162 ] ] } },
{ "type": "Feature", "properties": { "type": 188, "Name": null, "VALIDATION_ERRORS": "" }, "geometry": { "type": "LineString", "coordinates": [ [ 15425172.22068683616817, 5004330.505665619857609 ], [ 15425172.721980037167668, 5004330.616792730055749 ], [ 15425173.223425073549151, 5004330.719653940759599 ], [ 15425173.725463422015309, 5004330.805955801159143 ], [ 15425174.228550588712096, 5004330.867446235381067 ], [ 15425174.733114274218678, 5004330.895817937329412 ], [ 15425175.165327375754714, 5004330.889732363633811 ], [ 15425175.598271837458014, 5004330.860988087020814 ], [ 15425176.031823510304093, 5004330.817147180438042 ], [ 15425176.46583048067987, 5004330.76577175501734 ] ] } },
{ "type": "Feature", "properties": { "type": 189, "Name": null, "VALIDATION_ERRORS": "" }, "geometry": { "type": "LineString", "coordinates": [ [ 15425178.155216386541724, 5004332.153004533611238 ], [ 15425178.664775485172868, 5004331.759347157552838 ], [ 15425179.127830388024449, 5004331.33593811839819 ], [ 15425179.498070070520043, 5004330.85247380938381 ], [ 15425179.710940672084689, 5004330.391820011660457 ], [ 15425179.859326297417283, 5004329.892872708849609 ], [ 15425179.974565645679832, 5004329.37852519005537 ], [ 15425180.071134308353066, 5004328.919844726100564 ], [ 15425180.163052590563893, 5004328.465235101990402 ], [ 15425180.247353525832295, 5004328.01210202742368 ], [ 15425180.321111662313342, 5004327.557782183401287 ], [ 15425180.391751119866967, 5004327.02003076300025 ], [ 15425180.44821853749454, 5004326.478829496540129 ], [ 15425180.495274731889367, 5004325.935227114707232 ], [ 15425180.537694299593568, 5004325.390217183157802 ] ] } },
{ "type": "Feature", "properties": { "type": 190, "Name": null, "VALIDATION_ERRORS": "" }, "geometry": { "type": "LineString", "coordinates": [ [ 15425166.15619389154017, 5004331.892898392863572 ], [ 15425166.637960845604539, 5004332.456358193419874 ], [ 15425167.148113319650292, 5004332.976460101082921 ], [ 15425167.715643981471658, 5004333.410191124305129 ], [ 15425168.112254435196519, 5004333.623724074102938 ], [ 15425168.532627588137984, 5004333.800591830164194 ], [ 15425168.96686920709908, 5004333.955656432546675 ], [ 15425169.405029868707061, 5004334.103807514533401 ], [ 15425169.899602746590972, 5004334.279198725707829 ], [ 15425170.387869266793132, 5004334.462110647000372 ], [ 15425170.872037338092923, 5004334.650128389708698 ], [ 15425171.354328712448478, 5004334.840781814418733 ] ] } },
{ "type": "Feature", "properties": { "type": 191, "Name": null, "VALIDATION_ERRORS": "" }, "geometry": { "type": "LineString", "coordinates": [ [ 15425164.813353983685374, 5004334.884139740839601 ], [ 15425169.5783097948879, 5004334.190509553998709 ] ] } },
{ "type": "Feature", "properties": { "type": 192, "Name": null, "VALIDATION_ERRORS": "" }, "geometry": { "type": "LineString", "coordinates": [ [ 15425170.314704498276114, 5004334.363913661800325 ], [ 15425170.851586552336812, 5004334.306701065041125 ], [ 15425171.3883719984442, 5004334.250799435190856 ], [ 15425171.925295436754823, 5004334.197478288784623 ], [ 15425172.462563863024116, 5004334.14806240145117 ], [ 15425173.000411862507463, 5004334.103807514533401 ], [ 15425173.482523826882243, 5004334.069364041090012 ], [ 15425173.964815197512507, 5004334.039391598664224 ], [ 15425174.447299739345908, 5004334.013145027682185 ], [ 15425174.929977463558316, 5004333.989865321666002 ], [ 15425175.41286220960319, 5004333.968821136280894 ], [ 15425175.895926347002387, 5004333.949239679612219 ], [ 15425176.379197468981147, 5004333.930403418838978 ] ] } },
{ "type": "Feature", "properties": { "type": 193, "Name": null, "VALIDATION_ERRORS": "" }, "geometry": { "type": "LineString", "coordinates": [ [ 15425174.733114274218678, 5004335.144245890900493 ], [ 15425175.25876354239881, 5004334.699378688819706 ], [ 15425175.801537966355681, 5004334.295592489652336 ], [ 15425176.379197468981147, 5004333.973761333152652 ], [ 15425176.810513572767377, 5004333.814957085065544 ], [ 15425177.261480150744319, 5004333.702836417593062 ], [ 15425177.726577354595065, 5004333.62401386257261 ], [ 15425178.200299235060811, 5004333.565117735415697 ], [ 15425178.67711223103106, 5004333.512748771347106 ], [ 15425179.151524053886533, 5004333.453549050725996 ], [ 15425179.591064678505063, 5004333.382385200820863 ], [ 15425180.025057898834348, 5004333.297932469286025 ], [ 15425180.455477045848966, 5004333.204579085111618 ], [ 15425180.884240275248885, 5004333.106740861199796 ] ] } },
{ "type": "Feature", "properties": { "type": 194, "Name": null, "VALIDATION_ERRORS": "" }, "geometry": { "type": "LineString", "coordinates": [ [ 15425178.155216386541724, 5004335.187590003013611 ], [ 15425178.696114076301455, 5004335.098804243840277 ], [ 15425179.237080758437514, 5004335.019526303745806 ], [ 15425179.778585636988282, 5004334.959264038130641 ], [ 15425180.321111662313342, 5004334.927483855746686 ], [ 15425180.84015098772943, 5004334.929664179682732 ], [ 15425181.359742319211364, 5004334.957842693664134 ], [ 15425181.879830399528146, 5004335.003367124125361 ], [ 15425182.400360072031617, 5004335.057543836534023 ] ] } },
{ "type": "Feature", "properties": { "type": 195, "Name": null, "VALIDATION_ERRORS": "" }, "geometry": { "type": "LineString", "coordinates": [ [ 15425183.959796389564872, 5004329.291823151521385 ], [ 15425184.432165933772922, 5004329.164937045425177 ], [ 15425184.903873072937131, 5004329.036312208510935 ], [ 15425185.374490084126592, 5004328.904127138666809 ], [ 15425185.843575349077582, 5004328.766574050299823 ], [ 15425186.310714902356267, 5004328.621859048493207 ], [ 15425186.775453360751271, 5004328.468160584568977 ], [ 15425187.196392251178622, 5004328.320478688925505 ], [ 15425187.616751601919532, 5004328.171996442601085 ], [ 15425188.038822101429105, 5004328.030703698284924 ], [ 15425188.464853016659617, 5004327.904590378515422 ], [ 15425188.907967673614621, 5004327.797092529013753 ], [ 15425189.35591215454042, 5004327.709258930757642 ], [ 15425189.80756869353354, 5004327.636163142509758 ], [ 15425190.165982248261571, 5004327.586209071800113 ], [ 15425190.166534217074513, 5004327.586140089668334 ], [ 15425190.626994831487536, 5004327.524801465682685 ], [ 15425191.087938385084271, 5004327.468582428991795 ], [ 15425191.549337362870574, 5004327.416751633398235 ], [ 15425192.011150320991874, 5004327.36855008918792 ], [ 15425192.473308240994811, 5004327.323274042457342 ], [ 15425192.935769768431783, 5004327.280164510942996 ], [ 15425193.398507291451097, 5004327.238503922708333 ], [ 15425193.861451795324683, 5004327.197547107934952 ] ] } },
{ "type": "Feature", "properties": { "type": 196, "Name": null, "VALIDATION_ERRORS": "" }, "geometry": { "type": "LineString", "coordinates": [ [ 15425188.68143561296165, 5004334.580675667151809 ], [ 15425188.119024584069848, 5004334.379327652975917 ], [ 15425187.57168254815042, 5004334.161254696547985 ], [ 15425187.054285334423184, 5004333.909455836750567 ], [ 15425186.581764010712504, 5004333.606971527449787 ], [ 15425186.16900815628469, 5004333.236787022091448 ], [ 15425185.800852196291089, 5004332.746091794222593 ], [ 15425185.51447187922895, 5004332.186689028516412 ], [ 15425185.302650095894933, 5004331.589448117651045 ], [ 15425185.182567125186324, 5004331.108688496984541 ], [ 15425185.096375634893775, 5004330.624824027530849 ], [ 15425185.035575179383159, 5004330.138572209514678 ], [ 15425184.991651488468051, 5004329.650650665163994 ], [ 15425184.95610405318439, 5004329.161776969209313 ] ] } },
{ "type": "Feature", "properties": { "type": 197, "Name": null, "VALIDATION_ERRORS": "" }, "geometry": { "type": "LineString", "coordinates": [ [ 15425182.833539100363851, 5004327.210973988287151 ], [ 15425183.335950089618564, 5004326.774276071228087 ], [ 15425183.82963982783258, 5004326.329243287444115 ], [ 15425184.306342368945479, 5004325.867085346952081 ], [ 15425184.692051285877824, 5004325.4581243628636 ], [ 15425185.065326837822795, 5004325.03711643256247 ], [ 15425185.432599613443017, 5004324.609898753464222 ] ] } },
{ "type": "Feature", "properties": { "type": 198, "Name": null, "VALIDATION_ERRORS": "" }, "geometry": { "type": "LineString", "coordinates": [ [ 15425187.685127949342132, 5004328.0779944723472 ], [ 15425188.63811912573874, 5004324.219732628203928 ] ] } },
{ "type": "Feature", "properties": { "type": 199, "Name": null, "VALIDATION_ERRORS": "" }, "geometry": { "type": "LineString", "coordinates": [ [ 15425187.208632348105311, 5004319.451106190681458 ], [ 15425187.212054656818509, 5004319.451368375681341 ], [ 15425187.692634863778949, 5004319.486087833531201 ], [ 15425188.173325454816222, 5004319.517426432110369 ], [ 15425188.654112687334418, 5004319.545701534487307 ], [ 15425189.135010292753577, 5004319.571216741576791 ], [ 15425189.616032114252448, 5004319.594275653362274 ], [ 15425190.097150502726436, 5004319.615195649676025 ], [ 15425190.578379323706031, 5004319.634266507811844 ], [ 15425191.059732297435403, 5004319.651805633679032 ], [ 15425191.541181871667504, 5004319.668130404315889 ], [ 15425192.022755684331059, 5004319.683530611917377 ], [ 15425192.504453668370843, 5004319.698337437584996 ], [ 15425192.986248249188066, 5004319.712826875038445 ] ] } },
{ "type": "Feature", "properties": { "type": 200, "Name": null, "VALIDATION_ERRORS": "" }, "geometry": { "type": "LineString", "coordinates": [ [ 15425189.807706719264388, 5004323.916282371617854 ], [ 15425189.683263124898076, 5004323.368816123344004 ], [ 15425189.552347591146827, 5004322.823751006275415 ], [ 15425189.408322533592582, 5004322.283046502619982 ], [ 15425189.244564270600677, 5004321.748717364855111 ], [ 15425189.085539190098643, 5004321.298771954141557 ], [ 15425188.911265725269914, 5004320.854084139689803 ], [ 15425188.725538721308112, 5004320.413287790492177 ], [ 15425188.532153015956283, 5004319.974989126436412 ], [ 15425188.334889614954591, 5004319.537808235734701 ] ] } },
{ "type": "Feature", "properties": { "type": 201, "Name": null, "VALIDATION_ERRORS": "" }, "geometry": { "type": "LineString", "coordinates": [ [ 15425192.493400266394019, 5004331.242626123130322 ], [ 15425192.177696092054248, 5004330.714230751618743 ], [ 15425191.871430708095431, 5004330.181267759762704 ], [ 15425191.583725618198514, 5004329.638631337322295 ], [ 15425191.371614063158631, 5004329.195682271383703 ], [ 15425191.171494184061885, 5004328.746799417771399 ], [ 15425190.977280473336577, 5004328.294756491668522 ] ] } },
{ "type": "Feature", "properties": { "type": 202, "Name": null, "VALIDATION_ERRORS": "" }, "geometry": { "type": "LineString", "coordinates": [ [ 15425190.933963952586055, 5004317.847111404873431 ], [ 15425191.414005981758237, 5004318.145800857804716 ], [ 15425191.897346092388034, 5004318.430497642606497 ], [ 15425192.387558365240693, 5004318.68720912002027 ], [ 15425192.888271989300847, 5004318.902011623606086 ], [ 15425193.403074918314815, 5004319.060940063558519 ], [ 15425193.890196057036519, 5004319.149380857124925 ], [ 15425194.388687970116735, 5004319.190172077156603 ], [ 15425194.89550101198256, 5004319.194698309525847 ], [ 15425195.407585380598903, 5004319.174302686005831 ], [ 15425195.921863911673427, 5004319.140383609570563 ], [ 15425196.435314467176795, 5004319.104298007674515 ], [ 15425196.967104515060782, 5004319.074366955086589 ], [ 15425197.495361855253577, 5004319.053985151462257 ], [ 15425198.021314768120646, 5004319.042807570658624 ], [ 15425198.546177452430129, 5004319.040475472807884 ], [ 15425199.071178192272782, 5004319.046630034223199 ], [ 15425199.597517432644963, 5004319.060940063558519 ], [ 15425200.136841962113976, 5004319.084219785407186 ], [ 15425200.676525281742215, 5004319.119229018688202 ], [ 15425201.214787261560559, 5004319.169707465916872 ], [ 15425201.749820189550519, 5004319.239367170259356 ], [ 15425202.279830114915967, 5004319.331920195370913 ], [ 15425202.803036903962493, 5004319.451106190681458 ], [ 15425203.294670486822724, 5004319.591860760003328 ], [ 15425203.779238747432828, 5004319.75625379756093 ], [ 15425204.257956033572555, 5004319.940338672138751 ], [ 15425204.73202290572226, 5004320.140182544477284 ], [ 15425205.202667513862252, 5004320.351866365410388 ], [ 15425205.671090407297015, 5004320.571443480439484 ], [ 15425206.138492142781615, 5004320.79499483294785 ] ] } },
{ "type": "Feature", "properties": { "type": 203, "Name": null, "VALIDATION_ERRORS": "" }, "geometry": { "type": "LineString", "coordinates": [ [ 15425208.65093339420855, 5004325.91042947396636 ], [ 15425208.441526500508189, 5004325.346514266915619 ], [ 15425208.228987110778689, 5004324.784324003383517 ], [ 15425208.010030983015895, 5004324.22537662088871 ], [ 15425207.781401427462697, 5004323.671176235191524 ], [ 15425207.539827967062593, 5004323.123240821063519 ], [ 15425207.282067740336061, 5004322.583060706034303 ], [ 15425207.004850240424275, 5004322.052181432023644 ], [ 15425206.699233455583453, 5004321.511256136931479 ], [ 15425206.398405099287629, 5004320.968398935161531 ], [ 15425206.147627351805568, 5004320.460109388455749 ], [ 15425205.921233342960477, 5004319.940683673135936 ], [ 15425205.715152086690068, 5004319.411943309009075 ], [ 15425205.525299051776528, 5004318.875696037895977 ], [ 15425205.347575725987554, 5004318.33377718552947 ], [ 15425205.1779112983495, 5004317.787994486279786 ], [ 15425205.012234890833497, 5004317.240183272399008 ] ] } },
{ "type": "Feature", "properties": { "type": 204, "Name": null, "VALIDATION_ERRORS": "" }, "geometry": { "type": "LineString", "coordinates": [ [ 15425208.694249922409654, 5004317.153481218963861 ], [ 15425208.809613486751914, 5004317.619033826515079 ], [ 15425208.935050619766116, 5004318.078611244447529 ], [ 15425209.080786803737283, 5004318.526500528678298 ], [ 15425209.257033592090011, 5004318.95701629947871 ], [ 15425209.473961176350713, 5004319.364404149353504 ], [ 15425209.861657211557031, 5004319.902265950106084 ], [ 15425210.304620085284114, 5004320.409134151414037 ], [ 15425210.754606863483787, 5004320.913863433524966 ], [ 15425211.163360891863704, 5004321.445253299549222 ], [ 15425211.420210329815745, 5004321.876238238997757 ], [ 15425211.640587812289596, 5004322.329247122630477 ], [ 15425211.838941348716617, 5004322.795434496365488 ], [ 15425212.029718978330493, 5004323.266010108403862 ], [ 15425212.251890389248729, 5004323.796020017005503 ], [ 15425212.483873212710023, 5004324.319488975219429 ], [ 15425212.727019829675555, 5004324.836444584652781 ], [ 15425212.982710158452392, 5004325.3468730552122 ], [ 15425213.24347866512835, 5004325.835939951241016 ], [ 15425213.515245353803039, 5004326.319307669065893 ], [ 15425213.796174885705113, 5004326.797928364947438 ], [ 15425214.084459552541375, 5004327.272823194973171 ], [ 15425214.378291571512818, 5004327.744958142749965 ], [ 15425214.675849499180913, 5004328.21532675344497 ], [ 15425214.97532550804317, 5004328.684908799827099 ] ] } },
{ "type": "Feature", "properties": { "type": 205, "Name": null, "VALIDATION_ERRORS": "" }, "geometry": { "type": "LineString", "coordinates": [ [ 15425207.438029294833541, 5004319.71121234446764 ], [ 15425207.683107832446694, 5004320.247128418646753 ], [ 15425207.938342770561576, 5004320.776641544885933 ], [ 15425208.214152684435248, 5004321.293652352876961 ], [ 15425208.520970040932298, 5004321.79206149186939 ], [ 15425208.960759030655026, 5004322.383548032492399 ], [ 15425209.455028323456645, 5004322.933263576589525 ], [ 15425209.993773283436894, 5004323.439414210617542 ], [ 15425210.445029651746154, 5004323.808549930341542 ], [ 15425210.913921711966395, 5004324.153619395568967 ], [ 15425211.396972054615617, 5004324.479452398605645 ], [ 15425211.890675565227866, 5004324.790920154191554 ], [ 15425212.391540983691812, 5004325.092893874272704 ], [ 15425212.896077102050185, 5004325.390217183157802 ] ] } },
{ "type": "Feature", "properties": { "type": 206, "Name": null, "VALIDATION_ERRORS": "" }, "geometry": { "type": "LineString", "coordinates": [ [ 15425193.533024480566382, 5004327.29767604265362 ], [ 15425195.135791106149554, 5004327.947934506461024 ] ] } },
{ "type": "Feature", "properties": { "type": 207, "Name": null, "VALIDATION_ERRORS": "" }, "geometry": { "type": "LineString", "coordinates": [ [ 15425193.966203490272164, 5004331.242626123130322 ], [ 15425194.088108027353883, 5004330.749847174622118 ], [ 15425194.217505602166057, 5004330.259234742261469 ], [ 15425194.36202740855515, 5004329.772624149918556 ], [ 15425194.529332170262933, 5004329.291823151521385 ], [ 15425194.720289165154099, 5004328.835750774480402 ], [ 15425194.948339140042663, 5004328.398583685047925 ], [ 15425195.222424162551761, 5004327.991292432881892 ], [ 15425195.508735487237573, 5004327.648182482458651 ], [ 15425195.785552775487304, 5004327.29767604265362 ], [ 15425196.054269773885608, 5004326.799943085759878 ], [ 15425196.218731826171279, 5004326.257237666286528 ], [ 15425196.282995970919728, 5004325.761091652326286 ], [ 15425196.305364882573485, 5004325.260171007364988 ] ] } },
{ "type": "Feature", "properties": { "type": 208, "Name": null, "VALIDATION_ERRORS": "" }, "geometry": { "type": "LineString", "coordinates": [ [ 15425190.717367535457015, 5004324.913349024951458 ], [ 15425191.212409572675824, 5004324.911113509908319 ], [ 15425191.707327460870147, 5004324.909126376733184 ], [ 15425192.202190121635795, 5004324.907691239379346 ], [ 15425192.697107991203666, 5004324.907097861170769 ], [ 15425193.192122461274266, 5004324.90764984022826 ], [ 15425193.687316296622157, 5004324.909636960364878 ], [ 15425194.182799948379397, 5004324.913349024951458 ], [ 15425194.667851204052567, 5004324.91939318459481 ], [ 15425195.152640277519822, 5004324.930405167862773 ], [ 15425195.636946337297559, 5004324.949517422355711 ], [ 15425196.120576238259673, 5004324.979862442240119 ], [ 15425196.603350566700101, 5004325.024572719819844 ], [ 15425197.085089949890971, 5004325.086766913533211 ], [ 15425197.527224840596318, 5004325.162236201576889 ], [ 15425197.965150954201818, 5004325.257811306044459 ], [ 15425198.396218670532107, 5004325.376252125017345 ], [ 15425198.817792361602187, 5004325.520277163013816 ], [ 15425199.300318306311965, 5004325.72452306188643 ], [ 15425199.769293176010251, 5004325.959541771560907 ], [ 15425200.228732598945498, 5004326.216832828707993 ], [ 15425200.682666039094329, 5004326.487909543327987 ], [ 15425201.135122990235686, 5004326.764326662756503 ], [ 15425201.590132800862193, 5004327.037569895386696 ], [ 15425202.073569478467107, 5004327.311861895024776 ], [ 15425202.565506687387824, 5004327.566627645865083 ], [ 15425203.067931430414319, 5004327.795298599638045 ], [ 15425203.582748154178262, 5004327.991292432881892 ], [ 15425204.039055103436112, 5004328.131012018769979 ], [ 15425204.503158742561936, 5004328.246375563554466 ], [ 15425204.972727024927735, 5004328.342571650631726 ], [ 15425205.44541391916573, 5004328.42480265814811 ], [ 15425205.904177190735936, 5004328.495483523234725 ], [ 15425206.363119872286916, 5004328.559485462494195 ], [ 15425206.822269486263394, 5004328.618478177115321 ], [ 15425207.281639965251088, 5004328.674186616204679 ], [ 15425207.741258779540658, 5004328.728266741149127 ] ] } },
{ "type": "Feature", "properties": { "type": 209, "Name": null, "VALIDATION_ERRORS": "" }, "geometry": { "type": "LineString", "coordinates": [ [ 15425197.691535094752908, 5004331.372686103917658 ], [ 15425198.177221121266484, 5004331.135763050988317 ], [ 15425198.664783852174878, 5004330.906084734946489 ], [ 15425199.156417457386851, 5004330.690826862119138 ], [ 15425199.654316017404199, 5004330.497165153734386 ], [ 15425200.160646045580506, 5004330.332261526957154 ], [ 15425200.696796717122197, 5004330.196253975853324 ], [ 15425201.241309860721231, 5004330.089722094126046 ], [ 15425201.791687773540616, 5004330.003171837888658 ], [ 15425202.345405178144574, 5004329.927136784419417 ], [ 15425202.899936752393842, 5004329.852122870273888 ], [ 15425203.452798569574952, 5004329.768691318109632 ], [ 15425203.941837852820754, 5004329.68118888605386 ], [ 15425204.42781369201839, 5004329.582067320123315 ], [ 15425204.911429779604077, 5004329.473769119009376 ], [ 15425205.39337614364922, 5004329.35876436252147 ], [ 15425205.874356539919972, 5004329.239495567977428 ], [ 15425206.355088574811816, 5004329.118419052101672 ], [ 15425206.858313729986548, 5004328.992029736749828 ], [ 15425207.361594082787633, 5004328.866357997991145 ], [ 15425207.864970980212092, 5004328.741307229734957 ], [ 15425208.368444500491023, 5004328.616753239184618 ], [ 15425208.872028457000852, 5004328.492585641331971 ], [ 15425209.375736592337489, 5004328.368707836605608 ], [ 15425209.879610316827893, 5004328.244995611719787 ], [ 15425210.383635828271508, 5004328.121338599361479 ] ] } },
{ "type": "Feature", "properties": { "type": 210, "Name": null, "VALIDATION_ERRORS": "" }, "geometry": { "type": "LineString", "coordinates": [ [ 15425192.796629758551717, 5004330.158857419155538 ], [ 15425192.79708512313664, 5004330.155338551849127 ], [ 15425192.844389678910375, 5004329.678635981865227 ], [ 15425192.865006105974317, 5004329.200387878343463 ], [ 15425192.864260947331786, 5004328.720856426283717 ], [ 15425192.847494563087821, 5004328.240289999172091 ], [ 15425192.820075055584311, 5004327.758978405036032 ], [ 15425192.78734272159636, 5004327.277170028537512 ] ] } },
{ "type": "Feature", "properties": { "type": 211, "Name": null, "VALIDATION_ERRORS": "" }, "geometry": { "type": "LineString", "coordinates": [ [ 15425195.48232333175838, 5004327.774530398659408 ], [ 15425195.978717742487788, 5004328.036623671650887 ], [ 15425196.478630995377898, 5004328.294756491668522 ], [ 15425196.876580009236932, 5004328.499402577057481 ], [ 15425197.258356040343642, 5004328.728266741149127 ], [ 15425197.729276640340686, 5004329.106468711979687 ], [ 15425198.176531149074435, 5004329.518093008548021 ], [ 15425198.644526271149516, 5004329.898751283995807 ], [ 15425199.169526943936944, 5004330.204892432317138 ], [ 15425199.727467009797692, 5004330.462307693436742 ] ] } },
{ "type": "Feature", "properties": { "type": 212, "Name": null, "VALIDATION_ERRORS": "" }, "geometry": { "type": "LineString", "coordinates": [ [ 15425200.810407737269998, 5004330.202201546169817 ], [ 15425201.019152259454131, 5004330.663062321953475 ], [ 15425201.286903293803334, 5004331.069222030229867 ], [ 15425201.616558754816651, 5004331.357285896316171 ], [ 15425202.004737744107842, 5004331.590966059826314 ], [ 15425202.413174336776137, 5004331.806196338497102 ], [ 15425202.815649596974254, 5004332.038151569664478 ], [ 15425203.193009803071618, 5004332.295580629259348 ], [ 15425203.539431581273675, 5004332.586514768190682 ], [ 15425203.99296492151916, 5004333.084082130342722 ], [ 15425204.405789704993367, 5004333.626953143626451 ] ] } },
{ "type": "Feature", "properties": { "type": 213, "Name": null, "VALIDATION_ERRORS": "" }, "geometry": { "type": "LineString", "coordinates": [ [ 15425195.48232333175838, 5004331.676150162704289 ], [ 15425195.94216294400394, 5004331.425924437120557 ], [ 15425196.40356189571321, 5004331.179176175966859 ], [ 15425196.868493495509028, 5004330.939175863750279 ], [ 15425197.351198868826032, 5004330.702087223529816 ], [ 15425197.837754229083657, 5004330.473195477388799 ], [ 15425198.327014366164804, 5004330.249685523100197 ], [ 15425198.817792361602187, 5004330.028797447681427 ] ] } },
{ "type": "Feature", "properties": { "type": 214, "Name": null, "VALIDATION_ERRORS": "" }, "geometry": { "type": "LineString", "coordinates": [ [ 15425191.800322050228715, 5004324.826646970584989 ], [ 15425192.346256567165256, 5004324.666517962701619 ], [ 15425192.894136777147651, 5004324.518146096728742 ], [ 15425193.446391424164176, 5004324.393136733211577 ], [ 15425193.969391191378236, 5004324.304599363356829 ], [ 15425194.496392818167806, 5004324.238486114889383 ], [ 15425195.026126777753234, 5004324.18629652261734 ], [ 15425195.557337222620845, 5004324.139530133455992 ], [ 15425196.088782241567969, 5004324.089686464518309 ], [ 15425196.585770072415471, 5004324.033660630695522 ], [ 15425197.080922508612275, 5004323.966636620461941 ], [ 15425197.573784263804555, 5004323.887648460455239 ], [ 15425198.063955092802644, 5004323.795744029805064 ], [ 15425198.550965895876288, 5004323.689998718909919 ], [ 15425199.034388775005937, 5004323.56947416998446 ], [ 15425199.58080624602735, 5004323.4138851929456 ], [ 15425200.122863071039319, 5004323.243061589077115 ], [ 15425200.662160059437156, 5004323.062026391737163 ], [ 15425201.200270278379321, 5004322.8758439803496 ] ] } },
{ "type": "Feature", "properties": { "type": 215, "Name": null, "VALIDATION_ERRORS": "" }, "geometry": { "type": "LineString", "coordinates": [ [ 15425196.132098773494363, 5004325.130111035890877 ], [ 15425196.695227427408099, 5004324.002984410151839 ] ] } },
{ "type": "Feature", "properties": { "type": 216, "Name": null, "VALIDATION_ERRORS": "" }, "geometry": { "type": "LineString", "coordinates": [ [ 15425196.391997935250401, 5004324.002984410151839 ], [ 15425196.608594374731183, 5004322.615737842395902 ] ] } },
{ "type": "Feature", "properties": { "type": 217, "Name": null, "VALIDATION_ERRORS": "" }, "geometry": { "type": "LineString", "coordinates": [ [ 15425196.391997935250401, 5004322.572393720969558 ], [ 15425196.477609822526574, 5004322.096546726301312 ], [ 15425196.554955845698714, 5004321.620423721149564 ], [ 15425196.615811498835683, 5004321.143431366421282 ], [ 15425196.651910899206996, 5004320.664934852160513 ], [ 15425196.657734284177423, 5004320.160205578431487 ], [ 15425196.639242982491851, 5004319.654330928809941 ], [ 15425196.608594374731183, 5004319.147642116993666 ] ] } },
{ "type": "Feature", "properties": { "type": 218, "Name": null, "VALIDATION_ERRORS": "" }, "geometry": { "type": "LineString", "coordinates": [ [ 15425193.879570437595248, 5004323.135950142517686 ], [ 15425193.909515300765634, 5004322.702398497611284 ], [ 15425193.936148291453719, 5004322.268984842114151 ], [ 15425193.956157511100173, 5004321.835557400248945 ], [ 15425193.966203490272164, 5004321.40190917532891 ], [ 15425193.961953287944198, 5004320.870836694724858 ], [ 15425193.942785827443004, 5004320.339888430200517 ], [ 15425193.913655148819089, 5004319.808898748829961 ], [ 15425193.879570437595248, 5004319.277702097781003 ] ] } },
{ "type": "Feature", "properties": { "type": 219, "Name": null, "VALIDATION_ERRORS": "" }, "geometry": { "type": "LineString", "coordinates": [ [ 15425191.497092599049211, 5004314.162253660149872 ], [ 15425191.502129407599568, 5004314.705980245955288 ], [ 15425191.513803767040372, 5004315.248809860087931 ], [ 15425191.538780795410275, 5004315.790259522385895 ], [ 15425191.583725618198514, 5004316.329818664118648 ], [ 15425191.64924549870193, 5004316.841489086858928 ], [ 15425191.732842663303018, 5004317.351089579053223 ], [ 15425191.828528201207519, 5004317.859434319660068 ], [ 15425191.930271653458476, 5004318.367323693819344 ] ] } },
{ "type": "Feature", "properties": { "type": 220, "Name": null, "VALIDATION_ERRORS": "" }, "geometry": { "type": "LineString", "coordinates": [ [ 15425205.012234890833497, 5004328.251398565247655 ], [ 15425205.506145382300019, 5004328.041605280712247 ], [ 15425206.008542599156499, 5004327.861232452094555 ], [ 15425206.504426369443536, 5004327.737313237041235 ], [ 15425207.011653373017907, 5004327.658614880405366 ], [ 15425207.526318313553929, 5004327.616195327602327 ], [ 15425208.044474480673671, 5004327.601126311346889 ], [ 15425208.438725216314197, 5004327.60496255196631 ], [ 15425208.829484717920423, 5004327.630284583196044 ], [ 15425209.214062048122287, 5004327.687828353606164 ], [ 15425209.674784803763032, 5004327.81042281165719 ], [ 15425210.127476321533322, 5004327.97055181954056 ], [ 15425210.578291101381183, 5004328.141044232062995 ], [ 15425211.033411270007491, 5004328.294756491668522 ], [ 15425211.564552767202258, 5004328.424692268483341 ], [ 15425212.10498127900064, 5004328.514333603903651 ], [ 15425212.651081366464496, 5004328.580888438969851 ], [ 15425213.199292736127973, 5004328.641564686782658 ], [ 15425213.644463555887341, 5004328.695492995902896 ], [ 15425214.088544206693769, 5004328.748179364018142 ], [ 15425214.532003847882152, 5004328.790902506560087 ], [ 15425214.97532550804317, 5004328.814968780614436 ], [ 15425215.480799982324243, 5004328.811601711437106 ], [ 15425215.986136445775628, 5004328.778538192622364 ], [ 15425216.491403894498944, 5004328.721725791692734 ], [ 15425216.996685164049268, 5004328.647098272107542 ], [ 15425217.502035399898887, 5004328.560589415021241 ], [ 15425218.00756505317986, 5004328.468160584568977 ] ] } },
{ "type": "Feature", "properties": { "type": 221, "Name": null, "VALIDATION_ERRORS": "" }, "geometry": { "type": "LineString", "coordinates": [ [ 15425216.491445297375321, 5004334.537331554107368 ], [ 15425216.021987436339259, 5004334.096217798069119 ], [ 15425215.553081562742591, 5004333.654952268116176 ], [ 15425215.084989877417684, 5004333.213148541748524 ], [ 15425214.617974540218711, 5004332.770434057340026 ], [ 15425214.152283912524581, 5004332.326408626511693 ], [ 15425213.660194939002395, 5004331.854908454231918 ], [ 15425213.166684614494443, 5004331.385050415061414 ], [ 15425212.667820101603866, 5004330.919856607913971 ], [ 15425212.159668540582061, 5004330.462307693436742 ], [ 15425211.716967901214957, 5004330.082463577389717 ], [ 15425211.261502670124173, 5004329.719082224182785 ], [ 15425210.789450524374843, 5004329.380526115186512 ], [ 15425210.297002768144011, 5004329.07507492415607 ], [ 15425209.886730844154954, 5004328.857885119505227 ], [ 15425209.466371489688754, 5004328.658607016317546 ], [ 15425209.040795957669616, 5004328.468160584568977 ] ] } },
{ "type": "Feature", "properties": { "type": 222, "Name": null, "VALIDATION_ERRORS": "" }, "geometry": { "type": "LineString", "coordinates": [ [ 15425203.929294148460031, 5004334.450629499740899 ], [ 15425204.193898951634765, 5004334.012882822193205 ], [ 15425204.460877178236842, 5004333.576957676559687 ], [ 15425204.732795691117644, 5004333.144358198158443 ], [ 15425205.012234890833497, 5004332.716574748978019 ], [ 15425205.337074359878898, 5004332.243128842674196 ], [ 15425205.67117321677506, 5004331.776141094043851 ], [ 15425206.011509461328387, 5004331.313348387368023 ], [ 15425206.355088574811816, 5004330.85247380938381 ] ] } },
{ "type": "Feature", "properties": { "type": 223, "Name": null, "VALIDATION_ERRORS": "" }, "geometry": { "type": "LineString", "coordinates": [ [ 15425204.275840127840638, 5004329.595287225209177 ], [ 15425204.182086581364274, 5004329.178833121433854 ], [ 15425204.059243714436889, 5004328.771610854193568 ], [ 15425203.924229754135013, 5004328.459977510385215 ], [ 15425203.756028039380908, 5004328.164696520194411 ], [ 15425203.669381210580468, 5004328.034636545926332 ] ] } },
{ "type": "Feature", "properties": { "type": 224, "Name": null, "VALIDATION_ERRORS": "" }, "geometry": { "type": "LineString", "coordinates": [ [ 15425204.232523595914245, 5004333.32348906993866 ], [ 15425204.327118972316384, 5004332.84790426120162 ], [ 15425204.415752941742539, 5004332.371477681212127 ], [ 15425204.492422765120864, 5004331.892898392863572 ], [ 15425204.558922430500388, 5004331.345790930092335 ], [ 15425204.602238917723298, 5004330.796351375989616 ], [ 15425204.622372345998883, 5004330.245559472590685 ], [ 15425204.624138692393899, 5004329.942081609740853 ], [ 15425204.622372345998883, 5004329.638631337322295 ] ] } },
{ "type": "Feature", "properties": { "type": 225, "Name": null, "VALIDATION_ERRORS": "" }, "geometry": { "type": "LineString", "coordinates": [ [ 15425204.405789704993367, 5004328.684908799827099 ], [ 15425205.228831304237247, 5004329.421883116476238 ] ] } },
{ "type": "Feature", "properties": { "type": 226, "Name": null, "VALIDATION_ERRORS": "" }, "geometry": { "type": "LineString", "coordinates": [ [ 15425205.575363522395492, 5004334.624033593572676 ], [ 15425205.39225841127336, 5004334.226760758087039 ], [ 15425205.185500958934426, 5004333.843701364472508 ], [ 15425204.977556804195046, 5004333.535048701800406 ], [ 15425204.752335721626878, 5004333.236787022091448 ] ] } },
{ "type": "Feature", "properties": { "type": 227, "Name": null, "VALIDATION_ERRORS": "" }, "geometry": { "type": "LineString", "coordinates": [ [ 15425208.65093339420855, 5004334.450629499740899 ], [ 15425208.899227218702435, 5004334.077464341185987 ], [ 15425209.145354488864541, 5004333.702491419389844 ], [ 15425209.387328119948506, 5004333.32348906993866 ], [ 15425209.667029524222016, 5004332.855852753855288 ], [ 15425209.907140227034688, 5004332.369766547344625 ], [ 15425210.043023591861129, 5004332.002259155735373 ], [ 15425210.154426695778966, 5004331.624981742352247 ], [ 15425210.253686243668199, 5004331.242626123130322 ] ] } },
{ "type": "Feature", "properties": { "type": 228, "Name": null, "VALIDATION_ERRORS": "" }, "geometry": { "type": "LineString", "coordinates": [ [ 15425210.556915713474154, 5004333.887059290893376 ], [ 15425211.087946793064475, 5004333.639000072143972 ], [ 15425211.553223395720124, 5004333.32348906993866 ], [ 15425211.870169518515468, 5004332.948405781760812 ], [ 15425212.118587555363774, 5004332.503262587822974 ], [ 15425212.332934649661183, 5004332.022958352230489 ] ] } },
{ "type": "Feature", "properties": { "type": 229, "Name": null, "VALIDATION_ERRORS": "" }, "geometry": { "type": "LineString", "coordinates": [ [ 15425208.174437833949924, 5004324.609898753464222 ], [ 15425208.608348267152905, 5004324.711614610627294 ], [ 15425209.037511659786105, 5004324.824618451297283 ], [ 15425209.457484623417258, 5004324.960322397761047 ], [ 15425209.863823698833585, 5004325.130111035890877 ], [ 15425210.414270622655749, 5004325.43465147074312 ], [ 15425210.954009180888534, 5004325.761174435727298 ], [ 15425211.509906889870763, 5004326.040489445440471 ], [ 15425211.974162327125669, 5004326.190793227404356 ], [ 15425212.458095813170075, 5004326.286547722294927 ], [ 15425212.955263016745448, 5004326.345982030034065 ], [ 15425213.459205714985728, 5004326.387297647073865 ] ] } },
{ "type": "Feature", "properties": { "type": 230, "Name": null, "VALIDATION_ERRORS": "" }, "geometry": { "type": "LineString", "coordinates": [ [ 15425213.849054446443915, 5004326.690761705860496 ], [ 15425214.355619056150317, 5004326.824326739646494 ], [ 15425214.862984040752053, 5004326.952123598195612 ], [ 15425215.372377568855882, 5004327.068453102372587 ], [ 15425215.885000137612224, 5004327.167616061866283 ], [ 15425216.337208645418286, 5004327.237234363332391 ], [ 15425216.791569901630282, 5004327.293605195358396 ], [ 15425217.247490460053086, 5004327.341171959415078 ], [ 15425217.704335602000356, 5004327.384378090500832 ] ] } },
{ "type": "Feature", "properties": { "type": 231, "Name": null, "VALIDATION_ERRORS": "" }, "geometry": { "type": "LineString", "coordinates": [ [ 15425206.528354683890939, 5004327.687828353606164 ], [ 15425206.792117668315768, 5004327.295564727857709 ], [ 15425207.031303843483329, 5004326.894138247705996 ], [ 15425207.221446657553315, 5004326.473999686539173 ], [ 15425207.344565523788333, 5004326.03881970513612 ], [ 15425207.422629104927182, 5004325.587466757744551 ], [ 15425207.481345826759934, 5004325.130111035890877 ], [ 15425207.549239190295339, 5004324.621131513267756 ], [ 15425207.622265992686152, 5004324.116098640486598 ], [ 15425207.697942255064845, 5004323.612818291410804 ] ] } },
{ "type": "Feature", "properties": { "type": 232, "Name": null, "VALIDATION_ERRORS": "" }, "geometry": { "type": "LineString", "coordinates": [ [ 15425206.614987736567855, 5004321.228505082428455 ], [ 15425208.347703924402595, 5004321.358551246114075 ] ] } },
{ "type": "Feature", "properties": { "type": 233, "Name": null, "VALIDATION_ERRORS": "" }, "geometry": { "type": "LineString", "coordinates": [ [ 15425206.26845551840961, 5004320.274768748320639 ], [ 15425208.867516031488776, 5004318.757476007565856 ] ] } },
{ "type": "Feature", "properties": { "type": 234, "Name": null, "VALIDATION_ERRORS": "" }, "geometry": { "type": "LineString", "coordinates": [ [ 15425209.170745523646474, 5004319.017595953308046 ], [ 15425209.587089216336608, 5004318.673078471794724 ], [ 15425210.005696045234799, 5004318.332079851068556 ], [ 15425210.429187832400203, 5004317.997856779955328 ], [ 15425210.860131388530135, 5004317.673707311972976 ], [ 15425211.356567209586501, 5004317.323463047854602 ], [ 15425211.862717838957906, 5004316.98714245390147 ], [ 15425212.376223610714078, 5004316.661212850362062 ], [ 15425212.894724735990167, 5004316.34212779533118 ], [ 15425213.415889227762818, 5004316.026354593224823 ] ] } },
{ "type": "Feature", "properties": { "type": 235, "Name": null, "VALIDATION_ERRORS": "" }, "geometry": { "type": "LineString", "coordinates": [ [ 15425204.405789704993367, 5004328.121338599361479 ], [ 15425204.84001755900681, 5004327.789985809475183 ], [ 15425205.26252962462604, 5004327.44712426699698 ], [ 15425205.661996560171247, 5004327.080914007499814 ], [ 15425206.043813975527883, 5004326.668199566192925 ], [ 15425206.40055781416595, 5004326.230604695156217 ], [ 15425206.744951097294688, 5004325.780383298173547 ] ] } },
{ "type": "Feature", "properties": { "type": 236, "Name": null, "VALIDATION_ERRORS": "" }, "geometry": { "type": "LineString", "coordinates": [ [ 15425210.470268884673715, 5004328.034636545926332 ], [ 15425209.820507174357772, 5004325.130111035890877 ] ] } },
{ "type": "Feature", "properties": { "type": 237, "Name": null, "VALIDATION_ERRORS": "" }, "geometry": { "type": "LineString", "coordinates": [ [ 15425217.704335602000356, 5004333.756999325938523 ], [ 15425217.244992757216096, 5004333.512652155943215 ], [ 15425216.79453676007688, 5004333.256547867320478 ], [ 15425216.361495720222592, 5004332.976680896244943 ], [ 15425215.873449975624681, 5004332.598644509911537 ], [ 15425215.413969116285443, 5004332.182424996979535 ], [ 15425214.97342118062079, 5004331.740648865699768 ], [ 15425214.542146479710937, 5004331.285984049551189 ] ] } },
{ "type": "Feature", "properties": { "type": 238, "Name": null, "VALIDATION_ERRORS": "" }, "geometry": { "type": "LineString", "coordinates": [ [ 15425218.440744122490287, 5004332.933336768299341 ], [ 15425218.001824518665671, 5004332.45797273889184 ], [ 15425217.569652816280723, 5004331.977820304222405 ], [ 15425217.150673417374492, 5004331.487732259556651 ], [ 15425216.751358261331916, 5004330.982519975863397 ], [ 15425216.38242949731648, 5004330.468200069852173 ], [ 15425216.032778615131974, 5004329.939639107324183 ], [ 15425215.695864638313651, 5004329.401473691686988 ], [ 15425215.36518801189959, 5004328.858312907628715 ] ] } },
{ "type": "Feature", "properties": { "type": 239, "Name": null, "VALIDATION_ERRORS": "" }, "geometry": { "type": "LineString", "coordinates": [ [ 15425217.531069492921233, 5004332.499812720343471 ], [ 15425215.5817706938833, 5004330.722413837909698 ] ] } },
{ "type": "Feature", "properties": { "type": 240, "Name": null, "VALIDATION_ERRORS": "" }, "geometry": { "type": "LineString", "coordinates": [ [ 15425213.199292736127973, 5004320.058020527474582 ], [ 15425213.704712009057403, 5004320.048609293065965 ], [ 15425214.209993297234178, 5004320.042040740139782 ], [ 15425214.715219361707568, 5004320.041185179725289 ], [ 15425215.220486814156175, 5004320.048885277472436 ], [ 15425215.725892288610339, 5004320.06799753382802 ], [ 15425216.231532359495759, 5004320.101364655420184 ], [ 15425216.694573448970914, 5004320.143121844157577 ], [ 15425217.156786611303687, 5004320.17882105987519 ], [ 15425217.61770254932344, 5004320.188066706061363 ], [ 15425218.085449269041419, 5004320.154782386496663 ], [ 15425218.551305448636413, 5004320.0850122962147 ], [ 15425219.016043884679675, 5004319.990899917669594 ], [ 15425219.480368318036199, 5004319.884616437368095 ] ] } },
{ "type": "Feature", "properties": { "type": 241, "Name": null, "VALIDATION_ERRORS": "" }, "geometry": { "type": "LineString", "coordinates": [ [ 15425209.25737857632339, 5004316.719970989972353 ], [ 15425209.031840054318309, 5004316.20203559845686 ], [ 15425208.79800814203918, 5004315.691248355433345 ], [ 15425208.54747880063951, 5004315.194591763429344 ], [ 15425208.271793095394969, 5004314.718993140384555 ], [ 15425207.962547035887837, 5004314.271407440304756 ], [ 15425207.611309202387929, 5004313.858789598569274 ], [ 15425207.111754717305303, 5004313.395527701824903 ], [ 15425206.577549794688821, 5004312.960264931432903 ], [ 15425206.051859082654119, 5004312.514900962822139 ], [ 15425205.643118871375918, 5004312.111018166877329 ], [ 15425205.26102546416223, 5004311.682006551884115 ], [ 15425204.895325822755694, 5004311.235924992710352 ], [ 15425204.53573933430016, 5004310.780859986320138 ], [ 15425204.170605415478349, 5004310.314424217678607 ], [ 15425203.820043781772256, 5004309.839391378685832 ], [ 15425203.502449044957757, 5004309.347399002872407 ], [ 15425203.236202137544751, 5004308.830057008191943 ], [ 15425203.087085111066699, 5004308.448984741233289 ], [ 15425202.961013181135058, 5004308.0570660950616 ], [ 15425202.846353383734822, 5004307.659572450444102 ] ] } },
{ "type": "Feature", "properties": { "type": 242, "Name": null, "VALIDATION_ERRORS": "" }, "geometry": { "type": "LineString", "coordinates": [ [ 15425191.280509965494275, 5004301.980567618273199 ], [ 15425191.518895709887147, 5004302.49956555198878 ], [ 15425191.760883176699281, 5004303.016176168806851 ], [ 15425192.010211942717433, 5004303.528219190426171 ], [ 15425192.270663095638156, 5004304.033514245413244 ], [ 15425192.545990014448762, 5004304.529881054535508 ], [ 15425192.839946245774627, 5004305.015153094194829 ], [ 15425193.189969750121236, 5004305.537200707942247 ], [ 15425193.563438506796956, 5004306.0438895188272 ], [ 15425193.956847483292222, 5004306.536640861071646 ], [ 15425194.366622665897012, 5004307.016917502507567 ], [ 15425194.789245130494237, 5004307.486168357543647 ], [ 15425195.248587952926755, 5004307.974352095276117 ], [ 15425195.715354928746819, 5004308.454076748341322 ], [ 15425196.186965445056558, 5004308.928295413032174 ], [ 15425196.660825336351991, 5004309.399947377853096 ], [ 15425197.134340235963464, 5004309.871985716745257 ], [ 15425197.604902038350701, 5004310.347349751740694 ], [ 15425197.9678556304425, 5004310.721066899597645 ], [ 15425198.328380459919572, 5004311.097102351486683 ], [ 15425198.687842776998878, 5004311.474476365372539 ] ] } },
{ "type": "Feature", "properties": { "type": 243, "Name": null, "VALIDATION_ERRORS": "" }, "geometry": { "type": "LineString", "coordinates": [ [ 15425191.020597005262971, 5004309.870481579564512 ], [ 15425191.517308799549937, 5004309.92374752741307 ], [ 15425192.014448394998908, 5004309.973011625930667 ], [ 15425192.512816118076444, 5004310.014368612319231 ], [ 15425193.013212395831943, 5004310.043885672464967 ], [ 15425193.519307827576995, 5004310.060389841906726 ], [ 15425194.025610202923417, 5004310.073375150561333 ], [ 15425194.530104929581285, 5004310.095454285852611 ], [ 15425195.030777184292674, 5004310.139226198196411 ], [ 15425195.525639811530709, 5004310.217289780266583 ], [ 15425195.933124272152781, 5004310.314769206568599 ], [ 15425196.336717283353209, 5004310.43398280069232 ], [ 15425196.738543951883912, 5004310.564097969792783 ] ] } },
{ "type": "Feature", "properties": { "type": 244, "Name": null, "VALIDATION_ERRORS": "" }, "geometry": { "type": "LineString", "coordinates": [ [ 15425193.229808809235692, 5004316.633268936537206 ], [ 15425193.346952447667718, 5004316.106557100079954 ], [ 15425193.46081187017262, 5004315.579445073381066 ], [ 15425193.568061331287026, 5004315.051256685517728 ], [ 15425193.665430361405015, 5004314.521288176998496 ], [ 15425193.749620934948325, 5004313.988849557936192 ], [ 15425193.811953062191606, 5004313.505716449581087 ], [ 15425193.860637607052922, 5004313.020968777127564 ], [ 15425193.895481267943978, 5004312.535006768070161 ], [ 15425193.916290881112218, 5004312.048271984793246 ], [ 15425193.922887010499835, 5004311.561178418807685 ], [ 15425193.916152870282531, 5004311.084075665101409 ], [ 15425193.900173069909215, 5004310.607359299436212 ], [ 15425193.879570437595248, 5004310.130587726831436 ] ] } },
{ "type": "Feature", "properties": { "type": 245, "Name": null, "VALIDATION_ERRORS": "" }, "geometry": { "type": "LineString", "coordinates": [ [ 15425202.109944889321923, 5004307.702916593290865 ], [ 15425201.888242678716779, 5004307.259774312376976 ], [ 15425201.672184413298965, 5004306.814838110469282 ], [ 15425201.467345150187612, 5004306.366051875054836 ], [ 15425201.279313607141376, 5004305.911345645785332 ], [ 15425201.113637221977115, 5004305.448663343675435 ], [ 15425200.985826538875699, 5004305.021487047895789 ], [ 15425200.8750582318753, 5004304.58868058770895 ], [ 15425200.775288077071309, 5004304.152369047515094 ], [ 15425200.680458152666688, 5004303.714608570560813 ], [ 15425200.580011839047074, 5004303.251539871096611 ], [ 15425200.478834150359035, 5004302.789340542629361 ], [ 15425200.377242496237159, 5004302.327375807799399 ] ] } },
{ "type": "Feature", "properties": { "type": 246, "Name": null, "VALIDATION_ERRORS": "" }, "geometry": { "type": "LineString", "coordinates": [ [ 15425195.655603213235736, 5004313.728743422776461 ], [ 15425196.091914741322398, 5004313.224676503799856 ], [ 15425196.547407547011971, 5004312.741101802326739 ], [ 15425197.041773421689868, 5004312.298152718693018 ], [ 15425197.357450010254979, 5004312.065838711336255 ], [ 15425197.691535094752908, 5004311.864642492495477 ], [ 15425198.158950639888644, 5004311.656836318783462 ], [ 15425198.649659676477313, 5004311.506698125042021 ], [ 15425199.157907823100686, 5004311.399766053073108 ], [ 15425199.677926914766431, 5004311.321592090651393 ], [ 15425200.203962570056319, 5004311.257728156633675 ] ] } },
{ "type": "Feature", "properties": { "type": 247, "Name": null, "VALIDATION_ERRORS": "" }, "geometry": { "type": "LineString", "coordinates": [ [ 15425193.792937425896525, 5004305.448663343675435 ], [ 15425196.045465754345059, 5004304.668331108987331 ] ] } },
{ "type": "Feature", "properties": { "type": 248, "Name": null, "VALIDATION_ERRORS": "" }, "geometry": { "type": "LineString", "coordinates": [ [ 15425197.951434256508946, 5004305.752113605849445 ], [ 15425197.894387261942029, 5004306.283834645524621 ], [ 15425197.847151724621654, 5004306.815114103257656 ], [ 15425197.819580344483256, 5004307.345965788699687 ], [ 15425197.821484671905637, 5004307.876320687122643 ], [ 15425197.852091880515218, 5004308.33868561219424 ], [ 15425197.901990780606866, 5004308.800539948046207 ], [ 15425197.960528088733554, 5004309.262283899821341 ], [ 15425198.017036905512214, 5004309.72430382668972 ], [ 15425198.060891611501575, 5004310.187013741582632 ], [ 15425198.081397635862231, 5004310.650800009258091 ], [ 15425198.081397635862231, 5004310.867562028579414 ] ] } },
{ "type": "Feature", "properties": { "type": 249, "Name": null, "VALIDATION_ERRORS": "" }, "geometry": { "type": "LineString", "coordinates": [ [ 15425210.210369715467095, 5004316.069712519645691 ], [ 15425210.069587575271726, 5004315.52840084489435 ], [ 15425209.911542253568769, 5004314.995686243288219 ], [ 15425209.718805139884353, 5004314.479765584692359 ], [ 15425209.473961176350713, 5004313.988849557936192 ], [ 15425209.182820042595267, 5004313.541305266320705 ], [ 15425208.877313667908311, 5004313.101392060518265 ], [ 15425208.60761690326035, 5004312.644960907287896 ], [ 15425208.421365464106202, 5004312.187577611766756 ], [ 15425208.285385554656386, 5004311.706900782883167 ], [ 15425208.174437833949924, 5004311.214370230212808 ] ] } },
{ "type": "Feature", "properties": { "type": 250, "Name": null, "VALIDATION_ERRORS": "" }, "geometry": { "type": "LineString", "coordinates": [ [ 15425196.218731826171279, 5004315.246036163531244 ], [ 15425196.69228813610971, 5004315.473064972087741 ], [ 15425197.14631817676127, 5004315.724822448566556 ], [ 15425197.561585510149598, 5004316.026354593224823 ], [ 15425197.894180262461305, 5004316.361184845678508 ], [ 15425198.18163694627583, 5004316.74220191501081 ], [ 15425198.427929816767573, 5004317.153481218963861 ], [ 15425198.648735115304589, 5004317.605855335481465 ], [ 15425198.838008580729365, 5004318.069848584011197 ], [ 15425199.006348283961415, 5004318.541693761013448 ], [ 15425199.164338355883956, 5004319.017595953308046 ] ] } },
{ "type": "Feature", "properties": { "type": 251, "Name": null, "VALIDATION_ERRORS": "" }, "geometry": { "type": "LineString", "coordinates": [ [ 15425202.976303013041615, 5004316.503222769126296 ], [ 15425200.853724243119359, 5004319.060940063558519 ] ] } },
{ "type": "Feature", "properties": { "type": 252, "Name": null, "VALIDATION_ERRORS": "" }, "geometry": { "type": "LineString", "coordinates": [ [ 15425204.189193291589618, 5004317.413601164706051 ], [ 15425202.456490887328982, 5004319.277702097781003 ] ] } },
{ "type": "Feature", "properties": { "type": 253, "Name": null, "VALIDATION_ERRORS": "" }, "geometry": { "type": "LineString", "coordinates": [ [ 15425209.560608046129346, 5004313.858789598569274 ], [ 15425210.039753107354045, 5004314.106669410131872 ], [ 15425210.518318632617593, 5004314.355321993120015 ], [ 15425210.995931943878531, 5004314.605685721151531 ], [ 15425211.472248150035739, 5004314.858657537028193 ], [ 15425211.94692218862474, 5004315.115162027999759 ], [ 15425212.419581478461623, 5004315.376082336530089 ], [ 15425212.936895905062556, 5004315.668189446441829 ], [ 15425213.453120147809386, 5004315.961869683116674 ], [ 15425213.97058635763824, 5004316.252569255419075 ], [ 15425214.491640387102962, 5004316.535692904144526 ], [ 15425215.018642036244273, 5004316.806673022918403 ], [ 15425215.5485277492553, 5004317.059810441918671 ], [ 15425216.085133811458945, 5004317.298361814580858 ], [ 15425216.627535643056035, 5004317.524410873651505 ], [ 15425217.174794876947999, 5004317.740068931132555 ], [ 15425217.72597317583859, 5004317.94743353035301 ], [ 15425218.280145952478051, 5004318.148602151311934 ], [ 15425218.836374832317233, 5004318.34565853793174 ], [ 15425219.393735302612185, 5004318.540727786719799 ] ] } },
{ "type": "Feature", "properties": { "type": 254, "Name": null, "VALIDATION_ERRORS": "" }, "geometry": { "type": "LineString", "coordinates": [ [ 15425202.71639003045857, 5004302.544124028645456 ], [ 15425203.200709944590926, 5004302.925734465010464 ], [ 15425203.681759295985103, 5004303.310642991214991 ], [ 15425204.156626561656594, 5004303.702465042471886 ], [ 15425204.622372345998883, 5004304.104774693027139 ], [ 15425205.180367568507791, 5004304.61760426685214 ], [ 15425205.724080363288522, 5004305.145944443531334 ], [ 15425206.258423307910562, 5004305.684758402407169 ], [ 15425206.788267625495791, 5004306.228981758467853 ] ] } },
{ "type": "Feature", "properties": { "type": 255, "Name": null, "VALIDATION_ERRORS": "" }, "geometry": { "type": "LineString", "coordinates": [ [ 15425207.438029294833541, 5004305.318603362888098 ], [ 15425207.918581897392869, 5004305.734119101427495 ], [ 15425208.400818066671491, 5004306.147150934673846 ], [ 15425208.886614499613643, 5004306.555366741493344 ], [ 15425209.377875527366996, 5004306.956406838260591 ], [ 15425209.876505428925157, 5004307.347939095459878 ], [ 15425210.384394751861691, 5004307.727617624215782 ], [ 15425210.903447913005948, 5004308.093082699924707 ], [ 15425211.341898357495666, 5004308.381974538788199 ], [ 15425211.790270635858178, 5004308.654707182198763 ], [ 15425212.250068863853812, 5004308.90675444342196 ], [ 15425212.722797213122249, 5004309.133507276885211 ], [ 15425213.237917462363839, 5004309.343852545134723 ], [ 15425213.762752601876855, 5004309.532242858782411 ], [ 15425214.291423944756389, 5004309.710545771755278 ], [ 15425214.818052994087338, 5004309.890683996491134 ], [ 15425215.336761122569442, 5004310.084538914263248 ], [ 15425215.841683613136411, 5004310.303991834633052 ], [ 15425216.382843500003219, 5004310.589419991709292 ], [ 15425216.902641789987683, 5004310.914563022553921 ], [ 15425217.404680183157325, 5004311.272810972295702 ], [ 15425217.892546536400914, 5004311.657595294527709 ], [ 15425218.369842471554875, 5004312.062292240560055 ], [ 15425218.840155901387334, 5004312.480319486930966 ], [ 15425219.307102246209979, 5004312.905067063868046 ] ] } },
{ "type": "Feature", "properties": { "type": 256, "Name": null, "VALIDATION_ERRORS": "" }, "geometry": { "type": "LineString", "coordinates": [ [ 15425210.167053190991282, 5004309.350269297137856 ], [ 15425210.139481851831079, 5004309.854419002309442 ], [ 15425210.116616176441312, 5004310.358099533244967 ], [ 15425210.103216854855418, 5004310.861145279370248 ], [ 15425210.104017211124301, 5004311.363376870751381 ], [ 15425210.123736659064889, 5004311.864642492495477 ], [ 15425210.165107434615493, 5004312.360664309933782 ], [ 15425210.225107533857226, 5004312.855375190265477 ], [ 15425210.299058901146054, 5004313.349189100787044 ], [ 15425210.382338644936681, 5004313.842478620819747 ], [ 15425210.470268884673715, 5004314.33565775398165 ] ] } },
{ "type": "Feature", "properties": { "type": 257, "Name": null, "VALIDATION_ERRORS": "" }, "geometry": { "type": "LineString", "coordinates": [ [ 15425210.080420153215528, 5004311.43113224953413 ], [ 15425210.588295703753829, 5004311.521201375871897 ], [ 15425211.096474858000875, 5004311.605585094541311 ], [ 15425211.605606181547046, 5004311.678611879236996 ], [ 15425212.116352034732699, 5004311.734582512639463 ], [ 15425212.619687585160136, 5004311.768956983461976 ], [ 15425213.124292688444257, 5004311.784895374439657 ], [ 15425213.629822323098779, 5004311.785930337384343 ], [ 15425214.135945344343781, 5004311.775553143583238 ], [ 15425214.642303, 5004311.757268843241036 ], [ 15425215.148591617122293, 5004311.734582512639463 ], [ 15425215.669369695708156, 5004311.709715881384909 ], [ 15425216.189416350796819, 5004311.684090266935527 ], [ 15425216.708966298028827, 5004311.657885077409446 ], [ 15425217.228295432403684, 5004311.631293508224189 ], [ 15425217.747665924951434, 5004311.604536348953843 ] ] } },
{ "type": "Feature", "properties": { "type": 258, "Name": null, "VALIDATION_ERRORS": "" }, "geometry": { "type": "LineString", "coordinates": [ [ 15425213.892384743317962, 5004312.514900962822139 ], [ 15425217.747665924951434, 5004314.24895569961518 ] ] } },
{ "type": "Feature", "properties": { "type": 259, "Name": null, "VALIDATION_ERRORS": "" }, "geometry": { "type": "LineString", "coordinates": [ [ 15425209.907140227034688, 5004301.850507637485862 ], [ 15425209.430644685402513, 5004306.879254020750523 ] ] } },
{ "type": "Feature", "properties": { "type": 260, "Name": null, "VALIDATION_ERRORS": "" }, "geometry": { "type": "LineString", "coordinates": [ [ 15425213.805737914517522, 5004303.584562404081225 ], [ 15425214.02868209220469, 5004304.063804064877331 ], [ 15425214.253351202234626, 5004304.541969394311309 ], [ 15425214.481635807082057, 5004305.018285569734871 ], [ 15425214.715412570163608, 5004305.492007470689714 ], [ 15425214.97023350186646, 5004305.989768018946052 ], [ 15425215.231733391061425, 5004306.483926916494966 ], [ 15425215.498573673889041, 5004306.975243108347058 ], [ 15425215.769470995292068, 5004307.464503196068108 ], [ 15425216.043100634589791, 5004307.952452328056097 ], [ 15425216.318179188296199, 5004308.439890880137682 ] ] } },
{ "type": "Feature", "properties": { "type": 261, "Name": null, "VALIDATION_ERRORS": "" }, "geometry": { "type": "LineString", "coordinates": [ [ 15425198.254663748666644, 5004301.980567618273199 ], [ 15425198.327290339395404, 5004302.399602205492556 ], [ 15425198.421209501102567, 5004302.807735238224268 ], [ 15425198.5578932184726, 5004303.194396288134158 ], [ 15425198.888459423556924, 5004303.744829391129315 ], [ 15425199.324770977720618, 5004304.241541204974055 ], [ 15425199.814100028946996, 5004304.711689020507038 ] ] } },
{ "type": "Feature", "properties": { "type": 262, "Name": null, "VALIDATION_ERRORS": "" }, "geometry": { "type": "LineString", "coordinates": [ [ 15425196.521947519853711, 5004302.327375807799399 ], [ 15425196.64027794264257, 5004302.76901392173022 ], [ 15425196.771842086687684, 5004303.202965745702386 ], [ 15425196.930080531165004, 5004303.621793357655406 ], [ 15425197.128406481817365, 5004304.018072644248605 ], [ 15425197.420265195891261, 5004304.445566314272583 ], [ 15425197.760366840288043, 5004304.845502449199557 ], [ 15425198.124714164063334, 5004305.231901308521628 ] ] } },
{ "type": "Feature", "properties": { "type": 263, "Name": null, "VALIDATION_ERRORS": "" }, "geometry": { "type": "LineString", "coordinates": [ [ 15425214.498829929158092, 5004322.702439896762371 ], [ 15425217.271170323714614, 5004321.40190917532891 ] ] } },
{ "type": "Feature", "properties": { "type": 264, "Name": null, "VALIDATION_ERRORS": "" }, "geometry": { "type": "LineString", "coordinates": [ [ 15425191.713233614340425, 5004327.35680674854666 ], [ 15425190.718706080690026, 5004325.246744127012789 ], [ 15425190.201543474569917, 5004323.932938327081501 ] ] } },
{ "type": "Feature", "properties": { "type": 265, "Name": null, "VALIDATION_ERRORS": "" }, "geometry": { "type": "LineString", "coordinates": [ [ 15425187.153986470773816, 5004293.503513937816024 ], [ 15425187.744907254353166, 5004293.294521018862724 ], [ 15425188.331439783796668, 5004293.07613065559417 ], [ 15425188.909775419160724, 5004292.838641842827201 ], [ 15425189.406583821401, 5004292.609432707540691 ], [ 15425189.895236710086465, 5004292.362574056722224 ], [ 15425190.377486659213901, 5004292.102081526070833 ], [ 15425190.855127578601241, 5004291.832012159749866 ], [ 15425191.329912034794688, 5004291.55640921369195 ], [ 15425191.892323108389974, 5004291.226229378953576 ], [ 15425192.452981607988477, 5004290.89460061211139 ], [ 15425193.012412006035447, 5004290.561840269714594 ], [ 15425193.571138584986329, 5004290.228279564529657 ], [ 15425194.129685821011662, 5004289.894235882908106 ] ] } },
{ "type": "Feature", "properties": { "type": 266, "Name": null, "VALIDATION_ERRORS": "" }, "geometry": { "type": "LineString", "coordinates": [ [ 15425185.730364540591836, 5004288.374542032368481 ], [ 15425189.526666747406125, 5004291.366445755586028 ] ] } },
{ "type": "Feature", "properties": { "type": 267, "Name": null, "VALIDATION_ERRORS": "" }, "geometry": { "type": "LineString", "coordinates": [ [ 15425185.445640129968524, 5004286.332455569878221 ], [ 15425186.014178166165948, 5004286.365532903000712 ], [ 15425186.582702388986945, 5004286.39700947701931 ], [ 15425187.151502585038543, 5004286.425312179140747 ], [ 15425187.720854790881276, 5004286.448798873461783 ], [ 15425188.291034916415811, 5004286.465868809260428 ], [ 15425188.862319039180875, 5004286.474935063160956 ], [ 15425189.377535933628678, 5004286.474576283246279 ], [ 15425189.892366433516145, 5004286.463315922766924 ], [ 15425190.405844571068883, 5004286.437980101443827 ], [ 15425190.91699062846601, 5004286.395408742129803 ], [ 15425191.424824768677354, 5004286.332455569878221 ], [ 15425192.039080435410142, 5004286.225081927143037 ], [ 15425192.647195337340236, 5004286.087059669196606 ], [ 15425193.25005261413753, 5004285.922763214446604 ], [ 15425193.848590673878789, 5004285.736553208902478 ], [ 15425194.443706447258592, 5004285.532817881554365 ], [ 15425195.036310760304332, 5004285.315945475362241 ], [ 15425195.627328088507056, 5004285.090296597220004 ], [ 15425196.217655478045344, 5004284.860259490087628 ] ] } },
{ "type": "Feature", "properties": { "type": 268, "Name": null, "VALIDATION_ERRORS": "" }, "geometry": { "type": "LineString", "coordinates": [ [ 15425190.143571918830276, 5004280.111214490607381 ], [ 15425190.588232139125466, 5004280.581320912577212 ], [ 15425191.030477410182357, 5004281.053221270442009 ], [ 15425191.46822408773005, 5004281.528999285772443 ], [ 15425191.8993608225137, 5004282.010821448639035 ], [ 15425192.358662260696292, 5004282.543011668138206 ], [ 15425192.808938892558217, 5004283.082722605206072 ], [ 15425193.252039736136794, 5004283.628491506911814 ], [ 15425193.689814021810889, 5004284.1788694197312 ], [ 15425194.124110842123628, 5004284.732407432980835 ], [ 15425194.556779289618134, 5004285.28767036087811 ] ] } },
{ "type": "Feature", "properties": { "type": 269, "Name": null, "VALIDATION_ERRORS": "" }, "geometry": { "type": "LineString", "coordinates": [ [ 15425199.064885625615716, 5004293.408532203175128 ], [ 15425199.611786087974906, 5004293.024976045824587 ], [ 15425200.158810729160905, 5004292.641102481633425 ], [ 15425200.70631836168468, 5004292.256456155329943 ], [ 15425201.2546815443784, 5004291.870623074471951 ], [ 15425201.80427291803062, 5004291.483147850260139 ], [ 15425202.35547879152, 5004291.09361650981009 ], [ 15425202.908644212409854, 5004290.701573651283979 ], [ 15425203.443801326677203, 5004290.324144448153675 ], [ 15425203.985968569293618, 5004289.959107163362205 ], [ 15425204.540513938292861, 5004289.621310027316213 ], [ 15425205.112860592082143, 5004289.325615051202476 ], [ 15425205.708417972549796, 5004289.08689808100462 ], [ 15425206.226201584562659, 5004288.935876714065671 ], [ 15425206.753451550379395, 5004288.808507655747235 ], [ 15425207.280177230015397, 5004288.677868091501296 ], [ 15425207.79638765566051, 5004288.517021528445184 ], [ 15425208.304359825327992, 5004288.302426006644964 ], [ 15425208.797718333080411, 5004288.050157971680164 ], [ 15425209.283859746530652, 5004287.781730750575662 ], [ 15425209.770152969285846, 5004287.518602529540658 ], [ 15425210.263980628922582, 5004287.282272861339152 ], [ 15425210.78083966858685, 5004287.086693023331463 ], [ 15425211.311249764636159, 5004286.936416827142239 ], [ 15425211.853720592334867, 5004286.826379883103073 ], [ 15425212.406748009845614, 5004286.751559166237712 ], [ 15425212.968855472281575, 5004286.706917891278863 ], [ 15425213.538566483184695, 5004286.687391648069024 ], [ 15425214.114376788958907, 5004286.687971231527627 ], [ 15425214.694796143099666, 5004286.703606029041111 ], [ 15425215.278334202244878, 5004286.729245434515178 ], [ 15425215.863528160378337, 5004286.759866444393992 ] ] } },
{ "type": "Feature", "properties": { "type": 270, "Name": null, "VALIDATION_ERRORS": "" }, "geometry": { "type": "LineString", "coordinates": [ [ 15425197.973444389179349, 5004289.41934103704989 ], [ 15425198.46692712418735, 5004289.388871813192964 ], [ 15425198.95744295604527, 5004289.346866232343018 ], [ 15425199.442356208339334, 5004289.281746562570333 ], [ 15425199.919058768078685, 5004289.181879815645516 ], [ 15425200.496925240382552, 5004289.000913606956601 ], [ 15425201.064345525577664, 5004288.778383411467075 ], [ 15425201.628578079864383, 5004288.54388908110559 ], [ 15425202.196840124204755, 5004288.327058058232069 ], [ 15425202.734895104542375, 5004288.16234762314707 ], [ 15425203.281298784539104, 5004288.034661154262722 ], [ 15425203.835140379145741, 5004287.939886427484453 ], [ 15425204.39550911821425, 5004287.873924975283444 ], [ 15425204.961494257673621, 5004287.8326231893152 ], [ 15425205.532184964045882, 5004287.811882570385933 ], [ 15425206.106670560315251, 5004287.807590940967202 ], [ 15425206.684054037556052, 5004287.815608436241746 ], [ 15425207.263410842046142, 5004287.831836610101163 ], [ 15425207.843830218538642, 5004287.852149426937103 ] ] } },
{ "type": "Feature", "properties": { "type": 271, "Name": null, "VALIDATION_ERRORS": "" }, "geometry": { "type": "LineString", "coordinates": [ [ 15425210.074168970808387, 5004287.947131146676838 ], [ 15425210.6514558698982, 5004287.856068468652666 ], [ 15425211.228839369490743, 5004287.767144716344774 ], [ 15425211.806567823514342, 5004287.682415983639657 ], [ 15425212.384889664128423, 5004287.603938421234488 ], [ 15425212.964053278788924, 5004287.533781944774091 ], [ 15425213.544307021424174, 5004287.473975053057075 ], [ 15425214.12589936517179, 5004287.426573874428868 ], [ 15425214.70906482450664, 5004287.393648351542652 ], [ 15425215.294079395011067, 5004287.377240782603621 ], [ 15425215.801085559651256, 5004287.375170857645571 ], [ 15425216.307691594585776, 5004287.371169013902545 ], [ 15425216.812296701595187, 5004287.349200280383229 ], [ 15425217.313313944265246, 5004287.293257229961455 ], [ 15425217.809128725901246, 5004287.187291126698256 ], [ 15425218.386664008721709, 5004286.977925623767078 ], [ 15425218.919903, 5004286.676572874188423 ], [ 15425219.375105971470475, 5004286.284971617162228 ], [ 15425219.7301662620157, 5004285.811760308220983 ], [ 15425220.017029574140906, 5004285.283889315091074 ], [ 15425220.279523024335504, 5004284.734146170318127 ], [ 15425220.561446132138371, 5004284.195387394167483 ], [ 15425221.024514829739928, 5004283.53152266331017 ], [ 15425221.571856888011098, 5004282.934378349222243 ], [ 15425222.174879757687449, 5004282.390748363919556 ], [ 15425222.721628425642848, 5004281.954354031011462 ], [ 15425223.285226242616773, 5004281.543364530429244 ], [ 15425223.863092677667737, 5004281.152411836199462 ], [ 15425224.45266111753881, 5004280.776072784326971 ], [ 15425224.991999445483088, 5004280.444402614608407 ], [ 15425225.533504327759147, 5004280.11505073774606 ], [ 15425226.072401067242026, 5004279.782400806434453 ], [ 15425226.603942750021815, 5004279.440850206650794 ], [ 15425227.123327059671283, 5004279.084754977375269 ], [ 15425227.625807022675872, 5004278.708540117368102 ], [ 15425228.106608027592301, 5004278.306575453840196 ], [ 15425228.701696252450347, 5004277.734932548366487 ], [ 15425229.265887415036559, 5004277.127507652156055 ], [ 15425229.81494059599936, 5004276.501936426386237 ] ] } },
{ "type": "Feature", "properties": { "type": 272, "Name": null, "VALIDATION_ERRORS": "" }, "geometry": { "type": "LineString", "coordinates": [ [ 15425220.703815212473273, 5004292.791157877072692 ], [ 15425220.661492278799415, 5004292.187983202748001 ], [ 15425220.602968731895089, 5004291.588768963702023 ], [ 15425220.511823268607259, 5004290.99711683858186 ], [ 15425220.371634477749467, 5004290.416628473438323 ], [ 15425220.161454821005464, 5004289.831089513376355 ], [ 15425219.888749750331044, 5004289.267960879020393 ], [ 15425219.56090203858912, 5004288.733038367703557 ], [ 15425219.185294354334474, 5004288.232076338492334 ], [ 15425218.678136331960559, 5004287.671114217489958 ], [ 15425218.141309520229697, 5004287.139793359674513 ] ] } },
{ "type": "Feature", "properties": { "type": 273, "Name": null, "VALIDATION_ERRORS": "" }, "geometry": { "type": "LineString", "coordinates": [ [ 15425223.864872833713889, 5004286.13688953127712 ], [ 15425222.460735680535436, 5004284.116882237605751 ] ] } },
{ "type": "Feature", "properties": { "type": 274, "Name": null, "VALIDATION_ERRORS": "" }, "geometry": { "type": "LineString", "coordinates": [ [ 15425225.85407973267138, 5004284.702393603511155 ], [ 15425225.615183366462588, 5004284.374518266879022 ], [ 15425225.374658657237887, 5004284.048188478685915 ], [ 15425225.130711702629924, 5004283.724797979928553 ], [ 15425224.881576107814908, 5004283.405685321427882 ], [ 15425224.625458026304841, 5004283.092230448499322 ], [ 15425224.3071871381253, 5004282.724433262832463 ], [ 15425223.979698186740279, 5004282.364570780657232 ], [ 15425223.645999496802688, 5004282.009910684078932 ], [ 15425223.309071721509099, 5004281.65773450024426 ] ] } },
{ "type": "Feature", "properties": { "type": 275, "Name": null, "VALIDATION_ERRORS": "" }, "geometry": { "type": "LineString", "coordinates": [ [ 15425224.157407747581601, 5004287.102990182116628 ], [ 15425229.920244319364429, 5004285.053700406104326 ] ] } },
{ "type": "Feature", "properties": { "type": 276, "Name": null, "VALIDATION_ERRORS": "" }, "geometry": { "type": "LineString", "coordinates": [ [ 15425222.841021424159408, 5004293.836370880715549 ], [ 15425221.553889965638518, 5004291.084467457607388 ] ] } },
{ "type": "Feature", "properties": { "type": 277, "Name": null, "VALIDATION_ERRORS": "" }, "geometry": { "type": "LineString", "coordinates": [ [ 15425225.181259157136083, 5004292.665348147973418 ], [ 15425225.045596590265632, 5004292.329400138929486 ], [ 15425224.92392666824162, 5004291.989339883439243 ], [ 15425224.830228323116899, 5004291.640696350485086 ], [ 15425224.776520783081651, 5004291.275783263146877 ], [ 15425224.771718548610806, 5004290.908814053051174 ], [ 15425224.820306515321136, 5004290.540188903920352 ], [ 15425224.914515459910035, 5004290.179277645424008 ], [ 15425225.042933287099004, 5004289.824106988497078 ], [ 15425225.194161644205451, 5004289.472675970755517 ], [ 15425225.356774566695094, 5004289.122997490689158 ] ] } },
{ "type": "Feature", "properties": { "type": 278, "Name": null, "VALIDATION_ERRORS": "" }, "geometry": { "type": "LineString", "coordinates": [ [ 15425226.08810487575829, 5004292.401861123740673 ], [ 15425224.771718548610806, 5004290.645327040925622 ] ] } },
{ "type": "Feature", "properties": { "type": 279, "Name": null, "VALIDATION_ERRORS": "" }, "geometry": { "type": "LineString", "coordinates": [ [ 15425209.179880732670426, 5004296.793196345679462 ], [ 15425209.537562912330031, 5004296.757745534181595 ], [ 15425209.894582727923989, 5004296.724778606556356 ], [ 15425210.250415755435824, 5004296.696820887736976 ], [ 15425210.604468671604991, 5004296.676356270909309 ], [ 15425210.956230903044343, 5004296.665910080075264 ], [ 15425211.30512280203402, 5004296.667993791401386 ], [ 15425211.650592433288693, 5004296.685105147771537 ], [ 15425211.992101656273007, 5004296.719769394956529 ], [ 15425212.329084606841207, 5004296.774484270252287 ], [ 15425212.660989383235574, 5004296.851747505366802 ], [ 15425213.007990745827556, 5004296.959990522824228 ], [ 15425213.349927755072713, 5004297.090740448795259 ], [ 15425213.688345873728395, 5004297.238173958845437 ], [ 15425214.024776874110103, 5004297.396509031765163 ], [ 15425214.36076625995338, 5004297.559936115518212 ], [ 15425214.697859643027186, 5004297.722659424878657 ], [ 15425215.037588698789477, 5004297.878869378939271 ], [ 15425215.381512822583318, 5004298.022770215757191 ], [ 15425215.738118616864085, 5004298.152319616638124 ], [ 15425216.099664656445384, 5004298.264799068681896 ], [ 15425216.465419491752982, 5004298.362126703374088 ], [ 15425216.834651840850711, 5004298.446165453642607 ], [ 15425217.206602638587356, 5004298.518833447247744 ], [ 15425217.580568166449666, 5004298.581993609666824 ], [ 15425217.955775676295161, 5004298.637564061209559 ], [ 15425218.322358498349786, 5004298.685986385680735 ], [ 15425218.689231129363179, 5004298.729206315241754 ], [ 15425219.056365927681327, 5004298.76749983523041 ], [ 15425219.423762915655971, 5004298.801142921671271 ], [ 15425219.791408305987716, 5004298.830397794023156 ], [ 15425220.159302083775401, 5004298.855554231442511 ], [ 15425220.527402864769101, 5004298.876874409615993 ], [ 15425220.895724421367049, 5004298.89464810770005 ], [ 15425221.264239164069295, 5004298.909123755060136 ], [ 15425221.632933313027024, 5004298.920604901388288 ], [ 15425222.001806857064366, 5004298.929353784769773 ], [ 15425222.370845975354314, 5004298.935632527805865 ], [ 15425222.740036917850375, 5004298.939730978570879 ], [ 15425223.109365845099092, 5004298.941925091668963 ], [ 15425223.478818947449327, 5004298.942477065138519 ], [ 15425223.848382441326976, 5004298.941662885248661 ], [ 15425224.218042569234967, 5004298.939772377721965 ], [ 15425224.587799267843366, 5004298.937067675404251 ], [ 15425224.957624966278672, 5004298.933824791572988 ], [ 15425225.327519675716758, 5004298.930319738574326 ] ] } },
{ "type": "Feature", "properties": { "type": 280, "Name": null, "VALIDATION_ERRORS": "" }, "geometry": { "type": "LineString", "coordinates": [ [ 15425221.378374556079507, 5004298.432628180831671 ], [ 15425221.733986811712384, 5004298.369895794428885 ], [ 15425222.089668059721589, 5004298.308667572215199 ], [ 15425222.445583941414952, 5004298.250516613014042 ], [ 15425222.801927534863353, 5004298.196960885077715 ], [ 15425223.158864522352815, 5004298.149532117880881 ], [ 15425223.516588086262345, 5004298.109789662063122 ], [ 15425223.875263823196292, 5004298.079279032535851 ], [ 15425224.235071105882525, 5004298.05951820500195 ], [ 15425224.596203142777085, 5004298.052052676677704 ], [ 15425224.906415170058608, 5004298.057034300640225 ], [ 15425225.215716386213899, 5004298.075773964636028 ], [ 15425225.522423340007663, 5004298.111928571946919 ], [ 15425225.824824867770076, 5004298.169154958799481 ], [ 15425226.122907130047679, 5004298.249840432778001 ], [ 15425226.416159586980939, 5004298.349182803183794 ], [ 15425226.706279614940286, 5004298.460972282104194 ], [ 15425226.994950631633401, 5004298.579012920148671 ] ] } },
{ "type": "Feature", "properties": { "type": 281, "Name": null, "VALIDATION_ERRORS": "" }, "geometry": { "type": "LineString", "coordinates": [ [ 15425225.181259157136083, 5004298.637564061209559 ], [ 15425226.322130037471652, 5004298.286257227882743 ] ] } },
{ "type": "Feature", "properties": { "type": 282, "Name": null, "VALIDATION_ERRORS": "" }, "geometry": { "type": "LineString", "coordinates": [ [ 15425227.404491199180484, 5004297.290887927636504 ], [ 15425227.182706160470843, 5004297.654007073491812 ], [ 15425226.907186010852456, 5004297.93495041038841 ], [ 15425226.662714658305049, 5004298.046974486671388 ], [ 15425226.384020628407598, 5004298.106505382806063 ], [ 15425226.08810487575829, 5004298.139872497878969 ] ] } },
{ "type": "Feature", "properties": { "type": 283, "Name": null, "VALIDATION_ERRORS": "" }, "geometry": { "type": "LineString", "coordinates": [ [ 15425228.750118577852845, 5004299.984240185469389 ], [ 15425230.037250036373734, 5004300.364815677516162 ] ] } },
{ "type": "Feature", "properties": { "type": 284, "Name": null, "VALIDATION_ERRORS": "" }, "geometry": { "type": "LineString", "coordinates": [ [ 15425218.921117356047034, 5004300.423366818577051 ], [ 15425219.278827143833041, 5004300.647925521247089 ], [ 15425219.636412678286433, 5004300.872539445757866 ], [ 15425219.993791298940778, 5004301.097332765348256 ], [ 15425220.350935285910964, 5004301.322415865026414 ], [ 15425220.707748079672456, 5004301.547885335050523 ], [ 15425221.064202113077044, 5004301.77386540081352 ], [ 15425221.420200718566775, 5004302.000452631153166 ], [ 15425221.775716388598084, 5004302.227771264500916 ], [ 15425222.130666280165315, 5004302.455931632779539 ], [ 15425222.484995169565082, 5004302.685030369088054 ], [ 15425222.838634120300412, 5004302.915191682986915 ], [ 15425223.191541654989123, 5004303.146525928750634 ], [ 15425223.543635042384267, 5004303.379129745066166 ], [ 15425223.894859058782458, 5004303.613127300515771 ], [ 15425224.245158532634377, 5004303.848615191876888 ], [ 15425224.605462605133653, 5004304.093155540525913 ], [ 15425224.964635131880641, 5004304.33922762144357 ], [ 15425225.322772661224008, 5004304.586707253940403 ], [ 15425225.679971845820546, 5004304.835511641576886 ], [ 15425226.036274092271924, 5004305.085544167086482 ], [ 15425226.39178972877562, 5004305.336708255112171 ], [ 15425226.746574023738503, 5004305.588893512263894 ], [ 15425227.100723514333367, 5004305.842017126269639 ], [ 15425227.454307271167636, 5004306.095968700945377 ], [ 15425227.807408029213548, 5004306.350651659071445 ], [ 15425228.160108583047986, 5004306.605969386175275 ], [ 15425228.512477962300181, 5004306.861825303174555 ], [ 15425228.8645851444453, 5004307.118122789077461 ], [ 15425229.216540543362498, 5004307.374751465395093 ], [ 15425229.568399341776967, 5004307.631628536619246 ], [ 15425229.920244319364429, 5004307.88864359818399 ] ] } },
{ "type": "Feature", "properties": { "type": 285, "Name": null, "VALIDATION_ERRORS": "" }, "geometry": { "type": "LineString", "coordinates": [ [ 15425207.848867027089, 5004297.276246680878103 ], [ 15425211.929659055545926, 5004299.427997494116426 ] ] } },
{ "type": "Feature", "properties": { "type": 286, "Name": null, "VALIDATION_ERRORS": "" }, "geometry": { "type": "LineString", "coordinates": [ [ 15425219.564683066681027, 5004304.829343277961016 ], [ 15425220.059876939281821, 5004305.394459029659629 ], [ 15425220.557251123711467, 5004305.957035678438842 ], [ 15425221.059275703504682, 5004306.514741118066013 ], [ 15425221.56840698979795, 5004307.065215637907386 ], [ 15425222.087059965357184, 5004307.606127122417092 ], [ 15425222.617718445137143, 5004308.135102077387273 ], [ 15425223.162797389551997, 5004308.649808384478092 ], [ 15425223.646468697115779, 5004309.081069312989712 ], [ 15425224.141855714842677, 5004309.49940013512969 ], [ 15425224.648420376703143, 5004309.904566261917353 ], [ 15425225.16567956097424, 5004310.296291716396809 ], [ 15425225.693108940497041, 5004310.674328111112118 ], [ 15425226.230197975412011, 5004311.038413232192397 ], [ 15425226.776449890807271, 5004311.38831250090152 ], [ 15425227.331354001536965, 5004311.723749936558306 ], [ 15425227.866925118491054, 5004312.029808313585818 ], [ 15425228.408098781481385, 5004312.324978892691433 ], [ 15425228.953522695228457, 5004312.612035385333002 ], [ 15425229.501899691298604, 5004312.893751511350274 ], [ 15425230.051877437159419, 5004313.172887104563415 ] ] } },
{ "type": "Feature", "properties": { "type": 287, "Name": null, "VALIDATION_ERRORS": "" }, "geometry": { "type": "LineString", "coordinates": [ [ 15425229.920244319364429, 5004311.548096534796059 ], [ 15425226.892558569088578, 5004311.416353024542332 ] ] } },
{ "type": "Feature", "properties": { "type": 288, "Name": null, "VALIDATION_ERRORS": "" }, "geometry": { "type": "LineString", "coordinates": [ [ 15425219.389167653396726, 5004318.04727266356349 ], [ 15425219.721182832494378, 5004317.491982129402459 ], [ 15425220.067342454567552, 5004316.947054997086525 ], [ 15425220.442273957654834, 5004316.422468268312514 ], [ 15425220.924786126241088, 5004315.852895302698016 ], [ 15425221.456438126042485, 5004315.32567288633436 ], [ 15425222.029502404853702, 5004314.841849789023399 ], [ 15425222.63625112734735, 5004314.402460974641144 ], [ 15425223.0399683509022, 5004314.143072406761348 ], [ 15425223.450599042698741, 5004313.896393133327365 ], [ 15425223.864872833713889, 5004313.655937433242798 ] ] } },
{ "type": "Feature", "properties": { "type": 289, "Name": null, "VALIDATION_ERRORS": "" }, "geometry": { "type": "LineString", "coordinates": [ [ 15425222.841021424159408, 5004314.636665525846183 ], [ 15425223.205465307459235, 5004314.89565391279757 ], [ 15425223.570737214758992, 5004315.153055356815457 ], [ 15425223.937858210876584, 5004315.407365722581744 ], [ 15425224.307794323191047, 5004315.657108465209603 ], [ 15425224.681566683575511, 5004315.900765647180378 ], [ 15425225.060141226276755, 5004316.136874517425895 ], [ 15425225.444539165124297, 5004316.363917145878077 ], [ 15425225.780790755525231, 5004316.551727891899645 ], [ 15425226.120271446183324, 5004316.734087839722633 ], [ 15425226.461394241079688, 5004316.913563690148294 ], [ 15425226.802572241052985, 5004317.09270837623626 ], [ 15425227.142190912738442, 5004317.274074761196971 ], [ 15425227.478663323447108, 5004317.46020195633173 ], [ 15425227.810402480885386, 5004317.653656681068242 ], [ 15425228.135807735845447, 5004317.856978028081357 ], [ 15425228.46608411334455, 5004318.080612178891897 ], [ 15425228.789005445316434, 5004318.315299703739583 ], [ 15425229.106075776740909, 5004318.558846483938396 ], [ 15425229.418813100084662, 5004318.80905841384083 ], [ 15425229.728707747533917, 5004319.063755164854228 ], [ 15425230.037250036373734, 5004319.320756434462965 ] ] } },
{ "type": "Feature", "properties": { "type": 290, "Name": null, "VALIDATION_ERRORS": "" }, "geometry": { "type": "LineString", "coordinates": [ [ 15425229.949499210342765, 5004318.091182564385235 ], [ 15425228.77937344647944, 5004318.208284839987755 ] ] } },
{ "type": "Feature", "properties": { "type": 291, "Name": null, "VALIDATION_ERRORS": "" }, "geometry": { "type": "LineString", "coordinates": [ [ 15425219.652447683736682, 5004318.881615999154747 ], [ 15425219.995350642129779, 5004319.045277683064342 ], [ 15425220.337798191234469, 5004319.209601732902229 ], [ 15425220.679431593045592, 5004319.375360920093954 ], [ 15425221.019864434376359, 5004319.543272827751935 ], [ 15425221.358724119141698, 5004319.71411023195833 ], [ 15425221.695651913061738, 5004319.88860447332263 ], [ 15425222.030261373147368, 5004320.067514554597437 ], [ 15425222.362193720415235, 5004320.251571839675307 ], [ 15425222.691076433286071, 5004320.441535309888422 ], [ 15425223.016536811366677, 5004320.638150095008314 ], [ 15425223.376799495890737, 5004320.867193644866347 ], [ 15425223.731418212875724, 5004321.105427629314363 ], [ 15425224.079730516299605, 5004321.352976268157363 ], [ 15425224.421087918803096, 5004321.609922327101231 ], [ 15425224.754828033968806, 5004321.876348623074591 ], [ 15425225.080288445577025, 5004322.1523517658934 ], [ 15425225.396793020889163, 5004322.438028302974999 ], [ 15425225.703706929460168, 5004322.73346110060811 ], [ 15425226.000340273603797, 5004323.038746706210077 ], [ 15425226.301830990239978, 5004323.371106843464077 ], [ 15425226.593386137858033, 5004323.712133063934743 ], [ 15425226.87753095664084, 5004324.059714022092521 ], [ 15425227.156804604455829, 5004324.411710809916258 ], [ 15425227.433746067807078, 5004324.766012103296816 ] ] } },
{ "type": "Feature", "properties": { "type": 292, "Name": null, "VALIDATION_ERRORS": "" }, "geometry": { "type": "LineString", "coordinates": [ [ 15425220.325268277898431, 5004327.254428523592651 ], [ 15425230.183524331077933, 5004323.741360320709646 ] ] } },
{ "type": "Feature", "properties": { "type": 293, "Name": null, "VALIDATION_ERRORS": "" }, "geometry": { "type": "LineString", "coordinates": [ [ 15425219.944982578977942, 5004322.570337601006031 ], [ 15425220.277259914204478, 5004322.785595473833382 ], [ 15425220.609150918200612, 5004323.001212147064507 ], [ 15425220.940407065674663, 5004323.217615375295281 ], [ 15425221.270752502605319, 5004323.435246760956943 ], [ 15425221.599911192432046, 5004323.654547883197665 ], [ 15425221.927648534998298, 5004323.875960317440331 ], [ 15425222.253674728795886, 5004324.099925670772791 ], [ 15425222.577741393819451, 5004324.32687169034034 ], [ 15425222.898303026333451, 5004324.55608082190156 ], [ 15425223.216808469966054, 5004324.787967069074512 ], [ 15425223.533699432387948, 5004325.022033608518541 ], [ 15425223.849445017054677, 5004325.257756107486784 ], [ 15425224.164459241554141, 5004325.494610148482025 ], [ 15425224.479183694347739, 5004325.732098973356187 ] ] } },
{ "type": "Feature", "properties": { "type": 294, "Name": null, "VALIDATION_ERRORS": "" }, "geometry": { "type": "LineString", "coordinates": [ [ 15425230.008008943870664, 5004327.693568930961192 ], [ 15425226.907186010852456, 5004324.970934200100601 ] ] } },
{ "type": "Feature", "properties": { "type": 295, "Name": null, "VALIDATION_ERRORS": "" }, "geometry": { "type": "LineString", "coordinates": [ [ 15425229.890989454463124, 5004313.787667150609195 ], [ 15425228.369832878932357, 5004313.787667150609195 ] ] } },
{ "type": "Feature", "properties": { "type": 296, "Name": null, "VALIDATION_ERRORS": "" }, "geometry": { "type": "LineString", "coordinates": [ [ 15425219.447677413001657, 5004310.274598954245448 ], [ 15425219.768956588581204, 5004310.548035393469036 ], [ 15425220.091781290248036, 5004310.818090946413577 ], [ 15425220.417807510122657, 5004311.081453766673803 ], [ 15425220.748760094866157, 5004311.334825772792101 ], [ 15425221.086295047774911, 5004311.574881289154291 ], [ 15425221.432123502716422, 5004311.798336047679186 ], [ 15425221.787915105000138, 5004312.001864378340542 ], [ 15425222.117391174659133, 5004312.165884846821427 ], [ 15425222.455146929249167, 5004312.313069948926568 ], [ 15425222.800188777968287, 5004312.445462035946548 ], [ 15425223.151564622297883, 5004312.565117207355797 ], [ 15425223.50829460658133, 5004312.67407778929919 ], [ 15425223.86942664347589, 5004312.774413713254035 ], [ 15425224.233980944380164, 5004312.868153490126133 ], [ 15425224.60100538097322, 5004312.957353244535625 ], [ 15425224.969520119950175, 5004313.044082887470722 ], [ 15425225.338559279218316, 5004313.130357150919735 ], [ 15425225.707143014296889, 5004313.218259763903916 ], [ 15425226.074333002790809, 5004313.309819216839969 ], [ 15425226.439135709777474, 5004313.407091655768454 ], [ 15425226.80618773214519, 5004313.513264761306345 ], [ 15425227.169983046129346, 5004313.626558383926749 ], [ 15425227.530908120796084, 5004313.746199750341475 ], [ 15425227.889321656897664, 5004313.871402305550873 ], [ 15425228.245596276596189, 5004314.001365688629448 ], [ 15425228.600118396803737, 5004314.135317104868591 ], [ 15425228.953246703371406, 5004314.272470002993941 ], [ 15425229.305353922769427, 5004314.412024000659585 ], [ 15425229.656812513247132, 5004314.553206340409815 ], [ 15425230.008008943870664, 5004314.695216649211943 ] ] } },
{ "type": "Feature", "properties": { "type": 297, "Name": null, "VALIDATION_ERRORS": "" }, "geometry": { "type": "LineString", "coordinates": [ [ 15425223.462190570309758, 5004330.474120031110942 ], [ 15425223.664808170869946, 5004330.879879551939666 ], [ 15425223.870365025475621, 5004331.284010731615126 ], [ 15425224.08193844743073, 5004331.685037020593882 ], [ 15425224.302605697885156, 5004332.081440496258438 ], [ 15425224.535471698269248, 5004332.47177221160382 ], [ 15425224.783613743260503, 5004332.854528008960187 ], [ 15425225.076686790212989, 5004333.264096179045737 ], [ 15425225.391452608630061, 5004333.658415934070945 ], [ 15425225.727787023410201, 5004334.033485426567495 ], [ 15425226.085551971569657, 5004334.385358031839132 ], [ 15425226.464623300358653, 5004334.710018074139953 ], [ 15425226.864863062277436, 5004335.003505132161081 ], [ 15425227.230769725516438, 5004335.231831097044051 ], [ 15425227.610475825145841, 5004335.436559987254441 ], [ 15425228.002063268795609, 5004335.621072652749717 ], [ 15425228.403544971719384, 5004335.788763770833611 ], [ 15425228.812975140288472, 5004335.943014223128557 ], [ 15425229.228380458429456, 5004336.087218620814383 ], [ 15425229.647829061374068, 5004336.224757916294038 ], [ 15425230.06933375634253, 5004336.359012925997376 ] ] } },
{ "type": "Feature", "properties": { "type": 298, "Name": null, "VALIDATION_ERRORS": "" }, "geometry": { "type": "LineString", "coordinates": [ [ 15425226.005942823365331, 5004331.168398797512054 ], [ 15425226.223919184878469, 5004331.602488614618778 ], [ 15425226.445248862728477, 5004332.033570151776075 ], [ 15425226.673409255221486, 5004332.458828311413527 ], [ 15425226.911864032968879, 5004332.875406612642109 ], [ 15425227.16409064270556, 5004333.280476136133075 ], [ 15425227.433580471202731, 5004333.671194237656891 ], [ 15425227.723797036334872, 5004334.044731992296875 ], [ 15425228.059689866378903, 5004334.423085770569742 ], [ 15425228.419124567881227, 5004334.78152691014111 ], [ 15425228.798182101920247, 5004335.123394887894392 ], [ 15425229.192971056327224, 5004335.452029185369611 ], [ 15425229.599586104974151, 5004335.770796854048967 ], [ 15425230.014135906472802, 5004336.083023591898382 ], [ 15425230.432728921994567, 5004336.392076439224184 ] ] } },
{ "type": "Feature", "properties": { "type": 299, "Name": null, "VALIDATION_ERRORS": "" }, "geometry": { "type": "LineString", "coordinates": [ [ 15425228.417551433667541, 5004332.424729818478227 ], [ 15425230.267549285665154, 5004335.135745421051979 ] ] } },
{ "type": "Feature", "properties": { "type": 300, "Name": null, "VALIDATION_ERRORS": "" }, "geometry": { "type": "LineString", "coordinates": [ [ 15425216.058266250416636, 5004324.913349024951458 ], [ 15425216.359756981953979, 5004325.359527160413563 ], [ 15425216.659453770145774, 5004325.806726484559476 ], [ 15425216.955673130229115, 5004326.256271701306105 ], [ 15425217.24675908125937, 5004326.709459985606372 ], [ 15425217.531069492921233, 5004327.167616061866283 ], [ 15425217.824446184560657, 5004327.663803488016129 ], [ 15425218.101042641326785, 5004328.168753577396274 ], [ 15425218.354111069813371, 5004328.684908799827099 ], [ 15425218.556825233623385, 5004329.15791311301291 ], [ 15425218.739861393347383, 5004329.639169515110552 ], [ 15425218.90817348472774, 5004330.126704655587673 ], [ 15425219.066729323938489, 5004330.618503851816058 ], [ 15425219.220469193533063, 5004331.112579956650734 ], [ 15425219.365763766691089, 5004331.201462319120765 ], [ 15425219.493284659460187, 5004331.62303601577878 ], [ 15425219.627180868759751, 5004332.040249094367027 ], [ 15425219.773979557678103, 5004332.448947890661657 ], [ 15425219.940166549757123, 5004332.844909769482911 ], [ 15425220.132282739505172, 5004333.223953530192375 ], [ 15425220.356841458007693, 5004333.581870294176042 ], [ 15425220.683971608057618, 5004333.989492722786963 ], [ 15425221.059468885883689, 5004334.361719540320337 ], [ 15425221.472928510978818, 5004334.702055791392922 ], [ 15425221.913904247805476, 5004335.014006523415446 ], [ 15425222.372018927708268, 5004335.301049217581749 ], [ 15425222.769181391224265, 5004335.528685221448541 ], [ 15425223.170331897214055, 5004335.742756339721382 ], [ 15425223.574794253334403, 5004335.945553311146796 ], [ 15425223.981933707371354, 5004336.139353018254042 ], [ 15425224.391129264608026, 5004336.326446179300547 ], [ 15425224.801718613132834, 5004336.50910972058773 ], [ 15425225.213080694898963, 5004336.689620542339981 ] ] } },
{ "type": "Feature", "properties": { "type": 301, "Name": null, "VALIDATION_ERRORS": "" }, "geometry": { "type": "LineString", "coordinates": [ [ 15425157.998018259182572, 5004280.406109098345041 ], [ 15425158.357811765745282, 5004280.490506634116173 ], [ 15425158.715631956234574, 5004280.579775385558605 ], [ 15425159.069726230576634, 5004280.678855545818806 ], [ 15425159.418314544484019, 5004280.792714944109321 ], [ 15425159.759602976962924, 5004280.926321377977729 ], [ 15425160.073085470125079, 5004281.071891946718097 ], [ 15425160.382000295445323, 5004281.228598690591753 ], [ 15425160.690156193450093, 5004281.385885012336075 ], [ 15425161.001389367505908, 5004281.533235713839531 ], [ 15425161.32518001832068, 5004281.665876184590161 ], [ 15425161.653717750683427, 5004281.786359330639243 ], [ 15425161.984973939135671, 5004281.904110174626112 ], [ 15425162.316906286403537, 5004282.028539976105094 ], [ 15425162.647458745166659, 5004282.169059924781322 ], [ 15425163.055453764274716, 5004282.383227652870119 ], [ 15425163.423057755455375, 5004282.649212379939854 ], [ 15425163.715965205803514, 5004282.978274441324174 ], [ 15425163.885795278474689, 5004283.303389875218272 ], [ 15425164.00851389952004, 5004283.659498920664191 ], [ 15425164.11272750608623, 5004284.026468118652701 ], [ 15425164.227083677425981, 5004284.384136502631009 ], [ 15425164.380174933001399, 5004284.712329207919538 ], [ 15425164.634995905682445, 5004285.040991114452481 ], [ 15425164.955833470448852, 5004285.322707210667431 ], [ 15425165.316758526489139, 5004285.578797711990774 ], [ 15425165.691841805353761, 5004285.830637974664569 ], [ 15425166.055126594379544, 5004286.099561979994178 ], [ 15425166.36653914116323, 5004286.376669069752097 ], [ 15425166.664304008707404, 5004286.660220501944423 ], [ 15425166.96791990660131, 5004286.923555728048086 ], [ 15425167.296899190172553, 5004287.140000355429947 ], [ 15425167.57672474347055, 5004287.260800885036588 ], [ 15425167.87622838281095, 5004287.344025471247733 ], [ 15425168.188882878050208, 5004287.395759675651789 ], [ 15425168.508133551105857, 5004287.422061452642083 ], [ 15425168.827467015013099, 5004287.429002587683499 ], [ 15425169.124942114576697, 5004287.423096403479576 ], [ 15425169.41864993982017, 5004287.40977992862463 ], [ 15425169.71088127233088, 5004287.393634553067386 ], [ 15425170.003981927409768, 5004287.379255503416061 ], [ 15425170.300270264968276, 5004287.371196610853076 ], [ 15425170.565951408818364, 5004287.374605095013976 ], [ 15425170.828306833282113, 5004287.399250930175185 ], [ 15425171.079981492832303, 5004287.45789865590632 ], [ 15425171.428625041618943, 5004287.622954080812633 ], [ 15425171.754113068804145, 5004287.84788538236171 ], [ 15425172.074647048488259, 5004288.087361336685717 ], [ 15425172.408400954678655, 5004288.296023070812225 ], [ 15425172.6826515737921, 5004288.411841995082796 ], [ 15425172.971074210479856, 5004288.492127273231745 ], [ 15425173.269639467820525, 5004288.546303985640407 ], [ 15425173.574345508590341, 5004288.583769532851875 ], [ 15425173.881204223260283, 5004288.613935181871057 ], [ 15425174.203808175399899, 5004288.64585333969444 ], [ 15425174.524204174056649, 5004288.676902144216001 ], [ 15425174.842544058337808, 5004288.703921497799456 ], [ 15425175.159034831449389, 5004288.72380652371794 ], [ 15425175.473855851218104, 5004288.73338336031884 ], [ 15425175.787186520174146, 5004288.729533299803734 ], [ 15425176.14778040163219, 5004288.706170809455216 ], [ 15425176.508056843653321, 5004288.667490907013416 ], [ 15425176.869837472215295, 5004288.620448531582952 ], [ 15425177.234874768182635, 5004288.571957189589739 ], [ 15425177.604990253224969, 5004288.528944249264896 ], [ 15425177.981950273737311, 5004288.498337025754154 ], [ 15425178.31297186948359, 5004288.489312186837196 ], [ 15425178.635493034496903, 5004288.512329699471593 ], [ 15425178.93494145013392, 5004288.585039080120623 ], [ 15425179.294748736545444, 5004288.789174600504339 ], [ 15425179.59701225720346, 5004289.094073803164065 ], [ 15425179.858015337958932, 5004289.470302464440465 ], [ 15425180.093958644196391, 5004289.888440097682178 ], [ 15425180.321111662313342, 5004290.319080048240721 ], [ 15425180.544111056253314, 5004290.721996875479817 ], [ 15425180.774948483332992, 5004291.108685523271561 ], [ 15425181.014907443895936, 5004291.478732014074922 ], [ 15425181.265257338061929, 5004291.831667172722518 ], [ 15425181.52730923704803, 5004292.167090815491974 ], [ 15425181.802318761125207, 5004292.484547526575625 ], [ 15425182.09159698523581, 5004292.783595776185393 ], [ 15425182.396399630233645, 5004293.063821542076766 ], [ 15425182.718023819848895, 5004293.324769454076886 ], [ 15425183.019141918048263, 5004293.540882903151214 ], [ 15425183.332845220342278, 5004293.74303128849715 ], [ 15425183.65757423453033, 5004293.932980932295322 ], [ 15425183.991783564910293, 5004294.112470598891377 ], [ 15425184.333899905905128, 5004294.283252793364227 ], [ 15425184.682364067062736, 5004294.447080058977008 ], [ 15425185.035630380734801, 5004294.6057049324736 ], [ 15425185.39211200363934, 5004294.760866128839552 ], [ 15425185.750263364985585, 5004294.914316184818745 ], [ 15425185.872733594849706, 5004294.975710021331906 ], [ 15425186.419082114472985, 5004295.447210202924907 ], [ 15425186.969211639836431, 5004295.912459208630025 ], [ 15425187.527220664545894, 5004296.365302491933107 ], [ 15425188.097180029377341, 5004296.799571714363992 ], [ 15425188.683215772733092, 5004297.209084677509964 ], [ 15425189.289398731663823, 5004297.587686845101416 ], [ 15425189.779141807928681, 5004297.858584162779152 ], [ 15425190.281925370916724, 5004298.106836567632854 ], [ 15425190.796369457617402, 5004298.332568240351975 ], [ 15425191.321094179525971, 5004298.535889581777155 ], [ 15425191.854747151955962, 5004298.716883385553956 ], [ 15425192.395962225273252, 5004298.875687648542225 ], [ 15425192.943345641717315, 5004299.012398957274854 ], [ 15425193.500181773677468, 5004299.128038488328457 ], [ 15425194.060729896649718, 5004299.221667869016528 ], [ 15425194.624162094667554, 5004299.293728687800467 ], [ 15425195.189705627039075, 5004299.344648713245988 ], [ 15425195.756546331569552, 5004299.374869547784328 ], [ 15425196.323897587135434, 5004299.384818965569139 ], [ 15425196.890931440517306, 5004299.374924745410681 ], [ 15425197.456861378625035, 5004299.345628480426967 ], [ 15425198.020900761708617, 5004299.29734414909035 ], [ 15425198.620570408180356, 5004299.225462726317346 ], [ 15425199.217024749144912, 5004299.134137857705355 ], [ 15425199.810470821335912, 5004299.025149660184979 ], [ 15425200.401101754978299, 5004298.900264496915042 ], [ 15425200.989152221009135, 5004298.761262468993664 ], [ 15425201.574815383180976, 5004298.609909929335117 ], [ 15425202.158284405246377, 5004298.448000772856176 ], [ 15425202.739807737991214, 5004298.277287571690977 ], [ 15425203.319550896063447, 5004298.09956424869597 ], [ 15425203.897762374952435, 5004297.916597123257816 ], [ 15425204.474621457979083, 5004297.730166337452829 ], [ 15425205.042124537751079, 5004297.544397917576134 ], [ 15425205.608371833339334, 5004297.357152958400548 ], [ 15425206.173556579276919, 5004297.168610852211714 ], [ 15425206.737844368442893, 5004296.978937167674303 ], [ 15425207.301414588466287, 5004296.78835273720324 ], [ 15425207.864460432901978, 5004296.597023147158325 ], [ 15425208.427147464826703, 5004296.405155358836055 ], [ 15425208.989655116572976, 5004296.212915004231036 ], [ 15425209.552176563069224, 5004296.020509032532573 ] ] } }
]
}
