               15380279.39     5025475.22   1
               15382162.85     5025014.47   1
               15382395.00     5024929.76   1
               15382626.30     5024843.36   1
               15382856.08     5024753.50   1
               15383083.65     5024658.43   1
               15383322.22     5024550.47   1
               15383557.96     5024436.31   1
               15383791.60     5024317.50   1
               15384023.89     5024195.55   1
               15384255.58     5024072.01   1
               15386055.32     5025684.66   2
               15386309.85     5025650.56   2
               15386564.33     5025616.93   2
               15386818.79     5025584.27   2
               15387073.24     5025553.04   2
               15387327.70     5025523.72   2
               15387582.18     5025496.80   2
               15387836.72     5025472.76   2
               15388091.31     5025452.06   2
               15388345.99     5025435.20   2
               15388600.77     5025422.65   2
               15388855.67     5025414.89   2
               15389110.70     5025412.39   2
               15389352.44     5025415.14   2
               15389594.19     5025422.34   2
               15389835.96     5025433.29   2
               15390077.74     5025447.27   2
               15390319.55     5025463.59   2
               15390561.39     5025481.53   2
               15390803.26     5025500.40   2
               15391045.18     5025519.47   2
               15391287.14     5025538.05   2
               15391546.27     5025556.78   2
               15391805.29     5025574.30   2
               15392064.25     5025590.78   2
               15392323.17     5025606.40   2
               15392582.06     5025621.33   2
               15392840.97     5025635.74   2
               15393099.92     5025649.81   2
               15393358.94     5025663.71   2
               15387855.06     5026899.38   3
               15388081.79     5026714.61   3
               15388310.36     5026533.14   3
               15388542.76     5026358.19   3
               15388780.97     5026192.97   3
               15389026.99     5026040.70   3
               15389275.38     5025906.74   3
               15389530.55     5025784.41   3
               15389790.30     5025669.80   3
               15390052.43     5025559.00   3
               15381828.01     5022333.71   4
               15382077.98     5022321.12   4
               15382327.48     5022311.27   4
               15382576.16     5022306.93   4
               15382823.69     5022310.87   4
               15383069.70     5022325.85   4
               15383313.85     5022354.65   4
               15383550.29     5022398.02   4
               15383784.51     5022455.17   4
               15384016.58     5022524.14   4
               15384246.61     5022602.92   4
               15384474.67     5022689.52   4
               15384700.85     5022781.96   4
               15384925.25     5022878.24   4
               15385183.52     5022992.59   4
               15385439.77     5023108.88   4
               15385694.54     5023226.64   4
               15385948.37     5023345.39   4
               15386201.81     5023464.65   4
               15385615.85     5023087.67   5
               15385876.82     5023037.23   5
               15386137.82     5022987.67   5
               15386399.01     5022939.85   5
               15386660.57     5022894.62   5
               15386922.64     5022852.85   5
               15387185.39     5022815.41   5
               15387431.64     5022784.82   5
               15387678.31     5022757.87   5
               15387925.31     5022733.66   5
               15388172.60     5022711.25   5
               15388420.10     5022689.75   5
               15384130.01     5022480.31   6
               15384383.93     5022411.82   6
               15384637.76     5022343.25   6
               15384891.49     5022274.49   6
               15385145.10     5022205.44   6
               15385398.58     5022135.98   6
               15385651.94     5022066.01   6
               15385905.14     5021995.43   6
               15386158.20     5021924.14   6
               15386411.08     5021852.01   6
               15386654.18     5021781.80   6
               15386897.01     5021710.93   6
               15387139.66     5021639.57   6
               15387382.24     5021567.87   6
               15387624.87     5021495.97   6
               15397188.63     5024993.52   7
               15397099.21     5024743.26   7
               15397010.03     5024492.98   7
               15396921.30     5024242.61   7
               15396833.23     5023992.07   7
               15396746.04     5023741.26   7
               15396659.93     5023490.10   7
               15396575.12     5023238.51   7
               15396491.82     5022986.41   7
               15396410.25     5022733.70   7
               15396330.61     5022480.31   7
               15396255.57     5022234.75   7
               15396182.09     5021988.79   7
               15396109.62     5021742.51   7
               15396037.63     5021495.97   7
               15380363.10     5019380.69   8
               15380607.91     5019229.10   8
               15380851.95     5019076.69   8
               15381094.56     5018922.55   8
               15381335.06     5018765.77   8
               15381572.80     5018605.47   8
               15381807.09     5018440.74   8
               15382037.28     5018270.69   8
               15382301.25     5018063.82   8
               15382559.39     5017849.68   8
               15382812.63     5017629.36   8
               15383061.93     5017404.01   8
               15383308.22     5017174.73   8
               15383552.45     5016942.65   8
               15383795.56     5016708.90   8
               15384038.50     5016474.59   8
               15384282.21     5016240.85   8
               15384527.63     5016008.79   8
               15384776.97     5015778.18   8
               15385029.15     5015551.06   8
               15385284.50     5015327.96   8
               15385543.34     5015109.43   8
               15385806.02     5014895.97   8
               15386072.86     5014688.14   8
               15386344.19     5014486.45   8
               15386620.36     5014291.43   8
               15386867.58     5014125.58   8
               15387118.23     5013964.85   8
               15387371.89     5013808.70   8
               15387628.17     5013656.55   8
               15387886.65     5013507.84   8
               15388146.92     5013362.00   8
               15388408.58     5013218.49   8
               15388671.23     5013076.72   8
               15388933.49     5012936.74   8
               15389196.10     5012797.88   8
               15389459.00     5012659.93   8
               15389722.16     5012522.69   8
               15389985.55     5012385.97   8
               15390249.12     5012249.58   8
               15390512.83     5012113.32   8
               15390889.52     5014835.96   9
               15390839.97     5014595.75   9
               15390791.75     5014355.49   9
               15390746.16     5014115.03   9
               15390704.53     5013874.22   9
               15390668.17     5013632.88   9
               15390638.39     5013390.87   9
               15390616.16     5013148.26   9
               15390600.96     5012905.07   9
               15390591.90     5012661.36   9
               15390588.12     5012417.21   9
               15390588.73     5012172.66   9
               15390592.85     5011927.78   9
               15390599.59     5011682.64   9
               15390608.09     5011437.29   9
               15390617.46     5011191.81   9
               15380321.25     5015631.81   10
               15380557.48     5015599.46   10
               15380793.83     5015566.96   10
               15381030.50     5015534.16   10
               15381267.69     5015500.87   10
               15381505.59     5015466.94   10
               15381744.42     5015432.19   10
               15381984.37     5015396.45   10
               15382225.63     5015359.55   10
               15382463.49     5015320.08   10
               15382695.91     5015268.04   10
               15382916.23     5015192.00   10
               15383170.68     5015049.99   10
               15383402.78     5014866.03   10
               15383620.67     5014654.64   10
               15383832.46     5014430.35   10
               15384046.30     5014207.66   10
               15384267.28     5013999.67   10
               15384497.01     5013806.02   10
               15384734.49     5013624.99   10
               15384978.69     5013454.89   10
               15385228.59     5013293.98   10
               15385483.17     5013140.57   10
               15385741.41     5012992.94   10
               15385965.34     5012869.59   10
               15386190.74     5012748.80   10
               15386417.35     5012630.06   10
               15386644.90     5012512.84   10
               15386873.10     5012396.62   10
               15387101.68     5012280.87   10
               15383355.70     5017035.02   11
               15383083.65     5015129.17   11
               15380907.21     5019820.50   12
               15381147.91     5019746.82   12
               15381388.80     5019673.80   12
               15381630.14     5019602.06   12
               15381872.16     5019532.24   12
               15382115.13     5019464.98   12
               15382359.29     5019400.89   12
               15382604.90     5019340.62   12
               15382852.21     5019284.80   12
               15383101.47     5019234.05   12
               15383352.92     5019189.01   12
               15383606.83     5019150.31   12
               15383862.44     5019117.60   12
               15384118.12     5019086.12   12
               15384371.43     5019050.11   12
               15384619.92     5019003.79   12
               15384861.15     5018941.38   12
               15385092.67     5018857.10   12
               15385356.95     5018721.06   12
               15385606.83     5018552.86   12
               15385845.95     5018360.54   12
               15386077.94     5018152.11   12
               15386306.45     5017935.59   12
               15385281.01     5021286.54   13
               15385494.05     5021034.90   13
               15385701.93     5020780.28   13
               15385899.55     5020519.54   13
               15386081.83     5020249.53   13
               15386243.67     5019967.10   13
               15386344.68     5019755.51   13
               15386432.65     5019537.42   13
               15386507.79     5019314.12   13
               15386570.30     5019086.92   13
               15386620.36     5018857.10   13
               15386660.62     5018609.13   13
               15386688.30     5018360.01   13
               15386704.98     5018109.88   13
               15386712.23     5017858.85   13
               15386711.62     5017607.08   13
               15386704.75     5017354.70   13
               15386693.17     5017101.84   13
               15386678.46     5016848.63   13
               15386662.21     5016595.21   13
               15386139.03     5020511.63   14
               15386386.37     5020496.86   14
               15386633.00     5020479.84   14
               15386878.31     5020458.29   14
               15387121.69     5020429.94   14
               15387362.53     5020392.50   14
               15387600.22     5020343.70   14
               15387834.14     5020281.25   14
               15388078.87     5020198.19   14
               15388319.44     5020100.71   14
               15388556.94     5019992.40   14
               15388792.43     5019876.85   14
               15389026.99     5019757.67   14
               15384653.19     5016343.89   15
               15384916.76     5016272.68   15
               15385180.39     5016203.13   15
               15385444.20     5016136.93   15
               15385708.35     5016075.75   15
               15385972.97     5016021.28   15
               15386238.19     5015975.20   15
               15386504.16     5015939.19   15
               15386771.02     5015914.92   15
               15387038.90     5015904.08   15
               15387295.26     5015907.42   15
               15387551.89     5015923.77   15
               15387808.17     5015952.44   15
               15388063.51     5015992.73   15
               15388317.28     5016043.94   15
               15388568.89     5016105.38   15
               15388817.72     5016176.34   15
               15389064.11     5016256.36   15
               15389307.30     5016344.13   15
               15389547.70     5016438.57   15
               15389785.72     5016538.57   15
               15390021.76     5016643.03   15
               15390256.23     5016750.85   15
               15390489.54     5016860.94   15
               15390722.10     5016972.19   15
               15390981.84     5017096.60   15
               15391242.20     5017219.24   15
               15391504.55     5017338.31   15
               15391770.20     5017452.04   15
               15392040.52     5017558.61   15
               15392302.21     5017650.10   15
               15392567.70     5017723.30   15
               15392835.75     5017768.04   15
               15393078.61     5017777.66   15
               15393322.12     5017761.08   15
               15393566.20     5017723.55   15
               15393810.72     5017670.31   15
               15394055.58     5017606.60   15
               15394300.66     5017537.67   15
               15386976.12     5019296.91   16
               15387117.94     5019061.02   16
               15387261.11     5018826.13   16
               15387407.06     5018593.15   16
               15387557.23     5018362.97   16
               15387713.06     5018136.50   16
               15387875.99     5017914.65   16
               15388067.99     5017673.44   16
               15388271.06     5017441.53   16
               15388485.86     5017221.03   16
               15388713.08     5017014.08   16
               15388969.94     5016808.50   16
               15389236.62     5016615.09   16
               15389508.32     5016427.66   16
               15392982.25     5020700.12   17
               15393102.69     5020453.88   17
               15393222.24     5020207.05   17
               15393340.06     5019958.99   17
               15393455.33     5019709.01   17
               15393567.21     5019456.44   17
               15393674.87     5019200.62   17
               15393777.48     5018940.87   17
               15393877.32     5018672.56   17
               15393978.37     5018405.17   17
               15394088.09     5018144.19   17
               15394213.96     5017895.08   17
               15394363.44     5017663.33   17
               15394564.83     5017428.61   17
               15394795.36     5017215.61   17
               15395045.37     5017017.04   17
               15395305.17     5016825.59   17
               15382665.10     5011505.96   18
               15382906.77     5011466.46   18
               15383148.44     5011427.78   18
               15383390.20     5011390.76   18
               15383632.16     5011356.20   18
               15383874.42     5011324.94   18
               15384117.07     5011297.79   18
               15384360.21     5011275.58   18
               15384596.64     5011259.33   18
               15384833.39     5011248.11   18
               15385070.40     5011241.49   18
               15385307.63     5011239.07   18
               15385545.00     5011240.44   18
               15385782.47     5011245.19   18
               15386019.96     5011252.90   18
               15386257.42     5011263.17   18
               15386494.79     5011275.58   18
               15386742.99     5011290.47   18
               15386990.91     5011307.09   18
               15387238.58     5011325.27   18
               15387486.05     5011344.83   18
               15387733.34     5011365.60   18
               15387980.49     5011387.41   18
               15388227.53     5011410.09   18
               15388474.51     5011433.45   18
               15388721.44     5011457.33   18
               15388968.37     5011481.56   18
               15389215.34     5011505.96   18
               15382539.54     5009306.90   19
               15382799.92     5009282.20   19
               15383060.19     5009258.48   19
               15383320.31     5009236.74   19
               15383580.27     5009217.97   19
               15383840.02     5009203.16   19
               15384099.53     5009193.29   19
               15384358.76     5009189.37   19
               15384617.70     5009192.37   19
               15384876.29     5009203.29   19
               15385134.52     5009223.12   19
               15385375.08     5009249.82   19
               15385615.35     5009281.65   19
               15385855.58     5009315.13   19
               15386096.02     5009346.78   19
               15386336.91     5009373.12   19
               15386578.50     5009390.67   19
               15386834.94     5009397.74   19
               15387091.64     5009398.56   19
               15387348.13     5009400.68   19
               15387603.94     5009411.62   19
               15387871.86     5009438.68   19
               15388138.55     5009479.27   19
               15388404.37     5009528.84   19
               15388669.70     5009582.82   19
               15388934.91     5009636.68   19
               15389200.38     5009685.84   19
               15389466.46     5009725.77   19
               15389718.97     5009751.74   19
               15389972.14     5009766.49   19
               15390225.91     5009771.12   19
               15390480.23     5009766.78   19
               15390735.03     5009754.57   19
               15390990.26     5009735.62   19
               15391245.86     5009711.06   19
               15391501.77     5009682.02   19
               15391757.92     5009649.60   19
               15392014.25     5009614.94   19
               15392270.72     5009579.16   19
               15389592.03     5008050.29   20
               15389837.31     5008107.23   20
               15390082.55     5008164.26   20
               15390327.77     5008221.50   20
               15390572.99     5008279.04   20
               15390818.25     5008337.01   20
               15391063.55     5008395.50   20
               15391308.93     5008454.62   20
               15391554.40     5008514.48   20
               15391800.00     5008575.18   20
               15392045.74     5008636.83   20
               15392291.65     5008699.54   20
               15392529.28     5008760.64   20
               15392767.14     5008819.57   20
               15393005.47     5008873.07   20
               15393244.51     5008917.91   20
               15393484.50     5008950.86   20
               15393730.67     5008969.75   20
               15393977.74     5008974.79   20
               15394225.60     5008967.97   20
               15394474.12     5008951.27   20
               15394723.20     5008926.66   20
               15394972.71     5008896.13   20
               15395222.55     5008861.65   20
               15395472.59     5008825.20   20
               15383899.81     5007589.54   21
               15384143.91     5007510.79   21
               15384388.12     5007432.89   21
               15384632.66     5007356.68   21
               15384877.73     5007283.00   21
               15385123.53     5007212.70   21
               15385370.27     5007146.62   21
               15385618.14     5007085.61   21
               15385867.35     5007030.52   21
               15386118.10     5006982.18   21
               15386366.55     5006941.85   21
               15386616.26     5006908.79   21
               15386867.00     5006882.86   21
               15387118.50     5006863.97   21
               15387370.51     5006852.00   21
               15387622.79     5006846.85   21
               15387875.08     5006848.39   21
               15388127.12     5006856.52   21
               15388376.98     5006870.94   21
               15388626.22     5006891.24   21
               15388874.90     5006916.90   21
               15389123.03     5006947.43   21
               15389370.66     5006982.31   21
               15389617.81     5007021.03   21
               15389864.52     5007063.08   21
               15390110.83     5007107.96   21
               15390356.77     5007155.15   21
               15390602.37     5007204.15   21
               15390847.66     5007254.44   21
               15391103.47     5007307.87   21
               15391358.90     5007361.98   21
               15391614.08     5007416.60   21
               15391869.15     5007471.57   21
               15392124.23     5007526.71   21
               15380279.39     5006165.38   22
               15380522.61     5006161.92   22
               15380765.67     5006157.69   22
               15381008.49     5006151.89   22
               15381250.99     5006143.73   22
               15381493.09     5006132.41   22
               15381734.70     5006117.14   22
               15381975.75     5006097.14   22
               15382216.15     5006071.60   22
               15382455.83     5006039.72   22
               15382703.51     5005999.36   22
               15382950.07     5005951.79   22
               15383195.45     5005897.39   22
               15383439.57     5005836.57   22
               15383682.37     5005769.73   22
               15383923.76     5005697.27   22
               15384163.69     5005619.59   22
               15384402.07     5005537.08   22
               15384665.26     5005440.75   22
               15384927.44     5005342.77   22
               15385189.87     5005246.88   22
               15385453.80     5005156.82   22
               15385720.48     5005076.33   22
               15385981.42     5005010.25   22
               15386245.17     5004954.17   22
               15386511.04     5004905.60   22
               15386778.31     5004862.08   22
               15387046.28     5004821.10   22
               15387314.26     5004780.20   22
               15387581.52     5004736.89   22
               15387847.37     5004688.69   22
               15388111.10     5004633.11   22
               15388372.00     5004567.68   22
               15388629.37     5004489.91   22
               15388847.41     5004412.20   22
               15389063.26     5004327.23   22
               15389278.12     5004238.59   22
               15380928.14     5000887.64   23
               15381180.60     5000852.13   23
               15381433.06     5000816.87   23
               15381685.58     5000782.10   23
               15381938.21     5000748.08   23
               15382191.04     5000715.05   23
               15382444.13     5000683.26   23
               15382697.53     5000652.96   23
               15382951.33     5000624.40   23
               15383205.57     5000597.83   23
               15383460.34     5000573.49   23
               15383717.27     5000551.52   23
               15383974.54     5000532.44   23
               15384232.02     5000516.62   23
               15384489.60     5000504.44   23
               15384747.16     5000496.27   23
               15385004.58     5000492.50   23
               15385261.75     5000493.48   23
               15385518.55     5000499.60   23
               15385774.85     5000511.24   23
               15386030.55     5000528.76   23
               15386285.52     5000552.55   23
               15386540.58     5000582.95   23
               15386794.74     5000619.56   23
               15387048.08     5000661.91   23
               15387300.67     5000709.51   23
               15387552.58     5000761.88   23
               15387803.88     5000818.55   23
               15388054.65     5000879.04   23
               15388304.96     5000942.87   23
               15388554.89     5001009.57   23
               15388804.51     5001078.66   23
               15389053.88     5001149.66   23
               15389303.09     5001222.09   23
               15389552.20     5001295.48   23
               15389801.30     5001369.34   23
               15387959.70     4998500.09   24
               15388218.04     4998573.89   24
               15388476.35     4998647.63   24
               15388734.66     4998721.29   24
               15388993.00     4998794.82   24
               15389251.38     4998868.18   24
               15389509.82     4998941.32   24
               15389768.37     4999014.21   24
               15390027.02     4999086.80   24
               15390285.82     4999159.06   24
               15390544.78     4999230.94   24
               15390803.93     4999302.40   24
               15391063.29     4999373.40   24
               15391322.88     4999443.90   24
               15391582.73     4999513.86   24
               15391842.86     4999583.23   24
               15392103.30     4999651.98   24
               15392352.53     4999717.00   24
               15392602.00     4999780.92   24
               15392851.79     4999843.28   24
               15393101.95     4999903.60   24
               15393352.56     4999961.42   24
               15393603.68     5000016.27   24
               15393855.38     5000067.67   24
               15394107.71     5000115.15   24
               15394360.76     5000158.26   24
               15394614.57     5000196.51   24
               15394855.00     5000227.92   24
               15395095.96     5000255.21   24
               15395337.37     5000279.02   24
               15395579.16     5000300.00   24
               15395821.24     5000318.79   24
               15396063.54     5000336.04   24
               15396305.99     5000352.39   24
               15396548.50     5000368.50   24
               15396791.01     5000385.00   24
               15397051.53     5000403.74   24
               15397311.82     5000423.49   24
               15397571.92     5000444.09   24
               15397831.90     5000465.37   24
               15398091.82     5000487.15   24
               15398351.72     5000509.29   24
               15398611.68     5000531.60   24
               15380593.30     4997348.20   25
               15380856.08     4997308.43   25
               15381118.83     4997268.78   25
               15381381.57     4997229.35   25
               15381644.31     4997190.26   25
               15381907.06     4997151.62   25
               15382169.85     4997113.54   25
               15382432.67     4997076.13   25
               15382695.55     4997039.49   25
               15382958.50     4997003.76   25
               15383221.54     4996969.02   25
               15383484.67     4996935.40   25
               15383747.92     4996903.00   25
               15384011.29     4996871.95   25
               15384274.80     4996842.34   25
               15384538.46     4996814.29   25
               15384802.29     4996787.91   25
               15385066.30     4996763.31   25
               15385330.51     4996740.60   25
               15385594.92     4996719.90   25
               15385849.61     4996701.92   25
               15386104.40     4996685.67   25
               15386359.29     4996670.92   25
               15386614.27     4996657.45   25
               15386869.31     4996645.01   25
               15387124.41     4996633.38   25
               15387379.56     4996622.33   25
               15387634.74     4996611.62   25
               15387889.93     4996601.02   25
               15388145.14     4996590.30   25
               15388400.33     4996579.23   25
               15388655.50     4996567.58   25
               15388910.64     4996555.10   25
               15389165.74     4996541.58   25
               15389420.77     4996526.78   25
               15389675.74     4996510.46   25
               15389938.93     4996491.86   25
               15390201.94     4996471.62   25
               15390464.78     4996449.93   25
               15390727.51     4996427.01   25
               15390990.15     4996403.05   25
               15391252.73     4996378.28   25
               15391515.30     4996352.88   25
               15391777.88     4996327.06   25
               15392040.52     4996301.03   25
               15389633.88     4994855.93   26
               15389893.53     4995017.38   26
               15390153.45     4995178.16   26
               15390414.01     4995337.64   26
               15390675.55     4995495.17   26
               15390938.43     4995650.11   26
               15391203.00     4995801.83   26
               15391469.63     4995949.67   26
               15391738.65     4996093.00   26
               15392010.44     4996231.18   26
               15392285.34     4996363.57   26
               15392563.70     4996489.52   26
               15392808.34     4996592.82   26
               15393055.94     4996688.55   26
               15393306.78     4996774.51   26
               15393561.15     4996848.52   26
               15393819.34     4996908.39   26
               15394073.96     4996952.23   26
               15394330.64     4996986.28   26
               15394587.84     4997016.24   26
               15394844.00     4997047.83   26
               15395097.58     4997086.77   26
               15395347.03     4997138.77   26
               15395616.02     4997216.22   26
               15395879.18     4997312.71   26
               15396137.85     4997424.51   26
               15396393.35     4997547.87   26
               15396647.02     4997679.03   26
               15396900.18     4997814.27   26
               15397154.17     4997949.81   26
               15397410.32     4998081.94   26
               15397669.95     4998206.88   26
               15397899.18     4998307.03   26
               15398131.57     4998398.36   26
               15398366.80     4998480.31   26
               15398604.55     4998552.35   26
               15398844.50     4998613.93   26
               15399086.33     4998664.50   26
               15399329.71     4998703.53   26
               15399574.33     4998730.47   26
               15399838.02     4998745.81   26
               15400102.42     4998748.96   26
               15400367.42     4998742.37   26
               15400632.90     4998728.49   26
               15400898.73     4998709.74   26
               15401164.81     4998688.58   26
               15381179.27     4995526.12   27
               15381441.16     4995509.82   27
               15381702.99     4995493.00   27
               15381964.75     4995475.13   27
               15382226.44     4995455.65   27
               15382488.07     4995434.03   27
               15382749.62     4995409.73   27
               15383011.11     4995382.20   27
               15383272.53     4995350.90   27
               15383533.89     4995315.28   27
               15383795.18     4995274.80   27
               15384070.63     4995226.25   27
               15384345.14     4995171.07   27
               15384618.00     4995108.58   27
               15384888.51     4995038.09   27
               15385155.95     4994958.93   27
               15385419.62     4994870.40   27
               15385678.80     4994771.82   27
               15385932.79     4994662.51   27
               15386180.88     4994541.78   27
               15386445.73     4994395.98   27
               15386703.84     4994238.07   27
               15386956.58     4994070.43   27
               15387205.36     4993895.45   27
               15387451.54     4993715.50   27
               15387696.52     4993532.95   27
               15387941.69     4993350.19   27
               15388188.43     4993169.60   27
               15388438.12     4992993.55   27
               15388692.16     4992824.42   27
               15388949.83     4992664.75   27
               15389211.54     4992512.02   27
               15389475.82     4992363.86   27
               15389741.22     4992217.95   27
               15390006.28     4992071.92   27
               15390269.55     4991923.44   27
               15390529.57     4991770.15   27
               15390784.88     4991609.70   27
               15391044.49     4991433.34   27
               15391298.46     4991248.57   27
               15391548.04     4991057.19   27
               15391794.45     4990860.99   27
               15392038.91     4990661.76   27
               15392282.67     4990461.29   27
               15392526.95     4990261.38   27
               15392772.98     4990063.82   27
               15393022.00     4989870.40   27
               15393275.23     4989682.91   27
               15393532.21     4989503.36   27
               15393793.09     4989329.64   27
               15394056.63     4989159.77   27
               15394321.59     4988991.77   27
               15381011.85     4988761.40   28
               15381265.34     4988755.13   28
               15381518.61     4988748.11   28
               15381771.51     4988739.59   28
               15382023.88     4988728.79   28
               15382275.56     4988714.94   28
               15382526.38     4988697.28   28
               15382776.19     4988675.03   28
               15383024.82     4988647.44   28
               15383272.13     4988613.72   28
               15383517.94     4988573.12   28
               15383762.10     4988524.87   28
               15384004.45     4988468.19   28
               15384268.11     4988395.77   28
               15384529.39     4988313.45   28
               15384788.44     4988222.30   28
               15385045.40     4988123.43   28
               15385300.42     4988017.90   28
               15385553.65     4987906.82   28
               15385805.23     4987791.27   28
               15386055.32     4987672.34   28
               15386307.91     4987548.75   28
               15386558.13     4987421.72   28
               15386805.23     4987290.06   28
               15387048.46     4987152.60   28
               15387287.04     4987008.15   28
               15387520.23     4986855.55   28
               15387785.95     4986665.56   28
               15388044.67     4986465.43   28
               15388298.19     4986257.67   28
               15388548.30     4986044.79   28
               15388796.79     4985829.32   28
               15381681.52     4985829.32   29
               15381933.32     4985871.14   29
               15382185.15     4985912.33   29
               15382437.12     4985952.27   29
               15382689.34     4985990.31   29
               15382941.91     4986025.83   29
               15383194.93     4986058.20   29
               15383448.52     4986086.78   29
               15383702.78     4986110.94   29
               15383957.81     4986130.05   29
               15384213.72     4986143.47   29
               15384449.18     4986150.12   29
               15384684.72     4986150.21   29
               15384919.74     4986142.47   29
               15385153.66     4986125.65   29
               15385385.89     4986098.48   29
               15385615.85     4986059.70   29
               15385855.24     4986005.45   29
               15386091.73     4985938.96   29
               15386325.82     4985862.26   29
               15386558.01     4985777.41   29
               15386788.80     4985686.42   29
               15387018.69     4985591.35   29
               15387248.17     4985494.22   29
               15390408.19     4988803.28   30
               15390159.16     4988878.20   30
               15389909.67     4988950.10   30
               15389659.14     4989015.95   30
               15389406.97     4989072.74   30
               15389152.56     4989117.44   30
               15388904.98     4989146.81   30
               15388655.61     4989162.76   30
               15388405.09     4989165.89   30
               15388154.06     4989156.83   30
               15387903.15     4989136.18   30
               15387652.98     4989104.55   30
               15387404.20     4989062.55   30
               15387157.44     4989010.79   30
               15386913.34     4988949.89   30
               15386659.16     4988876.44   30
               15386408.33     4988794.67   30
               15386160.36     4988705.78   30
               15385914.75     4988610.94   30
               15385671.03     4988511.34   30
               15385428.68     4988408.19   30
               15385187.23     4988302.65   30
               15384946.17     4988195.92   30
               15388671.23     4987902.72   31
               15388920.97     4987907.31   31
               15389170.66     4987912.08   31
               15389420.28     4987917.19   31
               15389669.84     4987922.82   31
               15389919.33     4987929.15   31
               15390168.75     4987936.34   31
               15390418.11     4987944.57   31
               15390667.39     4987954.01   31
               15390916.61     4987964.85   31
               15391165.76     4987977.25   31
               15391414.83     4987991.38   31
               15391663.83     4988007.43   31
               15391904.94     4988024.91   31
               15392145.88     4988044.14   31
               15392386.68     4988064.93   31
               15392627.35     4988087.08   31
               15392867.94     4988110.41   31
               15393108.47     4988134.71   31
               15393348.95     4988159.80   31
               15393589.43     4988185.47   31
               15393829.93     4988211.54   31
               15394070.46     4988237.81   31
               15391768.46     4989159.32   32
               15393526.35     4988991.77   32
               15396581.74     4987609.51   33
               15396614.39     4987859.02   33
               15396647.42     4988108.39   33
               15396681.20     4988357.58   33
               15396716.10     4988606.54   33
               15396752.53     4988855.22   33
               15396790.85     4989103.58   33
               15396831.45     4989351.56   33
               15396874.72     4989599.13   33
               15396920.66     4989844.94   33
               15396969.25     4990090.19   33
               15397020.17     4990334.98   33
               15397073.09     4990579.37   33
               15397127.67     4990823.45   33
               15397183.59     4991067.29   33
               15397240.51     4991310.97   33
               15397298.10     4991554.58   33
               15397356.04     4991798.19   33
               15399417.38     4988017.91   34
               15399535.33     4988406.25   34
               15399653.65     4988794.33   34
               15399772.79     4989182.08   34
               15399893.16     4989569.42   34
               15400015.21     4989956.30   34
               15400139.37     4990342.63   34
               15400256.48     4990699.82   34
               15400375.32     4991056.32   34
               15400495.57     4991412.30   34
               15400616.88     4991767.93   34
               15400738.93     4992123.39   34
               15400861.36     4992478.86   34
               15405067.74     4990248.38   35
               15404727.45     4990288.31   35
               15404387.28     4990327.70   35
               15404047.21     4990365.97   35
               15403707.22     4990402.54   35
               15403367.27     4990436.84   35
               15403027.33     4990468.29   35
               15402668.49     4990496.90   35
               15402308.95     4990515.72   35
               15401947.60     4990518.68   35
               15401583.35     4990499.70   35
               15401277.85     4990461.29   35
               15400981.14     4990391.85   35
               15400704.41     4990279.80   35
               15400288.49     4989974.76   35
               15399919.63     4989588.66   35
               15394677.35     4996971.22   36
               15395029.52     4996828.20   36
               15395381.86     4996685.70   36
               15395734.68     4996544.18   36
               15396088.31     4996404.12   36
               15396443.07     4996265.98   36
               15396799.27     4996130.23   36
               15397157.23     4995997.35   36
               15397503.00     4995873.51   36
               15397851.01     4995757.08   36
               15398201.92     4995652.31   36
               15398556.41     4995563.44   36
               15398915.13     4995494.71   36
               15399310.31     4995444.74   36
               15399708.24     4995410.78   36
               15400106.35     4995379.81   36
               15400502.05     4995338.82   36
               15400892.75     4995274.80   36
               15401245.24     4995187.54   36
               15401592.54     4995077.12   36
               15401936.24     4994950.64   36
               15402277.95     4994815.21   36
               15402619.25     4994677.92   36
               15402994.25     4994532.02   36
               15403370.10     4994391.46   36
               15403746.67     4994255.18   36
               15404123.84     4994122.08   36
               15404501.46     4993991.09   36
               15404879.40     4993861.12   36
               15403780.71     4990311.21   37
               15404011.75     4989992.94   37
               15404234.27     4989669.99   37
               15404439.92     4989337.34   37
               15404631.02     4988974.20   37
               15404800.37     4988599.30   37
               15404954.29     4988216.43   37
               15405099.13     4987829.41   37
               15405240.79     4987439.88   37
               15405380.05     4987050.40   37
               15405517.55     4986660.92   37
               15405653.90     4986271.37   37
               15405789.73     4985881.68   37
               15401865.87     4992981.50   38
               15402211.57     4993037.77   38
               15402557.07     4993095.65   38
               15402902.38     4993156.80   38
               15403247.48     4993222.91   38
               15403592.37     4993295.65   38
               15403968.03     4993386.18   38
               15404336.41     4993497.64   38
               15404691.05     4993641.22   38
               15405090.73     4993861.48   38
               15405475.82     4994112.44   38
               15405538.61     4995651.78   39
               15405153.37     4995638.33   39
               15404768.52     4995620.85   39
               15404384.18     4995595.28   39
               15404000.45     4995557.54   39
               15403637.09     4995505.96   39
               15403278.46     4995431.88   39
               15402966.44     4995342.84   39
               15402659.59     4995235.89   39
               15402356.12     4995116.98   39
               15402054.22     4994992.07   39
               15404785.22     5004290.95   40
               15404581.48     5003947.47   40
               15404383.25     5003602.81   40
               15404196.05     5003255.63   40
               15404025.38     5002904.60   40
               15403876.74     5002548.39   40
               15403755.66     5002185.67   40
               15403667.62     5001815.12   40
               15403618.15     5001435.40   40
               15403618.11     5001434.90   40
               15403629.41     5001588.34   40
               15403603.80     5001240.61   40
               15403578.50     5000890.19   40
               15403553.70     5000535.66   40
               15403529.59     5000175.56   40
               15403512.07     4999828.96   40
               15403523.54     4999489.52   40
               15403592.37     4999170.28   40
               15403791.94     4998803.36   40
               15404081.21     4998474.25   40
               15404408.53     4998165.00   40
               15404768.91     4997824.75   40
               15405116.33     4997486.76   40
               15405455.15     4997150.18   40
               15405789.73     4996814.14   40
               15388807.26     5003536.98   41
               15389177.32     5003446.39   41
               15389547.52     5003361.43   41
               15389918.17     5003287.78   41
               15390289.60     5003231.12   41
               15390662.10     5003197.10   41
               15391036.01     5003191.42   41
               15391394.53     5003216.39   41
               15391751.25     5003269.66   41
               15392103.30     5003348.49   41
               15392489.70     5003463.69   41
               15392867.78     5003602.41   41
               15393239.29     5003759.59   41
               15393606.00     5003930.12   41
               15393969.66     5004108.94   41
               15394332.05     5004290.95   41
               15394695.47     5004472.41   41
               15395059.07     5004652.12   41
               15395422.84     5004830.26   41
               15395786.77     5005007.05   41
               15396150.86     5005182.66   41
               15396515.10     5005357.32   41
               15396879.48     5005531.20   41
               15397243.99     5005704.51   41
               15397608.63     5005877.44   41
               15397973.40     5006050.20   41
               15390879.05     5004510.85   42
               15391211.23     5004591.24   42
               15391541.89     5004675.04   42
               15391869.69     5004765.78   42
               15392193.30     5004866.96   42
               15392511.38     5004982.08   42
               15392894.76     5005146.62   42
               15393268.96     5005333.02   42
               15393635.71     5005536.79   42
               15393996.77     5005753.43   42
               15394353.87     5005978.42   42
               15394708.74     5006207.27   42
               15395063.48     5006436.68   42
               15395417.52     5006665.40   42
               15395771.00     5006893.55   42
               15396124.01     5007121.22   42
               15396476.70     5007348.53   42
               15396829.17     5007575.59   42
               15397181.54     5007802.49   42
               15397533.93     5008029.35   42
               15397596.71     5011799.17   43
               15397503.96     5011423.07   43
               15397412.45     5011046.87   43
               15397323.36     5010670.22   43
               15397237.90     5010292.79   43
               15397157.23     5009914.26   43
               15397079.16     5009518.25   43
               15397006.58     5009121.27   43
               15396938.40     5008723.47   43
               15396873.51     5008325.00   43
               15396810.80     5007926.03   43
               15396749.15     5007526.71   43
               15391036.01     5013181.43   44
               15391375.05     5013173.37   44
               15391713.30     5013161.35   44
               15392050.08     5013141.33   44
               15392384.73     5013109.28   44
               15392716.61     5013061.16   44
               15393045.03     5012992.94   44
               15393413.85     5012886.85   44
               15393774.11     5012751.05   44
               15394122.97     5012586.97   44
               15394457.62     5012396.05   44
               15394825.54     5012143.16   44
               15395171.85     5011861.60   44
               15395498.49     5011556.68   44
               15395807.43     5011233.69   44
               15396081.69     5010920.14   44
               15396344.65     5010597.85   44
               15396599.18     5010268.98   44
               15396848.15     5009935.68   44
               15397094.45     5009600.11   44
               15391318.53     5014186.72   45
               15391699.04     5014158.56   45
               15392079.48     5014131.21   45
               15392459.88     5014105.49   45
               15392840.32     5014082.20   45
               15393220.83     5014062.16   45
               15393601.49     5014046.18   45
               15393982.34     5014035.07   45
               15394363.44     5014029.64   45
               15394567.47     5014029.18   45
               15394771.53     5014029.64   45
               15391695.22     5015694.64   46
               15392096.45     5015660.79   46
               15392494.03     5015615.39   46
               15392884.60     5015546.79   46
               15393264.76     5015443.32   46
               15393662.23     5015284.08   46
               15394047.75     5015089.32   46
               15394426.23     5014877.85   46
               15394787.80     5014673.12   46
               15395148.22     5014469.45   46
               15396686.37     5019213.14   47
               15396661.15     5018873.89   47
               15396637.57     5018534.54   47
               15396617.25     5018194.85   47
               15396601.83     5017854.56   47
               15396592.93     5017513.41   47
               15396592.20     5017171.16   47
               15396599.77     5016822.97   47
               15396608.92     5016474.92   47
               15396611.15     5016128.18   47
               15396597.95     5015783.93   47
               15396560.81     5015443.32   47
               15396496.20     5015109.34   47
               15396417.13     5014775.84   47
               15396341.07     5014438.04   47
               15396292.92     5014153.77   47
               15396268.69     5013869.22   47
               15396278.29     5013589.83   47
               15396366.06     5013197.22   47
               15396529.26     5012823.49   47
               15396749.02     5012463.85   47
               15397006.48     5012113.53   47
               15397282.80     5011767.75   47
               15396215.51     5011390.77   48
               15396545.88     5011454.79   48
               15396872.73     5011527.71   48
               15397192.73     5011618.55   48
               15397502.53     5011736.34   48
               15397873.13     5011932.18   48
               15398218.54     5012176.00   48
               15398535.55     5012459.16   48
               15398820.95     5012773.04   48
               15399088.66     5013132.72   48
               15399324.32     5013512.26   48
               15399535.99     5013906.74   48
               15399731.74     5014311.22   48
               15399919.63     5014720.77   48
               15402399.52     5022857.30   49
               15402280.60     5022478.11   49
               15402162.60     5022098.84   49
               15402046.35     5021719.29   49
               15401932.68     5021339.23   49
               15401822.44     5020958.48   49
               15401716.44     5020576.84   49
               15401615.54     5020194.08   49
               15401520.57     5019810.03   49
               15401433.33     5019431.51   49
               15401349.98     5019052.24   49
               15401267.73     5018672.71   49
               15401183.81     5018293.39   49
               15401095.43     5017914.78   49
               15400999.80     5017537.37   49
               15400894.15     5017161.64   49
               15400775.68     5016788.09   49
               15400641.62     5016417.19   49
               15400505.23     5016092.00   49
               15400341.99     5015783.66   49
               15400139.37     5015506.15   49
               15399857.51     5015240.57   49
               15399542.94     5015003.51   49
               15401395.01     5015192.00   50
               15401399.20     5015193.79   50
               15401941.14     5015413.86   50
               15402489.23     5015617.13   50
               15403042.50     5015806.41   50
               15403599.94     5015984.53   50
               15404160.58     5016154.29   50
               15404723.42     5016318.52   50
               15405287.48     5016480.02   50
               15402273.95     5015506.15   51
               15402596.21     5015351.72   51
               15402918.16     5015196.26   51
               15403239.77     5015038.68   51
               15403560.98     5014877.85   51
               15403880.34     5014716.31   51
               15404203.21     5014564.95   51
               15404534.10     5014438.04   51
               15404902.94     5014339.64   51
               15405281.13     5014271.38   51
               15405664.17     5014218.13   51
               15395650.47     5006835.57   52
               15395713.25     5005013.50   52
               15399333.67     5004081.51   53
               15399080.95     5004105.53   53
               15398830.78     5004121.47   53
               15398585.60     5004121.21   53
               15398347.83     5004096.63   53
               15398119.89     5004039.63   53
               15397865.52     5003925.49   53
               15397621.50     5003775.87   53
               15397380.78     5003611.53   53
               15397136.31     5003453.21   53
               15396907.77     5003329.46   53
               15396672.28     5003223.28   53
               15396431.41     5003130.34   53
               15396186.75     5003046.32   53
               15395939.86     5002966.90   53
               15395692.33     5002887.74   53
               15395462.98     5002812.13   53
               15395233.73     5002738.17   53
               15395003.57     5002670.93   53
               15394771.53     5002615.47   53
               15394520.13     5002573.44   53
               15394266.13     5002548.05   53
               15394009.96     5002536.54   53
               15393752.02     5002536.11   53
               15393492.74     5002544.00   53
               15393232.52     5002557.42   53
               15392971.78     5002573.59   53
               15394352.98     5004290.95   54
               15394206.49     5002594.53   54
               15395524.91     5004898.31   55
               15395483.05     5002866.79   55
               15397471.14     5005798.87   56
               15397533.93     5003746.42   56
               15397826.91     5003872.08   57
               15398000.40     5003659.71   57
               15398179.76     5003454.82   57
               15398371.02     5003264.72   57
               15398597.18     5003081.44   57
               15398840.73     5002920.10   57
               15399098.20     5002776.30   57
               15399366.15     5002645.63   57
               15399641.11     5002523.68   57
               15399919.63     5002406.04   57
               15397952.47     5007558.12   58
               15397765.19     5007310.47   58
               15397582.38     5007060.13   58
               15397408.36     5006804.16   58
               15397256.22     5006557.36   58
               15397113.46     5006304.81   58
               15396977.71     5006047.89   58
               15396846.60     5005788.02   58
               15396717.76     5005526.61   58
               15399637.12     5011202.28   59
               15400022.14     5011149.59   59
               15400407.02     5011096.70   59
               15400791.76     5011043.38   59
               15401176.37     5010989.41   59
               15401560.83     5010934.56   59
               15401945.17     5010878.60   59
               15402329.36     5010821.31   59
               15402713.42     5010762.47   59
               15403110.50     5010699.81   59
               15403507.22     5010635.52   59
               15403903.64     5010569.83   59
               15404299.84     5010502.97   59
               15404695.89     5010435.17   59
               15405091.87     5010366.66   59
               15405487.85     5010297.66   59
               15405883.91     5010228.41   59
               15405789.73     5013998.23   60
               15405444.13     5013734.57   60
               15405098.70     5013470.94   60
               15404753.42     5013207.18   60
               15404408.27     5012943.18   60
               15404063.23     5012678.79   60
               15403675.43     5012380.98   60
               15403288.05     5012082.87   60
               15402900.97     5011784.51   60
               15402514.06     5011485.91   60
               15402127.22     5011187.10   60
               15401740.31     5010888.13   60
               15397816.44     5009380.20   61
               15397822.67     5009036.25   61
               15397835.14     5008693.55   61
               15397860.20     5008353.19   61
               15397904.17     5008016.24   61
               15397973.40     5007683.78   61
               15398092.49     5007302.71   61
               15398250.72     5006934.61   61
               15398444.26     5006584.25   61
               15398713.72     5006194.16   61
               15399012.37     5005825.53   61
               15399325.18     5005467.12   61
               15399637.12     5005107.74   61
               15399905.88     5004777.91   61
               15400166.00     5004441.83   61
               15400421.89     5004102.46   61
               15398475.65     5007558.12   62
               15398769.26     5007184.38   62
               15399067.75     5006815.72   62
               15399376.25     5006456.98   62
               15399699.90     5006113.03   62
               15400064.32     5005766.38   62
               15400443.52     5005434.11   62
               15400829.97     5005107.74   62
               15401144.05     5004843.88   62
               15401460.94     5004584.52   62
               15401784.10     5004335.45   62
               15401787.24     5004333.25   62
               15402142.97     5004097.52   62
               15402508.65     5003878.05   62
               15402882.34     5003671.55   62
               15403262.08     5003474.75   62
               15403645.90     5003284.38   62
               15404031.84     5003097.17   62
               15398569.83     5008060.76   63
               15398957.10     5008420.33   63
               15399340.03     5008783.61   63
               15399714.56     5009154.59   63
               15400076.59     5009537.28   63
               15400378.08     5009880.61   63
               15400669.98     5010232.52   63
               15400955.54     5010590.23   63
               15401238.05     5010950.96   63
               15399574.33     5008626.24   64
               15399907.47     5008222.66   64
               15400245.09     5007824.25   64
               15400591.94     5007436.00   64
               15400952.73     5007062.89   64
               15401332.22     5006709.91   64
               15401641.43     5006452.28   64
               15401961.13     5006206.47   64
               15402288.14     5005968.92   64
               15402619.25     5005736.04   64
               15402947.02     5005508.57   64
               15403276.26     5005284.06   64
               15403608.01     5005064.13   64
               15403943.25     5004850.41   64
               15404283.00     5004644.50   64
               15404675.62     5004422.84   64
               15404676.81     5004422.20   64
               15405060.04     5004221.41   64
               15405445.49     5004025.38   64
               15405833.05     5003833.86   64
               15406031.90     5003738.26   64
               15406033.20     5003737.64   64
               15406358.69     5003610.55   64
               15406697.82     5003520.97   64
               15407044.00     5003450.30   64
               15407390.67     5003379.91   64
               15407728.87     5003296.17   64
               15408062.43     5003199.37   64
               15408393.11     5003094.23   64
               15408722.64     5002985.46   64
               15409052.76     5002877.79   64
               15409054.39     5002877.27   64
               15409054.39     5002877.27   64
               15409055.93     5002876.64   64
               15409453.75     5002674.94   64
               15409826.40     5002425.22   64
               15410190.11     5002157.90   64
               15410561.15     5001903.40   64
               15410886.49     5001718.52   64
               15411224.39     5001557.59   64
               15411571.31     5001414.17   64
               15411923.71     5001281.82   64
               15412278.03     5001154.12   64
               15412630.73     5001024.61   64
               15412632.95     5001023.77   64
               15405036.35     5004416.61   65
               15405067.17     5004776.08   65
               15405110.74     5005129.90   65
               15405179.90     5005472.64   65
               15405287.48     5005798.87   65
               15405498.16     5006192.79   65
               15405775.39     5006555.36   65
               15406099.02     5006893.11   65
               15406448.94     5007212.56   65
               15406804.76     5007523.11   65
               15407138.48     5007841.08   65
               15407422.06     5008186.43   65
               15407595.82     5008489.04   65
               15407729.08     5008815.81   65
               15407830.21     5009161.73   65
               15407907.60     5009521.79   65
               15407969.65     5009891.00   65
               15408024.74     5010264.34   65
               15408081.27     5010636.81   65
               15408152.23     5011039.68   65
               15408230.25     5011436.66   65
               15408310.64     5011829.26   65
               15408388.69     5012218.94   65
               15408459.71     5012607.21   65
               15408518.98     5012995.53   65
               15408561.82     5013385.41   65
               15408583.52     5013778.32   65
               15408581.84     5014131.96   65
               15408560.04     5014486.82   65
               15408518.59     5014840.84   65
               15408457.96     5015192.00   65
               15408378.32     5015541.25   65
               15408282.63     5015885.88   65
               15408173.86     5016226.69   65
               15408054.98     5016564.45   65
               15407928.95     5016899.96   65
               15407798.75     5017233.99   65
               15407643.78     5017625.04   65
               15407487.50     5018015.02   65
               15407330.21     5018404.24   65
               15407172.26     5018793.03   65
               15407013.98     5019181.72   65
               15408552.13     5015129.17   66
               15408579.12     5015476.08   66
               15408602.51     5015822.55   66
               15408618.68     5016168.35   66
               15408624.02     5016513.25   66
               15408614.91     5016857.00   66
               15408582.90     5017255.32   66
               15408530.16     5017651.76   66
               15408460.41     5018046.71   66
               15408377.37     5018440.56   66
               15408284.76     5018833.70   66
               15408186.29     5019226.52   66
               15408085.68     5019619.40   66
               15407986.65     5020012.74   66
               15407892.92     5020406.91   66
               15407807.60     5020801.58   66
               15407730.58     5021197.18   66
               15407661.18     5021593.64   66
               15407598.71     5021990.91   66
               15407542.46     5022388.89   66
               15407491.76     5022787.53   66
               15407445.90     5023186.76   66
               15407404.20     5023586.49   66
               15407365.95     5023986.68   66
               15407330.48     5024387.23   66
               15407297.07     5024788.08   66
               15407265.05     5025189.17   66
               15407233.71     5025590.41   66
               15408677.70     5018207.85   67
               15408964.14     5018538.70   67
               15409248.06     5018871.07   67
               15409527.02     5019206.67   67
               15409798.61     5019547.19   67
               15410060.42     5019894.35   67
               15410310.02     5020249.84   67
               15410551.50     5020623.82   67
               15410780.52     5021006.02   67
               15411000.22     5021394.44   67
               15411213.70     5021787.09   67
               15411424.09     5022181.96   67
               15411634.51     5022577.06   67
               15411848.07     5022970.39   67
               15412067.91     5023359.94   67
               15412272.43     5023705.01   67
               15412482.87     5024046.16   67
               15412697.77     5024384.41   67
               15412915.70     5024720.80   67
               15413135.20     5025056.36   67
               15411848.18     5021757.77   68
               15415520.91     5024428.05   68
               15405883.91     5005170.57   69
               15406260.72     5005155.41   69
               15406637.41     5005140.17   69
               15407014.03     5005124.73   69
               15407390.64     5005109.01   69
               15407767.30     5005092.91   69
               15408144.05     5005076.33   69
               15408481.58     5005061.02   69
               15408818.97     5005045.37   69
               15409156.36     5005029.49   69
               15409493.86     5005013.50   69
               15404942.18     5009914.26   70
               15404954.59     5009541.43   70
               15404966.01     5009168.73   70
               15404975.46     5008796.16   70
               15404981.93     5008423.70   70
               15404984.43     5008051.33   70
               15404981.98     5007679.04   70
               15404973.57     5007306.80   70
               15404958.32     5006929.40   70
               15404937.12     5006552.30   70
               15404911.16     5006175.40   70
               15404881.63     5005798.59   70
               15404849.72     5005421.80   70
               15404816.61     5005044.91   70
               15411220.36     5010416.90   71
               15411080.24     5010058.42   71
               15410941.75     5009699.57   71
               15410806.46     5009339.78   71
               15410675.96     5008978.50   71
               15410551.80     5008615.18   71
               15410435.59     5008249.26   71
               15410321.91     5007857.28   71
               15410216.98     5007462.77   71
               15410118.65     5007066.33   71
               15410024.81     5006668.58   71
               15409933.33     5006270.10   71
               15409854.49     5005924.31   71
               15409775.86     5005578.70   71
               15409697.39     5005233.20   71
               15409619.04     5004887.75   71
               15409540.75     5004542.28   71
               15409462.47     5004196.70   71
               15409744.99     5000678.21   72
               15409964.72     5002248.96   72
               15409682.20     5014595.11   73
               15409713.07     5014210.66   73
               15409743.98     5013826.12   73
               15409775.01     5013441.25   73
               15409806.25     5013055.78   73
               15409837.76     5012669.49   73
               15409869.63     5012282.11   73
               15409901.94     5011893.41   73
               15409933.70     5011533.74   73
               15409974.86     5011176.18   73
               15410034.50     5010823.82   73
               15410121.68     5010479.73   73
               15410245.30     5010139.22   73
               15410397.47     5009807.91   73
               15410568.70     5009482.66   73
               15410749.49     5009160.29   73
               15412695.73     5018522.01   74
               15412738.74     5018131.21   74
               15412781.97     5017740.56   74
               15412825.65     5017350.04   74
               15412870.02     5016959.63   74
               15412915.32     5016569.31   74
               15412961.78     5016179.07   74
               15413009.64     5015788.89   74
               15413055.84     5015423.84   74
               15413103.31     5015059.03   74
               15413151.91     5014694.43   74
               15413201.49     5014330.00   74
               15413251.92     5013965.69   74
               15413303.05     5013601.48   74
               15413354.75     5013237.32   74
               15413406.89     5012873.16   74
               15413459.32     5012508.98   74
               15413511.89     5012144.73   74
               15413511.89     5011170.86   75
               15413271.14     5010837.96   75
               15413037.24     5010501.99   75
               15412817.00     5010159.70   75
               15412617.19     5009807.81   75
               15412444.60     5009443.03   75
               15412323.79     5009123.46   75
               15412223.38     5008795.32   75
               15412139.42     5008461.18   75
               15412067.91     5008123.59   75
               15411999.90     5007752.93   75
               15411940.46     5007381.73   75
               15411887.88     5007010.08   75
               15411840.43     5006638.05   75
               15411796.38     5006265.71   75
               15411754.00     5005893.12   75
               15415081.44     5010699.64   76
               15414989.97     5010321.55   76
               15414891.61     5009946.97   76
               15414779.34     5009579.23   76
               15414646.14     5009221.65   76
               15414485.01     5008877.56   76
               15414234.16     5008462.27   76
               15413945.51     5008066.98   76
               15413637.46     5007683.78   76
               15413323.95     5007304.20   76
               15413010.01     5006927.82   76
               15412695.73     5006552.84   76
               15415787.73     5019118.89   77
               15417529.93     5023878.29   77
               15411785.39     5021710.64   78
               15415552.30     5024443.76   78
               15407359.28     5024255.27   79
               15407155.03     5023693.92   79
               15406954.80     5023131.71   79
               15406762.52     5022567.44   79
               15406582.13     5021999.90   79
               15406417.55     5021427.91   79
               15406286.91     5020915.63   79
               15406168.96     5020400.09   79
               15406060.69     5019882.05   79
               15405959.08     5019362.22   79
               15405861.14     5018841.36   79
               15405763.84     5018320.19   79
               15405664.17     5017799.46   79
               15405557.77     5017269.83   79
               15405447.00     5016741.55   79
               15405332.91     5016214.18   79
               15405216.60     5015687.33   79
               15405099.13     5015160.59   79
               15415599.39     5025480.46   80
               15416050.49     5025093.39   80
               15416509.34     5024719.86   80
               15416984.08     5024373.20   80
               15417482.84     5024066.78   80
               15417954.35     5023834.01   80
               15418443.41     5023633.52   80
               15418942.52     5023454.18   80
               15419496.00     5023270.19   80
               15420051.41     5023096.64   80
               15420608.42     5022931.42   80
               15421166.69     5022772.41   80
               15421725.87     5022617.51   80
               15422285.65     5022464.61   80
               15418283.31     5024962.11   81
               15421485.18     5024632.25   81
               15405130.52     4995651.78   82
               15405695.56     4993358.48   82
               15405883.91     4990562.53   82
               15405946.69     4989054.61   82
               15404188.80     4999924.24   83
               15404393.89     4999543.72   83
               15404599.32     4999163.52   83
               15404805.50     4998783.88   83
               15405012.85     4998405.03   83
               15405221.77     4998027.22   83
               15405432.68     4997650.69   83
               15405645.99     4997275.68   83
               15405862.10     4996902.43   83
               15406081.43     4996531.18   83
               15406304.39     4996162.18   83
               15406531.40     4995795.67   83
               15406762.85     4995431.88   83
               15407004.59     4995062.23   83
               15407249.95     4994694.95   83
               15407497.57     4994329.15   83
               15407746.13     4993963.92   83
               15407994.28     4993598.37   83
               15408240.69     4993231.60   83
               15408484.02     4992862.70   83
               15408722.92     4992490.79   83
               15408956.05     4992114.95   83
               15409182.09     4991734.29   83
               15409399.69     4991347.91   83
               15409594.26     4990982.85   83
               15409783.96     4990614.81   83
               15409972.59     4990246.38   83
               15410163.92     4989880.16   83
               15410361.74     4989518.74   83
               15410569.84     4989164.70   83
               15410792.00     4988820.63   83
               15411032.01     4988489.13   83
               15411323.88     4988136.62   83
               15411638.90     4987802.00   83
               15411973.74     4987483.85   83
               15412338.02     4987171.41   83
               15412718.67     4986879.43   83
               15413114.95     4986611.74   83
               15413526.10     4986372.13   83
               15413951.37     4986164.41   83
               15414312.51     4986018.90   83
               15414681.56     4985895.21   83
               15415057.55     4985790.61   83
               15415439.50     4985702.36   83
               15415826.42     4985627.71   83
               15416217.35     4985563.94   83
               15416611.30     4985508.29   83
               15417007.30     4985458.04   83
               15417404.37     4985410.45   83
               15410780.89     4985473.28   84
               15411126.19     4988269.23   84
               15420637.63     5014013.93   85
               15420527.40     5014584.90   85
               15420420.03     5015155.88   85
               15420318.37     5015727.10   85
               15420225.24     5016298.81   85
               15420143.49     5016871.27   85
               15420075.97     5017444.70   85
               15420025.51     5018019.36   85
               15419995.03     5018571.70   85
               15419980.85     5019124.90   85
               15419980.94     5019678.89   85
               15419993.24     5020233.56   85
               15420015.74     5020788.85   85
               15420046.38     5021344.66   85
               15420083.12     5021900.91   85
               15420123.93     5022457.51   85
               15420166.76     5023014.37   85
               15421459.02     5008521.52   86
               15423133.20     5007264.91   86
               15423407.61     5007059.54   86
               15423670.55     5006846.32   86
               15423910.71     5006617.25   86
               15424116.79     5006364.35   86
               15424251.49     5006141.55   86
               15424365.15     5005903.66   86
               15424465.87     5005655.71   86
               15424561.75     5005402.69   86
               15424660.89     5005149.63   86
               15424776.07     5004889.49   86
               15424906.58     5004639.34   86
               15425055.51     5004403.49   86
               15425225.93     5004186.23   86
               15425471.90     5003941.92   86
               15425741.80     5003717.20   86
               15426021.17     5003495.10   86
               15426243.95     5003313.40   86
               15426471.40     5003145.32   86
               15426711.77     5003013.40   86
               15426939.51     5002941.20   86
               15427179.94     5002906.99   86
               15427429.49     5002902.88   86
               15427684.65     5002921.02   86
               15427941.87     5002953.50   86
               15428197.60     5002992.46   86
               15428442.35     5003030.25   86
               15428683.32     5003066.28   86
               15428921.66     5003100.03   86
               15429158.52     5003130.98   86
               15429395.06     5003158.62   86
               15429632.43     5003182.42   86
               15429871.78     5003201.89   86
               15430102.92     5003215.51   86
               15430335.15     5003221.45   86
               15430566.91     5003216.38   86
               15430796.65     5003197.01   86
               15431022.78     5003160.00   86
               15431279.36     5003092.47   86
               15431530.27     5003003.07   86
               15431777.08     5002898.08   86
               15432021.36     5002783.82   86
               15432264.68     5002666.57   86
               15432508.62     5002552.64   86
               15432747.70     5002449.32   86
               15432988.12     5002351.19   86
               15433229.46     5002254.31   86
               15433471.27     5002154.72   86
               15433728.14     5002044.63   86
               15433986.76     5001939.99   86
               15434249.23     5001853.70   86
               15434517.64     5001798.68   86
               15434758.35     5001784.22   86
               15435001.38     5001799.59   86
               15435243.20     5001840.68   86
               15435480.29     5001903.40   86
               15435736.09     5001994.41   86
               15435982.79     5002104.18   86
               15436221.93     5002229.58   86
               15436455.04     5002367.48   86
               15436683.66     5002514.75   86
               15436909.31     5002668.27   86
               15437133.55     5002824.91   86
               15437342.82     4999704.34   87
               15435940.69     5002050.00   87
               15419031.46     5004144.34   88
               15419270.94     5004126.65   88
               15419510.47     5004109.38   88
               15419750.21     5004092.99   88
               15419990.28     5004077.91   88
               15420230.83     5004064.59   88
               15420472.00     5004053.47   88
               15420713.93     5004045.00   88
               15420956.77     5004039.63   88
               15421217.20     5004037.89   88
               15421478.00     5004041.36   88
               15421738.50     5004051.22   88
               15421998.06     5004068.68   88
               15422256.01     5004094.94   88
               15422511.72     5004131.19   88
               15422764.51     5004178.64   88
               15423013.75     5004238.47   88
               15423258.77     5004311.89   88
               15423507.61     5004402.88   88
               15423751.95     5004507.06   88
               15423992.71     5004621.79   88
               15424230.81     5004744.46   88
               15424467.18     5004872.41   88
               15424702.75     5005003.02   88
               15420705.64     5004039.63   89
               15420810.28     5003097.17   89
               15420705.64     5005694.16   90
               15420810.28     5004060.57   90
               15421207.90     5008961.33   91
               15421259.26     5008748.38   91
               15421309.28     5008535.32   91
               15421356.64     5008321.92   91
               15421400.02     5008107.97   91
               15421438.10     5007893.22   91
               15421473.85     5007647.08   91
               15421501.90     5007399.97   91
               15421523.22     5007151.99   91
               15421538.77     5006903.26   91
               15421549.50     5006653.90   91
               15421556.40     5006404.00   91
               15421560.41     5006153.69   91
               15421562.51     5005903.08   91
               15421563.66     5005652.27   91
               15420056.90     5005338.12   92
               15420293.85     5005481.24   92
               15420528.05     5005627.81   92
               15420756.86     5005781.36   92
               15420977.70     5005945.48   92
               15421171.05     5006106.55   92
               15421358.36     5006275.36   92
               15421542.73     5006448.12   92
               15422735.59     5007537.18   93
               15422653.33     5007318.39   93
               15422572.61     5007099.23   93
               15422494.89     5006879.13   93
               15422421.68     5006657.56   93
               15422345.89     5006407.18   93
               15422274.16     5006155.56   93
               15422202.95     5005903.62   93
               15422128.70     5005652.27   93
               15422056.18     5005422.76   93
               15421983.28     5005193.53   93
               15421915.07     5004963.30   93
               15421856.64     5004730.76   93
               15421814.86     5004515.91   93
               15421781.37     5004299.22   93
               15421752.00     5004081.51   93
               15421542.73     5006636.61   94
               15421798.92     5006787.47   94
               15422065.91     5006908.88   94
               15422292.65     5006970.68   94
               15422526.31     5007013.59   94
               15422484.46     5006217.74   95
               15423823.80     5006720.39   95
               15429704.37     5011055.67   96
               15429525.34     5010805.46   96
               15429346.54     5010555.17   96
               15429168.16     5010304.68   96
               15428990.38     5010053.84   96
               15428813.37     5009802.53   96
               15428637.33     5009550.61   96
               15428462.44     5009297.95   96
               15428288.89     5009044.41   96
               15428116.84     5008789.87   96
               15427946.50     5008534.19   96
               15427778.04     5008277.24   96
               15427611.64     5008018.88   96
               15427463.01     5007784.20   96
               15427315.27     5007549.03   96
               15427167.35     5007313.97   96
               15427018.18     5007079.66   96
               15426866.67     5006846.68   96
               15426711.77     5006615.67   96
               15426518.20     5006339.28   96
               15426317.55     5006068.06   96
               15426109.04     5005803.09   96
               15425891.91     5005545.45   96
               15425665.40     5005296.23   96
               15425426.92     5005053.36   96
               15425181.68     5004817.16   96
               15424932.95     5004584.16   96
               15423761.02     5012940.58   97
               15423662.67     5012697.89   97
               15423563.56     5012455.67   97
               15423462.90     5012214.32   97
               15423359.87     5011974.20   97
               15423253.68     5011735.71   97
               15423143.51     5011499.22   97
               15423028.57     5011265.11   97
               15422885.86     5010991.86   97
               15422736.43     5010722.19   97
               15422581.22     5010455.56   97
               15422421.20     5010191.47   97
               15422257.32     5009929.37   97
               15422090.52     5009668.75   97
               15421921.76     5009409.07   97
               15421752.00     5009149.82   97
               15426439.71     5012417.00   98
               15426210.22     5012156.59   98
               15425981.66     5011895.38   98
               15425754.85     5011632.44   98
               15425530.57     5011366.81   98
               15425309.64     5011097.56   98
               15425118.02     5010857.83   98
               15424925.79     5010618.79   98
               15424728.93     5010384.43   98
               15424523.39     5010158.73   98
               15424305.13     5009945.67   98
               15424083.35     5009755.39   98
               15423856.74     5009570.33   98
               15423635.46     5009380.20   98
               15423397.96     5009145.44   98
               15423177.80     5008894.08   98
               15422971.49     5008629.40   98
               15422775.54     5008354.72   98
               15422586.45     5008073.32   98
               15422400.75     5007788.50   98
               15423907.51     5007369.63   99
               15424153.07     5007453.36   99
               15424398.32     5007537.66   99
               15424643.07     5007623.18   99
               15424887.13     5007710.52   99
               15425130.31     5007800.33   99
               15425372.42     5007893.22   99
               15425635.09     5007999.28   99
               15425894.50     5008112.81   99
               15426149.23     5008236.96   99
               15426397.86     5008374.92   99
               15426659.87     5008538.81   99
               15426921.85     5008699.88   99
               15427193.09     5008835.67   99
               15427399.32     5008907.64   99
               15427613.12     5008959.53   99
               15427832.62     5008996.39   99
               15428055.98     5009023.24   99
               15428281.31     5009045.11   99
               15426607.13     5011914.36   100
               15426568.88     5011649.00   100
               15426529.44     5011383.98   100
               15426487.61     5011119.50   100
               15426442.18     5010855.77   100
               15426391.96     5010593.03   100
               15426335.73     5010331.48   100
               15426272.29     5010071.33   100
               15426206.13     5009828.81   100
               15426137.13     5009587.01   100
               15426069.83     5009345.01   100
               15426008.74     5009101.86   100
               15425958.39     5008856.61   100
               15425922.32     5008613.79   100
               15425896.06     5008369.19   100
               15425874.68     5008123.59   100
               15423802.88     5007767.56   101
               15423844.73     5009568.69   101
               15424556.26     5006427.18   102
               15424812.22     5006480.70   102
               15425068.26     5006532.77   102
               15425324.56     5006581.93   102
               15425581.30     5006626.72   102
               15425838.66     5006665.69   102
               15426096.84     5006697.40   102
               15426356.00     5006720.39   102
               15426575.55     5006732.67   102
               15426795.48     5006741.33   102
               15426962.89     5006825.10   103
               15427187.55     5006791.64   103
               15427411.91     5006757.36   103
               15427635.77     5006721.39   103
               15427858.91     5006682.88   103
               15428081.13     5006640.94   103
               15428302.24     5006594.72   103
               15428537.31     5006539.92   103
               15428771.07     5006480.11   103
               15429003.93     5006416.11   103
               15429236.30     5006348.69   103
               15429468.60     5006278.67   103
               15429701.21     5006206.83   103
               15429934.57     5006133.97   103
               15430200.95     5006049.79   103
               15430465.19     5005960.40   103
               15430723.88     5005860.74   103
               15430973.66     5005745.76   103
               15431211.13     5005610.38   103
               15431463.88     5005427.18   103
               15431699.29     5005218.23   103
               15431920.83     5004990.69   103
               15432131.93     5004751.70   103
               15432331.59     5004512.66   103
               15432526.52     5004271.31   103
               15432718.96     5004029.30   103
               15432911.16     5003788.27   103
               15433105.36     5003549.86   103
               15433303.81     5003315.71   103
               15433508.74     5003087.48   103
               15433722.40     5002866.79   103
               15433898.57     5002697.79   103
               15434078.16     5002531.70   103
               15429474.17     5010322.65   104
               15429486.65     5010068.81   104
               15429500.43     5009815.26   104
               15429516.81     5009562.22   104
               15429537.10     5009309.91   104
               15429562.59     5009058.53   104
               15429594.61     5008808.29   104
               15429634.46     5008559.41   104
               15429683.44     5008312.09   104
               15429734.95     5008093.79   104
               15429791.28     5007876.41   104
               15429849.07     5007659.27   104
               15429904.93     5007441.71   104
               15429955.49     5007223.03   104
               15430001.03     5006986.52   104
               15430039.47     5006741.36   104
               15430039.57     5006740.65   104
               15430051.57     5006532.35   104
               15430040.65     5006323.00   104
               15430018.28     5006113.03   104
               15429348.60     5008144.54   105
               15428741.71     5006531.89   105
               15428406.88     5005568.50   106
               15428595.22     5006490.01   106
               15430918.15     5010846.24   107
               15430880.02     5010613.37   107
               15430842.91     5010380.50   107
               15430807.87     5010147.52   107
               15430775.91     5009914.35   107
               15430748.08     5009680.88   107
               15430725.39     5009447.02   107
               15430708.87     5009212.65   107
               15430698.89     5008961.64   107
               15430696.42     5008710.30   107
               15430700.75     5008458.76   107
               15430711.15     5008207.17   107
               15430726.92     5007955.65   107
               15430747.33     5007704.35   107
               15430771.66     5007453.41   107
               15430798.78     5007206.93   107
               15430828.56     5006961.02   107
               15430860.56     5006715.57   107
               15430894.33     5006470.45   107
               15430929.43     5006225.57   107
               15430965.42     5005980.80   107
               15431001.86     5005736.04   107
               15430290.33     5007746.61   108
               15430457.75     5005987.37   108
               15430604.24     5005819.82   109
               15430583.31     5004374.72   109
               15431085.57     5004982.08   110
               15430913.43     5004767.57   110
               15430742.52     5004552.30   110
               15430573.97     5004335.38   110
               15430408.91     5004115.92   110
               15430248.48     5003893.02   110
               15430106.22     5003685.52   110
               15429967.28     5003475.74   110
               15429829.93     5003264.72   110
               15427067.53     5006762.27   111
               15427171.49     5006496.08   111
               15427276.63     5006230.54   111
               15427384.20     5005966.15   111
               15427495.45     5005703.42   111
               15427611.64     5005442.84   111
               15427734.02     5005183.87   111
               15427861.29     5004927.26   111
               15427992.25     5004672.38   111
               15428125.68     5004418.59   111
               15428260.38     5004165.29   111
               15434705.98     5010741.52   112
               15434523.16     5010501.21   112
               15434341.08     5010260.41   112
               15434160.46     5010018.55   112
               15433981.99     5009775.04   112
               15433806.40     5009529.30   112
               15433634.37     5009280.74   112
               15433466.62     5009028.78   112
               15433303.86     5008772.84   112
               15433172.23     5008555.25   112
               15433046.35     5008334.34   112
               15432927.92     5008109.81   112
               15432818.62     5007881.37   112
               15432720.14     5007648.71   112
               15432634.18     5007411.52   112
               15432557.36     5007155.15   112
               15432491.05     5006895.37   112
               15432429.66     5006633.93   112
               15432367.62     5006372.57   112
               15432299.35     5006113.03   112
               15432230.71     5005887.53   112
               15432154.84     5005664.41   112
               15432073.52     5005443.03   112
               15431988.55     5005222.78   112
               15431901.73     5005003.02   112
               15429453.24     5004165.29   113
               15429507.35     5004373.79   113
               15429558.64     5004582.61   113
               15429604.32     5004792.20   113
               15429641.58     5005003.02   113
               15429670.86     5005239.53   113
               15429688.99     5005477.49   113
               15429698.75     5005716.58   113
               15429702.94     5005956.45   113
               15429704.37     5006196.80   113
               15430039.20     5004395.66   114
               15430050.91     5004599.85   114
               15430062.11     5004803.99   114
               15430072.33     5005008.16   114
               15430081.06     5005212.46   114
               15430088.11     5005421.86   114
               15430093.60     5005631.25   114
               15430098.05     5005840.67   114
               15430101.98     5006050.20   114
               15431964.51     5009673.41   115
               15431960.54     5009431.98   115
               15431957.84     5009190.73   115
               15431957.70     5008949.68   115
               15431961.40     5008708.90   115
               15431970.22     5008468.43   115
               15431985.44     5008228.31   115
               15432009.00     5007976.61   115
               15432038.23     5007725.37   115
               15432070.32     5007474.32   115
               15432102.49     5007223.19   115
               15432131.93     5006971.71   115
               15432153.81     5006750.09   115
               15432172.27     5006528.26   115
               15432188.15     5006306.24   115
               15432202.32     5006084.05   115
               15432215.64     5005861.70   115
               15433010.87     5007683.78   116
               15432976.45     5007432.53   116
               15432942.27     5007181.33   116
               15432908.56     5006930.10   116
               15432875.55     5006678.75   116
               15432843.46     5006427.18   116
               15432815.14     5006197.00   116
               15432788.09     5005966.75   116
               15432762.56     5005736.34   116
               15432738.82     5005505.67   116
               15432714.85     5005250.38   116
               15432692.91     5004995.00   116
               15432672.49     5004739.50   116
               15432653.09     5004483.88   116
               15432634.18     5004228.12   116
               15432801.60     5005798.87   117
               15433042.29     5005691.88   117
               15433285.52     5005597.08   117
               15433534.06     5005526.61   117
               15433749.75     5005492.43   117
               15433969.24     5005476.10   117
               15434190.88     5005469.32   117
               15434413.00     5005463.78   117
               15434645.01     5005452.12   117
               15434875.76     5005434.27   117
               15435105.62     5005411.79   117
               15435334.92     5005386.21   117
               15435564.00     5005359.06   117
               15435647.71     5010971.90   118
               15435567.28     5010724.27   118
               15435485.40     5010477.29   118
               15435400.60     5010231.54   118
               15435311.39     5009987.58   118
               15435216.31     5009745.99   118
               15435113.89     5009507.33   118
               15435002.65     5009272.19   118
               15434881.13     5009041.13   118
               15434747.84     5008814.73   118
               15434595.29     5008581.04   118
               15434440.08     5008349.10   118
               15434294.16     5008114.64   118
               15434169.53     5007873.35   118
               15434078.16     5007620.95   118
               15434030.77     5007382.65   118
               15434007.14     5007136.80   118
               15433994.46     5006887.93   118
               15433982.94     5006655.15   118
               15433970.10     5006423.72   118
               15433956.20     5006193.35   118
               15433941.51     5005963.74   118
               15433926.27     5005734.61   118
               15433910.75     5005505.67   118
               15433408.49     5003201.89   119
               15433417.40     5003459.35   119
               15433429.02     5003716.38   119
               15433446.07     5003972.72   119
               15433471.27     5004228.12   119
               15433507.70     5004489.63   119
               15433553.32     5004749.88   119
               15433605.84     5005009.22   119
               15433662.97     5005268.02   119
               15433722.40     5005526.61   119
               15431880.80     5004437.55   120
               15431830.79     5004181.48   120
               15431771.22     5003929.03   120
               15431692.46     5003683.59   120
               15431606.15     5003483.89   120
               15431506.23     5003289.31   120
               15431399.47     5003097.17   120
               15432194.71     5004081.51   121
               15432320.27     5002594.53   121
               15428469.66     4998761.88   122
               15428726.34     4998744.16   122
               15428982.94     4998727.11   122
               15429239.44     4998711.45   122
               15429495.84     4998697.87   122
               15429752.16     4998687.05   122
               15430008.37     4998679.68   122
               15430264.50     4998676.47   122
               15430520.53     4998678.11   122
               15430771.67     4998684.86   122
               15431022.62     4998696.22   122
               15431273.46     4998711.47   122
               15431524.25     4998729.89   122
               15431775.06     4998750.75   122
               15432025.96     4998773.34   122
               15432277.01     4998796.94   122
               15432528.29     4998820.83   122
               15432779.86     4998844.29   122
               15433031.80     4998866.60   122
               15433274.87     4998886.72   122
               15433517.88     4998906.75   122
               15433760.51     4998928.35   122
               15434002.45     4998953.17   122
               15434243.39     4998982.89   122
               15434483.02     4999019.14   122
               15434721.03     4999063.60   122
               15434957.11     4999117.92   122
               15435197.72     4999184.64   122
               15435436.87     4999258.24   122
               15435675.66     4999333.45   122
               15435915.22     4999404.97   122
               15436156.65     4999467.53   122
               15436401.09     4999515.85   122
               15436602.23     4999541.56   122
               15436804.84     4999555.24   122
               15437007.98     4999557.73   122
               15437217.65     4999549.91   122
               15437426.81     4999534.72   122
               15437635.80     4999515.85   122
               15433303.86     5002175.66   123
               15433328.89     5001929.25   123
               15433352.61     5001682.67   123
               15433373.73     5001435.62   123
               15433390.94     5001187.80   123
               15433402.96     5000938.91   123
               15433408.49     5000688.68   123
               15433408.82     5000420.13   123
               15433417.13     5000153.65   123
               15433450.35     4999892.83   123
               15433513.65     4999660.64   123
               15433603.41     4999434.55   123
               15433710.80     4999212.45   123
               15433827.04     4998992.26   123
               15432257.49     5002615.47   124
               15432246.10     5002363.51   124
               15432233.38     5002111.78   124
               15432217.98     5001860.37   124
               15432198.56     5001609.37   124
               15432173.78     5001358.87   124
               15432146.68     5001136.71   124
               15432116.39     5000914.95   124
               15432085.00     5000693.26   124
               15432054.60     5000471.34   124
               15432027.29     5000248.87   124
               15432006.97     5000046.72   124
               15431992.50     4999844.24   124
               15431985.44     4999641.51   124
               15431987.07     4999426.77   124
               15431996.27     4999212.14   124
               15432010.52     4998997.52   124
               15432027.29     4998782.83   124
               15417922.32     4991766.78   125
               15418141.58     4991859.78   125
               15418361.46     4991952.37   125
               15418582.68     4992044.19   125
               15418805.97     4992134.86   125
               15419032.06     4992224.02   125
               15419261.66     4992311.31   125
               15419549.12     4992420.90   125
               15419821.33     4992552.10   125
               15420056.90     4992730.18   125
               15420228.07     4992947.71   125
               15420370.70     4993197.53   125
               15420505.17     4993451.67   125
               15420651.87     4993682.19   125
               15420831.21     4993861.12   125
               15421035.19     4993961.65   125
               15421271.71     4994012.51   125
               15421529.70     4994029.86   125
               15421798.11     4994029.86   125
               15422065.91     4994028.67   125
               15422335.30     4994041.30   125
               15422592.95     4994074.69   125
               15422840.22     4994133.39   125
               15423097.12     4994228.22   125
               15423345.61     4994350.55   125
               15423588.18     4994493.19   125
               15423827.30     4994648.96   125
               15424065.46     4994810.66   125
               15424305.13     4994971.12   125
               15424535.84     4995116.60   125
               15424770.02     4995253.58   125
               15425007.72     4995381.24   125
               15425249.01     4995498.75   125
               15425493.95     4995605.28   125
               15425742.62     4995700.01   125
               15425995.07     4995782.11   125
               15426251.37     4995850.75   125
               15426494.35     4995902.42   125
               15426739.98     4995943.44   125
               15426987.66     4995975.73   125
               15427236.82     4996001.18   125
               15427486.86     4996021.72   125
               15427737.20     4996039.24   125
               15427992.63     4996055.84   125
               15428247.56     4996072.43   125
               15428501.99     4996090.23   125
               15428755.94     4996110.46   125
               15429009.39     4996134.33   125
               15429262.35     4996163.06   125
               15429514.82     4996197.87   125
               15429766.79     4996239.96   125
               15430018.28     4996290.56   125
               15430249.59     4996347.31   125
               15430474.67     4996421.15   125
               15430687.95     4996520.94   125
               15430894.24     4996656.08   125
               15431092.72     4996803.97   125
               15431294.84     4996939.81   125
               15431519.05     4997047.35   125
               15431757.02     4997120.43   125
               15432006.48     4997164.80   125
               15432265.16     4997186.21   125
               15432530.76     4997190.41   125
               15432801.02     4997183.15   125
               15433073.66     4997170.18   125
               15432320.27     4996143.95   126
               15432566.67     4996157.11   126
               15432812.97     4996171.23   126
               15433059.14     4996187.33   126
               15433305.17     4996206.40   126
               15433551.03     4996229.44   126
               15433796.71     4996257.47   126
               15434042.18     4996291.47   126
               15434287.44     4996332.45   126
               15434524.98     4996380.31   126
               15434759.39     4996439.24   126
               15434988.03     4996512.83   126
               15435208.24     4996604.71   126
               15435446.95     4996734.17   126
               15435675.17     4996883.97   126
               15435897.17     4997046.10   126
               15436117.22     4997212.53   126
               15436339.57     4997375.24   126
               15436568.51     4997526.22   126
               15436780.21     4997645.57   126
               15436998.62     4997752.35   126
               15437222.10     4997849.73   126
               15437448.99     4997940.85   126
               15437677.65     4998028.86   126
               15429348.60     4998678.11   127
               15429587.33     4998565.74   127
               15429825.95     4998453.22   127
               15430064.49     4998340.34   127
               15430302.98     4998226.88   127
               15430541.46     4998112.64   127
               15430767.37     4998003.96   127
               15430993.89     4997896.70   127
               15431221.85     4997793.07   127
               15431452.07     4997695.31   127
               15431685.40     4997605.62   127
               15431922.66     4997526.22   127
               15432182.75     4997453.22   127
               15432445.52     4997387.91   127
               15432708.35     4997323.39   127
               15432968.66     4997252.75   127
               15433223.84     4997169.08   127
               15433471.27     4997065.47   127
               15433687.37     4996952.68   127
               15433901.39     4996835.26   127
               15434120.02     4996730.37   127
               15434336.30     4996654.53   127
               15434559.98     4996598.83   127
               15434788.65     4996556.55   127
               15435019.89     4996520.94   127
               15433136.44     4998803.77   128
               15432696.97     4997295.84   128
               15425351.49     5003976.80   129
               15425159.55     5003739.15   129
               15424973.28     5003498.20   129
               15424798.23     5003250.46   129
               15424639.97     5002992.46   129
               15424508.09     5002736.18   129
               15424387.97     5002472.99   129
               15424271.01     5002208.09   129
               15424148.60     5001946.68   129
               15424012.15     5001693.96   129
               15423840.00     5001433.28   129
               15423645.23     5001187.53   129
               15423431.90     5000954.83   129
               15423204.06     5000733.33   129
               15422965.79     5000521.13   129
               15422704.43     5000300.89   129
               15422446.42     5000080.16   129
               15422202.20     4999849.54   129
               15421982.20     4999599.62   129
               15421812.82     4999355.59   129
               15421663.67     4999095.48   129
               15421527.30     4998825.66   129
               15421396.24     4998552.45   129
               15421283.69     4998320.21   129
               15421170.32     4998089.64   129
               15421056.73     4997860.01   129
               15420943.50     4997630.57   129
               15420831.21     4997400.56   129
               15420705.78     4997139.15   129
               15420581.30     4996876.99   129
               15420456.56     4996614.76   129
               15420330.38     4996353.13   129
               15420201.58     4996092.76   129
               15420068.96     4995834.32   129
               15419931.33     4995578.48   129
               15419813.17     4995369.77   129
               15419690.41     4995163.84   129
               15419562.55     4994961.04   129
               15419429.08     4994761.69   129
               15419261.45     4994526.70   129
               15419089.57     4994294.75   129
               15418917.79     4994063.00   129
               15418750.47     4993828.64   129
               15418591.99     4993588.86   129
               15418460.65     4993368.31   129
               15418338.19     4993142.43   129
               15418222.82     4992912.28   129
               15418112.76     4992678.90   129
               15418006.21     4992443.32   129
               15417901.39     4992206.59   129
               15423488.97     5000981.89   130
               15423728.25     5000969.55   130
               15423967.36     5000957.18   130
               15424206.22     5000944.67   130
               15424444.73     5000931.95   130
               15424682.79     5000918.93   130
               15424920.31     5000905.51   130
               15425157.20     5000891.62   130
               15425393.35     5000877.17   130
               15425642.51     5000861.13   130
               15425891.08     5000843.93   130
               15426139.52     5000825.05   130
               15426388.29     5000803.94   130
               15426637.86     5000780.10   130
               15426888.70     5000752.99   130
               15427141.28     5000722.08   130
               15427396.05     5000686.86   130
               15427653.49     5000646.79   130
               15427899.56     5000602.84   130
               15428141.94     5000547.61   130
               15428374.30     5000474.57   130
               15428590.29     5000377.17   130
               15428783.57     5000248.87   130
               15428964.76     5000068.52   130
               15429120.07     4999856.50   130
               15429258.85     4999625.99   130
               15429390.46     4999390.19   130
               15429508.16     4999184.17   130
               15429626.89     4998982.46   130
               15429746.22     4998782.83   130
               15431169.27     5001316.98   131
               15431147.30     5001075.77   131
               15431124.91     5000834.69   131
               15431101.69     5000593.75   131
               15431077.21     5000352.96   131
               15431051.05     5000112.34   131
               15431022.78     4999871.88   131
               15430992.29     4999632.71   131
               15430959.81     4999393.86   131
               15430925.83     4999155.23   131
               15430890.85     4998916.68   131
               15430855.37     4998678.11   131
               15417964.17     4998720.00   132
               15418228.49     4998732.57   132
               15418492.73     4998745.19   132
               15418756.92     4998757.91   132
               15419021.08     4998770.77   132
               15419285.23     4998783.83   132
               15419549.39     4998797.14   132
               15419813.58     4998810.75   132
               15420077.82     4998824.71   132
               15420325.56     4998838.15   132
               15420573.20     4998851.87   132
               15420820.78     4998865.82   132
               15421068.36     4998879.94   132
               15421315.97     4998894.18   132
               15421563.66     4998908.49   132
               15426544.35     4999746.22   133
               15426298.06     4999725.52   133
               15426051.86     4999704.54   133
               15425805.77     4999683.03   133
               15425559.80     4999660.70   133
               15425313.94     4999637.28   133
               15425068.22     4999612.49   133
               15424822.63     4999586.07   133
               15424577.19     4999557.73   133
               15424329.39     4999527.07   133
               15424081.84     4999495.01   133
               15423834.39     4999462.38   133
               15423586.91     4999429.99   133
               15423339.28     4999398.67   133
               15423091.35     4999369.24   133
               15422868.44     4999344.94   133
               15422645.39     4999322.48   133
               15422422.22     4999301.48   133
               15422198.93     4999281.57   133
               15421975.53     4999262.40   133
               15421752.00     4999243.58   133
               15419177.95     5000814.34   134
               15419063.92     5000566.20   134
               15418962.18     5000315.74   134
               15418884.97     5000060.38   134
               15418843.63     4999820.48   134
               15418827.08     4999575.80   134
               15418829.09     4999327.51   134
               15418843.48     4999076.76   134
               15418864.04     4998824.71   134
               15421312.53     5002343.21   135
               15421175.14     5002124.48   135
               15421043.85     5001903.96   135
               15420924.76     5001679.71   135
               15420823.95     5001449.79   135
               15420747.50     5001212.26   135
               15420705.94     5001012.52   135
               15420678.63     5000808.56   135
               15420659.59     5000602.25   135
               15420642.86     5000395.47   135
               15420623.91     5000192.16   135
               15420602.59     4999989.92   135
               15420580.08     4999788.11   135
               15422923.93     5001631.13   136
               15422995.12     5001855.83   136
               15423064.19     5002080.83   136
               15423129.06     5002306.57   136
               15423187.64     5002533.51   136
               15423237.84     5002762.08   136
               15423281.86     5003016.83   136
               15423315.17     5003273.48   136
               15423339.93     5003531.66   136
               15423358.28     5003791.03   136
               15423372.37     5004051.22   136
               15423384.33     5004311.89   136
               15425246.86     5003851.14   137
               15425271.51     5003620.79   137
               15425296.77     5003390.50   137
               15425323.23     5003160.15   137
               15425351.49     5002929.63   137
               15425378.55     5002720.27   137
               15425403.94     5002510.91   137
               15425424.04     5002301.47   137
               15425435.20     5002091.89   137
               15425433.84     5001853.16   137
               15425419.44     5001614.46   137
               15425395.25     5001375.75   137
               15425364.53     5001136.98   137
               15425330.57     5000898.11   137
               15426272.29     5003285.66   138
               15426268.15     5003034.26   138
               15426263.58     5002782.96   138
               15426258.13     5002531.70   138
               15426251.37     5002280.38   138
               15426243.36     5002039.39   138
               15426234.01     5001798.51   138
               15426223.59     5001557.71   138
               15426212.37     5001316.94   138
               15426200.61     5001076.15   138
               15426188.59     5000835.28   138
               15430227.55     5002636.42   139
               15430069.21     5002427.48   139
               15429912.83     5002217.43   139
               15429760.28     5002005.05   139
               15429613.43     5001789.08   139
               15429474.17     5001568.30   139
               15429335.62     5001327.66   139
               15429204.31     5001082.62   139
               15429076.55     5000835.28   139
               15418131.59     4998028.86   140
               15418361.37     4998017.33   140
               15418590.56     4998003.60   140
               15418818.68     4997985.45   140
               15419045.26     4997960.65   140
               15419269.81     4997927.00   140
               15419491.86     4997882.26   140
               15419761.23     4997810.06   140
               15420026.76     4997721.78   140
               15420289.44     4997621.43   140
               15420550.28     4997513.02   140
               15420810.28     4997400.56   140
               15421082.33     4997756.60   141
               15421070.42     4997500.44   141
               15421056.28     4997244.50   141
               15421037.64     4996988.89   141
               15421012.21     4996733.71   141
               15420977.70     4996479.05   141
               15420928.81     4996210.20   141
               15420865.13     4995944.58   141
               15420784.49     4995684.40   141
               15420684.71     4995431.88   141
               15420560.03     4995179.87   141
               15420417.54     4994936.72   141
               15420262.14     4994700.29   141
               15420098.75     4994468.48   141
               15419912.39     4994215.44   141
               15419718.42     4993969.81   141
               15419512.79     4993735.46   141
               15419271.44     4993495.48   141
               15419015.23     4993270.34   141
               15418747.86     4993056.28   141
               15418473.01     4992849.55   141
               15418194.37     4992646.40   141
               15417901.39     4989902.81   142
               15418139.07     4990139.19   142
               15418379.58     4990371.50   142
               15418625.88     4990595.76   142
               15418880.92     4990807.98   142
               15419147.67     4991004.17   142
               15419429.08     4991180.36   142
               15419688.12     4991317.45   142
               15419951.82     4991447.64   142
               15420211.57     4991582.58   142
               15420458.74     4991733.94   142
               15420684.71     4991913.38   142
               15420898.09     4992142.83   142
               15421096.02     4992390.77   142
               15421297.57     4992630.40   142
               15421521.80     4992834.89   142
               15421716.33     4992953.37   142
               15421929.39     4993044.26   142
               15422155.68     4993115.76   142
               15422389.93     4993176.03   142
               15422626.85     4993233.27   142
               15422861.15     4993295.65   142
               15423107.00     4993376.37   142
               15423344.86     4993470.78   142
               15423576.30     4993577.10   142
               15423802.88     4993693.57   142
               15424028.66     4993819.44   142
               15424252.66     4993949.46   142
               15424476.77     4994079.38   142
               15424702.90     4994204.93   142
               15424932.95     4994321.88   142
               15425153.89     4994420.92   142
               15425379.07     4994510.13   142
               15425607.80     4994591.17   142
               15425839.38     4994665.67   142
               15426073.13     4994735.28   142
               15426308.35     4994801.64   142
               15426544.35     4994866.41   142
               15421375.31     4997191.13   143
               15421481.78     4996932.44   143
               15421593.75     4996676.77   143
               15421716.84     4996426.96   143
               15421856.64     4996185.84   143
               15422028.43     4995935.42   143
               15422203.43     4995687.83   143
               15422358.90     4995431.88   143
               15422467.28     4995186.74   143
               15422548.03     4994929.15   143
               15422608.07     4994662.19   143
               15422654.33     4994388.93   143
               15422693.73     4994112.44   143
               15421145.11     4997463.39   144
               15421380.95     4997464.05   144
               15421616.70     4997464.67   144
               15421852.34     4997465.18   144
               15422087.87     4997465.49   144
               15422323.27     4997465.54   144
               15422558.53     4997465.25   144
               15422793.63     4997464.56   144
               15423028.57     4997463.39   144
               15423274.82     4997461.46   144
               15423520.83     4997458.06   144
               15423766.74     4997452.29   144
               15424012.67     4997443.24   144
               15424258.73     4997429.99   144
               15424505.06     4997411.63   144
               15424751.78     4997387.25   144
               15424999.00     4997355.94   144
               15425246.86     4997316.79   144
               15425481.94     4997271.15   144
               15425713.96     4997214.17   144
               15425939.35     4997142.31   144
               15426154.55     4997052.04   144
               15426356.00     4996939.81   144
               15426590.30     4996761.57   144
               15426803.09     4996552.13   144
               15427001.61     4996321.85   144
               15427193.09     4996081.12   144
               15417713.04     4987745.64   145
               15417958.19     4987861.43   145
               15418203.74     4987977.54   145
               15418450.18     4988094.39   145
               15418698.02     4988212.42   145
               15418947.75     4988332.06   145
               15419219.21     4988465.14   145
               15419483.55     4988608.67   145
               15419731.13     4988770.96   145
               15419952.26     4988960.36   145
               15420129.39     4989166.03   145
               15420286.16     4989392.15   145
               15420433.89     4989628.52   145
               15420583.90     4989864.97   145
               15420747.50     4990091.30   145
               15420955.06     4990327.38   145
               15421166.52     4990557.87   145
               15421354.39     4990803.38   145
               15421483.16     4991045.82   145
               15421578.52     4991307.04   145
               15421647.37     4991578.29   145
               15421688.24     4991800.67   145
               15421718.21     4992023.57   145
               15421739.47     4992246.91   145
               15421754.22     4992470.60   145
               15421764.64     4992694.55   145
               15421772.93     4992918.67   145
               15423049.50     4992395.08   146
               15423197.01     4992603.75   146
               15423339.90     4992814.76   146
               15423473.61     4993030.59   146
               15423593.60     4993253.76   146
               15423691.84     4993471.53   146
               15423781.95     4993693.57   146
               15423886.59     4992311.31   147
               15423971.40     4992530.85   147
               15424055.74     4992750.48   147
               15424139.22     4992970.42   147
               15424221.42     4993190.93   147
               15424301.41     4993410.32   147
               15424380.09     4993630.11   147
               15424457.91     4993850.21   147
               15424535.33     4994070.56   147
               15421459.02     4997756.60   148
               15421637.88     4998016.88   148
               15421823.80     4998270.39   148
               15422024.06     4998510.56   148
               15422250.19     4998738.65   148
               15422493.21     4998950.70   148
               15422747.56     4999152.11   148
               15423007.64     4999348.30   148
               15425832.82     4998301.13   149
               15426272.29     4996918.86   149
               15426921.04     4998489.62   150
               15426809.53     4998706.32   150
               15426687.52     4998912.29   150
               15426544.35     4999096.98   150
               15426353.10     4999267.27   150
               15426132.98     4999408.24   150
               15425893.58     4999529.71   150
               15425644.48     4999641.51   150
               15427779.06     4999473.96   151
               15426858.26     5000206.98   151
               15426732.69     4994175.27   152
               15426988.02     4994172.37   152
               15427243.28     4994169.80   152
               15427498.44     4994167.91   152
               15427753.49     4994167.04   152
               15428008.41     4994167.54   152
               15428263.20     4994169.74   152
               15428517.83     4994174.00   152
               15428772.28     4994180.66   152
               15429026.55     4994190.05   152
               15429280.62     4994202.53   152
               15429534.46     4994218.43   152
               15429788.08     4994238.10   152
               15430050.13     4994262.59   152
               15430311.86     4994290.68   152
               15430573.35     4994321.60   152
               15430834.67     4994354.58   152
               15431095.93     4994388.85   152
               15431357.19     4994423.62   152
               15431618.54     4994458.12   152
               15431880.06     4994491.58   152
               15432141.85     4994523.21   152
               15432403.98     4994552.25   152
               15432642.25     4994575.96   152
               15432880.62     4994597.79   152
               15433119.03     4994618.66   152
               15433357.37     4994639.49   152
               15433595.56     4994661.19   152
               15433833.52     4994684.69   152
               15434071.15     4994710.90   152
               15434308.36     4994740.75   152
               15434532.46     4994772.93   152
               15434756.03     4994808.50   152
               15434979.22     4994846.78   152
               15435202.15     4994887.09   152
               15435424.94     4994928.76   152
               15435647.71     4994971.12   152
               15431232.06     4996876.97   153
               15431291.72     4996669.61   153
               15431358.92     4996465.98   153
               15431441.33     4996269.62   153
               15431593.65     4996008.00   153
               15431779.20     4995764.96   153
               15431985.44     4995536.60   153
               15432227.84     4995294.05   153
               15432477.68     4995061.99   153
               15432732.53     4994836.86   153
               15432989.95     4994615.08   153
               15434057.24     4996290.56   154
               15433638.69     4994656.97   154
               15433220.15     4994615.08   155
               15433108.97     4994372.10   155
               15432997.93     4994129.13   155
               15432887.17     4993886.10   155
               15432776.78     4993642.93   155
               15432666.87     4993399.55   155
               15432557.57     4993155.87   155
               15432448.97     4992911.83   155
               15432341.20     4992667.35   155
               15432235.39     4992424.85   155
               15432130.39     4992182.10   155
               15432025.97     4991939.13   155
               15431921.92     4991695.97   155
               15431818.02     4991452.63   155
               15423781.95     4990049.42   156
               15423909.17     4989795.93   156
               15424037.78     4989543.39   156
               15424169.27     4989292.53   156
               15424305.13     4989044.13   156
               15424448.38     4988795.59   156
               15424596.86     4988550.21   156
               15424749.92     4988307.59   156
               15424906.91     4988067.31   156
               15425067.19     4987828.97   156
               15425230.10     4987592.17   156
               15425395.00     4987356.51   156
               15425561.25     4987121.57   156
               15425728.19     4986886.96   156
               15425163.15     4987808.47   157
               15425373.78     4987791.86   157
               15425583.80     4987779.78   157
               15425792.77     4987776.82   157
               15426000.24     4987787.53   157
               15426266.25     4987826.69   157
               15426528.79     4987891.26   157
               15426788.07     4987976.04   157
               15427044.31     4988075.83   157
               15427297.73     4988185.45   157
               15427545.95     4988299.14   157
               15427791.94     4988416.04   157
               15428036.26     4988534.91   157
               15428279.44     4988654.47   157
               15428522.01     4988773.46   157
               15428764.52     4988890.61   157
               15429007.51     4989004.65   157
               15429251.51     4989114.32   157
               15429497.07     4989218.35   157
               15429744.73     4989315.48   157
               15429995.01     4989404.43   157
               15430248.48     4989483.95   157
               15430483.89     4989547.78   157
               15430722.00     4989603.59   157
               15430962.55     4989652.41   157
               15431205.25     4989695.25   157
               15431449.83     4989733.13   157
               15431696.04     4989767.07   157
               15431943.58     4989798.10   157
               15432168.85     4989825.56   157
               15432392.16     4989858.14   157
               15432610.92     4989902.58   157
               15432822.53     4989965.64   157
               15433073.28     4990076.07   157
               15433313.47     4990213.87   157
               15433547.99     4990367.26   157
               15433781.74     4990524.49   157
               15434019.62     4990673.79   157
               15434266.51     4990803.38   157
               15434512.71     4990900.94   157
               15434766.82     4990979.80   157
               15435024.39     4991049.86   157
               15435280.96     4991120.99   157
               15435532.07     4991203.08   157
               15435773.27     4991306.02   157
               15436019.66     4991447.99   157
               15436254.84     4991612.86   157
               15436484.80     4991787.72   157
               15436710.26     4991958.79   157
               15436936.05     4992127.49   157
               15437162.10     4992294.42   157
               15437388.39     4992460.21   157
               15437614.87     4992625.46   157
               15434998.96     4994196.22   158
               15435234.30     4993981.36   158
               15435469.61     4993766.63   158
               15435705.02     4993552.03   158
               15435940.69     4993337.54   158
               15436162.34     4993136.17   158
               15436384.06     4992935.06   158
               15436605.88     4992734.09   158
               15436827.80     4992533.18   158
               15437049.84     4992332.25   158
               15433471.27     4992122.82   159
               15433734.16     4992079.35   159
               15433996.74     4992034.97   159
               15434258.87     4991988.75   159
               15434520.37     4991939.74   159
               15434781.07     4991887.00   159
               15435040.82     4991829.61   159
               15435263.82     4991775.92   159
               15435486.00     4991718.95   159
               15435707.59     4991659.49   159
               15435928.83     4991598.37   159
               15436149.96     4991536.40   159
               15432320.27     4991347.91   160
               15432717.89     4989944.70   160
               15432383.06     4989860.93   161
               15432780.67     4987243.00   161
               15426272.29     4993400.37   162
               15426536.88     4993145.51   162
               15426791.31     4992882.90   162
               15427025.68     4992604.52   162
               15427194.33     4992362.11   162
               15427339.58     4992101.87   162
               15427444.55     4991873.29   162
               15427555.02     4991650.38   162
               15427695.35     4991452.63   162
               15427843.33     4991319.53   162
               15428009.26     4991201.31   162
               15424346.99     4991557.34   163
               15424134.97     4991364.06   163
               15423930.28     4991163.96   163
               15423740.10     4990949.99   163
               15423612.28     4990778.30   163
               15423499.67     4990596.42   163
               15423405.26     4990405.46   163
               15423326.47     4990193.28   163
               15423265.91     4989974.52   163
               15423217.47     4989751.32   163
               15423175.06     4989525.83   163
               15424054.00     4991180.36   164
               15424765.53     4990489.23   164
               15422212.40     4991662.06   165
               15422392.12     4991423.23   165
               15422578.25     4991190.79   165
               15422777.44     4990970.93   165
               15422971.04     4990787.88   165
               15423175.04     4990615.10   165
               15423384.33     4990447.34   165
               15417880.46     4983138.09   166
               15417983.00     4983382.41   166
               15418082.90     4983627.36   166
               15418177.58     4983873.71   166
               15418264.43     4984122.25   166
               15418340.86     4984373.75   166
               15418398.45     4984599.87   166
               15418447.45     4984828.27   166
               15418489.58     4985058.52   166
               15418526.56     4985290.18   166
               15418560.12     4985522.83   166
               15418591.99     4985756.02   166
               15417754.90     4989672.44   167
               15418173.44     4987996.96   167
               15418403.64     4988101.68   168
               15418515.60     4987875.58   168
               15418628.79     4987649.93   168
               15418744.50     4987425.01   168
               15418864.04     4987201.11   168
               15418980.16     4986988.88   168
               15419088.79     4986773.90   168
               15419177.95     4986551.87   168
               15419237.24     4986334.42   168
               15419282.59     4986112.05   168
               15419617.42     4988709.04   169
               15419757.37     4988456.47   169
               15419876.06     4988199.67   169
               15419952.26     4987934.13   169
               15419973.32     4987687.36   169
               15419965.86     4987434.65   169
               15419952.26     4987180.17   169
               15419950.23     4986927.36   169
               15419959.00     4986676.38   169
               15419973.19     4986426.20   169
               15427088.46     4984122.43   170
               15427170.50     4984384.25   170
               15427256.04     4984644.43   170
               15427348.70     4984901.46   170
               15427452.08     4985153.81   170
               15427569.78     4985399.98   170
               15427741.26     4985697.28   170
               15427938.20     4985980.01   170
               15428158.24     4986246.03   170
               15428398.97     4986493.21   170
               15428658.00     4986719.41   170
               15428891.22     4986894.72   170
               15429133.55     4987056.44   170
               15429382.74     4987207.99   170
               15429636.55     4987352.81   170
               15429892.71     4987494.32   170
               15431671.53     4981713.93   171
               15431792.79     4981955.99   171
               15431915.92     4982197.20   171
               15432042.91     4982436.78   171
               15432175.73     4982673.96   171
               15432316.36     4982907.99   171
               15432466.77     4983138.09   171
               15432691.30     4983440.30   171
               15432946.35     4983712.54   171
               15433241.07     4983933.94   171
               15433483.93     4984057.39   171
               15433734.24     4984167.54   171
               15433973.53     4984289.98   171
               15434232.69     4984485.37   171
               15434455.75     4984726.38   171
               15434651.78     4985001.64   171
               15434829.83     4985299.77   171
               15434998.96     4985609.41   171
               15433554.98     4983159.03   172
               15433806.95     4983174.55   172
               15434058.69     4983191.00   172
               15434310.14     4983209.29   172
               15434561.19     4983230.39   172
               15434811.76     4983255.21   172
               15435061.75     4983284.69   172
               15435319.74     4983320.83   172
               15435576.92     4983362.27   172
               15435833.39     4983408.36   172
               15436089.27     4983458.44   172
               15436344.68     4983511.85   172
               15436599.71     4983567.91   172
               15436854.49     4983625.98   172
               15437109.13     4983685.37   172
               15437363.75     4983745.45   172
               15428658.00     4984604.13   173
               15428812.01     4984355.98   173
               15428970.79     4984110.73   173
               15429139.33     4983871.11   173
               15429299.11     4983668.19   173
               15429472.61     4983477.78   173
               15429662.51     4983305.63   173
               15429836.41     4983177.37   173
               15430019.25     4983060.63   173
               15430206.62     4982949.60   173
               15420621.93     4986656.58   174
               15420850.86     4986461.36   174
               15421085.90     4986276.45   174
               15421333.46     4986112.05   174
               15421537.61     4986003.61   174
               15421750.35     4985910.42   174
               15421969.15     4985829.04   174
               15422191.48     4985756.02   174
               15422433.20     4985683.17   174
               15422675.74     4985615.52   174
               15422919.03     4985552.41   174
               15423162.95     4985493.18   174
               15423407.42     4985437.18   174
               15423652.33     4985383.76   174
               15423897.61     4985332.27   174
               15424143.14     4985282.04   174
               15424388.84     4985232.43   174
               15422798.37     4987724.70   175
               15422669.26     4987493.14   175
               15422532.39     4987267.76   175
               15422379.82     4987054.51   175
               15422177.63     4986826.02   175
               15421962.25     4986607.60   175
               15421752.00     4986384.32   175
               15421623.89     4986229.35   175
               15421500.88     4986070.17   175
               15423949.37     4987368.66   176
               15423810.57     4987120.10   176
               15423676.50     4986869.53   176
               15423551.75     4986614.70   176
               15423455.87     4986393.88   176
               15423368.12     4986169.52   176
               15423286.46     4985942.48   176
               15423208.84     4985713.61   176
               15423133.20     4985483.75   176
               15421605.51     4982593.56   177
               15421831.78     4982839.79   177
               15422053.28     4983090.08   177
               15422265.40     4983348.66   177
               15422463.53     4983619.79   177
               15422588.66     4983808.95   177
               15422717.19     4983994.21   177
               15422861.15     4984164.31   177
               15423054.52     4984331.55   177
               15423266.44     4984480.72   177
               15423479.76     4984628.76   177
               15423677.31     4984792.62   177
               15423889.59     4985041.12   177
               15424074.93     4985316.20   177
               15422097.30     5013380.39   178
               15422467.76     5013345.34   178
               15422838.29     5013310.03   178
               15423209.13     5013274.18   178
               15423580.54     5013237.50   178
               15423952.77     5013199.70   178
               15424326.06     5013160.49   178
               15424734.29     5013115.25   178
               15425142.12     5013064.35   178
               15425547.97     5013004.08   178
               15425950.25     5012930.73   178
               15426347.38     5012840.58   178
               15426737.77     5012729.91   178
               15427119.85     5012595.02   178
               15427462.36     5012448.77   178
               15427799.66     5012288.09   178
               15428135.21     5012121.99   178
               15428472.49     5011959.50   178
               15428814.96     5011809.64   178
               15429197.75     5011668.62   178
               15429588.66     5011550.68   178
               15429985.93     5011452.99   178
               15430387.82     5011372.71   178
               15430792.58     5011307.00   178
               15431167.63     5011257.07   178
               15431543.25     5011216.55   178
               15431919.37     5011184.75   178
               15432295.92     5011161.01   178
               15432672.80     5011144.64   178
               15433049.94     5011134.98   178
               15433427.26     5011131.36   178
               15433804.68     5011133.09   178
               15434182.12     5011139.50   178
               15434559.49     5011149.92   178
               15434934.85     5011163.69   178
               15435309.92     5011180.54   178
               15435684.72     5011200.22   178
               15436059.28     5011222.46   178
               15436433.65     5011247.01   178
               15436807.84     5011273.61   178
               15437181.90     5011302.00   178
               15437555.84     5011331.92   178
               15437929.72     5011363.12   178
               15438303.55     5011395.33   178
               15438677.36     5011428.30   178
               15439051.20     5011461.77   178
               15439425.08     5011495.49   178
               15422348.43     5018375.40   179
               15422726.67     5018325.18   179
               15423104.86     5018275.03   179
               15423483.03     5018225.03   179
               15423861.19     5018175.25   179
               15424239.37     5018125.77   179
               15424617.59     5018076.65   179
               15424995.88     5018027.96   179
               15425374.25     5017979.79   179
               15425752.72     5017932.20   179
               15426131.32     5017885.26   179
               15426510.08     5017839.05   179
               15426889.00     5017793.64   179
               15427268.12     5017749.10   179
               15427647.46     5017705.50   179
               15428027.04     5017662.93   179
               15428406.88     5017621.44   179
               15428790.75     5017580.76   179
               15429174.75     5017541.60   179
               15429558.87     5017504.30   179
               15429943.11     5017469.20   179
               15430327.47     5017436.62   179
               15430711.96     5017406.90   179
               15431096.56     5017380.37   179
               15431481.28     5017357.37   179
               15431866.12     5017338.23   179
               15432251.08     5017323.28   179
               15432636.15     5017312.85   179
               15433021.34     5017307.29   179
               15433386.68     5017306.69   179
               15433751.97     5017310.34   179
               15434117.21     5017317.82   179
               15434482.42     5017328.70   179
               15434847.61     5017342.56   179
               15435212.81     5017358.97   179
               15435578.02     5017377.50   179
               15435943.27     5017397.73   179
               15436308.57     5017419.24   179
               15436673.93     5017441.59   179
               15437039.37     5017464.36   179
               15432770.21     5018563.89   180
               15433145.28     5018429.15   180
               15433520.55     5018296.31   180
               15433896.34     5018167.24   180
               15434272.99     5018043.82   180
               15434650.79     5017927.94   180
               15435030.09     5017821.46   180
               15435411.19     5017726.27   180
               15435794.41     5017644.24   180
               15436180.08     5017577.26   180
               15436568.51     5017527.19   180
               15436932.87     5017496.31   180
               15437298.93     5017476.48   180
               15437665.97     5017462.40   180
               15438033.28     5017448.76   180
               15438400.15     5017430.24   180
               15438765.87     5017401.53   180
               15439146.22     5017356.42   180
               15439524.63     5017297.42   180
               15439901.52     5017227.53   180
               15440277.34     5017149.75   180
               15440652.52     5017067.05   180
               15441027.50     5016982.44   180
               15441402.71     5016898.89   180
               15441797.29     5016814.80   180
               15442192.14     5016733.95   180
               15442587.09     5016655.08   180
               15442982.01     5016576.87   180
               15443376.75     5016498.05   180
               15443771.16     5016417.33   180
               15444165.11     5016333.42   180
               15444557.35     5016246.02   180
               15444949.22     5016157.27   180
               15445341.42     5016070.20   180
               15445734.65     5015987.85   180
               15446097.04     5015918.47   180
               15446460.38     5015854.86   180
               15446824.57     5015796.19   180
               15447189.48     5015741.64   180
               15447555.00     5015690.38   180
               15447921.01     5015641.58   180
               15448287.38     5015594.41   180
               15448654.01     5015548.04   180
               15430196.16     5014574.17   181
               15430120.95     5014204.35   181
               15430047.30     5013834.41   181
               15429976.72     5013464.04   181
               15429910.73     5013092.91   181
               15429850.86     5012720.68   181
               15429807.11     5012415.03   181
               15429767.24     5012108.89   181
               15429729.94     5011802.34   181
               15429693.90     5011495.49   181
               15432895.77     5014699.83   182
               15432788.97     5014318.97   182
               15432686.91     5013937.62   182
               15432594.31     5013555.07   182
               15432515.87     5013170.60   182
               15432456.30     5012783.51   182
               15432422.61     5012446.93   182
               15432403.01     5012108.62   182
               15432393.99     5011768.95   182
               15432392.00     5011428.31   182
               15432393.52     5011087.09   182
               15427496.54     5013380.39   183
               15429945.03     5013380.39   183
               15438295.01     5014542.76   184
               15438514.75     5011495.49   184
               15422756.51     5020511.63   185
               15424200.50     5018124.08   185
               15428658.00     5019380.69   186
               15429379.99     5017495.78   186
               15423886.59     5020700.12   187
               15424248.14     5020733.04   187
               15424609.50     5020766.59   187
               15424970.64     5020801.42   187
               15425331.54     5020838.17   187
               15425692.19     5020877.49   187
               15426052.56     5020920.03   187
               15426414.38     5020966.46   187
               15426775.69     5021016.11   187
               15427136.62     5021068.35   187
               15427497.31     5021122.54   187
               15427857.90     5021178.03   187
               15428218.53     5021234.18   187
               15427873.23     5021831.07   188
               15428236.50     5021911.60   188
               15428599.88     5021986.14   188
               15428963.69     5022048.68   188
               15429328.26     5022093.24   188
               15429693.90     5022113.80   188
               15430007.11     5022109.39   188
               15430320.85     5022088.56   188
               15430635.03     5022056.79   188
               15430949.54     5022019.56   188
               15432173.78     5023024.84   189
               15432543.04     5022739.57   189
               15432878.60     5022432.74   189
               15433146.90     5022082.39   189
               15433301.16     5021748.57   189
               15433408.69     5021387.00   189
               15433492.20     5021014.27   189
               15433562.18     5020681.88   189
               15433628.79     5020352.44   189
               15433689.88     5020024.07   189
               15433743.33     5019694.84   189
               15433794.52     5019305.15   189
               15433835.44     5018912.96   189
               15433869.54     5018519.03   189
               15433900.28     5018124.08   189
               15423478.50     5022836.35   190
               15423827.62     5023244.67   190
               15424197.31     5023621.57   190
               15424608.58     5023935.88   190
               15424895.99     5024090.62   190
               15425200.62     5024218.79   190
               15425515.30     5024331.16   190
               15425832.82     5024438.52   190
               15426191.22     5024565.62   190
               15426545.05     5024698.17   190
               15426895.91     5024834.42   190
               15427245.41     5024972.58   190
               15422505.39     5025004.00   191
               15425958.39     5024501.35   191
               15426492.03     5024627.01   192
               15426881.09     5024585.55   192
               15427270.08     5024545.04   192
               15427659.17     5024506.40   192
               15428048.51     5024470.59   192
               15428438.27     5024438.52   192
               15428787.64     5024413.56   192
               15429137.14     5024391.84   192
               15429486.78     5024372.82   192
               15429836.56     5024355.95   192
               15430186.49     5024340.70   192
               15430536.55     5024326.51   192
               15430886.76     5024312.86   192
               15429693.90     5025192.49   193
               15430074.82     5024870.11   193
               15430468.15     5024577.50   193
               15430886.76     5024344.28   193
               15431199.32     5024229.20   193
               15431526.12     5024147.95   193
               15431863.16     5024090.83   193
               15432206.45     5024048.15   193
               15432551.98     5024010.20   193
               15432895.77     5023967.30   193
               15433214.29     5023915.73   193
               15433528.79     5023854.53   193
               15433840.70     5023786.88   193
               15434151.41     5023715.98   193
               15432173.78     5025223.90   194
               15432565.75     5025159.56   194
               15432957.77     5025102.11   194
               15433350.18     5025058.44   194
               15433743.33     5025035.41   194
               15434119.46     5025036.99   194
               15434495.99     5025057.41   194
               15434872.88     5025090.40   194
               15435250.09     5025129.66   194
               15436380.16     5020951.44   195
               15436722.47     5020859.49   195
               15437064.30     5020766.28   195
               15437405.34     5020670.49   195
               15437745.27     5020570.81   195
               15438083.79     5020465.94   195
               15438420.57     5020354.56   195
               15438725.61     5020247.54   195
               15439030.23     5020139.94   195
               15439336.09     5020037.55   195
               15439644.82     5019946.16   195
               15439965.93     5019868.26   195
               15440290.54     5019804.61   195
               15440617.84     5019751.64   195
               15440877.57     5019715.44   195
               15440877.97     5019715.39   195
               15441211.65     5019670.94   195
               15441545.68     5019630.20   195
               15441880.04     5019592.64   195
               15442214.70     5019557.71   195
               15442549.61     5019524.90   195
               15442884.74     5019493.66   195
               15443220.07     5019463.47   195
               15443555.55     5019433.79   195
               15439801.77     5024784.09   196
               15439394.21     5024638.18   196
               15438997.57     5024480.15   196
               15438622.63     5024297.68   196
               15438280.21     5024078.48   196
               15437981.10     5023810.22   196
               15437714.31     5023454.63   196
               15437506.78     5023049.25   196
               15437353.28     5022616.45   196
               15437266.26     5022268.06   196
               15437203.80     5021917.42   196
               15437159.74     5021565.05   196
               15437127.91     5021211.47   196
               15437102.15     5020857.20   196
               15435564.00     5019443.52   197
               15435928.08     5019127.06   197
               15436285.84     5018804.56   197
               15436631.29     5018469.65   197
               15436910.80     5018173.29   197
               15437181.30     5017868.20   197
               15437447.45     5017558.61   197
               15439079.78     5020071.82   198
               15439770.38     5017275.87   198
               15438734.48     5013820.21   199
               15438736.96     5013820.40   199
               15439085.22     5013845.56   199
               15439433.56     5013868.27   199
               15439781.97     5013888.76   199
               15440130.46     5013907.25   199
               15440479.04     5013923.96   199
               15440827.69     5013939.12   199
               15441176.42     5013952.94   199
               15441525.24     5013965.65   199
               15441874.13     5013977.48   199
               15442223.11     5013988.64   199
               15442572.18     5013999.37   199
               15442921.32     5014009.87   199
               15440617.94     5017055.97   200
               15440527.76     5016659.24   200
               15440432.89     5016264.25   200
               15440328.52     5015872.42   200
               15440209.85     5015485.21   200
               15440094.61     5015159.15   200
               15439968.32     5014836.90   200
               15439833.73     5014517.47   200
               15439693.59     5014199.85   200
               15439550.64     5013883.04   200
               15442564.17     5022365.12   201
               15442335.39     5021982.21   201
               15442113.45     5021595.99   201
               15441904.96     5021202.76   201
               15441751.25     5020881.77   201
               15441606.23     5020556.48   201
               15441465.49     5020228.90   201
               15441434.10     5012657.85   202
               15441781.97     5012874.30   202
               15442132.23     5013080.61   202
               15442487.47     5013266.64   202
               15442850.32     5013422.30   202
               15443223.38     5013537.47   202
               15443576.38     5013601.56   202
               15443937.62     5013631.12   202
               15444304.89     5013634.40   202
               15444675.98     5013619.62   202
               15445048.66     5013595.04   202
               15445420.74     5013568.89   202
               15445806.11     5013547.20   202
               15446188.92     5013532.43   202
               15446570.06     5013524.33   202
               15446950.41     5013522.64   202
               15447330.86     5013527.10   202
               15447712.28     5013537.47   202
               15448103.11     5013554.34   202
               15448494.20     5013579.71   202
               15448884.26     5013616.29   202
               15449271.98     5013666.77   202
               15449656.06     5013733.84   202
               15450035.21     5013820.21   202
               15450391.48     5013922.21   202
               15450742.63     5014041.34   202
               15451089.54     5014174.74   202
               15451433.08     5014319.56   202
               15451774.14     5014472.96   202
               15452113.59     5014632.08   202
               15452452.30     5014794.08   202
               15454272.98     5018501.06   203
               15454121.23     5018092.41   203
               15453967.21     5017685.01   203
               15453808.54     5017279.96   203
               15453642.86     5016878.35   203
               15453467.80     5016481.28   203
               15453281.01     5016089.83   203
               15453080.12     5015705.12   203
               15452858.65     5015313.13   203
               15452640.65     5014919.74   203
               15452458.92     5014551.40   203
               15452294.86     5014174.99   203
               15452145.52     5013791.83   203
               15452007.94     5013403.23   203
               15451879.15     5013010.52   203
               15451756.20     5012615.01   203
               15451636.14     5012218.03   203
               15454304.37     5012155.20   204
               15454387.97     5012492.57   204
               15454478.87     5012825.61   204
               15454584.48     5013150.18   204
               15454712.20     5013462.16   204
               15454869.40     5013757.38   204
               15455150.35     5014147.15   204
               15455471.35     5014514.46   204
               15455797.44     5014880.22   204
               15456093.65     5015265.30   204
               15456279.78     5015577.62   204
               15456439.48     5015905.90   204
               15456583.22     5016243.73   204
               15456721.47     5016584.74   204
               15456882.47     5016968.82   204
               15457050.58     5017348.16   204
               15457226.78     5017722.78   204
               15457412.07     5018092.67   204
               15457601.04     5018447.08   204
               15457797.98     5018797.36   204
               15458001.56     5019144.20   204
               15458210.47     5019488.34   204
               15458423.40     5019830.48   204
               15458639.03     5020171.34   204
               15458856.05     5020511.63   204
               15453394.03     5014008.70   205
               15453571.63     5014397.06   205
               15453756.59     5014780.78   205
               15453956.46     5015155.44   205
               15454178.80     5015516.62   205
               15454497.50     5015945.25   205
               15454855.68     5016343.61   205
               15455246.09     5016710.40   205
               15455573.10     5016977.90   205
               15455912.89     5017227.96   205
               15456262.94     5017464.08   205
               15456620.71     5017689.79   205
               15456983.67     5017908.62   205
               15457349.29     5018124.08   205
               15443317.55     5019506.35   206
               15444479.02     5019977.57   206
               15443631.46     5022365.12   207
               15443719.80     5022008.02   207
               15443813.57     5021652.49   207
               15443918.30     5021299.86   207
               15444039.54     5020951.44   207
               15444177.92     5020620.94   207
               15444343.18     5020304.14   207
               15444541.80     5020008.99   207
               15444749.28     5019760.35   207
               15444949.88     5019506.35   207
               15445144.61     5019145.66   207
               15445263.79     5018752.38   207
               15445310.36     5018392.84   207
               15445326.57     5018029.84   207
               15441277.14     5017778.51   208
               15441635.88     5017776.89   208
               15441994.53     5017775.45   208
               15442353.14     5017774.41   208
               15442711.79     5017773.98   208
               15443070.51     5017774.38   208
               15443429.36     5017775.82   208
               15443788.42     5017778.51   208
               15444139.92     5017782.89   208
               15444491.23     5017790.87   208
               15444842.19     5017804.72   208
               15445192.66     5017826.71   208
               15445542.51     5017859.11   208
               15445891.61     5017904.18   208
               15446212.01     5017958.87   208
               15446529.36     5018028.13   208
               15446841.74     5018113.96   208
               15447147.24     5018218.33   208
               15447496.91     5018366.34   208
               15447836.76     5018536.65   208
               15448169.70     5018723.10   208
               15448498.65     5018919.54   208
               15448826.53     5019119.85   208
               15449156.26     5019317.86   208
               15449506.59     5019516.63   208
               15449863.08     5019701.25   208
               15450227.17     5019866.96   208
               15450600.24     5020008.99   208
               15450930.91     5020110.24   208
               15451267.23     5020193.84   208
               15451607.51     5020263.55   208
               15451950.05     5020323.14   208
               15452282.50     5020374.36   208
               15452615.08     5020420.74   208
               15452947.81     5020463.49   208
               15453280.70     5020503.86   208
               15453613.77     5020543.05   208
               15446331.08     5022459.37   209
               15446683.04     5022287.68   209
               15447036.36     5022121.24   209
               15447392.63     5021965.25   209
               15447753.44     5021824.91   209
               15448120.36     5021705.41   209
               15448508.89     5021606.85   209
               15448903.48     5021529.65   209
               15449302.32     5021466.93   209
               15449703.58     5021411.83   209
               15450105.43     5021357.47   209
               15450506.07     5021297.01   209
               15450860.46     5021233.60   209
               15451212.63     5021161.77   209
               15451563.09     5021083.29   209
               15451912.34     5020999.95   209
               15452260.89     5020913.52   209
               15452609.26     5020825.78   209
               15452973.93     5020734.19   209
               15453338.64     5020643.12   209
               15453703.42     5020552.50   209
               15454068.27     5020462.24   209
               15454433.20     5020372.26   209
               15454798.22     5020282.49   209
               15455163.36     5020192.84   209
               15455528.61     5020103.23   209
               15442783.91     5021579.75   210
               15442784.24     5021577.20   210
               15442818.52     5021231.75   210
               15442833.46     5020885.18   210
               15442832.92     5020537.68   210
               15442820.77     5020189.43   210
               15442800.90     5019840.64   210
               15442777.18     5019491.49   210
               15444730.14     5019851.91   211
               15445089.86     5020041.84   211
               15445452.13     5020228.90   211
               15445740.51     5020377.20   211
               15446017.17     5020543.05   211
               15446358.43     5020817.12   211
               15446682.54     5021115.41   211
               15447021.68     5021391.26   211
               15447402.13     5021613.11   211
               15447806.45     5021799.65   211
               15448591.22     5021611.16   212
               15448742.49     5021945.13   212
               15448936.52     5022239.46   212
               15449175.41     5022448.21   212
               15449456.71     5022617.55   212
               15449752.69     5022773.52   212
               15450044.35     5022941.61   212
               15450317.81     5023128.16   212
               15450568.85     5023338.99   212
               15450897.51     5023699.56   212
               15451196.67     5024092.96   212
               15444730.14     5022679.28   213
               15445063.37     5022497.95   213
               15445397.73     5022319.14   213
               15445734.65     5022145.22   213
               15446084.45     5021973.41   213
               15446437.04     5021807.54   213
               15446791.59     5021645.57   213
               15447147.24     5021485.50   213
               15442061.92     5017715.68   214
               15442457.54     5017599.64   214
               15442854.57     5017492.12   214
               15443254.77     5017401.53   214
               15443633.77     5017337.37   214
               15444015.67     5017289.46   214
               15444399.55     5017251.64   214
               15444784.50     5017217.75   214
               15445169.62     5017181.63   214
               15445529.77     5017141.03   214
               15445888.59     5017092.46   214
               15446245.75     5017035.22   214
               15446600.96     5016968.62   214
               15446953.88     5016891.99   214
               15447304.20     5016804.65   214
               15447700.17     5016691.90   214
               15448092.98     5016568.11   214
               15448483.79     5016436.92   214
               15448873.74     5016302.00   214
               15445201.01     5017935.59   215
               15445609.09     5017118.80   215
               15445389.35     5017118.80   216
               15445546.31     5016113.51   216
               15445389.35     5016082.10   217
               15445451.39     5015737.27   217
               15445507.44     5015392.24   217
               15445551.54     5015046.58   217
               15445577.70     5014699.83   217
               15445581.92     5014334.07   217
               15445568.52     5013967.48   217
               15445546.31     5013600.30   217
               15443568.68     5016490.49   218
               15443590.38     5016176.31   218
               15443609.68     5015862.23   218
               15443624.18     5015548.14   218
               15443631.46     5015233.89   218
               15443628.38     5014849.04   218
               15443614.49     5014464.28   218
               15443593.38     5014079.49   218
               15443568.68     5013694.55   218
               15441842.18     5009987.56   219
               15441845.83     5010381.58   219
               15441854.29     5010774.95   219
               15441872.39     5011167.32   219
               15441904.96     5011558.32   219
               15441952.44     5011929.11   219
               15442013.02     5012298.40   219
               15442082.36     5012666.78   219
               15442156.09     5013034.83   219
               15451636.14     5020197.48   220
               15451994.06     5020045.45   220
               15452358.13     5019914.74   220
               15452717.48     5019824.94   220
               15453085.05     5019767.91   220
               15453458.01     5019737.17   220
               15453833.50     5019726.25   220
               15454119.20     5019729.03   220
               15454402.37     5019747.38   220
               15454681.06     5019789.08   220
               15455014.93     5019877.92   220
               15455342.98     5019993.96   220
               15455669.67     5020117.51   220
               15455999.48     5020228.90   220
               15456384.38     5020323.06   220
               15456776.01     5020388.02   220
               15457171.75     5020436.25   220
               15457569.02     5020480.22   220
               15457891.62     5020519.30   220
               15458213.43     5020557.48   220
               15458534.79     5020588.44   220
               15458856.05     5020605.88   220
               15459222.35     5020603.44   220
               15459588.55     5020579.48   220
               15459954.70     5020538.31   220
               15460320.86     5020484.23   220
               15460687.07     5020421.54   220
               15461053.41     5020354.56   220
               15459954.73     5024752.68   221
               15459614.53     5024433.02   221
               15459274.73     5024113.25   221
               15458935.52     5023793.09   221
               15458597.09     5023472.27   221
               15458259.62     5023150.50   221
               15457903.02     5022808.82   221
               15457545.39     5022468.33   221
               15457183.88     5022131.22   221
               15456815.64     5021799.65   221
               15456494.83     5021524.39   221
               15456164.77     5021261.06   221
               15455822.69     5021015.72   221
               15455465.83     5020794.37   221
               15455168.52     5020636.98   221
               15454863.90     5020492.57   221
               15454555.50     5020354.56   221
               15450851.37     5024689.85   222
               15451043.12     5024372.63   222
               15451236.59     5024056.73   222
               15451433.64     5023743.24   222
               15451636.14     5023433.24   222
               15451871.54     5023090.15   222
               15452113.65     5022751.74   222
               15452360.28     5022416.37   222
               15452609.26     5022082.39   222
               15451102.50     5021171.35   223
               15451034.56     5020869.56   223
               15450945.54     5020574.46   223
               15450847.70     5020348.63   223
               15450725.81     5020134.65   223
               15450663.02     5020040.40   223
               15451071.11     5023873.05   224
               15451139.66     5023528.41   224
               15451203.89     5023183.16   224
               15451259.45     5022836.35   224
               15451307.64     5022439.88   224
               15451339.03     5022041.72   224
               15451353.62     5021642.58   224
               15451354.90     5021422.66   224
               15451353.62     5021202.76   224
               15451196.67     5020511.63   225
               15451793.10     5021045.69   225
               15452044.22     5024815.51   226
               15451911.53     5024527.62   226
               15451761.70     5024250.03   226
               15451611.01     5024026.36   226
               15451447.80     5023810.22   226
               15454272.98     5024689.85   227
               15454452.91     5024419.43   227
               15454631.27     5024147.70   227
               15454806.62     5023873.05   227
               15455009.31     5023534.17   227
               15455183.31     5023181.92   227
               15455281.78     5022915.60   227
               15455362.51     5022642.20   227
               15455434.44     5022365.12   227
               15455654.18     5024281.45   228
               15456039.00     5024101.69   228
               15456376.17     5023873.05   228
               15456605.85     5023601.24   228
               15456785.87     5023278.66   228
               15456941.20     5022930.60   228
               15453927.68     5017558.61   229
               15454242.12     5017632.32   229
               15454553.12     5017714.21   229
               15454857.46     5017812.55   229
               15455151.92     5017935.59   229
               15455550.81     5018156.28   229
               15455941.94     5018392.90   229
               15456344.78     5018595.31   229
               15456681.21     5018704.23   229
               15457031.90     5018773.62   229
               15457392.18     5018816.69   229
               15457757.37     5018846.63   229
               15458039.88     5019066.54   230
               15458406.97     5019163.33   230
               15458774.64     5019255.94   230
               15459143.78     5019340.24   230
               15459515.26     5019412.10   230
               15459842.96     5019462.55   230
               15460172.22     5019503.40   230
               15460502.61     5019537.87   230
               15460833.67     5019569.18   230
               15452734.82     5019789.08   231
               15452925.96     5019504.82   231
               15453099.29     5019213.92   231
               15453237.08     5018909.46   231
               15453326.30     5018594.10   231
               15453382.87     5018267.02   231
               15453425.42     5017935.59   231
               15453474.62     5017566.75   231
               15453527.54     5017200.77   231
               15453582.38     5016836.06   231
               15452797.60     5015108.23   232
               15454053.24     5015202.47   232
               15452546.48     5014417.09   233
               15454429.93     5013317.56   233
               15454649.67     5013506.06   234
               15454951.38     5013256.40   234
               15455254.73     5013009.29   234
               15455561.62     5012767.09   234
               15455873.91     5012532.19   234
               15456233.66     5012278.38   234
               15456600.45     5012034.66   234
               15456972.57     5011798.47   234
               15457348.31     5011567.24   234
               15457725.98     5011338.41   234
               15451196.67     5020103.23   235
               15451511.34     5019863.11   235
               15451817.52     5019614.65   235
               15452107.00     5019349.27   235
               15452383.69     5019050.19   235
               15452642.21     5018733.08   235
               15452891.78     5018406.82   235
               15455591.39     5020040.40   236
               15455120.53     5017935.59   236
               15460833.67     5024187.20   237
               15460500.80     5024010.13   237
               15460174.37     5023824.54   237
               15459860.56     5023621.73   237
               15459506.89     5023347.78   237
               15459173.92     5023046.16   237
               15458854.67     5022726.02   237
               15458542.14     5022396.54   237
               15461367.32     5023590.32   238
               15461049.25     5023245.84   238
               15460736.07     5022897.89   238
               15460432.45     5022542.74   238
               15460143.08     5022176.63   238
               15459875.73     5021803.92   238
               15459622.35     5021420.89   238
               15459378.20     5021030.90   238
               15459138.57     5020637.29   238
               15460708.11     5023276.16   239
               15459295.52     5021988.14   239
               15457569.02     5014260.02   240
               15457935.28     5014253.20   240
               15458301.44     5014248.44   240
               15458667.56     5014247.82   240
               15459033.71     5014253.40   240
               15459399.96     5014267.25   240
               15459766.38     5014291.43   240
               15460101.93     5014321.69   240
               15460436.88     5014347.56   240
               15460770.89     5014354.26   240
               15461109.85     5014330.14   240
               15461447.44     5014279.58   240
               15461784.22     5014211.38   240
               15462120.70     5014134.36   240
               15454712.45     5011841.05   241
               15454549.01     5011465.72   241
               15454379.56     5011095.57   241
               15454198.01     5010735.66   241
               15453998.23     5010391.01   241
               15453774.13     5010066.66   241
               15453519.60     5009767.65   241
               15453157.59     5009431.94   241
               15452770.47     5009116.52   241
               15452389.52     5008793.78   241
               15452093.32     5008501.10   241
               15451816.43     5008190.21   241
               15451551.42     5007866.95   241
               15451290.84     5007537.18   241
               15451026.24     5007199.17   241
               15450772.20     5006854.93   241
               15450542.05     5006498.40   241
               15450349.11     5006123.50   241
               15450241.05     5005847.35   241
               15450149.69     5005563.34   241
               15450066.60     5005275.29   241
               15441685.23     5001159.91   242
               15441857.98     5001536.01   242
               15442033.34     5001910.38   242
               15442214.02     5002281.44   242
               15442402.76     5002647.61   242
               15442602.28     5003007.31   242
               15442815.30     5003358.97   242
               15443068.95     5003737.28   242
               15443339.59     5004104.46   242
               15443624.68     5004461.54   242
               15443921.63     5004809.58   242
               15444227.89     5005149.63   242
               15444560.76     5005503.40   242
               15444899.01     5005851.04   242
               15445240.77     5006194.69   242
               15445584.16     5006536.48   242
               15445927.30     5006878.55   242
               15446268.30     5007223.03   242
               15446531.32     5007493.85   242
               15446792.58     5007766.35   242
               15447053.07     5008039.82   242
               15441496.88     5006877.46   243
               15441856.83     5006916.06   243
               15442217.09     5006951.76   243
               15442578.24     5006981.73   243
               15442940.86     5007003.12   243
               15443307.61     5007015.08   243
               15443674.51     5007024.49   243
               15444040.10     5007040.49   243
               15444402.92     5007072.21   243
               15444761.53     5007128.78   243
               15445056.82     5007199.42   243
               15445349.29     5007285.81   243
               15445640.48     5007380.10   243
               15443097.82     5011778.22   244
               15443182.71     5011396.53   244
               15443265.22     5011014.55   244
               15443342.94     5010631.79   244
               15443413.50     5010247.74   244
               15443474.51     5009861.90   244
               15443519.68     5009511.79   244
               15443554.96     5009160.51   244
               15443580.21     5008808.35   244
               15443595.29     5008455.63   244
               15443600.07     5008102.65   244
               15443595.19     5007756.91   244
               15443583.61     5007411.45   244
               15443568.68     5007065.95   244
               15449532.95     5005306.70   245
               15449372.29     5004985.57   245
               15449215.72     5004663.14   245
               15449067.28     5004337.92   245
               15448931.02     5004008.41   245
               15448810.96     5003673.12   245
               15448718.34     5003363.56   245
               15448638.07     5003049.92   245
               15448565.77     5002733.74   245
               15448497.05     5002416.51   245
               15448424.26     5002080.94   245
               15448350.94     5001746.00   245
               15448277.32     5001411.23   245
               15444855.71     5009673.41   246
               15445171.89     5009308.13   246
               15445501.97     5008957.70   246
               15445860.22     5008636.71   246
               15446088.98     5008468.36   246
               15446331.08     5008322.56   246
               15446669.80     5008171.97   246
               15447025.40     5008063.17   246
               15447393.71     5007985.68   246
               15447770.55     5007929.03   246
               15448151.75     5007882.75   246
               15443505.90     5003673.12   247
               15445138.23     5003107.64   247
               15446519.42     5003893.02   248
               15446478.08     5004278.34   248
               15446443.85     5004663.34   248
               15446423.87     5005048.03   248
               15446425.25     5005432.36   248
               15446447.43     5005767.42   248
               15446483.59     5006102.11   248
               15446526.01     5006436.72   248
               15446566.96     5006771.53   248
               15446598.74     5007106.84   248
               15446613.60     5007442.93   248
               15446613.60     5007600.01   248
               15455403.05     5011369.83   249
               15455301.03     5010977.56   249
               15455186.50     5010591.52   249
               15455046.83     5010217.65   249
               15454869.40     5009861.90   249
               15454658.42     5009537.58   249
               15454437.03     5009218.79   249
               15454241.59     5008888.03   249
               15454106.62     5008556.58   249
               15454008.08     5008208.25   249
               15453927.68     5007851.33   249
               15445263.79     5010772.94   250
               15445606.96     5010937.46   250
               15445935.98     5011119.90   250
               15446236.91     5011338.41   250
               15446477.93     5011581.05   250
               15446686.24     5011857.16   250
               15446864.72     5012155.20   250
               15447024.73     5012483.02   250
               15447161.89     5012819.26   250
               15447283.88     5013161.19   250
               15447398.37     5013506.06   250
               15450160.77     5011683.98   251
               15448622.61     5013537.47   251
               15451039.71     5012343.70   252
               15449784.08     5013694.55   252
               15454932.19     5009767.65   253
               15455279.41     5009947.28   253
               15455626.21     5010127.47   253
               15455972.32     5010308.90   253
               15456317.49     5010492.22   253
               15456661.47     5010678.10   253
               15457003.99     5010867.18   253
               15457378.87     5011078.86   253
               15457752.96     5011291.68   253
               15458127.95     5011502.34   253
               15458505.54     5011707.51   253
               15458887.44     5011903.88   253
               15459271.43     5012087.32   253
               15459660.29     5012260.19   253
               15460053.35     5012424.00   253
               15460449.93     5012580.28   253
               15460849.35     5012730.55   253
               15461250.94     5012876.33   253
               15461654.02     5013019.13   253
               15462057.92     5013160.49   253
               15449972.42     5001568.30   254
               15450323.39     5001844.84   254
               15450671.99     5002123.77   254
               15451016.11     5002407.71   254
               15451353.62     5002699.25   254
               15451757.98     5003070.88   254
               15452151.99     5003453.75   254
               15452539.21     5003844.21   254
               15452923.17     5004238.59   254
               15453394.03     5003578.87   255
               15453742.27     5003879.98   255
               15454091.73     5004179.29   255
               15454443.77     5004475.11   255
               15454799.77     5004765.73   255
               15455161.11     5005049.46   255
               15455529.16     5005324.60   255
               15455905.30     5005589.44   255
               15456223.03     5005798.79   255
               15456547.95     5005996.43   255
               15456881.15     5006179.08   255
               15457223.72     5006343.40   255
               15457597.01     5006495.83   255
               15457977.34     5006632.35   255
               15458360.45     5006761.56   255
               15458742.08     5006892.10   255
               15459117.97     5007032.58   255
               15459483.87     5007191.61   255
               15459876.03     5007398.45   255
               15460252.71     5007634.07   255
               15460616.52     5007893.68   255
               15460970.06     5008172.52   255
               15461315.94     5008465.79   255
               15461656.76     5008768.72   255
               15461995.14     5009076.52   255
               15455371.66     5006500.48   256
               15455351.68     5006865.82   256
               15455335.11     5007230.82   256
               15455325.40     5007595.36   256
               15455325.98     5007959.31   256
               15455340.27     5008322.56   256
               15455370.25     5008682.01   256
               15455413.73     5009040.51   256
               15455467.32     5009398.36   256
               15455527.67     5009755.83   256
               15455591.39     5010113.22   256
               15455308.88     5008008.41   257
               15455676.92     5008073.68   257
               15456045.18     5008134.83   257
               15456414.13     5008187.75   257
               15456784.25     5008228.31   257
               15457149.00     5008253.22   257
               15457514.67     5008264.77   257
               15457881.01     5008265.52   257
               15458247.78     5008258.00   257
               15458614.72     5008244.75   257
               15458981.61     5008228.31   257
               15459359.00     5008210.29   257
               15459735.86     5008191.72   257
               15460112.36     5008172.73   257
               15460488.70     5008153.46   257
               15460865.07     5008134.07   257
               15458071.28     5008793.78   258
               15460865.07     5010050.39   258
               15455183.31     5001065.66   259
               15454838.01     5004709.82   259
               15458008.49     5002322.27   260
               15458170.05     5002669.56   260
               15458332.86     5003016.07   260
               15458498.29     5003361.24   260
               15458667.70     5003704.53   260
               15458852.36     5004065.24   260
               15459041.86     5004423.34   260
               15459235.23     5004779.38   260
               15459431.54     5005133.93   260
               15459629.83     5005487.53   260
               15459829.17     5005840.76   260
               15446739.16     5001159.91   261
               15446791.79     5001463.57   261
               15446859.85     5001759.33   261
               15446958.90     5002039.53   261
               15447198.45     5002438.41   261
               15447514.63     5002798.36   261
               15447869.23     5003139.06   261
               15445483.52     5001411.23   262
               15445569.27     5001731.27   262
               15445664.61     5002045.74   262
               15445779.28     5002349.25   262
               15445923.00     5002636.42   262
               15446134.50     5002946.21   262
               15446380.96     5003236.03   262
               15446644.99     5003516.04   262
               15458510.75     5016176.34   263
               15460519.77     5015233.89   263
               15441998.81     5019549.20   264
               15441278.11     5018020.11   264
               15440903.34     5017068.04   264
               15438694.88     4995016.88   265
               15439123.10     4994865.43   265
               15439548.14     4994707.17   265
               15439967.24     4994535.07   265
               15440327.26     4994368.97   265
               15440681.37     4994190.08   265
               15441030.84     4994001.31   265
               15441376.97     4993805.60   265
               15441721.03     4993605.88   265
               15442128.59     4993366.61   265
               15442534.88     4993126.29   265
               15442940.28     4992885.15   265
               15443345.17     4992643.43   265
               15443749.93     4992401.36   265
               15437663.23     4991300.09   266
               15440414.28     4993468.22   266
               15437456.90     4989820.26   267
               15437868.90     4989844.23   267
               15438280.89     4989867.04   267
               15438693.08     4989887.55   267
               15439105.67     4989904.57   267
               15439518.86     4989916.94   267
               15439932.85     4989923.51   267
               15440306.21     4989923.25   267
               15440679.29     4989915.09   267
               15441051.39     4989896.73   267
               15441421.80     4989865.88   267
               15441789.81     4989820.26   267
               15442234.94     4989742.45   267
               15442675.62     4989642.43   267
               15443112.49     4989523.37   267
               15443546.23     4989388.43   267
               15443977.49     4989240.79   267
               15444406.93     4989083.63   267
               15444835.22     4988920.11   267
               15445263.01     4988753.41   267
               15440861.33     4985311.94   268
               15441183.56     4985652.61   268
               15441504.04     4985994.58   268
               15441821.26     4986339.36   268
               15442133.69     4986688.52   268
               15442466.53     4987074.18   268
               15442792.83     4987465.29   268
               15443113.93     4987860.79   268
               15443431.17     4988259.63   268
               15443745.89     4988660.76   268
               15444059.43     4989063.14   268
               15447326.30     4994948.05   269
               15447722.62     4994670.10   269
               15448119.03     4994391.92   269
               15448515.79     4994113.18   269
               15448913.17     4993833.58   269
               15449311.44     4993552.79   269
               15449710.88     4993270.51   269
               15450111.74     4992986.41   269
               15450499.55     4992712.90   269
               15450892.44     4992448.37   269
               15451294.30     4992203.58   269
               15451709.06     4991989.30   269
               15452140.64     4991816.31   269
               15452515.86     4991706.87   269
               15452897.94     4991614.57   269
               15453279.64     4991519.90   269
               15453653.72     4991403.34   269
               15454021.83     4991247.83   269
               15454379.35     4991065.02   269
               15454731.64     4990870.50   269
               15455084.04     4990679.82   269
               15455441.90     4990508.56   269
               15455816.45     4990366.83   269
               15456200.82     4990257.93   269
               15456593.93     4990178.19   269
               15456994.69     4990123.97   269
               15457402.03     4990091.62   269
               15457814.88     4990077.47   269
               15458232.15     4990077.89   269
               15458652.76     4990089.22   269
               15459075.63     4990107.80   269
               15459499.70     4990129.99   269
               15446535.37     4992057.22   270
               15446892.98     4992035.14   270
               15447248.44     4992004.70   270
               15447599.84     4991957.51   270
               15447945.29     4991885.14   270
               15448364.05     4991754.00   270
               15448775.24     4991592.74   270
               15449184.12     4991422.81   270
               15449595.92     4991265.68   270
               15449985.83     4991146.32   270
               15450381.79     4991053.79   270
               15450783.14     4990985.11   270
               15451189.22     4990937.31   270
               15451599.37     4990907.38   270
               15452012.93     4990892.35   270
               15452429.24     4990889.24   270
               15452847.65     4990895.05   270
               15453267.49     4990906.81   270
               15453688.10     4990921.53   270
               15455304.35     4990990.36   271
               15455722.69     4990924.37   271
               15456141.10     4990859.93   271
               15456559.76     4990798.53   271
               15456978.85     4990741.66   271
               15457398.55     4990690.82   271
               15457819.04     4990647.48   271
               15458240.50     4990613.13   271
               15458663.10     4990589.27   271
               15459087.04     4990577.38   271
               15459454.45     4990575.88   271
               15459821.57     4990572.98   271
               15460187.24     4990557.06   271
               15460550.31     4990516.52   271
               15460909.61     4990439.73   271
               15461328.13     4990288.01   271
               15461714.55     4990069.63   271
               15462044.42     4989785.85   271
               15462301.72     4989442.93   271
               15462509.60     4989060.40   271
               15462699.82     4988662.02   271
               15462904.12     4988271.60   271
               15463239.69     4987790.52   271
               15463636.33     4987357.79   271
               15464073.32     4986963.84   271
               15464469.53     4986647.60   271
               15464877.95     4986349.77   271
               15465296.71     4986066.46   271
               15465723.95     4985793.74   271
               15466114.79     4985553.39   271
               15466507.20     4985314.72   271
               15466897.72     4985073.66   271
               15467282.91     4984826.15   271
               15467659.29     4984568.10   271
               15468023.42     4984295.47   271
               15468371.84     4984004.18   271
               15468803.08     4983589.93   271
               15469211.93     4983149.75   271
               15469609.81     4982696.42   271
               15463007.29     4994500.66   272
               15462976.62     4994063.56   272
               15462934.21     4993629.33   272
               15462868.16     4993200.58   272
               15462766.57     4992779.92   272
               15462614.26     4992355.60   272
               15462416.64     4991947.52   272
               15462179.06     4991559.88   272
               15461906.87     4991196.85   272
               15461539.35     4990790.34   272
               15461150.33     4990405.31   272
               15465298.00     4989678.54   273
               15464280.47     4988214.71   273
               15466739.51     4988639.01   274
               15466566.39     4988401.41   274
               15466392.09     4988164.93   274
               15466215.31     4987930.58   274
               15466034.77     4987699.33   274
               15465849.17     4987472.18   274
               15465618.53     4987205.65   274
               15465381.21     4986944.87   274
               15465139.39     4986687.86   274
               15464895.23     4986432.65   274
               15465509.99     4990378.64   275
               15469686.12     4988893.59   275
               15464556.05     4995258.09   276
               15463623.31     4993263.88   276
               15466251.94     4994409.49   277
               15466153.63     4994166.04   277
               15466065.46     4993919.61   277
               15465997.56     4993666.96   277
               15465958.64     4993402.52   277
               15465955.16     4993136.59   277
               15465990.37     4992869.46   277
               15466058.64     4992607.92   277
               15466151.70     4992350.54   277
               15466261.29     4992095.87   277
               15466379.13     4991842.47   277
               15466909.10     4994218.55   278
               15465955.16     4992945.65   278
               15454656.29     4997400.80   279
               15454915.49     4997375.11   279
               15455174.21     4997351.22   279
               15455432.07     4997330.96   279
               15455688.64     4997316.13   279
               15455943.55     4997308.56   279
               15456196.38     4997310.07   279
               15456446.73     4997322.47   279
               15456694.21     4997347.59   279
               15456938.41     4997387.24   279
               15457178.93     4997443.23   279
               15457430.39     4997521.67   279
               15457678.18     4997616.42   279
               15457923.42     4997723.26   279
               15458167.22     4997838.00   279
               15458410.70     4997956.43   279
               15458654.98     4998074.35   279
               15458901.17     4998187.55   279
               15459150.40     4998291.83   279
               15459408.82     4998385.71   279
               15459670.82     4998467.22   279
               15459935.87     4998537.75   279
               15460203.44     4998598.65   279
               15460472.98     4998651.31   279
               15460743.98     4998697.08   279
               15461015.88     4998737.35   279
               15461281.53     4998772.44   279
               15461547.39     4998803.76   279
               15461813.44     4998831.51   279
               15462079.68     4998855.89   279
               15462346.10     4998877.09   279
               15462612.70     4998895.32   279
               15462879.45     4998910.77   279
               15463146.36     4998923.65   279
               15463413.41     4998934.14   279
               15463680.59     4998942.46   279
               15463947.90     4998948.80   279
               15464215.33     4998953.35   279
               15464482.87     4998956.32   279
               15464750.51     4998957.91   279
               15465018.24     4998958.31   279
               15465286.05     4998957.72   279
               15465553.93     4998956.35   279
               15465821.88     4998954.39   279
               15466089.88     4998952.04   279
               15466357.93     4998949.50   279
               15463496.12     4998588.84   280
               15463753.82     4998543.38   280
               15464011.57     4998499.01   280
               15464269.49     4998456.87   280
               15464527.72     4998418.06   280
               15464786.38     4998383.69   280
               15465045.61     4998354.89   280
               15465305.53     4998332.78   280
               15465566.27     4998318.46   280
               15465827.97     4998313.05   280
               15466052.77     4998316.66   280
               15466276.91     4998330.24   280
               15466499.17     4998356.44   280
               15466718.31     4998397.91   280
               15466934.32     4998456.38   280
               15467146.83     4998528.37   280
               15467357.07     4998609.38   280
               15467566.26     4998694.92   280
               15466251.94     4998737.35   281
               15467078.69     4998482.77   281
               15467863.04     4997761.46   282
               15467702.32     4998024.60   282
               15467502.66     4998228.19   282
               15467325.50     4998309.37   282
               15467123.54     4998352.51   282
               15466909.10     4998376.69   282
               15468838.17     4999713.24   283
               15469770.91     4999989.03   283
               15461715.43     5000031.46   284
               15461974.65     5000194.19   284
               15462233.78     5000356.96   284
               15462492.76     5000519.86   284
               15462751.57     5000682.97   284
               15463010.14     5000846.36   284
               15463268.45     5001010.12   284
               15463526.43     5001174.32   284
               15463784.06     5001339.05   284
               15464041.28     5001504.39   284
               15464298.05     5001670.41   284
               15464554.32     5001837.20   284
               15464810.06     5002004.84   284
               15465065.21     5002173.40   284
               15465319.73     5002342.97   284
               15465573.58     5002513.62   284
               15465834.68     5002690.83   284
               15466094.96     5002869.15   284
               15466354.49     5003048.49   284
               15466613.34     5003228.79   284
               15466871.54     5003409.98   284
               15467129.17     5003591.99   284
               15467386.27     5003774.74   284
               15467642.91     5003958.17   284
               15467899.14     5004142.20   284
               15468155.02     5004326.76   284
               15468410.61     5004511.78   284
               15468665.96     5004697.19   284
               15468921.12     5004882.92   284
               15469176.17     5005068.89   284
               15469431.15     5005255.04   284
               15469686.12     5005441.29   284
               15453691.75     4997750.85   285
               15456648.96     4999310.15   285
               15462181.80     5003224.32   286
               15462540.65     5003633.84   286
               15462901.08     5004041.52   286
               15463264.88     5004445.67   286
               15463633.83     5004844.58   286
               15464009.68     5005236.56   286
               15464394.23     5005619.89   286
               15464789.23     5005992.88   286
               15465139.73     5006305.40   286
               15465498.72     5006608.55   286
               15465865.81     5006902.16   286
               15466240.65     5007186.03   286
               15466622.86     5007459.98   286
               15467012.07     5007723.82   286
               15467407.92     5007977.38   286
               15467810.04     5008220.46   286
               15468198.15     5008442.25   286
               15468590.32     5008656.15   286
               15468985.57     5008864.17   286
               15469382.96     5009068.32   286
               15469781.51     5009270.60   286
               15469686.12     5008093.17   287
               15467492.06     5007997.70   287
               15462054.61     5012802.90   288
               15462295.21     5012400.50   288
               15462546.06     5012005.61   288
               15462817.76     5011625.46   288
               15463167.42     5011212.71   288
               15463552.69     5010830.65   288
               15463967.97     5010480.04   288
               15464407.66     5010161.63   288
               15464700.22     5009973.66   288
               15464997.79     5009794.90   288
               15465298.00     5009620.65   288
               15464556.05     5010331.35   289
               15464820.15     5010519.03   289
               15465084.85     5010705.56   289
               15465350.89     5010889.85   289
               15465618.97     5011070.83   289
               15465889.83     5011247.40   289
               15466164.17     5011418.50   289
               15466442.73     5011583.03   289
               15466686.40     5011719.13   289
               15466932.41     5011851.28   289
               15467179.61     5011981.34   289
               15467426.85     5012111.16   289
               15467672.96     5012242.59   289
               15467916.79     5012377.47   289
               15468157.19     5012517.66   289
               15468393.00     5012665.00   289
               15468632.34     5012827.06   289
               15468866.35     5012997.13   289
               15469096.12     5013173.62   289
               15469322.75     5013354.94   289
               15469547.32     5013539.51   289
               15469770.91     5013725.75   289
               15469707.32     5012834.72   290
               15468859.37     5012919.58   290
               15462245.40     5013407.52   291
               15462493.89     5013526.12   291
               15462742.05     5013645.20   291
               15462989.62     5013765.32   291
               15463236.32     5013887.00   291
               15463481.88     5014010.80   291
               15463726.04     5014137.25   291
               15463968.52     5014266.90   291
               15464209.06     5014400.28   291
               15464447.39     5014537.94   291
               15464683.24     5014680.42   291
               15464944.31     5014846.40   291
               15465201.29     5015019.04   291
               15465453.70     5015198.43   291
               15465701.07     5015384.63   291
               15465942.92     5015577.70   291
               15466178.77     5015777.71   291
               15466408.13     5015984.73   291
               15466630.54     5016198.82   291
               15466845.50     5016420.05   291
               15467063.98     5016660.90   291
               15467275.26     5016908.03   291
               15467481.17     5017159.91   291
               15467683.55     5017414.99   291
               15467884.24     5017671.74   291
               15462732.97     5019475.01   292
               15469876.91     5016929.21   292
               15462457.39     5016080.61   293
               15462698.18     5016236.60   293
               15462938.69     5016392.85   293
               15463178.74     5016549.67   293
               15463418.13     5016707.38   293
               15463656.66     5016866.30   293
               15463894.16     5017026.75   293
               15464130.42     5017189.05   293
               15464365.26     5017353.51   293
               15464597.56     5017519.61   293
               15464828.37     5017687.65   293
               15465058.01     5017857.27   293
               15465286.82     5018028.09   293
               15465515.10     5018199.73   293
               15465743.17     5018371.83   293
               15469749.72     5019793.24   294
               15467502.66     5017820.24   294
               15469664.92     5009716.11   295
               15468562.59     5009716.11   295
               15462097.01     5007170.31   296
               15462329.83     5007368.46   296
               15462563.77     5007564.16   296
               15462800.03     5007755.01   296
               15463039.86     5007938.62   296
               15463284.46     5008112.58   296
               15463535.07     5008274.51   296
               15463792.90     5008422.00   296
               15464031.66     5008540.86   296
               15464276.42     5008647.52   296
               15464526.46     5008743.46   296
               15464781.09     5008830.17   296
               15465039.60     5008909.13   296
               15465301.30     5008981.84   296
               15465565.48     5009049.77   296
               15465831.45     5009114.41   296
               15466098.50     5009177.26   296
               15466365.93     5009239.78   296
               15466633.03     5009303.48   296
               15466899.12     5009369.83   296
               15467163.48     5009440.32   296
               15467429.47     5009517.26   296
               15467693.10     5009599.36   296
               15467954.65     5009686.06   296
               15468214.38     5009776.79   296
               15468472.56     5009870.97   296
               15468729.47     5009968.04   296
               15468985.37     5010067.43   296
               15469240.53     5010168.56   296
               15469495.22     5010270.87   296
               15469749.72     5010373.78   296
               15465006.19     5021808.21   297
               15465153.02     5022102.25   297
               15465301.98     5022395.11   297
               15465455.30     5022685.72   297
               15465615.21     5022972.98   297
               15465783.96     5023255.84   297
               15465963.78     5023533.21   297
               15466176.16     5023830.01   297
               15466404.26     5024115.76   297
               15466647.99     5024387.56   297
               15466907.25     5024642.55   297
               15467181.95     5024877.82   297
               15467471.99     5025090.50   297
               15467737.15     5025255.96   297
               15468012.31     5025404.32   297
               15468296.08     5025538.03   297
               15468587.02     5025659.55   297
               15468883.72     5025771.33   297
               15469184.75     5025875.83   297
               15469488.71     5025975.50   297
               15469794.16     5026072.79   297
               15466849.56     5022311.33   298
               15467007.52     5022625.90   298
               15467167.91     5022938.29   298
               15467333.25     5023246.46   298
               15467506.05     5023548.34   298
               15467688.83     5023841.88   298
               15467884.12     5024125.02   298
               15468094.43     5024395.71   298
               15468337.84     5024669.89   298
               15468598.31     5024929.64   298
               15468873.00     5025177.38   298
               15469159.09     5025415.53   298
               15469453.75     5025646.53   298
               15469754.16     5025872.79   298
               15470057.50     5026096.75   298
               15468597.17     5023221.75   299
               15469937.80     5025186.33   299
               15459640.82     5017778.51   300
               15459859.30     5018101.84   300
               15460076.48     5018425.91   300
               15460291.14     5018751.68   300
               15460502.08     5019080.09   300
               15460708.11     5019412.10   300
               15460920.71     5019771.67   300
               15461121.15     5020137.59   300
               15461304.54     5020511.63   300
               15461451.44     5020854.40   300
               15461584.08     5021203.15   300
               15461706.05     5021556.45   300
               15461820.95     5021912.84   300
               15461932.36     5022270.88   300
               15462037.65     5022335.29   300
               15462130.06     5022640.79   300
               15462227.09     5022943.13   300
               15462333.47     5023239.30   300
               15462453.90     5023526.24   300
               15462593.12     5023800.92   300
               15462755.85     5024060.29   300
               15462992.91     5024355.68   300
               15463265.02     5024625.42   300
               15463564.64     5024872.05   300
               15463884.20     5025098.11   300
               15464216.18     5025306.12   300
               15464503.99     5025471.08   300
               15464794.69     5025626.21   300
               15465087.79     5025773.17   300
               15465382.83     5025913.61   300
               15465679.36     5026049.19   300
               15465976.90     5026181.56   300
               15466275.00     5026312.37   300
               15417566.55     4985525.64   301
               15417827.28     4985586.80   301
               15418086.58     4985651.49   301
               15418343.18     4985723.29   301
               15418595.79     4985805.80   301
               15418843.11     4985902.62   301
               15419070.28     4986008.11   301
               15419294.14     4986121.67   301
               15419517.45     4986235.65   301
               15419742.99     4986342.43   301
               15419977.63     4986438.55   301
               15420215.71     4986525.86   301
               15420455.76     4986611.19   301
               15420696.30     4986701.36   301
               15420935.84     4986803.19   301
               15421231.50     4986958.39   301
               15421497.89     4987151.14   301
               15421710.15     4987389.60   301
               15421833.22     4987625.20   301
               15421922.15     4987883.26   301
               15421997.67     4988149.19   301
               15422080.54     4988408.38   301
               15422191.48     4988646.21   301
               15422376.14     4988884.38   301
               15422608.64     4989088.53   301
               15422870.19     4989274.11   301
               15423142.00     4989456.61   301
               15423405.26     4989651.49   301
               15423630.93     4989852.30   301
               15423846.71     4990057.78   301
               15424066.73     4990248.61   301
               15424305.13     4990405.46   301
               15424507.91     4990493.00   301
               15424724.95     4990553.31   301
               15424951.52     4990590.80   301
               15425182.87     4990609.86   301
               15425414.28     4990614.89   301
               15425629.85     4990610.61   301
               15425842.69     4990600.96   301
               15426054.46     4990589.26   301
               15426266.86     4990578.84   301
               15426481.57     4990573.00   301
               15426674.10     4990575.47   301
               15426864.22     4990593.33   301
               15427046.60     4990635.83   301
               15427299.25     4990755.44   301
               15427535.12     4990918.44   301
               15427767.40     4991091.98   301
               15428009.26     4991243.19   301
               15428208.00     4991327.12   301
               15428417.01     4991385.30   301
               15428633.37     4991424.56   301
               15428854.18     4991451.71   301
               15429076.55     4991473.57   301
               15429310.33     4991496.70   301
               15429542.51     4991519.20   301
               15429773.20     4991538.78   301
               15430002.55     4991553.19   301
               15430230.69     4991560.13   301
               15430457.75     4991557.34   301
               15430719.06     4991540.41   301
               15430980.14     4991512.38   301
               15431242.31     4991478.29   301
               15431506.84     4991443.15   301
               15431775.05     4991411.98   301
               15432048.22     4991389.80   301
               15432288.10     4991383.26   301
               15432521.82     4991399.94   301
               15432738.82     4991452.63   301
               15432999.56     4991600.56   301
               15433218.60     4991821.51   301
               15433407.74     4992094.15   301
               15433578.72     4992397.16   301
               15433743.33     4992709.23   301
               15433904.93     4993001.21   301
               15434072.21     4993281.43   301
               15434246.10     4993549.59   301
               15434427.52     4993805.35   301
               15434617.42     4994048.42   301
               15434816.71     4994278.47   301
               15435026.34     4994495.18   301
               15435247.22     4994698.25   301
               15435480.29     4994887.35   301
               15435698.50     4995043.96   301
               15435925.83     4995190.45   301
               15436161.15     4995328.10   301
               15436403.34     4995458.17   301
               15436651.26     4995581.93   301
               15436903.78     4995700.65   301
               15437159.78     4995815.60   301
               15437418.11     4995928.04   301
               15437677.65     4996039.24   301
               15437766.40     4996083.73   301
               15438162.32     4996425.41   301
               15438560.98     4996762.56   301
               15438965.35     4997090.72   301
               15439378.38     4997405.42   301
               15439803.06     4997702.18   301
               15440242.34     4997976.54   301
               15440597.24     4998172.85   301
               15440961.59     4998352.75   301
               15441334.39     4998516.33   301
               15441714.64     4998663.67   301
               15442101.36     4998794.83   301
               15442493.56     4998909.91   301
               15442890.23     4999008.98   301
               15443293.75     4999092.78   301
               15443699.96     4999160.63   301
               15444108.26     4999212.85   301
               15444518.09     4999249.75   301
               15444928.86     4999271.65   301
               15445340.00     4999278.86   301
               15445750.91     4999271.69   301
               15446161.02     4999250.46   301
               15446569.76     4999215.47   301
               15447004.32     4999163.38   301
               15447436.55     4999097.20   301
               15447866.60     4999018.22   301
               15448294.61     4998927.72   301
               15448720.75     4998826.99   301
               15449145.16     4998717.31   301
               15449567.98     4998599.98   301
               15449989.39     4998476.27   301
               15450409.51     4998347.48   301
               15450828.52     4998214.89   301
               15451246.55     4998079.79   301
               15451657.80     4997945.17   301
               15452068.14     4997809.48   301
               15452477.71     4997672.85   301
               15452886.63     4997535.40   301
               15453295.03     4997397.29   301
               15453703.05     4997258.64   301
               15454110.81     4997119.60   301
               15454518.44     4996980.29   301
               15454926.08     4996840.86   301
