380279.39 5025475.22 1
382162.85 5025014.47 1
382395.0 5024929.76 1
382626.3 5024843.36 1
382856.08 5024753.5 1
383083.65 5024658.43 1
383322.22 5024550.47 1
383557.96 5024436.31 1
383791.6 5024317.5 1
384023.89 5024195.55 1
384255.58 5024072.01 1
386055.32 5025684.66 2
386309.85 5025650.56 2
386564.33 5025616.93 2
386818.79 5025584.27 2
387073.24 5025553.04 2
387327.7 5025523.72 2
387582.18 5025496.8 2
387836.72 5025472.76 2
388091.31 5025452.06 2
388345.99 5025435.2 2
388600.77 5025422.65 2
388855.67 5025414.89 2
389110.7 5025412.39 2
389352.44 5025415.14 2
389594.19 5025422.34 2
389835.96 5025433.29 2
390077.74 5025447.27 2
390319.55 5025463.59 2
390561.39 5025481.53 2
390803.26 5025500.4 2
391045.18 5025519.47 2
391287.14 5025538.05 2
391546.27 5025556.78 2
391805.29 5025574.3 2
392064.25 5025590.78 2
392323.17 5025606.4 2
392582.06 5025621.33 2
392840.97 5025635.74 2
393099.92 5025649.81 2
393358.94 5025663.71 2
387855.06 5026899.38 3
388081.79 5026714.61 3
388310.36 5026533.14 3
388542.76 5026358.19 3
388780.97 5026192.97 3
389026.99 5026040.7 3
389275.38 5025906.74 3
389530.55 5025784.41 3
389790.3 5025669.8 3
390052.43 5025559.0 3
381828.01 5022333.71 4
382077.98 5022321.12 4
382327.48 5022311.27 4
382576.16 5022306.93 4
382823.69 5022310.87 4
383069.7 5022325.85 4
383313.85 5022354.65 4
383550.29 5022398.02 4
383784.51 5022455.17 4
384016.58 5022524.14 4
384246.61 5022602.92 4
384474.67 5022689.52 4
384700.85 5022781.96 4
384925.25 5022878.24 4
385183.52 5022992.59 4
385439.77 5023108.88 4
385694.54 5023226.64 4
385948.37 5023345.39 4
386201.81 5023464.65 4
385615.85 5023087.67 5
385876.82 5023037.23 5
386137.82 5022987.67 5
386399.01 5022939.85 5
386660.57 5022894.62 5
386922.64 5022852.85 5
387185.39 5022815.41 5
387431.64 5022784.82 5
387678.31 5022757.87 5
387925.31 5022733.66 5
388172.6 5022711.25 5
388420.1 5022689.75 5
384130.01 5022480.31 6
384383.93 5022411.82 6
384637.76 5022343.25 6
384891.49 5022274.49 6
385145.1 5022205.44 6
385398.58 5022135.98 6
385651.94 5022066.01 6
385905.14 5021995.43 6
386158.2 5021924.14 6
386411.08 5021852.01 6
386654.18 5021781.8 6
386897.01 5021710.93 6
387139.66 5021639.57 6
387382.24 5021567.87 6
387624.87 5021495.97 6
397188.63 5024993.52 7
397099.21 5024743.26 7
397010.03 5024492.98 7
396921.3 5024242.61 7
396833.23 5023992.07 7
396746.04 5023741.26 7
396659.93 5023490.1 7
396575.12 5023238.51 7
396491.82 5022986.41 7
396410.25 5022733.7 7
396330.61 5022480.31 7
396255.57 5022234.75 7
396182.09 5021988.79 7
396109.62 5021742.51 7
396037.63 5021495.97 7
380363.1 5019380.69 8
380607.91 5019229.1 8
380851.95 5019076.69 8
381094.56 5018922.55 8
381335.06 5018765.77 8
381572.8 5018605.47 8
381807.09 5018440.74 8
382037.28 5018270.69 8
382301.25 5018063.82 8
382559.39 5017849.68 8
382812.63 5017629.36 8
383061.93 5017404.01 8
383308.22 5017174.73 8
383552.45 5016942.65 8
383795.56 5016708.9 8
384038.5 5016474.59 8
384282.21 5016240.85 8
384527.63 5016008.79 8
384776.97 5015778.18 8
385029.15 5015551.06 8
385284.5 5015327.96 8
385543.34 5015109.43 8
385806.02 5014895.97 8
386072.86 5014688.14 8
386344.19 5014486.45 8
386620.36 5014291.43 8
386867.58 5014125.58 8
387118.23 5013964.85 8
387371.89 5013808.7 8
387628.17 5013656.55 8
387886.65 5013507.84 8
388146.92 5013362.0 8
388408.58 5013218.49 8
388671.23 5013076.72 8
388933.49 5012936.74 8
389196.1 5012797.88 8
389459.0 5012659.93 8
389722.16 5012522.69 8
389985.55 5012385.97 8
390249.12 5012249.58 8
390512.83 5012113.32 8
390889.52 5014835.96 9
390839.97 5014595.75 9
390791.75 5014355.49 9
390746.16 5014115.03 9
390704.53 5013874.22 9
390668.17 5013632.88 9
390638.39 5013390.87 9
390616.16 5013148.26 9
390600.96 5012905.07 9
390591.9 5012661.36 9
390588.12 5012417.21 9
390588.73 5012172.66 9
390592.85 5011927.78 9
390599.59 5011682.64 9
390608.09 5011437.29 9
390617.46 5011191.81 9
380321.25 5015631.81 10
380557.48 5015599.46 10
380793.83 5015566.96 10
381030.5 5015534.16 10
381267.69 5015500.87 10
381505.59 5015466.94 10
381744.42 5015432.19 10
381984.37 5015396.45 10
382225.63 5015359.55 10
382463.49 5015320.08 10
382695.91 5015268.04 10
382916.23 5015192.0 10
383170.68 5015049.99 10
383402.78 5014866.03 10
383620.67 5014654.64 10
383832.46 5014430.35 10
384046.3 5014207.66 10
384267.28 5013999.67 10
384497.01 5013806.02 10
384734.49 5013624.99 10
384978.69 5013454.89 10
385228.59 5013293.98 10
385483.17 5013140.57 10
385741.41 5012992.94 10
385965.34 5012869.59 10
386190.74 5012748.8 10
386417.35 5012630.06 10
386644.9 5012512.84 10
386873.1 5012396.62 10
387101.68 5012280.87 10
383355.7 5017035.02 11
383083.65 5015129.17 11
380907.21 5019820.5 12
381147.91 5019746.82 12
381388.8 5019673.8 12
381630.14 5019602.06 12
381872.16 5019532.24 12
382115.13 5019464.98 12
382359.29 5019400.89 12
382604.9 5019340.62 12
382852.21 5019284.8 12
383101.47 5019234.05 12
383352.92 5019189.01 12
383606.83 5019150.31 12
383862.44 5019117.6 12
384118.12 5019086.12 12
384371.43 5019050.11 12
384619.92 5019003.79 12
384861.15 5018941.38 12
385092.67 5018857.1 12
385356.95 5018721.06 12
385606.83 5018552.86 12
385845.95 5018360.54 12
386077.94 5018152.11 12
386306.45 5017935.59 12
385281.01 5021286.54 13
385494.05 5021034.9 13
385701.93 5020780.28 13
385899.55 5020519.54 13
386081.83 5020249.53 13
386243.67 5019967.1 13
386344.68 5019755.51 13
386432.65 5019537.42 13
386507.79 5019314.12 13
386570.3 5019086.92 13
386620.36 5018857.1 13
386660.62 5018609.13 13
386688.3 5018360.01 13
386704.98 5018109.88 13
386712.23 5017858.85 13
386711.62 5017607.08 13
386704.75 5017354.7 13
386693.17 5017101.84 13
386678.46 5016848.63 13
386662.21 5016595.21 13
386139.03 5020511.63 14
386386.37 5020496.86 14
386633.0 5020479.84 14
386878.31 5020458.29 14
387121.69 5020429.94 14
387362.53 5020392.5 14
387600.22 5020343.7 14
387834.14 5020281.25 14
388078.87 5020198.19 14
388319.44 5020100.71 14
388556.94 5019992.4 14
388792.43 5019876.85 14
389026.99 5019757.67 14
384653.19 5016343.89 15
384916.76 5016272.68 15
385180.39 5016203.13 15
385444.2 5016136.93 15
385708.35 5016075.75 15
385972.97 5016021.28 15
386238.19 5015975.2 15
386504.16 5015939.19 15
386771.02 5015914.92 15
387038.9 5015904.08 15
387295.26 5015907.42 15
387551.89 5015923.77 15
387808.17 5015952.44 15
388063.51 5015992.73 15
388317.28 5016043.94 15
388568.89 5016105.38 15
388817.72 5016176.34 15
389064.11 5016256.36 15
389307.3 5016344.13 15
389547.7 5016438.57 15
389785.72 5016538.57 15
390021.76 5016643.03 15
390256.23 5016750.85 15
390489.54 5016860.94 15
390722.1 5016972.19 15
390981.84 5017096.6 15
391242.2 5017219.24 15
391504.55 5017338.31 15
391770.2 5017452.04 15
392040.52 5017558.61 15
392302.21 5017650.1 15
392567.7 5017723.3 15
392835.75 5017768.04 15
393078.61 5017777.66 15
393322.12 5017761.08 15
393566.2 5017723.55 15
393810.72 5017670.31 15
394055.58 5017606.6 15
394300.66 5017537.67 15
386976.12 5019296.91 16
387117.94 5019061.02 16
387261.11 5018826.13 16
387407.06 5018593.15 16
387557.23 5018362.97 16
387713.06 5018136.5 16
387875.99 5017914.65 16
388067.99 5017673.44 16
388271.06 5017441.53 16
388485.86 5017221.03 16
388713.08 5017014.08 16
388969.94 5016808.5 16
389236.62 5016615.09 16
389508.32 5016427.66 16
392982.25 5020700.12 17
393102.69 5020453.88 17
393222.24 5020207.05 17
393340.06 5019958.99 17
393455.33 5019709.01 17
393567.21 5019456.44 17
393674.87 5019200.62 17
393777.48 5018940.87 17
393877.32 5018672.56 17
393978.37 5018405.17 17
394088.09 5018144.19 17
394213.96 5017895.08 17
394363.44 5017663.33 17
394564.83 5017428.61 17
394795.36 5017215.61 17
395045.37 5017017.04 17
395305.17 5016825.59 17
382665.1 5011505.96 18
382906.77 5011466.46 18
383148.44 5011427.78 18
383390.2 5011390.76 18
383632.16 5011356.2 18
383874.42 5011324.94 18
384117.07 5011297.79 18
384360.21 5011275.58 18
384596.64 5011259.33 18
384833.39 5011248.11 18
385070.4 5011241.49 18
385307.63 5011239.07 18
385545.0 5011240.44 18
385782.47 5011245.19 18
386019.96 5011252.9 18
386257.42 5011263.17 18
386494.79 5011275.58 18
386742.99 5011290.47 18
386990.91 5011307.09 18
387238.58 5011325.27 18
387486.05 5011344.83 18
387733.34 5011365.6 18
387980.49 5011387.41 18
388227.53 5011410.09 18
388474.51 5011433.45 18
388721.44 5011457.33 18
388968.37 5011481.56 18
389215.34 5011505.96 18
382539.54 5009306.9 19
382799.92 5009282.2 19
383060.19 5009258.48 19
383320.31 5009236.74 19
383580.27 5009217.97 19
383840.02 5009203.16 19
384099.53 5009193.29 19
384358.76 5009189.37 19
384617.7 5009192.37 19
384876.29 5009203.29 19
385134.52 5009223.12 19
385375.08 5009249.82 19
385615.35 5009281.65 19
385855.58 5009315.13 19
386096.02 5009346.78 19
386336.91 5009373.12 19
386578.5 5009390.67 19
386834.94 5009397.74 19
387091.64 5009398.56 19
387348.13 5009400.68 19
387603.94 5009411.62 19
387871.86 5009438.68 19
388138.55 5009479.27 19
388404.37 5009528.84 19
388669.7 5009582.82 19
388934.91 5009636.68 19
389200.38 5009685.84 19
389466.46 5009725.77 19
389718.97 5009751.74 19
389972.14 5009766.49 19
390225.91 5009771.12 19
390480.23 5009766.78 19
390735.03 5009754.57 19
390990.26 5009735.62 19
391245.86 5009711.06 19
391501.77 5009682.02 19
391757.92 5009649.6 19
392014.25 5009614.94 19
392270.72 5009579.16 19
389592.03 5008050.29 20
389837.31 5008107.23 20
390082.55 5008164.26 20
390327.77 5008221.5 20
390572.99 5008279.04 20
390818.25 5008337.01 20
391063.55 5008395.5 20
391308.93 5008454.62 20
391554.4 5008514.48 20
391800.0 5008575.18 20
392045.74 5008636.83 20
392291.65 5008699.54 20
392529.28 5008760.64 20
392767.14 5008819.57 20
393005.47 5008873.07 20
393244.51 5008917.91 20
393484.5 5008950.86 20
393730.67 5008969.75 20
393977.74 5008974.79 20
394225.6 5008967.97 20
394474.12 5008951.27 20
394723.2 5008926.66 20
394972.71 5008896.13 20
395222.55 5008861.65 20
395472.59 5008825.2 20
383899.81 5007589.54 21
384143.91 5007510.79 21
384388.12 5007432.89 21
384632.66 5007356.68 21
384877.73 5007283.0 21
385123.53 5007212.7 21
385370.27 5007146.62 21
385618.14 5007085.61 21
385867.35 5007030.52 21
386118.1 5006982.18 21
386366.55 5006941.85 21
386616.26 5006908.79 21
386867.0 5006882.86 21
387118.5 5006863.97 21
387370.51 5006852.0 21
387622.79 5006846.85 21
387875.08 5006848.39 21
388127.12 5006856.52 21
388376.98 5006870.94 21
388626.22 5006891.24 21
388874.9 5006916.9 21
389123.03 5006947.43 21
389370.66 5006982.31 21
389617.81 5007021.03 21
389864.52 5007063.08 21
390110.83 5007107.96 21
390356.77 5007155.15 21
390602.37 5007204.15 21
390847.66 5007254.44 21
391103.47 5007307.87 21
391358.9 5007361.98 21
391614.08 5007416.6 21
391869.15 5007471.57 21
392124.23 5007526.71 21
380279.39 5006165.38 22
380522.61 5006161.92 22
380765.67 5006157.69 22
381008.49 5006151.89 22
381250.99 5006143.73 22
381493.09 5006132.41 22
381734.7 5006117.14 22
381975.75 5006097.14 22
382216.15 5006071.6 22
382455.83 5006039.72 22
382703.51 5005999.36 22
382950.07 5005951.79 22
383195.45 5005897.39 22
383439.57 5005836.57 22
383682.37 5005769.73 22
383923.76 5005697.27 22
384163.69 5005619.59 22
384402.07 5005537.08 22
384665.26 5005440.75 22
384927.44 5005342.77 22
385189.87 5005246.88 22
385453.8 5005156.82 22
385720.48 5005076.33 22
385981.42 5005010.25 22
386245.17 5004954.17 22
386511.04 5004905.6 22
386778.31 5004862.08 22
387046.28 5004821.1 22
387314.26 5004780.2 22
387581.52 5004736.89 22
387847.37 5004688.69 22
388111.1 5004633.11 22
388372.0 5004567.68 22
388629.37 5004489.91 22
388847.41 5004412.2 22
389063.26 5004327.23 22
389278.12 5004238.59 22
380928.14 5000887.64 23
381180.6 5000852.13 23
381433.06 5000816.87 23
381685.58 5000782.1 23
381938.21 5000748.08 23
382191.04 5000715.05 23
382444.13 5000683.26 23
382697.53 5000652.96 23
382951.33 5000624.4 23
383205.57 5000597.83 23
383460.34 5000573.49 23
383717.27 5000551.52 23
383974.54 5000532.44 23
384232.02 5000516.62 23
384489.6 5000504.44 23
384747.16 5000496.27 23
385004.58 5000492.5 23
385261.75 5000493.48 23
385518.55 5000499.6 23
385774.85 5000511.24 23
386030.55 5000528.76 23
386285.52 5000552.55 23
386540.58 5000582.95 23
386794.74 5000619.56 23
387048.08 5000661.91 23
387300.67 5000709.51 23
387552.58 5000761.88 23
387803.88 5000818.55 23
388054.65 5000879.04 23
388304.96 5000942.87 23
388554.89 5001009.57 23
388804.51 5001078.66 23
389053.88 5001149.66 23
389303.09 5001222.09 23
389552.2 5001295.48 23
389801.3 5001369.34 23
387959.7 4998500.09 24
388218.04 4998573.89 24
388476.35 4998647.63 24
388734.66 4998721.29 24
388993.0 4998794.82 24
389251.38 4998868.18 24
389509.82 4998941.32 24
389768.37 4999014.21 24
390027.02 4999086.8 24
390285.82 4999159.06 24
390544.78 4999230.94 24
390803.93 4999302.4 24
391063.29 4999373.4 24
391322.88 4999443.9 24
391582.73 4999513.86 24
391842.86 4999583.23 24
392103.3 4999651.98 24
392352.53 4999717.0 24
392602.0 4999780.92 24
392851.79 4999843.28 24
393101.95 4999903.6 24
393352.56 4999961.42 24
393603.68 5000016.27 24
393855.38 5000067.67 24
394107.71 5000115.15 24
394360.76 5000158.26 24
394614.57 5000196.51 24
394855.0 5000227.92 24
395095.96 5000255.21 24
395337.37 5000279.02 24
395579.16 5000300.0 24
395821.24 5000318.79 24
396063.54 5000336.04 24
396305.99 5000352.39 24
396548.5 5000368.5 24
396791.01 5000385.0 24
397051.53 5000403.74 24
397311.82 5000423.49 24
397571.92 5000444.09 24
397831.9 5000465.37 24
398091.82 5000487.15 24
398351.72 5000509.29 24
398611.68 5000531.6 24
380593.3 4997348.2 25
380856.08 4997308.43 25
381118.83 4997268.78 25
381381.57 4997229.35 25
381644.31 4997190.26 25
381907.06 4997151.62 25
382169.85 4997113.54 25
382432.67 4997076.13 25
382695.55 4997039.49 25
382958.5 4997003.76 25
383221.54 4996969.02 25
383484.67 4996935.4 25
383747.92 4996903.0 25
384011.29 4996871.95 25
384274.8 4996842.34 25
384538.46 4996814.29 25
384802.29 4996787.91 25
385066.3 4996763.31 25
385330.51 4996740.6 25
385594.92 4996719.9 25
385849.61 4996701.92 25
386104.4 4996685.67 25
386359.29 4996670.92 25
386614.27 4996657.45 25
386869.31 4996645.01 25
387124.41 4996633.38 25
387379.56 4996622.33 25
387634.74 4996611.62 25
387889.93 4996601.02 25
388145.14 4996590.3 25
388400.33 4996579.23 25
388655.5 4996567.58 25
388910.64 4996555.1 25
389165.74 4996541.58 25
389420.77 4996526.78 25
389675.74 4996510.46 25
389938.93 4996491.86 25
390201.94 4996471.62 25
390464.78 4996449.93 25
390727.51 4996427.01 25
390990.15 4996403.05 25
391252.73 4996378.28 25
391515.3 4996352.88 25
391777.88 4996327.06 25
392040.52 4996301.03 25
389633.88 4994855.93 26
389893.53 4995017.38 26
390153.45 4995178.16 26
390414.01 4995337.64 26
390675.55 4995495.17 26
390938.43 4995650.11 26
391203.0 4995801.83 26
391469.63 4995949.67 26
391738.65 4996093.0 26
392010.44 4996231.18 26
392285.34 4996363.57 26
392563.7 4996489.52 26
392808.34 4996592.82 26
393055.94 4996688.55 26
393306.78 4996774.51 26
393561.15 4996848.52 26
393819.34 4996908.39 26
394073.96 4996952.23 26
394330.64 4996986.28 26
394587.84 4997016.24 26
394844.0 4997047.83 26
395097.58 4997086.77 26
395347.03 4997138.77 26
395616.02 4997216.22 26
395879.18 4997312.71 26
396137.85 4997424.51 26
396393.35 4997547.87 26
396647.02 4997679.03 26
396900.18 4997814.27 26
397154.17 4997949.81 26
397410.32 4998081.94 26
397669.95 4998206.88 26
397899.18 4998307.03 26
398131.57 4998398.36 26
398366.8 4998480.31 26
398604.55 4998552.35 26
398844.5 4998613.93 26
399086.33 4998664.5 26
399329.71 4998703.53 26
399574.33 4998730.47 26
399838.02 4998745.81 26
400102.42 4998748.96 26
400367.42 4998742.37 26
400632.9 4998728.49 26
400898.73 4998709.74 26
401164.81 4998688.58 26
381179.27 4995526.12 27
381441.16 4995509.82 27
381702.99 4995493.0 27
381964.75 4995475.13 27
382226.44 4995455.65 27
382488.07 4995434.03 27
382749.62 4995409.73 27
383011.11 4995382.2 27
383272.53 4995350.9 27
383533.89 4995315.28 27
383795.18 4995274.8 27
384070.63 4995226.25 27
384345.14 4995171.07 27
384618.0 4995108.58 27
384888.51 4995038.09 27
385155.95 4994958.93 27
385419.62 4994870.4 27
385678.8 4994771.82 27
385932.79 4994662.51 27
386180.88 4994541.78 27
386445.73 4994395.98 27
386703.84 4994238.07 27
386956.58 4994070.43 27
387205.36 4993895.45 27
387451.54 4993715.5 27
387696.52 4993532.95 27
387941.69 4993350.19 27
388188.43 4993169.6 27
388438.12 4992993.55 27
388692.16 4992824.42 27
388949.83 4992664.75 27
389211.54 4992512.02 27
389475.82 4992363.86 27
389741.22 4992217.95 27
390006.28 4992071.92 27
390269.55 4991923.44 27
390529.57 4991770.15 27
390784.88 4991609.7 27
391044.49 4991433.34 27
391298.46 4991248.57 27
391548.04 4991057.19 27
391794.45 4990860.99 27
392038.91 4990661.76 27
392282.67 4990461.29 27
392526.95 4990261.38 27
392772.98 4990063.82 27
393022.0 4989870.4 27
393275.23 4989682.91 27
393532.21 4989503.36 27
393793.09 4989329.64 27
394056.63 4989159.77 27
394321.59 4988991.77 27
381011.85 4988761.4 28
381265.34 4988755.13 28
381518.61 4988748.11 28
381771.51 4988739.59 28
382023.88 4988728.79 28
382275.56 4988714.94 28
382526.38 4988697.28 28
382776.19 4988675.03 28
383024.82 4988647.44 28
383272.13 4988613.72 28
383517.94 4988573.12 28
383762.1 4988524.87 28
384004.45 4988468.19 28
384268.11 4988395.77 28
384529.39 4988313.45 28
384788.44 4988222.3 28
385045.4 4988123.43 28
385300.42 4988017.9 28
385553.65 4987906.82 28
385805.23 4987791.27 28
386055.32 4987672.34 28
386307.91 4987548.75 28
386558.13 4987421.72 28
386805.23 4987290.06 28
387048.46 4987152.6 28
387287.04 4987008.15 28
387520.23 4986855.55 28
387785.95 4986665.56 28
388044.67 4986465.43 28
388298.19 4986257.67 28
388548.3 4986044.79 28
388796.79 4985829.32 28
381681.52 4985829.32 29
381933.32 4985871.14 29
382185.15 4985912.33 29
382437.12 4985952.27 29
382689.34 4985990.31 29
382941.91 4986025.83 29
383194.93 4986058.2 29
383448.52 4986086.78 29
383702.78 4986110.94 29
383957.81 4986130.05 29
384213.72 4986143.47 29
384449.18 4986150.12 29
384684.72 4986150.21 29
384919.74 4986142.47 29
385153.66 4986125.65 29
385385.89 4986098.48 29
385615.85 4986059.7 29
385855.24 4986005.45 29
386091.73 4985938.96 29
386325.82 4985862.26 29
386558.01 4985777.41 29
386788.8 4985686.42 29
387018.69 4985591.35 29
387248.17 4985494.22 29
390408.19 4988803.28 30
390159.16 4988878.2 30
389909.67 4988950.1 30
389659.14 4989015.95 30
389406.97 4989072.74 30
389152.56 4989117.44 30
388904.98 4989146.81 30
388655.61 4989162.76 30
388405.09 4989165.89 30
388154.06 4989156.83 30
387903.15 4989136.18 30
387652.98 4989104.55 30
387404.2 4989062.55 30
387157.44 4989010.79 30
386913.34 4988949.89 30
386659.16 4988876.44 30
386408.33 4988794.67 30
386160.36 4988705.78 30
385914.75 4988610.94 30
385671.03 4988511.34 30
385428.68 4988408.19 30
385187.23 4988302.65 30
384946.17 4988195.92 30
388671.23 4987902.72 31
388920.97 4987907.31 31
389170.66 4987912.08 31
389420.28 4987917.19 31
389669.84 4987922.82 31
389919.33 4987929.15 31
390168.75 4987936.34 31
390418.11 4987944.57 31
390667.39 4987954.01 31
390916.61 4987964.85 31
391165.76 4987977.25 31
391414.83 4987991.38 31
391663.83 4988007.43 31
391904.94 4988024.91 31
392145.88 4988044.14 31
392386.68 4988064.93 31
392627.35 4988087.08 31
392867.94 4988110.41 31
393108.47 4988134.71 31
393348.95 4988159.8 31
393589.43 4988185.47 31
393829.93 4988211.54 31
394070.46 4988237.81 31
391768.46 4989159.32 32
393526.35 4988991.77 32
396581.74 4987609.51 33
396614.39 4987859.02 33
396647.42 4988108.39 33
396681.2 4988357.58 33
396716.1 4988606.54 33
396752.53 4988855.22 33
396790.85 4989103.58 33
396831.45 4989351.56 33
396874.72 4989599.13 33
396920.66 4989844.94 33
396969.25 4990090.19 33
397020.17 4990334.98 33
397073.09 4990579.37 33
397127.67 4990823.45 33
397183.59 4991067.29 33
397240.51 4991310.97 33
397298.1 4991554.58 33
397356.04 4991798.19 33
399417.38 4988017.91 34
399535.33 4988406.25 34
399653.65 4988794.33 34
399772.79 4989182.08 34
399893.16 4989569.42 34
400015.21 4989956.3 34
400139.37 4990342.63 34
400256.48 4990699.82 34
400375.32 4991056.32 34
400495.57 4991412.3 34
400616.88 4991767.93 34
400738.93 4992123.39 34
400861.36 4992478.86 34
405067.74 4990248.38 35
404727.45 4990288.31 35
404387.28 4990327.7 35
404047.21 4990365.97 35
403707.22 4990402.54 35
403367.27 4990436.84 35
403027.33 4990468.29 35
402668.49 4990496.9 35
402308.95 4990515.72 35
401947.6 4990518.68 35
401583.35 4990499.7 35
401277.85 4990461.29 35
400981.14 4990391.85 35
400704.41 4990279.8 35
400288.49 4989974.76 35
399919.63 4989588.66 35
394677.35 4996971.22 36
395029.52 4996828.2 36
395381.86 4996685.7 36
395734.68 4996544.18 36
396088.31 4996404.12 36
396443.07 4996265.98 36
396799.27 4996130.23 36
397157.23 4995997.35 36
397503.0 4995873.51 36
397851.01 4995757.08 36
398201.92 4995652.31 36
398556.41 4995563.44 36
398915.13 4995494.71 36
399310.31 4995444.74 36
399708.24 4995410.78 36
400106.35 4995379.81 36
400502.05 4995338.82 36
400892.75 4995274.8 36
401245.24 4995187.54 36
401592.54 4995077.12 36
401936.24 4994950.64 36
402277.95 4994815.21 36
402619.25 4994677.92 36
402994.25 4994532.02 36
403370.1 4994391.46 36
403746.67 4994255.18 36
404123.84 4994122.08 36
404501.46 4993991.09 36
404879.4 4993861.12 36
403780.71 4990311.21 37
404011.75 4989992.94 37
404234.27 4989669.99 37
404439.92 4989337.34 37
404631.02 4988974.2 37
404800.37 4988599.3 37
404954.29 4988216.43 37
405099.13 4987829.41 37
405240.79 4987439.88 37
405380.05 4987050.4 37
405517.55 4986660.92 37
405653.9 4986271.37 37
405789.73 4985881.68 37
401865.87 4992981.5 38
402211.57 4993037.77 38
402557.07 4993095.65 38
402902.38 4993156.8 38
403247.48 4993222.91 38
403592.37 4993295.65 38
403968.03 4993386.18 38
404336.41 4993497.64 38
404691.05 4993641.22 38
405090.73 4993861.48 38
405475.82 4994112.44 38
405538.61 4995651.78 39
405153.37 4995638.33 39
404768.52 4995620.85 39
404384.18 4995595.28 39
404000.45 4995557.54 39
403637.09 4995505.96 39
403278.46 4995431.88 39
402966.44 4995342.84 39
402659.59 4995235.89 39
402356.12 4995116.98 39
402054.22 4994992.07 39
404785.22 5004290.95 40
404581.48 5003947.47 40
404383.25 5003602.81 40
404196.05 5003255.63 40
404025.38 5002904.6 40
403876.74 5002548.39 40
403755.66 5002185.67 40
403667.62 5001815.12 40
403618.15 5001435.4 40
403618.11 5001434.9 40
403629.41 5001588.34 40
403603.8 5001240.61 40
403578.5 5000890.19 40
403553.7 5000535.66 40
403529.59 5000175.56 40
403512.07 4999828.96 40
403523.54 4999489.52 40
403592.37 4999170.28 40
403791.94 4998803.36 40
404081.21 4998474.25 40
404408.53 4998165.0 40
404768.91 4997824.75 40
405116.33 4997486.76 40
405455.15 4997150.18 40
405789.73 4996814.14 40
388807.26 5003536.98 41
389177.32 5003446.39 41
389547.52 5003361.43 41
389918.17 5003287.78 41
390289.6 5003231.12 41
390662.1 5003197.1 41
391036.01 5003191.42 41
391394.53 5003216.39 41
391751.25 5003269.66 41
392103.3 5003348.49 41
392489.7 5003463.69 41
392867.78 5003602.41 41
393239.29 5003759.59 41
393606.0 5003930.12 41
393969.66 5004108.94 41
394332.05 5004290.95 41
394695.47 5004472.41 41
395059.07 5004652.12 41
395422.84 5004830.26 41
395786.77 5005007.05 41
396150.86 5005182.66 41
396515.1 5005357.32 41
396879.48 5005531.2 41
397243.99 5005704.51 41
397608.63 5005877.44 41
397973.4 5006050.2 41
390879.05 5004510.85 42
391211.23 5004591.24 42
391541.89 5004675.04 42
391869.69 5004765.78 42
392193.3 5004866.96 42
392511.38 5004982.08 42
392894.76 5005146.62 42
393268.96 5005333.02 42
393635.71 5005536.79 42
393996.77 5005753.43 42
394353.87 5005978.42 42
394708.74 5006207.27 42
395063.48 5006436.68 42
395417.52 5006665.4 42
395771.0 5006893.55 42
396124.01 5007121.22 42
396476.7 5007348.53 42
396829.17 5007575.59 42
397181.54 5007802.49 42
397533.93 5008029.35 42
397596.71 5011799.17 43
397503.96 5011423.07 43
397412.45 5011046.87 43
397323.36 5010670.22 43
397237.9 5010292.79 43
397157.23 5009914.26 43
397079.16 5009518.25 43
397006.58 5009121.27 43
396938.4 5008723.47 43
396873.51 5008325.0 43
396810.8 5007926.03 43
396749.15 5007526.71 43
391036.01 5013181.43 44
391375.05 5013173.37 44
391713.3 5013161.35 44
392050.08 5013141.33 44
392384.73 5013109.28 44
392716.61 5013061.16 44
393045.03 5012992.94 44
393413.85 5012886.85 44
393774.11 5012751.05 44
394122.97 5012586.97 44
394457.62 5012396.05 44
394825.54 5012143.16 44
395171.85 5011861.6 44
395498.49 5011556.68 44
395807.43 5011233.69 44
396081.69 5010920.14 44
396344.65 5010597.85 44
396599.18 5010268.98 44
396848.15 5009935.68 44
397094.45 5009600.11 44
391318.53 5014186.72 45
391699.04 5014158.56 45
392079.48 5014131.21 45
392459.88 5014105.49 45
392840.32 5014082.2 45
393220.83 5014062.16 45
393601.49 5014046.18 45
393982.34 5014035.07 45
394363.44 5014029.64 45
394567.47 5014029.18 45
394771.53 5014029.64 45
391695.22 5015694.64 46
392096.45 5015660.79 46
392494.03 5015615.39 46
392884.6 5015546.79 46
393264.76 5015443.32 46
393662.23 5015284.08 46
394047.75 5015089.32 46
394426.23 5014877.85 46
394787.8 5014673.12 46
395148.22 5014469.45 46
396686.37 5019213.14 47
396661.15 5018873.89 47
396637.57 5018534.54 47
396617.25 5018194.85 47
396601.83 5017854.56 47
396592.93 5017513.41 47
396592.2 5017171.16 47
396599.77 5016822.97 47
396608.92 5016474.92 47
396611.15 5016128.18 47
396597.95 5015783.93 47
396560.81 5015443.32 47
396496.2 5015109.34 47
396417.13 5014775.84 47
396341.07 5014438.04 47
396292.92 5014153.77 47
396268.69 5013869.22 47
396278.29 5013589.83 47
396366.06 5013197.22 47
396529.26 5012823.49 47
396749.02 5012463.85 47
397006.48 5012113.53 47
397282.8 5011767.75 47
396215.51 5011390.77 48
396545.88 5011454.79 48
396872.73 5011527.71 48
397192.73 5011618.55 48
397502.53 5011736.34 48
397873.13 5011932.18 48
398218.54 5012176.0 48
398535.55 5012459.16 48
398820.95 5012773.04 48
399088.66 5013132.72 48
399324.32 5013512.26 48
399535.99 5013906.74 48
399731.74 5014311.22 48
399919.63 5014720.77 48
402399.52 5022857.3 49
402280.6 5022478.11 49
402162.6 5022098.84 49
402046.35 5021719.29 49
401932.68 5021339.23 49
401822.44 5020958.48 49
401716.44 5020576.84 49
401615.54 5020194.08 49
401520.57 5019810.03 49
401433.33 5019431.51 49
401349.98 5019052.24 49
401267.73 5018672.71 49
401183.81 5018293.39 49
401095.43 5017914.78 49
400999.8 5017537.37 49
400894.15 5017161.64 49
400775.68 5016788.09 49
400641.62 5016417.19 49
400505.23 5016092.0 49
400341.99 5015783.66 49
400139.37 5015506.15 49
399857.51 5015240.57 49
399542.94 5015003.51 49
401395.01 5015192.0 50
401399.2 5015193.79 50
401941.14 5015413.86 50
402489.23 5015617.13 50
403042.5 5015806.41 50
403599.94 5015984.53 50
404160.58 5016154.29 50
404723.42 5016318.52 50
405287.48 5016480.02 50
402273.95 5015506.15 51
402596.21 5015351.72 51
402918.16 5015196.26 51
403239.77 5015038.68 51
403560.98 5014877.85 51
403880.34 5014716.31 51
404203.21 5014564.95 51
404534.1 5014438.04 51
404902.94 5014339.64 51
405281.13 5014271.38 51
405664.17 5014218.13 51
395650.47 5006835.57 52
395713.25 5005013.5 52
399333.67 5004081.51 53
399080.95 5004105.53 53
398830.78 5004121.47 53
398585.6 5004121.21 53
398347.83 5004096.63 53
398119.89 5004039.63 53
397865.52 5003925.49 53
397621.5 5003775.87 53
397380.78 5003611.53 53
397136.31 5003453.21 53
396907.77 5003329.46 53
396672.28 5003223.28 53
396431.41 5003130.34 53
396186.75 5003046.32 53
395939.86 5002966.9 53
395692.33 5002887.74 53
395462.98 5002812.13 53
395233.73 5002738.17 53
395003.57 5002670.93 53
394771.53 5002615.47 53
394520.13 5002573.44 53
394266.13 5002548.05 53
394009.96 5002536.54 53
393752.02 5002536.11 53
393492.74 5002544.0 53
393232.52 5002557.42 53
392971.78 5002573.59 53
394352.98 5004290.95 54
394206.49 5002594.53 54
395524.91 5004898.31 55
395483.05 5002866.79 55
397471.14 5005798.87 56
397533.93 5003746.42 56
397826.91 5003872.08 57
398000.4 5003659.71 57
398179.76 5003454.82 57
398371.02 5003264.72 57
398597.18 5003081.44 57
398840.73 5002920.1 57
399098.2 5002776.3 57
399366.15 5002645.63 57
399641.11 5002523.68 57
399919.63 5002406.04 57
397952.47 5007558.12 58
397765.19 5007310.47 58
397582.38 5007060.13 58
397408.36 5006804.16 58
397256.22 5006557.36 58
397113.46 5006304.81 58
396977.71 5006047.89 58
396846.6 5005788.02 58
396717.76 5005526.61 58
399637.12 5011202.28 59
400022.14 5011149.59 59
400407.02 5011096.7 59
400791.76 5011043.38 59
401176.37 5010989.41 59
401560.83 5010934.56 59
401945.17 5010878.6 59
402329.36 5010821.31 59
402713.42 5010762.47 59
403110.5 5010699.81 59
403507.22 5010635.52 59
403903.64 5010569.83 59
404299.84 5010502.97 59
404695.89 5010435.17 59
405091.87 5010366.66 59
405487.85 5010297.66 59
405883.91 5010228.41 59
405789.73 5013998.23 60
405444.13 5013734.57 60
405098.7 5013470.94 60
404753.42 5013207.18 60
404408.27 5012943.18 60
404063.23 5012678.79 60
403675.43 5012380.98 60
403288.05 5012082.87 60
402900.97 5011784.51 60
402514.06 5011485.91 60
402127.22 5011187.1 60
401740.31 5010888.13 60
397816.44 5009380.2 61
397822.67 5009036.25 61
397835.14 5008693.55 61
397860.2 5008353.19 61
397904.17 5008016.24 61
397973.4 5007683.78 61
398092.49 5007302.71 61
398250.72 5006934.61 61
398444.26 5006584.25 61
398713.72 5006194.16 61
399012.37 5005825.53 61
399325.18 5005467.12 61
399637.12 5005107.74 61
399905.88 5004777.91 61
400166.0 5004441.83 61
400421.89 5004102.46 61
398475.65 5007558.12 62
398769.26 5007184.38 62
399067.75 5006815.72 62
399376.25 5006456.98 62
399699.9 5006113.03 62
400064.32 5005766.38 62
400443.52 5005434.11 62
400829.97 5005107.74 62
401144.05 5004843.88 62
401460.94 5004584.52 62
401784.1 5004335.45 62
401787.24 5004333.25 62
402142.97 5004097.52 62
402508.65 5003878.05 62
402882.34 5003671.55 62
403262.08 5003474.75 62
403645.9 5003284.38 62
404031.84 5003097.17 62
398569.83 5008060.76 63
398957.1 5008420.33 63
399340.03 5008783.61 63
399714.56 5009154.59 63
400076.59 5009537.28 63
400378.08 5009880.61 63
400669.98 5010232.52 63
400955.54 5010590.23 63
401238.05 5010950.96 63
399574.33 5008626.24 64
399907.47 5008222.66 64
400245.09 5007824.25 64
400591.94 5007436.0 64
400952.73 5007062.89 64
401332.22 5006709.91 64
401641.43 5006452.28 64
401961.13 5006206.47 64
402288.14 5005968.92 64
402619.25 5005736.04 64
402947.02 5005508.57 64
403276.26 5005284.06 64
403608.01 5005064.13 64
403943.25 5004850.41 64
404283.0 5004644.5 64
404675.62 5004422.84 64
404676.81 5004422.2 64
405060.04 5004221.41 64
405445.49 5004025.38 64
405833.05 5003833.86 64
406031.9 5003738.26 64
406033.2 5003737.64 64
406358.69 5003610.55 64
406697.82 5003520.97 64
407044.0 5003450.3 64
407390.67 5003379.91 64
407728.87 5003296.17 64
408062.43 5003199.37 64
408393.11 5003094.23 64
408722.64 5002985.46 64
409052.76 5002877.79 64
409054.39 5002877.27 64
409054.39 5002877.27 64
409055.93 5002876.64 64
409453.75 5002674.94 64
409826.4 5002425.22 64
410190.11 5002157.9 64
410561.15 5001903.4 64
410886.49 5001718.52 64
411224.39 5001557.59 64
411571.31 5001414.17 64
411923.71 5001281.82 64
412278.03 5001154.12 64
412630.73 5001024.61 64
412632.95 5001023.77 64
405036.35 5004416.61 65
405067.17 5004776.08 65
405110.74 5005129.9 65
405179.9 5005472.64 65
405287.48 5005798.87 65
405498.16 5006192.79 65
405775.39 5006555.36 65
406099.02 5006893.11 65
406448.94 5007212.56 65
406804.76 5007523.11 65
407138.48 5007841.08 65
407422.06 5008186.43 65
407595.82 5008489.04 65
407729.08 5008815.81 65
407830.21 5009161.73 65
407907.6 5009521.79 65
407969.65 5009891.0 65
408024.74 5010264.34 65
408081.27 5010636.81 65
408152.23 5011039.68 65
408230.25 5011436.66 65
408310.64 5011829.26 65
408388.69 5012218.94 65
408459.71 5012607.21 65
408518.98 5012995.53 65
408561.82 5013385.41 65
408583.52 5013778.32 65
408581.84 5014131.96 65
408560.04 5014486.82 65
408518.59 5014840.84 65
408457.96 5015192.0 65
408378.32 5015541.25 65
408282.63 5015885.88 65
408173.86 5016226.69 65
408054.98 5016564.45 65
407928.95 5016899.96 65
407798.75 5017233.99 65
407643.78 5017625.04 65
407487.5 5018015.02 65
407330.21 5018404.24 65
407172.26 5018793.03 65
407013.98 5019181.72 65
408552.13 5015129.17 66
408579.12 5015476.08 66
408602.51 5015822.55 66
408618.68 5016168.35 66
408624.02 5016513.25 66
408614.91 5016857.0 66
408582.9 5017255.32 66
408530.16 5017651.76 66
408460.41 5018046.71 66
408377.37 5018440.56 66
408284.76 5018833.7 66
408186.29 5019226.52 66
408085.68 5019619.4 66
407986.65 5020012.74 66
407892.92 5020406.91 66
407807.6 5020801.58 66
407730.58 5021197.18 66
407661.18 5021593.64 66
407598.71 5021990.91 66
407542.46 5022388.89 66
407491.76 5022787.53 66
407445.9 5023186.76 66
407404.2 5023586.49 66
407365.95 5023986.68 66
407330.48 5024387.23 66
407297.07 5024788.08 66
407265.05 5025189.17 66
407233.71 5025590.41 66
408677.7 5018207.85 67
408964.14 5018538.7 67
409248.06 5018871.07 67
409527.02 5019206.67 67
409798.61 5019547.19 67
410060.42 5019894.35 67
410310.02 5020249.84 67
410551.5 5020623.82 67
410780.52 5021006.02 67
411000.22 5021394.44 67
411213.7 5021787.09 67
411424.09 5022181.96 67
411634.51 5022577.06 67
411848.07 5022970.39 67
412067.91 5023359.94 67
412272.43 5023705.01 67
412482.87 5024046.16 67
412697.77 5024384.41 67
412915.7 5024720.8 67
413135.2 5025056.36 67
411848.18 5021757.77 68
415520.91 5024428.05 68
405883.91 5005170.57 69
406260.72 5005155.41 69
406637.41 5005140.17 69
407014.03 5005124.73 69
407390.64 5005109.01 69
407767.3 5005092.91 69
408144.05 5005076.33 69
408481.58 5005061.02 69
408818.97 5005045.37 69
409156.36 5005029.49 69
409493.86 5005013.5 69
404942.18 5009914.26 70
404954.59 5009541.43 70
404966.01 5009168.73 70
404975.46 5008796.16 70
404981.93 5008423.7 70
404984.43 5008051.33 70
404981.98 5007679.04 70
404973.57 5007306.8 70
404958.32 5006929.4 70
404937.12 5006552.3 70
404911.16 5006175.4 70
404881.63 5005798.59 70
404849.72 5005421.8 70
404816.61 5005044.91 70
411220.36 5010416.9 71
411080.24 5010058.42 71
410941.75 5009699.57 71
410806.46 5009339.78 71
410675.96 5008978.5 71
410551.8 5008615.18 71
410435.59 5008249.26 71
410321.91 5007857.28 71
410216.98 5007462.77 71
410118.65 5007066.33 71
410024.81 5006668.58 71
409933.33 5006270.1 71
409854.49 5005924.31 71
409775.86 5005578.7 71
409697.39 5005233.2 71
409619.04 5004887.75 71
409540.75 5004542.28 71
409462.47 5004196.7 71
409744.99 5000678.21 72
409964.72 5002248.96 72
409682.2 5014595.11 73
409713.07 5014210.66 73
409743.98 5013826.12 73
409775.01 5013441.25 73
409806.25 5013055.78 73
409837.76 5012669.49 73
409869.63 5012282.11 73
409901.94 5011893.41 73
409933.7 5011533.74 73
409974.86 5011176.18 73
410034.5 5010823.82 73
410121.68 5010479.73 73
410245.3 5010139.22 73
410397.47 5009807.91 73
410568.7 5009482.66 73
410749.49 5009160.29 73
412695.73 5018522.01 74
412738.74 5018131.21 74
412781.97 5017740.56 74
412825.65 5017350.04 74
412870.02 5016959.63 74
412915.32 5016569.31 74
412961.78 5016179.07 74
413009.64 5015788.89 74
413055.84 5015423.84 74
413103.31 5015059.03 74
413151.91 5014694.43 74
413201.49 5014330.0 74
413251.92 5013965.69 74
413303.05 5013601.48 74
413354.75 5013237.32 74
413406.89 5012873.16 74
413459.32 5012508.98 74
413511.89 5012144.73 74
413511.89 5011170.86 75
413271.14 5010837.96 75
413037.24 5010501.99 75
412817.0 5010159.7 75
412617.19 5009807.81 75
412444.6 5009443.03 75
412323.79 5009123.46 75
412223.38 5008795.32 75
412139.42 5008461.18 75
412067.91 5008123.59 75
411999.9 5007752.93 75
411940.46 5007381.73 75
411887.88 5007010.08 75
411840.43 5006638.05 75
411796.38 5006265.71 75
411754.0 5005893.12 75
415081.44 5010699.64 76
414989.97 5010321.55 76
414891.61 5009946.97 76
414779.34 5009579.23 76
414646.14 5009221.65 76
414485.01 5008877.56 76
414234.16 5008462.27 76
413945.51 5008066.98 76
413637.46 5007683.78 76
413323.95 5007304.2 76
413010.01 5006927.82 76
412695.73 5006552.84 76
415787.73 5019118.89 77
417529.93 5023878.29 77
411785.39 5021710.64 78
415552.3 5024443.76 78
407359.28 5024255.27 79
407155.03 5023693.92 79
406954.8 5023131.71 79
406762.52 5022567.44 79
406582.13 5021999.9 79
406417.55 5021427.91 79
406286.91 5020915.63 79
406168.96 5020400.09 79
406060.69 5019882.05 79
405959.08 5019362.22 79
405861.14 5018841.36 79
405763.84 5018320.19 79
405664.17 5017799.46 79
405557.77 5017269.83 79
405447.0 5016741.55 79
405332.91 5016214.18 79
405216.6 5015687.33 79
405099.13 5015160.59 79
415599.39 5025480.46 80
416050.49 5025093.39 80
416509.34 5024719.86 80
416984.08 5024373.2 80
417482.84 5024066.78 80
417954.35 5023834.01 80
418443.41 5023633.52 80
418942.52 5023454.18 80
419496.0 5023270.19 80
420051.41 5023096.64 80
420608.42 5022931.42 80
421166.69 5022772.41 80
421725.87 5022617.51 80
422285.65 5022464.61 80
418283.31 5024962.11 81
421485.18 5024632.25 81
405130.52 4995651.78 82
405695.56 4993358.48 82
405883.91 4990562.53 82
405946.69 4989054.61 82
404188.8 4999924.24 83
404393.89 4999543.72 83
404599.32 4999163.52 83
404805.5 4998783.88 83
405012.85 4998405.03 83
405221.77 4998027.22 83
405432.68 4997650.69 83
405645.99 4997275.68 83
405862.1 4996902.43 83
406081.43 4996531.18 83
406304.39 4996162.18 83
406531.4 4995795.67 83
406762.85 4995431.88 83
407004.59 4995062.23 83
407249.95 4994694.95 83
407497.57 4994329.15 83
407746.13 4993963.92 83
407994.28 4993598.37 83
408240.69 4993231.6 83
408484.02 4992862.7 83
408722.92 4992490.79 83
408956.05 4992114.95 83
409182.09 4991734.29 83
409399.69 4991347.91 83
409594.26 4990982.85 83
409783.96 4990614.81 83
409972.59 4990246.38 83
410163.92 4989880.16 83
410361.74 4989518.74 83
410569.84 4989164.7 83
410792.0 4988820.63 83
411032.01 4988489.13 83
411323.88 4988136.62 83
411638.9 4987802.0 83
411973.74 4987483.85 83
412338.02 4987171.41 83
412718.67 4986879.43 83
413114.95 4986611.74 83
413526.1 4986372.13 83
413951.37 4986164.41 83
414312.51 4986018.9 83
414681.56 4985895.21 83
415057.55 4985790.61 83
415439.5 4985702.36 83
415826.42 4985627.71 83
416217.35 4985563.94 83
416611.3 4985508.29 83
417007.3 4985458.04 83
417404.37 4985410.45 83
410780.89 4985473.28 84
411126.19 4988269.23 84
420637.63 5014013.93 85
420527.4 5014584.9 85
420420.03 5015155.88 85
420318.37 5015727.1 85
420225.24 5016298.81 85
420143.49 5016871.27 85
420075.97 5017444.7 85
420025.51 5018019.36 85
419995.03 5018571.7 85
419980.85 5019124.9 85
419980.94 5019678.89 85
419993.24 5020233.56 85
420015.74 5020788.85 85
420046.38 5021344.66 85
420083.12 5021900.91 85
420123.93 5022457.51 85
420166.76 5023014.37 85
421459.02 5008521.52 86
423133.2 5007264.91 86
423407.61 5007059.54 86
423670.55 5006846.32 86
423910.71 5006617.25 86
424116.79 5006364.35 86
424251.49 5006141.55 86
424365.15 5005903.66 86
424465.87 5005655.71 86
424561.75 5005402.69 86
424660.89 5005149.63 86
424776.07 5004889.49 86
424906.58 5004639.34 86
425055.51 5004403.49 86
425225.93 5004186.23 86
425471.9 5003941.92 86
425741.8 5003717.2 86
426021.17 5003495.1 86
426243.95 5003313.4 86
426471.4 5003145.32 86
426711.77 5003013.4 86
426939.51 5002941.2 86
427179.94 5002906.99 86
427429.49 5002902.88 86
427684.65 5002921.02 86
427941.87 5002953.5 86
428197.6 5002992.46 86
428442.35 5003030.25 86
428683.32 5003066.28 86
428921.66 5003100.03 86
429158.52 5003130.98 86
429395.06 5003158.62 86
429632.43 5003182.42 86
429871.78 5003201.89 86
430102.92 5003215.51 86
430335.15 5003221.45 86
430566.91 5003216.38 86
430796.65 5003197.01 86
431022.78 5003160.0 86
431279.36 5003092.47 86
431530.27 5003003.07 86
431777.08 5002898.08 86
432021.36 5002783.82 86
432264.68 5002666.57 86
432508.62 5002552.64 86
432747.7 5002449.32 86
432988.12 5002351.19 86
433229.46 5002254.31 86
433471.27 5002154.72 86
433728.14 5002044.63 86
433986.76 5001939.99 86
434249.23 5001853.7 86
434517.64 5001798.68 86
434758.35 5001784.22 86
435001.38 5001799.59 86
435243.2 5001840.68 86
435480.29 5001903.4 86
435736.09 5001994.41 86
435982.79 5002104.18 86
436221.93 5002229.58 86
436455.04 5002367.48 86
436683.66 5002514.75 86
436909.31 5002668.27 86
437133.55 5002824.91 86
437342.82 4999704.34 87
435940.69 5002050.0 87
419031.46 5004144.34 88
419270.94 5004126.65 88
419510.47 5004109.38 88
419750.21 5004092.99 88
419990.28 5004077.91 88
420230.83 5004064.59 88
420472.0 5004053.47 88
420713.93 5004045.0 88
420956.77 5004039.63 88
421217.2 5004037.89 88
421478.0 5004041.36 88
421738.5 5004051.22 88
421998.06 5004068.68 88
422256.01 5004094.94 88
422511.72 5004131.19 88
422764.51 5004178.64 88
423013.75 5004238.47 88
423258.77 5004311.89 88
423507.61 5004402.88 88
423751.95 5004507.06 88
423992.71 5004621.79 88
424230.81 5004744.46 88
424467.18 5004872.41 88
424702.75 5005003.02 88
420705.64 5004039.63 89
420810.28 5003097.17 89
420705.64 5005694.16 90
420810.28 5004060.57 90
421207.9 5008961.33 91
421259.26 5008748.38 91
421309.28 5008535.32 91
421356.64 5008321.92 91
421400.02 5008107.97 91
421438.1 5007893.22 91
421473.85 5007647.08 91
421501.9 5007399.97 91
421523.22 5007151.99 91
421538.77 5006903.26 91
421549.5 5006653.9 91
421556.4 5006404.0 91
421560.41 5006153.69 91
421562.51 5005903.08 91
421563.66 5005652.27 91
420056.9 5005338.12 92
420293.85 5005481.24 92
420528.05 5005627.81 92
420756.86 5005781.36 92
420977.7 5005945.48 92
421171.05 5006106.55 92
421358.36 5006275.36 92
421542.73 5006448.12 92
422735.59 5007537.18 93
422653.33 5007318.39 93
422572.61 5007099.23 93
422494.89 5006879.13 93
422421.68 5006657.56 93
422345.89 5006407.18 93
422274.16 5006155.56 93
422202.95 5005903.62 93
422128.7 5005652.27 93
422056.18 5005422.76 93
421983.28 5005193.53 93
421915.07 5004963.3 93
421856.64 5004730.76 93
421814.86 5004515.91 93
421781.37 5004299.22 93
421752.0 5004081.51 93
421542.73 5006636.61 94
421798.92 5006787.47 94
422065.91 5006908.88 94
422292.65 5006970.68 94
422526.31 5007013.59 94
422484.46 5006217.74 95
423823.8 5006720.39 95
429704.37 5011055.67 96
429525.34 5010805.46 96
429346.54 5010555.17 96
429168.16 5010304.68 96
428990.38 5010053.84 96
428813.37 5009802.53 96
428637.33 5009550.61 96
428462.44 5009297.95 96
428288.89 5009044.41 96
428116.84 5008789.87 96
427946.5 5008534.19 96
427778.04 5008277.24 96
427611.64 5008018.88 96
427463.01 5007784.2 96
427315.27 5007549.03 96
427167.35 5007313.97 96
427018.18 5007079.66 96
426866.67 5006846.68 96
426711.77 5006615.67 96
426518.2 5006339.28 96
426317.55 5006068.06 96
426109.04 5005803.09 96
425891.91 5005545.45 96
425665.4 5005296.23 96
425426.92 5005053.36 96
425181.68 5004817.16 96
424932.95 5004584.16 96
423761.02 5012940.58 97
423662.67 5012697.89 97
423563.56 5012455.67 97
423462.9 5012214.32 97
423359.87 5011974.2 97
423253.68 5011735.71 97
423143.51 5011499.22 97
423028.57 5011265.11 97
422885.86 5010991.86 97
422736.43 5010722.19 97
422581.22 5010455.56 97
422421.2 5010191.47 97
422257.32 5009929.37 97
422090.52 5009668.75 97
421921.76 5009409.07 97
421752.0 5009149.82 97
426439.71 5012417.0 98
426210.22 5012156.59 98
425981.66 5011895.38 98
425754.85 5011632.44 98
425530.57 5011366.81 98
425309.64 5011097.56 98
425118.02 5010857.83 98
424925.79 5010618.79 98
424728.93 5010384.43 98
424523.39 5010158.73 98
424305.13 5009945.67 98
424083.35 5009755.39 98
423856.74 5009570.33 98
423635.46 5009380.2 98
423397.96 5009145.44 98
423177.8 5008894.08 98
422971.49 5008629.4 98
422775.54 5008354.72 98
422586.45 5008073.32 98
422400.75 5007788.5 98
423907.51 5007369.63 99
424153.07 5007453.36 99
424398.32 5007537.66 99
424643.07 5007623.18 99
424887.13 5007710.52 99
425130.31 5007800.33 99
425372.42 5007893.22 99
425635.09 5007999.28 99
425894.5 5008112.81 99
426149.23 5008236.96 99
426397.86 5008374.92 99
426659.87 5008538.81 99
426921.85 5008699.88 99
427193.09 5008835.67 99
427399.32 5008907.64 99
427613.12 5008959.53 99
427832.62 5008996.39 99
428055.98 5009023.24 99
428281.31 5009045.11 99
426607.13 5011914.36 100
426568.88 5011649.0 100
426529.44 5011383.98 100
426487.61 5011119.5 100
426442.18 5010855.77 100
426391.96 5010593.03 100
426335.73 5010331.48 100
426272.29 5010071.33 100
426206.13 5009828.81 100
426137.13 5009587.01 100
426069.83 5009345.01 100
426008.74 5009101.86 100
425958.39 5008856.61 100
425922.32 5008613.79 100
425896.06 5008369.19 100
425874.68 5008123.59 100
423802.88 5007767.56 101
423844.73 5009568.69 101
424556.26 5006427.18 102
424812.22 5006480.7 102
425068.26 5006532.77 102
425324.56 5006581.93 102
425581.3 5006626.72 102
425838.66 5006665.69 102
426096.84 5006697.4 102
426356.0 5006720.39 102
426575.55 5006732.67 102
426795.48 5006741.33 102
426962.89 5006825.1 103
427187.55 5006791.64 103
427411.91 5006757.36 103
427635.77 5006721.39 103
427858.91 5006682.88 103
428081.13 5006640.94 103
428302.24 5006594.72 103
428537.31 5006539.92 103
428771.07 5006480.11 103
429003.93 5006416.11 103
429236.3 5006348.69 103
429468.6 5006278.67 103
429701.21 5006206.83 103
429934.57 5006133.97 103
430200.95 5006049.79 103
430465.19 5005960.4 103
430723.88 5005860.74 103
430973.66 5005745.76 103
431211.13 5005610.38 103
431463.88 5005427.18 103
431699.29 5005218.23 103
431920.83 5004990.69 103
432131.93 5004751.7 103
432331.59 5004512.66 103
432526.52 5004271.31 103
432718.96 5004029.3 103
432911.16 5003788.27 103
433105.36 5003549.86 103
433303.81 5003315.71 103
433508.74 5003087.48 103
433722.4 5002866.79 103
433898.57 5002697.79 103
434078.16 5002531.7 103
429474.17 5010322.65 104
429486.65 5010068.81 104
429500.43 5009815.26 104
429516.81 5009562.22 104
429537.1 5009309.91 104
429562.59 5009058.53 104
429594.61 5008808.29 104
429634.46 5008559.41 104
429683.44 5008312.09 104
429734.95 5008093.79 104
429791.28 5007876.41 104
429849.07 5007659.27 104
429904.93 5007441.71 104
429955.49 5007223.03 104
430001.03 5006986.52 104
430039.47 5006741.36 104
430039.57 5006740.65 104
430051.57 5006532.35 104
430040.65 5006323.0 104
430018.28 5006113.03 104
429348.6 5008144.54 105
428741.71 5006531.89 105
428406.88 5005568.5 106
428595.22 5006490.01 106
430918.15 5010846.24 107
430880.02 5010613.37 107
430842.91 5010380.5 107
430807.87 5010147.52 107
430775.91 5009914.35 107
430748.08 5009680.88 107
430725.39 5009447.02 107
430708.87 5009212.65 107
430698.89 5008961.64 107
430696.42 5008710.3 107
430700.75 5008458.76 107
430711.15 5008207.17 107
430726.92 5007955.65 107
430747.33 5007704.35 107
430771.66 5007453.41 107
430798.78 5007206.93 107
430828.56 5006961.02 107
430860.56 5006715.57 107
430894.33 5006470.45 107
430929.43 5006225.57 107
430965.42 5005980.8 107
431001.86 5005736.04 107
430290.33 5007746.61 108
430457.75 5005987.37 108
430604.24 5005819.82 109
430583.31 5004374.72 109
431085.57 5004982.08 110
430913.43 5004767.57 110
430742.52 5004552.3 110
430573.97 5004335.38 110
430408.91 5004115.92 110
430248.48 5003893.02 110
430106.22 5003685.52 110
429967.28 5003475.74 110
429829.93 5003264.72 110
427067.53 5006762.27 111
427171.49 5006496.08 111
427276.63 5006230.54 111
427384.2 5005966.15 111
427495.45 5005703.42 111
427611.64 5005442.84 111
427734.02 5005183.87 111
427861.29 5004927.26 111
427992.25 5004672.38 111
428125.68 5004418.59 111
428260.38 5004165.29 111
434705.98 5010741.52 112
434523.16 5010501.21 112
434341.08 5010260.41 112
434160.46 5010018.55 112
433981.99 5009775.04 112
433806.4 5009529.3 112
433634.37 5009280.74 112
433466.62 5009028.78 112
433303.86 5008772.84 112
433172.23 5008555.25 112
433046.35 5008334.34 112
432927.92 5008109.81 112
432818.62 5007881.37 112
432720.14 5007648.71 112
432634.18 5007411.52 112
432557.36 5007155.15 112
432491.05 5006895.37 112
432429.66 5006633.93 112
432367.62 5006372.57 112
432299.35 5006113.03 112
432230.71 5005887.53 112
432154.84 5005664.41 112
432073.52 5005443.03 112
431988.55 5005222.78 112
431901.73 5005003.02 112
429453.24 5004165.29 113
429507.35 5004373.79 113
429558.64 5004582.61 113
429604.32 5004792.2 113
429641.58 5005003.02 113
429670.86 5005239.53 113
429688.99 5005477.49 113
429698.75 5005716.58 113
429702.94 5005956.45 113
429704.37 5006196.8 113
430039.2 5004395.66 114
430050.91 5004599.85 114
430062.11 5004803.99 114
430072.33 5005008.16 114
430081.06 5005212.46 114
430088.11 5005421.86 114
430093.6 5005631.25 114
430098.05 5005840.67 114
430101.98 5006050.2 114
431964.51 5009673.41 115
431960.54 5009431.98 115
431957.84 5009190.73 115
431957.7 5008949.68 115
431961.4 5008708.9 115
431970.22 5008468.43 115
431985.44 5008228.31 115
432009.0 5007976.61 115
432038.23 5007725.37 115
432070.32 5007474.32 115
432102.49 5007223.19 115
432131.93 5006971.71 115
432153.81 5006750.09 115
432172.27 5006528.26 115
432188.15 5006306.24 115
432202.32 5006084.05 115
432215.64 5005861.7 115
433010.87 5007683.78 116
432976.45 5007432.53 116
432942.27 5007181.33 116
432908.56 5006930.1 116
432875.55 5006678.75 116
432843.46 5006427.18 116
432815.14 5006197.0 116
432788.09 5005966.75 116
432762.56 5005736.34 116
432738.82 5005505.67 116
432714.85 5005250.38 116
432692.91 5004995.0 116
432672.49 5004739.5 116
432653.09 5004483.88 116
432634.18 5004228.12 116
432801.6 5005798.87 117
433042.29 5005691.88 117
433285.52 5005597.08 117
433534.06 5005526.61 117
433749.75 5005492.43 117
433969.24 5005476.1 117
434190.88 5005469.32 117
434413.0 5005463.78 117
434645.01 5005452.12 117
434875.76 5005434.27 117
435105.62 5005411.79 117
435334.92 5005386.21 117
435564.0 5005359.06 117
435647.71 5010971.9 118
435567.28 5010724.27 118
435485.4 5010477.29 118
435400.6 5010231.54 118
435311.39 5009987.58 118
435216.31 5009745.99 118
435113.89 5009507.33 118
435002.65 5009272.19 118
434881.13 5009041.13 118
434747.84 5008814.73 118
434595.29 5008581.04 118
434440.08 5008349.1 118
434294.16 5008114.64 118
434169.53 5007873.35 118
434078.16 5007620.95 118
434030.77 5007382.65 118
434007.14 5007136.8 118
433994.46 5006887.93 118
433982.94 5006655.15 118
433970.1 5006423.72 118
433956.2 5006193.35 118
433941.51 5005963.74 118
433926.27 5005734.61 118
433910.75 5005505.67 118
433408.49 5003201.89 119
433417.4 5003459.35 119
433429.02 5003716.38 119
433446.07 5003972.72 119
433471.27 5004228.12 119
433507.7 5004489.63 119
433553.32 5004749.88 119
433605.84 5005009.22 119
433662.97 5005268.02 119
433722.4 5005526.61 119
431880.8 5004437.55 120
431830.79 5004181.48 120
431771.22 5003929.03 120
431692.46 5003683.59 120
431606.15 5003483.89 120
431506.23 5003289.31 120
431399.47 5003097.17 120
432194.71 5004081.51 121
432320.27 5002594.53 121
428469.66 4998761.88 122
428726.34 4998744.16 122
428982.94 4998727.11 122
429239.44 4998711.45 122
429495.84 4998697.87 122
429752.16 4998687.05 122
430008.37 4998679.68 122
430264.5 4998676.47 122
430520.53 4998678.11 122
430771.67 4998684.86 122
431022.62 4998696.22 122
431273.46 4998711.47 122
431524.25 4998729.89 122
431775.06 4998750.75 122
432025.96 4998773.34 122
432277.01 4998796.94 122
432528.29 4998820.83 122
432779.86 4998844.29 122
433031.8 4998866.6 122
433274.87 4998886.72 122
433517.88 4998906.75 122
433760.51 4998928.35 122
434002.45 4998953.17 122
434243.39 4998982.89 122
434483.02 4999019.14 122
434721.03 4999063.6 122
434957.11 4999117.92 122
435197.72 4999184.64 122
435436.87 4999258.24 122
435675.66 4999333.45 122
435915.22 4999404.97 122
436156.65 4999467.53 122
436401.09 4999515.85 122
436602.23 4999541.56 122
436804.84 4999555.24 122
437007.98 4999557.73 122
437217.65 4999549.91 122
437426.81 4999534.72 122
437635.8 4999515.85 122
433303.86 5002175.66 123
433328.89 5001929.25 123
433352.61 5001682.67 123
433373.73 5001435.62 123
433390.94 5001187.8 123
433402.96 5000938.91 123
433408.49 5000688.68 123
433408.82 5000420.13 123
433417.13 5000153.65 123
433450.35 4999892.83 123
433513.65 4999660.64 123
433603.41 4999434.55 123
433710.8 4999212.45 123
433827.04 4998992.26 123
432257.49 5002615.47 124
432246.1 5002363.51 124
432233.38 5002111.78 124
432217.98 5001860.37 124
432198.56 5001609.37 124
432173.78 5001358.87 124
432146.68 5001136.71 124
432116.39 5000914.95 124
432085.0 5000693.26 124
432054.6 5000471.34 124
432027.29 5000248.87 124
432006.97 5000046.72 124
431992.5 4999844.24 124
431985.44 4999641.51 124
431987.07 4999426.77 124
431996.27 4999212.14 124
432010.52 4998997.52 124
432027.29 4998782.83 124
417922.32 4991766.78 125
418141.58 4991859.78 125
418361.46 4991952.37 125
418582.68 4992044.19 125
418805.97 4992134.86 125
419032.06 4992224.02 125
419261.66 4992311.31 125
419549.12 4992420.9 125
419821.33 4992552.1 125
420056.9 4992730.18 125
420228.07 4992947.71 125
420370.7 4993197.53 125
420505.17 4993451.67 125
420651.87 4993682.19 125
420831.21 4993861.12 125
421035.19 4993961.65 125
421271.71 4994012.51 125
421529.7 4994029.86 125
421798.11 4994029.86 125
422065.91 4994028.67 125
422335.3 4994041.3 125
422592.95 4994074.69 125
422840.22 4994133.39 125
423097.12 4994228.22 125
423345.61 4994350.55 125
423588.18 4994493.19 125
423827.3 4994648.96 125
424065.46 4994810.66 125
424305.13 4994971.12 125
424535.84 4995116.6 125
424770.02 4995253.58 125
425007.72 4995381.24 125
425249.01 4995498.75 125
425493.95 4995605.28 125
425742.62 4995700.01 125
425995.07 4995782.11 125
426251.37 4995850.75 125
426494.35 4995902.42 125
426739.98 4995943.44 125
426987.66 4995975.73 125
427236.82 4996001.18 125
427486.86 4996021.72 125
427737.2 4996039.24 125
427992.63 4996055.84 125
428247.56 4996072.43 125
428501.99 4996090.23 125
428755.94 4996110.46 125
429009.39 4996134.33 125
429262.35 4996163.06 125
429514.82 4996197.87 125
429766.79 4996239.96 125
430018.28 4996290.56 125
430249.59 4996347.31 125
430474.67 4996421.15 125
430687.95 4996520.94 125
430894.24 4996656.08 125
431092.72 4996803.97 125
431294.84 4996939.81 125
431519.05 4997047.35 125
431757.02 4997120.43 125
432006.48 4997164.8 125
432265.16 4997186.21 125
432530.76 4997190.41 125
432801.02 4997183.15 125
433073.66 4997170.18 125
432320.27 4996143.95 126
432566.67 4996157.11 126
432812.97 4996171.23 126
433059.14 4996187.33 126
433305.17 4996206.4 126
433551.03 4996229.44 126
433796.71 4996257.47 126
434042.18 4996291.47 126
434287.44 4996332.45 126
434524.98 4996380.31 126
434759.39 4996439.24 126
434988.03 4996512.83 126
435208.24 4996604.71 126
435446.95 4996734.17 126
435675.17 4996883.97 126
435897.17 4997046.1 126
436117.22 4997212.53 126
436339.57 4997375.24 126
436568.51 4997526.22 126
436780.21 4997645.57 126
436998.62 4997752.35 126
437222.1 4997849.73 126
437448.99 4997940.85 126
437677.65 4998028.86 126
429348.6 4998678.11 127
429587.33 4998565.74 127
429825.95 4998453.22 127
430064.49 4998340.34 127
430302.98 4998226.88 127
430541.46 4998112.64 127
430767.37 4998003.96 127
430993.89 4997896.7 127
431221.85 4997793.07 127
431452.07 4997695.31 127
431685.4 4997605.62 127
431922.66 4997526.22 127
432182.75 4997453.22 127
432445.52 4997387.91 127
432708.35 4997323.39 127
432968.66 4997252.75 127
433223.84 4997169.08 127
433471.27 4997065.47 127
433687.37 4996952.68 127
433901.39 4996835.26 127
434120.02 4996730.37 127
434336.3 4996654.53 127
434559.98 4996598.83 127
434788.65 4996556.55 127
435019.89 4996520.94 127
433136.44 4998803.77 128
432696.97 4997295.84 128
425351.49 5003976.8 129
425159.55 5003739.15 129
424973.28 5003498.2 129
424798.23 5003250.46 129
424639.97 5002992.46 129
424508.09 5002736.18 129
424387.97 5002472.99 129
424271.01 5002208.09 129
424148.6 5001946.68 129
424012.15 5001693.96 129
423840.0 5001433.28 129
423645.23 5001187.53 129
423431.9 5000954.83 129
423204.06 5000733.33 129
422965.79 5000521.13 129
422704.43 5000300.89 129
422446.42 5000080.16 129
422202.2 4999849.54 129
421982.2 4999599.62 129
421812.82 4999355.59 129
421663.67 4999095.48 129
421527.3 4998825.66 129
421396.24 4998552.45 129
421283.69 4998320.21 129
421170.32 4998089.64 129
421056.73 4997860.01 129
420943.5 4997630.57 129
420831.21 4997400.56 129
420705.78 4997139.15 129
420581.3 4996876.99 129
420456.56 4996614.76 129
420330.38 4996353.13 129
420201.58 4996092.76 129
420068.96 4995834.32 129
419931.33 4995578.48 129
419813.17 4995369.77 129
419690.41 4995163.84 129
419562.55 4994961.04 129
419429.08 4994761.69 129
419261.45 4994526.7 129
419089.57 4994294.75 129
418917.79 4994063.0 129
418750.47 4993828.64 129
418591.99 4993588.86 129
418460.65 4993368.31 129
418338.19 4993142.43 129
418222.82 4992912.28 129
418112.76 4992678.9 129
418006.21 4992443.32 129
417901.39 4992206.59 129
423488.97 5000981.89 130
423728.25 5000969.55 130
423967.36 5000957.18 130
424206.22 5000944.67 130
424444.73 5000931.95 130
424682.79 5000918.93 130
424920.31 5000905.51 130
425157.2 5000891.62 130
425393.35 5000877.17 130
425642.51 5000861.13 130
425891.08 5000843.93 130
426139.52 5000825.05 130
426388.29 5000803.94 130
426637.86 5000780.1 130
426888.7 5000752.99 130
427141.28 5000722.08 130
427396.05 5000686.86 130
427653.49 5000646.79 130
427899.56 5000602.84 130
428141.94 5000547.61 130
428374.3 5000474.57 130
428590.29 5000377.17 130
428783.57 5000248.87 130
428964.76 5000068.52 130
429120.07 4999856.5 130
429258.85 4999625.99 130
429390.46 4999390.19 130
429508.16 4999184.17 130
429626.89 4998982.46 130
429746.22 4998782.83 130
431169.27 5001316.98 131
431147.3 5001075.77 131
431124.91 5000834.69 131
431101.69 5000593.75 131
431077.21 5000352.96 131
431051.05 5000112.34 131
431022.78 4999871.88 131
430992.29 4999632.71 131
430959.81 4999393.86 131
430925.83 4999155.23 131
430890.85 4998916.68 131
430855.37 4998678.11 131
417964.17 4998720.0 132
418228.49 4998732.57 132
418492.73 4998745.19 132
418756.92 4998757.91 132
419021.08 4998770.77 132
419285.23 4998783.83 132
419549.39 4998797.14 132
419813.58 4998810.75 132
420077.82 4998824.71 132
420325.56 4998838.15 132
420573.2 4998851.87 132
420820.78 4998865.82 132
421068.36 4998879.94 132
421315.97 4998894.18 132
421563.66 4998908.49 132
426544.35 4999746.22 133
426298.06 4999725.52 133
426051.86 4999704.54 133
425805.77 4999683.03 133
425559.8 4999660.7 133
425313.94 4999637.28 133
425068.22 4999612.49 133
424822.63 4999586.07 133
424577.19 4999557.73 133
424329.39 4999527.07 133
424081.84 4999495.01 133
423834.39 4999462.38 133
423586.91 4999429.99 133
423339.28 4999398.67 133
423091.35 4999369.24 133
422868.44 4999344.94 133
422645.39 4999322.48 133
422422.22 4999301.48 133
422198.93 4999281.57 133
421975.53 4999262.4 133
421752.0 4999243.58 133
419177.95 5000814.34 134
419063.92 5000566.2 134
418962.18 5000315.74 134
418884.97 5000060.38 134
418843.63 4999820.48 134
418827.08 4999575.8 134
418829.09 4999327.51 134
418843.48 4999076.76 134
418864.04 4998824.71 134
421312.53 5002343.21 135
421175.14 5002124.48 135
421043.85 5001903.96 135
420924.76 5001679.71 135
420823.95 5001449.79 135
420747.5 5001212.26 135
420705.94 5001012.52 135
420678.63 5000808.56 135
420659.59 5000602.25 135
420642.86 5000395.47 135
420623.91 5000192.16 135
420602.59 4999989.92 135
420580.08 4999788.11 135
422923.93 5001631.13 136
422995.12 5001855.83 136
423064.19 5002080.83 136
423129.06 5002306.57 136
423187.64 5002533.51 136
423237.84 5002762.08 136
423281.86 5003016.83 136
423315.17 5003273.48 136
423339.93 5003531.66 136
423358.28 5003791.03 136
423372.37 5004051.22 136
423384.33 5004311.89 136
425246.86 5003851.14 137
425271.51 5003620.79 137
425296.77 5003390.5 137
425323.23 5003160.15 137
425351.49 5002929.63 137
425378.55 5002720.27 137
425403.94 5002510.91 137
425424.04 5002301.47 137
425435.2 5002091.89 137
425433.84 5001853.16 137
425419.44 5001614.46 137
425395.25 5001375.75 137
425364.53 5001136.98 137
425330.57 5000898.11 137
426272.29 5003285.66 138
426268.15 5003034.26 138
426263.58 5002782.96 138
426258.13 5002531.7 138
426251.37 5002280.38 138
426243.36 5002039.39 138
426234.01 5001798.51 138
426223.59 5001557.71 138
426212.37 5001316.94 138
426200.61 5001076.15 138
426188.59 5000835.28 138
430227.55 5002636.42 139
430069.21 5002427.48 139
429912.83 5002217.43 139
429760.28 5002005.05 139
429613.43 5001789.08 139
429474.17 5001568.3 139
429335.62 5001327.66 139
429204.31 5001082.62 139
429076.55 5000835.28 139
418131.59 4998028.86 140
418361.37 4998017.33 140
418590.56 4998003.6 140
418818.68 4997985.45 140
419045.26 4997960.65 140
419269.81 4997927.0 140
419491.86 4997882.26 140
419761.23 4997810.06 140
420026.76 4997721.78 140
420289.44 4997621.43 140
420550.28 4997513.02 140
420810.28 4997400.56 140
421082.33 4997756.6 141
421070.42 4997500.44 141
421056.28 4997244.5 141
421037.64 4996988.89 141
421012.21 4996733.71 141
420977.7 4996479.05 141
420928.81 4996210.2 141
420865.13 4995944.58 141
420784.49 4995684.4 141
420684.71 4995431.88 141
420560.03 4995179.87 141
420417.54 4994936.72 141
420262.14 4994700.29 141
420098.75 4994468.48 141
419912.39 4994215.44 141
419718.42 4993969.81 141
419512.79 4993735.46 141
419271.44 4993495.48 141
419015.23 4993270.34 141
418747.86 4993056.28 141
418473.01 4992849.55 141
418194.37 4992646.4 141
417901.39 4989902.81 142
418139.07 4990139.19 142
418379.58 4990371.5 142
418625.88 4990595.76 142
418880.92 4990807.98 142
419147.67 4991004.17 142
419429.08 4991180.36 142
419688.12 4991317.45 142
419951.82 4991447.64 142
420211.57 4991582.58 142
420458.74 4991733.94 142
420684.71 4991913.38 142
420898.09 4992142.83 142
421096.02 4992390.77 142
421297.57 4992630.4 142
421521.8 4992834.89 142
421716.33 4992953.37 142
421929.39 4993044.26 142
422155.68 4993115.76 142
422389.93 4993176.03 142
422626.85 4993233.27 142
422861.15 4993295.65 142
423107.0 4993376.37 142
423344.86 4993470.78 142
423576.3 4993577.1 142
423802.88 4993693.57 142
424028.66 4993819.44 142
424252.66 4993949.46 142
424476.77 4994079.38 142
424702.9 4994204.93 142
424932.95 4994321.88 142
425153.89 4994420.92 142
425379.07 4994510.13 142
425607.8 4994591.17 142
425839.38 4994665.67 142
426073.13 4994735.28 142
426308.35 4994801.64 142
426544.35 4994866.41 142
421375.31 4997191.13 143
421481.78 4996932.44 143
421593.75 4996676.77 143
421716.84 4996426.96 143
421856.64 4996185.84 143
422028.43 4995935.42 143
422203.43 4995687.83 143
422358.9 4995431.88 143
422467.28 4995186.74 143
422548.03 4994929.15 143
422608.07 4994662.19 143
422654.33 4994388.93 143
422693.73 4994112.44 143
421145.11 4997463.39 144
421380.95 4997464.05 144
421616.7 4997464.67 144
421852.34 4997465.18 144
422087.87 4997465.49 144
422323.27 4997465.54 144
422558.53 4997465.25 144
422793.63 4997464.56 144
423028.57 4997463.39 144
423274.82 4997461.46 144
423520.83 4997458.06 144
423766.74 4997452.29 144
424012.67 4997443.24 144
424258.73 4997429.99 144
424505.06 4997411.63 144
424751.78 4997387.25 144
424999.0 4997355.94 144
425246.86 4997316.79 144
425481.94 4997271.15 144
425713.96 4997214.17 144
425939.35 4997142.31 144
426154.55 4997052.04 144
426356.0 4996939.81 144
426590.3 4996761.57 144
426803.09 4996552.13 144
427001.61 4996321.85 144
427193.09 4996081.12 144
417713.04 4987745.64 145
417958.19 4987861.43 145
418203.74 4987977.54 145
418450.18 4988094.39 145
418698.02 4988212.42 145
418947.75 4988332.06 145
419219.21 4988465.14 145
419483.55 4988608.67 145
419731.13 4988770.96 145
419952.26 4988960.36 145
420129.39 4989166.03 145
420286.16 4989392.15 145
420433.89 4989628.52 145
420583.9 4989864.97 145
420747.5 4990091.3 145
420955.06 4990327.38 145
421166.52 4990557.87 145
421354.39 4990803.38 145
421483.16 4991045.82 145
421578.52 4991307.04 145
421647.37 4991578.29 145
421688.24 4991800.67 145
421718.21 4992023.57 145
421739.47 4992246.91 145
421754.22 4992470.6 145
421764.64 4992694.55 145
421772.93 4992918.67 145
423049.5 4992395.08 146
423197.01 4992603.75 146
423339.9 4992814.76 146
423473.61 4993030.59 146
423593.6 4993253.76 146
423691.84 4993471.53 146
423781.95 4993693.57 146
423886.59 4992311.31 147
423971.4 4992530.85 147
424055.74 4992750.48 147
424139.22 4992970.42 147
424221.42 4993190.93 147
424301.41 4993410.32 147
424380.09 4993630.11 147
424457.91 4993850.21 147
424535.33 4994070.56 147
421459.02 4997756.6 148
421637.88 4998016.88 148
421823.8 4998270.39 148
422024.06 4998510.56 148
422250.19 4998738.65 148
422493.21 4998950.7 148
422747.56 4999152.11 148
423007.64 4999348.3 148
425832.82 4998301.13 149
426272.29 4996918.86 149
426921.04 4998489.62 150
426809.53 4998706.32 150
426687.52 4998912.29 150
426544.35 4999096.98 150
426353.1 4999267.27 150
426132.98 4999408.24 150
425893.58 4999529.71 150
425644.48 4999641.51 150
427779.06 4999473.96 151
426858.26 5000206.98 151
426732.69 4994175.27 152
426988.02 4994172.37 152
427243.28 4994169.8 152
427498.44 4994167.91 152
427753.49 4994167.04 152
428008.41 4994167.54 152
428263.2 4994169.74 152
428517.83 4994174.0 152
428772.28 4994180.66 152
429026.55 4994190.05 152
429280.62 4994202.53 152
429534.46 4994218.43 152
429788.08 4994238.1 152
430050.13 4994262.59 152
430311.86 4994290.68 152
430573.35 4994321.6 152
430834.67 4994354.58 152
431095.93 4994388.85 152
431357.19 4994423.62 152
431618.54 4994458.12 152
431880.06 4994491.58 152
432141.85 4994523.21 152
432403.98 4994552.25 152
432642.25 4994575.96 152
432880.62 4994597.79 152
433119.03 4994618.66 152
433357.37 4994639.49 152
433595.56 4994661.19 152
433833.52 4994684.69 152
434071.15 4994710.9 152
434308.36 4994740.75 152
434532.46 4994772.93 152
434756.03 4994808.5 152
434979.22 4994846.78 152
435202.15 4994887.09 152
435424.94 4994928.76 152
435647.71 4994971.12 152
431232.06 4996876.97 153
431291.72 4996669.61 153
431358.92 4996465.98 153
431441.33 4996269.62 153
431593.65 4996008.0 153
431779.2 4995764.96 153
431985.44 4995536.6 153
432227.84 4995294.05 153
432477.68 4995061.99 153
432732.53 4994836.86 153
432989.95 4994615.08 153
434057.24 4996290.56 154
433638.69 4994656.97 154
433220.15 4994615.08 155
433108.97 4994372.1 155
432997.93 4994129.13 155
432887.17 4993886.1 155
432776.78 4993642.93 155
432666.87 4993399.55 155
432557.57 4993155.87 155
432448.97 4992911.83 155
432341.2 4992667.35 155
432235.39 4992424.85 155
432130.39 4992182.1 155
432025.97 4991939.13 155
431921.92 4991695.97 155
431818.02 4991452.63 155
423781.95 4990049.42 156
423909.17 4989795.93 156
424037.78 4989543.39 156
424169.27 4989292.53 156
424305.13 4989044.13 156
424448.38 4988795.59 156
424596.86 4988550.21 156
424749.92 4988307.59 156
424906.91 4988067.31 156
425067.19 4987828.97 156
425230.1 4987592.17 156
425395.0 4987356.51 156
425561.25 4987121.57 156
425728.19 4986886.96 156
425163.15 4987808.47 157
425373.78 4987791.86 157
425583.8 4987779.78 157
425792.77 4987776.82 157
426000.24 4987787.53 157
426266.25 4987826.69 157
426528.79 4987891.26 157
426788.07 4987976.04 157
427044.31 4988075.83 157
427297.73 4988185.45 157
427545.95 4988299.14 157
427791.94 4988416.04 157
428036.26 4988534.91 157
428279.44 4988654.47 157
428522.01 4988773.46 157
428764.52 4988890.61 157
429007.51 4989004.65 157
429251.51 4989114.32 157
429497.07 4989218.35 157
429744.73 4989315.48 157
429995.01 4989404.43 157
430248.48 4989483.95 157
430483.89 4989547.78 157
430722.0 4989603.59 157
430962.55 4989652.41 157
431205.25 4989695.25 157
431449.83 4989733.13 157
431696.04 4989767.07 157
431943.58 4989798.1 157
432168.85 4989825.56 157
432392.16 4989858.14 157
432610.92 4989902.58 157
432822.53 4989965.64 157
433073.28 4990076.07 157
433313.47 4990213.87 157
433547.99 4990367.26 157
433781.74 4990524.49 157
434019.62 4990673.79 157
434266.51 4990803.38 157
434512.71 4990900.94 157
434766.82 4990979.8 157
435024.39 4991049.86 157
435280.96 4991120.99 157
435532.07 4991203.08 157
435773.27 4991306.02 157
436019.66 4991447.99 157
436254.84 4991612.86 157
436484.8 4991787.72 157
436710.26 4991958.79 157
436936.05 4992127.49 157
437162.1 4992294.42 157
437388.39 4992460.21 157
437614.87 4992625.46 157
434998.96 4994196.22 158
435234.3 4993981.36 158
435469.61 4993766.63 158
435705.02 4993552.03 158
435940.69 4993337.54 158
436162.34 4993136.17 158
436384.06 4992935.06 158
436605.88 4992734.09 158
436827.8 4992533.18 158
437049.84 4992332.25 158
433471.27 4992122.82 159
433734.16 4992079.35 159
433996.74 4992034.97 159
434258.87 4991988.75 159
434520.37 4991939.74 159
434781.07 4991887.0 159
435040.82 4991829.61 159
435263.82 4991775.92 159
435486.0 4991718.95 159
435707.59 4991659.49 159
435928.83 4991598.37 159
436149.96 4991536.4 159
432320.27 4991347.91 160
432717.89 4989944.7 160
432383.06 4989860.93 161
432780.67 4987243.0 161
426272.29 4993400.37 162
426536.88 4993145.51 162
426791.31 4992882.9 162
427025.68 4992604.52 162
427194.33 4992362.11 162
427339.58 4992101.87 162
427444.55 4991873.29 162
427555.02 4991650.38 162
427695.35 4991452.63 162
427843.33 4991319.53 162
428009.26 4991201.31 162
424346.99 4991557.34 163
424134.97 4991364.06 163
423930.28 4991163.96 163
423740.1 4990949.99 163
423612.28 4990778.3 163
423499.67 4990596.42 163
423405.26 4990405.46 163
423326.47 4990193.28 163
423265.91 4989974.52 163
423217.47 4989751.32 163
423175.06 4989525.83 163
424054.0 4991180.36 164
424765.53 4990489.23 164
422212.4 4991662.06 165
422392.12 4991423.23 165
422578.25 4991190.79 165
422777.44 4990970.93 165
422971.04 4990787.88 165
423175.04 4990615.1 165
423384.33 4990447.34 165
417880.46 4983138.09 166
417983.0 4983382.41 166
418082.9 4983627.36 166
418177.58 4983873.71 166
418264.43 4984122.25 166
418340.86 4984373.75 166
418398.45 4984599.87 166
418447.45 4984828.27 166
418489.58 4985058.52 166
418526.56 4985290.18 166
418560.12 4985522.83 166
418591.99 4985756.02 166
417754.9 4989672.44 167
418173.44 4987996.96 167
418403.64 4988101.68 168
418515.6 4987875.58 168
418628.79 4987649.93 168
418744.5 4987425.01 168
418864.04 4987201.11 168
418980.16 4986988.88 168
419088.79 4986773.9 168
419177.95 4986551.87 168
419237.24 4986334.42 168
419282.59 4986112.05 168
419617.42 4988709.04 169
419757.37 4988456.47 169
419876.06 4988199.67 169
419952.26 4987934.13 169
419973.32 4987687.36 169
419965.86 4987434.65 169
419952.26 4987180.17 169
419950.23 4986927.36 169
419959.0 4986676.38 169
419973.19 4986426.2 169
427088.46 4984122.43 170
427170.5 4984384.25 170
427256.04 4984644.43 170
427348.7 4984901.46 170
427452.08 4985153.81 170
427569.78 4985399.98 170
427741.26 4985697.28 170
427938.2 4985980.01 170
428158.24 4986246.03 170
428398.97 4986493.21 170
428658.0 4986719.41 170
428891.22 4986894.72 170
429133.55 4987056.44 170
429382.74 4987207.99 170
429636.55 4987352.81 170
429892.71 4987494.32 170
431671.53 4981713.93 171
431792.79 4981955.99 171
431915.92 4982197.2 171
432042.91 4982436.78 171
432175.73 4982673.96 171
432316.36 4982907.99 171
432466.77 4983138.09 171
432691.3 4983440.3 171
432946.35 4983712.54 171
433241.07 4983933.94 171
433483.93 4984057.39 171
433734.24 4984167.54 171
433973.53 4984289.98 171
434232.69 4984485.37 171
434455.75 4984726.38 171
434651.78 4985001.64 171
434829.83 4985299.77 171
434998.96 4985609.41 171
433554.98 4983159.03 172
433806.95 4983174.55 172
434058.69 4983191.0 172
434310.14 4983209.29 172
434561.19 4983230.39 172
434811.76 4983255.21 172
435061.75 4983284.69 172
435319.74 4983320.83 172
435576.92 4983362.27 172
435833.39 4983408.36 172
436089.27 4983458.44 172
436344.68 4983511.85 172
436599.71 4983567.91 172
436854.49 4983625.98 172
437109.13 4983685.37 172
437363.75 4983745.45 172
428658.0 4984604.13 173
428812.01 4984355.98 173
428970.79 4984110.73 173
429139.33 4983871.11 173
429299.11 4983668.19 173
429472.61 4983477.78 173
429662.51 4983305.63 173
429836.41 4983177.37 173
430019.25 4983060.63 173
430206.62 4982949.6 173
420621.93 4986656.58 174
420850.86 4986461.36 174
421085.9 4986276.45 174
421333.46 4986112.05 174
421537.61 4986003.61 174
421750.35 4985910.42 174
421969.15 4985829.04 174
422191.48 4985756.02 174
422433.2 4985683.17 174
422675.74 4985615.52 174
422919.03 4985552.41 174
423162.95 4985493.18 174
423407.42 4985437.18 174
423652.33 4985383.76 174
423897.61 4985332.27 174
424143.14 4985282.04 174
424388.84 4985232.43 174
422798.37 4987724.7 175
422669.26 4987493.14 175
422532.39 4987267.76 175
422379.82 4987054.51 175
422177.63 4986826.02 175
421962.25 4986607.6 175
421752.0 4986384.32 175
421623.89 4986229.35 175
421500.88 4986070.17 175
423949.37 4987368.66 176
423810.57 4987120.1 176
423676.5 4986869.53 176
423551.75 4986614.7 176
423455.87 4986393.88 176
423368.12 4986169.52 176
423286.46 4985942.48 176
423208.84 4985713.61 176
423133.2 4985483.75 176
421605.51 4982593.56 177
421831.78 4982839.79 177
422053.28 4983090.08 177
422265.4 4983348.66 177
422463.53 4983619.79 177
422588.66 4983808.95 177
422717.19 4983994.21 177
422861.15 4984164.31 177
423054.52 4984331.55 177
423266.44 4984480.72 177
423479.76 4984628.76 177
423677.31 4984792.62 177
423889.59 4985041.12 177
424074.93 4985316.2 177
422097.3 5013380.39 178
422467.76 5013345.34 178
422838.29 5013310.03 178
423209.13 5013274.18 178
423580.54 5013237.5 178
423952.77 5013199.7 178
424326.06 5013160.49 178
424734.29 5013115.25 178
425142.12 5013064.35 178
425547.97 5013004.08 178
425950.25 5012930.73 178
426347.38 5012840.58 178
426737.77 5012729.91 178
427119.85 5012595.02 178
427462.36 5012448.77 178
427799.66 5012288.09 178
428135.21 5012121.99 178
428472.49 5011959.5 178
428814.96 5011809.64 178
429197.75 5011668.62 178
429588.66 5011550.68 178
429985.93 5011452.99 178
430387.82 5011372.71 178
430792.58 5011307.0 178
431167.63 5011257.07 178
431543.25 5011216.55 178
431919.37 5011184.75 178
432295.92 5011161.01 178
432672.8 5011144.64 178
433049.94 5011134.98 178
433427.26 5011131.36 178
433804.68 5011133.09 178
434182.12 5011139.5 178
434559.49 5011149.92 178
434934.85 5011163.69 178
435309.92 5011180.54 178
435684.72 5011200.22 178
436059.28 5011222.46 178
436433.65 5011247.01 178
436807.84 5011273.61 178
437181.9 5011302.0 178
437555.84 5011331.92 178
437929.72 5011363.12 178
438303.55 5011395.33 178
438677.36 5011428.3 178
439051.2 5011461.77 178
439425.08 5011495.49 178
422348.43 5018375.4 179
422726.67 5018325.18 179
423104.86 5018275.03 179
423483.03 5018225.03 179
423861.19 5018175.25 179
424239.37 5018125.77 179
424617.59 5018076.65 179
424995.88 5018027.96 179
425374.25 5017979.79 179
425752.72 5017932.2 179
426131.32 5017885.26 179
426510.08 5017839.05 179
426889.0 5017793.64 179
427268.12 5017749.1 179
427647.46 5017705.5 179
428027.04 5017662.93 179
428406.88 5017621.44 179
428790.75 5017580.76 179
429174.75 5017541.6 179
429558.87 5017504.3 179
429943.11 5017469.2 179
430327.47 5017436.62 179
430711.96 5017406.9 179
431096.56 5017380.37 179
431481.28 5017357.37 179
431866.12 5017338.23 179
432251.08 5017323.28 179
432636.15 5017312.85 179
433021.34 5017307.29 179
433386.68 5017306.69 179
433751.97 5017310.34 179
434117.21 5017317.82 179
434482.42 5017328.7 179
434847.61 5017342.56 179
435212.81 5017358.97 179
435578.02 5017377.5 179
435943.27 5017397.73 179
436308.57 5017419.24 179
436673.93 5017441.59 179
437039.37 5017464.36 179
432770.21 5018563.89 180
433145.28 5018429.15 180
433520.55 5018296.31 180
433896.34 5018167.24 180
434272.99 5018043.82 180
434650.79 5017927.94 180
435030.09 5017821.46 180
435411.19 5017726.27 180
435794.41 5017644.24 180
436180.08 5017577.26 180
436568.51 5017527.19 180
436932.87 5017496.31 180
437298.93 5017476.48 180
437665.97 5017462.4 180
438033.28 5017448.76 180
438400.15 5017430.24 180
438765.87 5017401.53 180
439146.22 5017356.42 180
439524.63 5017297.42 180
439901.52 5017227.53 180
440277.34 5017149.75 180
440652.52 5017067.05 180
441027.5 5016982.44 180
441402.71 5016898.89 180
441797.29 5016814.8 180
442192.14 5016733.95 180
442587.09 5016655.08 180
442982.01 5016576.87 180
443376.75 5016498.05 180
443771.16 5016417.33 180
444165.11 5016333.42 180
444557.35 5016246.02 180
444949.22 5016157.27 180
445341.42 5016070.2 180
445734.65 5015987.85 180
446097.04 5015918.47 180
446460.38 5015854.86 180
446824.57 5015796.19 180
447189.48 5015741.64 180
447555.0 5015690.38 180
447921.01 5015641.58 180
448287.38 5015594.41 180
448654.01 5015548.04 180
430196.16 5014574.17 181
430120.95 5014204.35 181
430047.3 5013834.41 181
429976.72 5013464.04 181
429910.73 5013092.91 181
429850.86 5012720.68 181
429807.11 5012415.03 181
429767.24 5012108.89 181
429729.94 5011802.34 181
429693.9 5011495.49 181
432895.77 5014699.83 182
432788.97 5014318.97 182
432686.91 5013937.62 182
432594.31 5013555.07 182
432515.87 5013170.6 182
432456.3 5012783.51 182
432422.61 5012446.93 182
432403.01 5012108.62 182
432393.99 5011768.95 182
432392.0 5011428.31 182
432393.52 5011087.09 182
427496.54 5013380.39 183
429945.03 5013380.39 183
438295.01 5014542.76 184
438514.75 5011495.49 184
422756.51 5020511.63 185
424200.5 5018124.08 185
428658.0 5019380.69 186
429379.99 5017495.78 186
423886.59 5020700.12 187
424248.14 5020733.04 187
424609.5 5020766.59 187
424970.64 5020801.42 187
425331.54 5020838.17 187
425692.19 5020877.49 187
426052.56 5020920.03 187
426414.38 5020966.46 187
426775.69 5021016.11 187
427136.62 5021068.35 187
427497.31 5021122.54 187
427857.9 5021178.03 187
428218.53 5021234.18 187
427873.23 5021831.07 188
428236.5 5021911.6 188
428599.88 5021986.14 188
428963.69 5022048.68 188
429328.26 5022093.24 188
429693.9 5022113.8 188
430007.11 5022109.39 188
430320.85 5022088.56 188
430635.03 5022056.79 188
430949.54 5022019.56 188
432173.78 5023024.84 189
432543.04 5022739.57 189
432878.6 5022432.74 189
433146.9 5022082.39 189
433301.16 5021748.57 189
433408.69 5021387.0 189
433492.2 5021014.27 189
433562.18 5020681.88 189
433628.79 5020352.44 189
433689.88 5020024.07 189
433743.33 5019694.84 189
433794.52 5019305.15 189
433835.44 5018912.96 189
433869.54 5018519.03 189
433900.28 5018124.08 189
423478.5 5022836.35 190
423827.62 5023244.67 190
424197.31 5023621.57 190
424608.58 5023935.88 190
424895.99 5024090.62 190
425200.62 5024218.79 190
425515.3 5024331.16 190
425832.82 5024438.52 190
426191.22 5024565.62 190
426545.05 5024698.17 190
426895.91 5024834.42 190
427245.41 5024972.58 190
422505.39 5025004.0 191
425958.39 5024501.35 191
426492.03 5024627.01 192
426881.09 5024585.55 192
427270.08 5024545.04 192
427659.17 5024506.4 192
428048.51 5024470.59 192
428438.27 5024438.52 192
428787.64 5024413.56 192
429137.14 5024391.84 192
429486.78 5024372.82 192
429836.56 5024355.95 192
430186.49 5024340.7 192
430536.55 5024326.51 192
430886.76 5024312.86 192
429693.9 5025192.49 193
430074.82 5024870.11 193
430468.15 5024577.5 193
430886.76 5024344.28 193
431199.32 5024229.2 193
431526.12 5024147.95 193
431863.16 5024090.83 193
432206.45 5024048.15 193
432551.98 5024010.2 193
432895.77 5023967.3 193
433214.29 5023915.73 193
433528.79 5023854.53 193
433840.7 5023786.88 193
434151.41 5023715.98 193
432173.78 5025223.9 194
432565.75 5025159.56 194
432957.77 5025102.11 194
433350.18 5025058.44 194
433743.33 5025035.41 194
434119.46 5025036.99 194
434495.99 5025057.41 194
434872.88 5025090.4 194
435250.09 5025129.66 194
436380.16 5020951.44 195
436722.47 5020859.49 195
437064.3 5020766.28 195
437405.34 5020670.49 195
437745.27 5020570.81 195
438083.79 5020465.94 195
438420.57 5020354.56 195
438725.61 5020247.54 195
439030.23 5020139.94 195
439336.09 5020037.55 195
439644.82 5019946.16 195
439965.93 5019868.26 195
440290.54 5019804.61 195
440617.84 5019751.64 195
440877.57 5019715.44 195
440877.97 5019715.39 195
441211.65 5019670.94 195
441545.68 5019630.2 195
441880.04 5019592.64 195
442214.7 5019557.71 195
442549.61 5019524.9 195
442884.74 5019493.66 195
443220.07 5019463.47 195
443555.55 5019433.79 195
439801.77 5024784.09 196
439394.21 5024638.18 196
438997.57 5024480.15 196
438622.63 5024297.68 196
438280.21 5024078.48 196
437981.1 5023810.22 196
437714.31 5023454.63 196
437506.78 5023049.25 196
437353.28 5022616.45 196
437266.26 5022268.06 196
437203.8 5021917.42 196
437159.74 5021565.05 196
437127.91 5021211.47 196
437102.15 5020857.2 196
435564.0 5019443.52 197
435928.08 5019127.06 197
436285.84 5018804.56 197
436631.29 5018469.65 197
436910.8 5018173.29 197
437181.3 5017868.2 197
437447.45 5017558.61 197
439079.78 5020071.82 198
439770.38 5017275.87 198
438734.48 5013820.21 199
438736.96 5013820.4 199
439085.22 5013845.56 199
439433.56 5013868.27 199
439781.97 5013888.76 199
440130.46 5013907.25 199
440479.04 5013923.96 199
440827.69 5013939.12 199
441176.42 5013952.94 199
441525.24 5013965.65 199
441874.13 5013977.48 199
442223.11 5013988.64 199
442572.18 5013999.37 199
442921.32 5014009.87 199
440617.94 5017055.97 200
440527.76 5016659.24 200
440432.89 5016264.25 200
440328.52 5015872.42 200
440209.85 5015485.21 200
440094.61 5015159.15 200
439968.32 5014836.9 200
439833.73 5014517.47 200
439693.59 5014199.85 200
439550.64 5013883.04 200
442564.17 5022365.12 201
442335.39 5021982.21 201
442113.45 5021595.99 201
441904.96 5021202.76 201
441751.25 5020881.77 201
441606.23 5020556.48 201
441465.49 5020228.9 201
441434.1 5012657.85 202
441781.97 5012874.3 202
442132.23 5013080.61 202
442487.47 5013266.64 202
442850.32 5013422.3 202
443223.38 5013537.47 202
443576.38 5013601.56 202
443937.62 5013631.12 202
444304.89 5013634.4 202
444675.98 5013619.62 202
445048.66 5013595.04 202
445420.74 5013568.89 202
445806.11 5013547.2 202
446188.92 5013532.43 202
446570.06 5013524.33 202
446950.41 5013522.64 202
447330.86 5013527.1 202
447712.28 5013537.47 202
448103.11 5013554.34 202
448494.2 5013579.71 202
448884.26 5013616.29 202
449271.98 5013666.77 202
449656.06 5013733.84 202
450035.21 5013820.21 202
450391.48 5013922.21 202
450742.63 5014041.34 202
451089.54 5014174.74 202
451433.08 5014319.56 202
451774.14 5014472.96 202
452113.59 5014632.08 202
452452.3 5014794.08 202
454272.98 5018501.06 203
454121.23 5018092.41 203
453967.21 5017685.01 203
453808.54 5017279.96 203
453642.86 5016878.35 203
453467.8 5016481.28 203
453281.01 5016089.83 203
453080.12 5015705.12 203
452858.65 5015313.13 203
452640.65 5014919.74 203
452458.92 5014551.4 203
452294.86 5014174.99 203
452145.52 5013791.83 203
452007.94 5013403.23 203
451879.15 5013010.52 203
451756.2 5012615.01 203
451636.14 5012218.03 203
454304.37 5012155.2 204
454387.97 5012492.57 204
454478.87 5012825.61 204
454584.48 5013150.18 204
454712.2 5013462.16 204
454869.4 5013757.38 204
455150.35 5014147.15 204
455471.35 5014514.46 204
455797.44 5014880.22 204
456093.65 5015265.3 204
456279.78 5015577.62 204
456439.48 5015905.9 204
456583.22 5016243.73 204
456721.47 5016584.74 204
456882.47 5016968.82 204
457050.58 5017348.16 204
457226.78 5017722.78 204
457412.07 5018092.67 204
457601.04 5018447.08 204
457797.98 5018797.36 204
458001.56 5019144.2 204
458210.47 5019488.34 204
458423.4 5019830.48 204
458639.03 5020171.34 204
458856.05 5020511.63 204
453394.03 5014008.7 205
453571.63 5014397.06 205
453756.59 5014780.78 205
453956.46 5015155.44 205
454178.8 5015516.62 205
454497.5 5015945.25 205
454855.68 5016343.61 205
455246.09 5016710.4 205
455573.1 5016977.9 205
455912.89 5017227.96 205
456262.94 5017464.08 205
456620.71 5017689.79 205
456983.67 5017908.62 205
457349.29 5018124.08 205
443317.55 5019506.35 206
444479.02 5019977.57 206
443631.46 5022365.12 207
443719.8 5022008.02 207
443813.57 5021652.49 207
443918.3 5021299.86 207
444039.54 5020951.44 207
444177.92 5020620.94 207
444343.18 5020304.14 207
444541.8 5020008.99 207
444749.28 5019760.35 207
444949.88 5019506.35 207
445144.61 5019145.66 207
445263.79 5018752.38 207
445310.36 5018392.84 207
445326.57 5018029.84 207
441277.14 5017778.51 208
441635.88 5017776.89 208
441994.53 5017775.45 208
442353.14 5017774.41 208
442711.79 5017773.98 208
443070.51 5017774.38 208
443429.36 5017775.82 208
443788.42 5017778.51 208
444139.92 5017782.89 208
444491.23 5017790.87 208
444842.19 5017804.72 208
445192.66 5017826.71 208
445542.51 5017859.11 208
445891.61 5017904.18 208
446212.01 5017958.87 208
446529.36 5018028.13 208
446841.74 5018113.96 208
447147.24 5018218.33 208
447496.91 5018366.34 208
447836.76 5018536.65 208
448169.7 5018723.1 208
448498.65 5018919.54 208
448826.53 5019119.85 208
449156.26 5019317.86 208
449506.59 5019516.63 208
449863.08 5019701.25 208
450227.17 5019866.96 208
450600.24 5020008.99 208
450930.91 5020110.24 208
451267.23 5020193.84 208
451607.51 5020263.55 208
451950.05 5020323.14 208
452282.5 5020374.36 208
452615.08 5020420.74 208
452947.81 5020463.49 208
453280.7 5020503.86 208
453613.77 5020543.05 208
446331.08 5022459.37 209
446683.04 5022287.68 209
447036.36 5022121.24 209
447392.63 5021965.25 209
447753.44 5021824.91 209
448120.36 5021705.41 209
448508.89 5021606.85 209
448903.48 5021529.65 209
449302.32 5021466.93 209
449703.58 5021411.83 209
450105.43 5021357.47 209
450506.07 5021297.01 209
450860.46 5021233.6 209
451212.63 5021161.77 209
451563.09 5021083.29 209
451912.34 5020999.95 209
452260.89 5020913.52 209
452609.26 5020825.78 209
452973.93 5020734.19 209
453338.64 5020643.12 209
453703.42 5020552.5 209
454068.27 5020462.24 209
454433.2 5020372.26 209
454798.22 5020282.49 209
455163.36 5020192.84 209
455528.61 5020103.23 209
442783.91 5021579.75 210
442784.24 5021577.2 210
442818.52 5021231.75 210
442833.46 5020885.18 210
442832.92 5020537.68 210
442820.77 5020189.43 210
442800.9 5019840.64 210
442777.18 5019491.49 210
444730.14 5019851.91 211
445089.86 5020041.84 211
445452.13 5020228.9 211
445740.51 5020377.2 211
446017.17 5020543.05 211
446358.43 5020817.12 211
446682.54 5021115.41 211
447021.68 5021391.26 211
447402.13 5021613.11 211
447806.45 5021799.65 211
448591.22 5021611.16 212
448742.49 5021945.13 212
448936.52 5022239.46 212
449175.41 5022448.21 212
449456.71 5022617.55 212
449752.69 5022773.52 212
450044.35 5022941.61 212
450317.81 5023128.16 212
450568.85 5023338.99 212
450897.51 5023699.56 212
451196.67 5024092.96 212
444730.14 5022679.28 213
445063.37 5022497.95 213
445397.73 5022319.14 213
445734.65 5022145.22 213
446084.45 5021973.41 213
446437.04 5021807.54 213
446791.59 5021645.57 213
447147.24 5021485.5 213
442061.92 5017715.68 214
442457.54 5017599.64 214
442854.57 5017492.12 214
443254.77 5017401.53 214
443633.77 5017337.37 214
444015.67 5017289.46 214
444399.55 5017251.64 214
444784.5 5017217.75 214
445169.62 5017181.63 214
445529.77 5017141.03 214
445888.59 5017092.46 214
446245.75 5017035.22 214
446600.96 5016968.62 214
446953.88 5016891.99 214
447304.2 5016804.65 214
447700.17 5016691.9 214
448092.98 5016568.11 214
448483.79 5016436.92 214
448873.74 5016302.0 214
445201.01 5017935.59 215
445609.09 5017118.8 215
445389.35 5017118.8 216
445546.31 5016113.51 216
445389.35 5016082.1 217
445451.39 5015737.27 217
445507.44 5015392.24 217
445551.54 5015046.58 217
445577.7 5014699.83 217
445581.92 5014334.07 217
445568.52 5013967.48 217
445546.31 5013600.3 217
443568.68 5016490.49 218
443590.38 5016176.31 218
443609.68 5015862.23 218
443624.18 5015548.14 218
443631.46 5015233.89 218
443628.38 5014849.04 218
443614.49 5014464.28 218
443593.38 5014079.49 218
443568.68 5013694.55 218
441842.18 5009987.56 219
441845.83 5010381.58 219
441854.29 5010774.95 219
441872.39 5011167.32 219
441904.96 5011558.32 219
441952.44 5011929.11 219
442013.02 5012298.4 219
442082.36 5012666.78 219
442156.09 5013034.83 219
451636.14 5020197.48 220
451994.06 5020045.45 220
452358.13 5019914.74 220
452717.48 5019824.94 220
453085.05 5019767.91 220
453458.01 5019737.17 220
453833.5 5019726.25 220
454119.2 5019729.03 220
454402.37 5019747.38 220
454681.06 5019789.08 220
455014.93 5019877.92 220
455342.98 5019993.96 220
455669.67 5020117.51 220
455999.48 5020228.9 220
456384.38 5020323.06 220
456776.01 5020388.02 220
457171.75 5020436.25 220
457569.02 5020480.22 220
457891.62 5020519.3 220
458213.43 5020557.48 220
458534.79 5020588.44 220
458856.05 5020605.88 220
459222.35 5020603.44 220
459588.55 5020579.48 220
459954.7 5020538.31 220
460320.86 5020484.23 220
460687.07 5020421.54 220
461053.41 5020354.56 220
459954.73 5024752.68 221
459614.53 5024433.02 221
459274.73 5024113.25 221
458935.52 5023793.09 221
458597.09 5023472.27 221
458259.62 5023150.5 221
457903.02 5022808.82 221
457545.39 5022468.33 221
457183.88 5022131.22 221
456815.64 5021799.65 221
456494.83 5021524.39 221
456164.77 5021261.06 221
455822.69 5021015.72 221
455465.83 5020794.37 221
455168.52 5020636.98 221
454863.9 5020492.57 221
454555.5 5020354.56 221
450851.37 5024689.85 222
451043.12 5024372.63 222
451236.59 5024056.73 222
451433.64 5023743.24 222
451636.14 5023433.24 222
451871.54 5023090.15 222
452113.65 5022751.74 222
452360.28 5022416.37 222
452609.26 5022082.39 222
451102.5 5021171.35 223
451034.56 5020869.56 223
450945.54 5020574.46 223
450847.7 5020348.63 223
450725.81 5020134.65 223
450663.02 5020040.4 223
451071.11 5023873.05 224
451139.66 5023528.41 224
451203.89 5023183.16 224
451259.45 5022836.35 224
451307.64 5022439.88 224
451339.03 5022041.72 224
451353.62 5021642.58 224
451354.9 5021422.66 224
451353.62 5021202.76 224
451196.67 5020511.63 225
451793.1 5021045.69 225
452044.22 5024815.51 226
451911.53 5024527.62 226
451761.7 5024250.03 226
451611.01 5024026.36 226
451447.8 5023810.22 226
454272.98 5024689.85 227
454452.91 5024419.43 227
454631.27 5024147.7 227
454806.62 5023873.05 227
455009.31 5023534.17 227
455183.31 5023181.92 227
455281.78 5022915.6 227
455362.51 5022642.2 227
455434.44 5022365.12 227
455654.18 5024281.45 228
456039.0 5024101.69 228
456376.17 5023873.05 228
456605.85 5023601.24 228
456785.87 5023278.66 228
456941.2 5022930.6 228
453927.68 5017558.61 229
454242.12 5017632.32 229
454553.12 5017714.21 229
454857.46 5017812.55 229
455151.92 5017935.59 229
455550.81 5018156.28 229
455941.94 5018392.9 229
456344.78 5018595.31 229
456681.21 5018704.23 229
457031.9 5018773.62 229
457392.18 5018816.69 229
457757.37 5018846.63 229
458039.88 5019066.54 230
458406.97 5019163.33 230
458774.64 5019255.94 230
459143.78 5019340.24 230
459515.26 5019412.1 230
459842.96 5019462.55 230
460172.22 5019503.4 230
460502.61 5019537.87 230
460833.67 5019569.18 230
452734.82 5019789.08 231
452925.96 5019504.82 231
453099.29 5019213.92 231
453237.08 5018909.46 231
453326.3 5018594.1 231
453382.87 5018267.02 231
453425.42 5017935.59 231
453474.62 5017566.75 231
453527.54 5017200.77 231
453582.38 5016836.06 231
452797.6 5015108.23 232
454053.24 5015202.47 232
452546.48 5014417.09 233
454429.93 5013317.56 233
454649.67 5013506.06 234
454951.38 5013256.4 234
455254.73 5013009.29 234
455561.62 5012767.09 234
455873.91 5012532.19 234
456233.66 5012278.38 234
456600.45 5012034.66 234
456972.57 5011798.47 234
457348.31 5011567.24 234
457725.98 5011338.41 234
451196.67 5020103.23 235
451511.34 5019863.11 235
451817.52 5019614.65 235
452107.0 5019349.27 235
452383.69 5019050.19 235
452642.21 5018733.08 235
452891.78 5018406.82 235
455591.39 5020040.4 236
455120.53 5017935.59 236
460833.67 5024187.2 237
460500.8 5024010.13 237
460174.37 5023824.54 237
459860.56 5023621.73 237
459506.89 5023347.78 237
459173.92 5023046.16 237
458854.67 5022726.02 237
458542.14 5022396.54 237
461367.32 5023590.32 238
461049.25 5023245.84 238
460736.07 5022897.89 238
460432.45 5022542.74 238
460143.08 5022176.63 238
459875.73 5021803.92 238
459622.35 5021420.89 238
459378.2 5021030.9 238
459138.57 5020637.29 238
460708.11 5023276.16 239
459295.52 5021988.14 239
457569.02 5014260.02 240
457935.28 5014253.2 240
458301.44 5014248.44 240
458667.56 5014247.82 240
459033.71 5014253.4 240
459399.96 5014267.25 240
459766.38 5014291.43 240
460101.93 5014321.69 240
460436.88 5014347.56 240
460770.89 5014354.26 240
461109.85 5014330.14 240
461447.44 5014279.58 240
461784.22 5014211.38 240
462120.7 5014134.36 240
454712.45 5011841.05 241
454549.01 5011465.72 241
454379.56 5011095.57 241
454198.01 5010735.66 241
453998.23 5010391.01 241
453774.13 5010066.66 241
453519.6 5009767.65 241
453157.59 5009431.94 241
452770.47 5009116.52 241
452389.52 5008793.78 241
452093.32 5008501.1 241
451816.43 5008190.21 241
451551.42 5007866.95 241
451290.84 5007537.18 241
451026.24 5007199.17 241
450772.2 5006854.93 241
450542.05 5006498.4 241
450349.11 5006123.5 241
450241.05 5005847.35 241
450149.69 5005563.34 241
450066.6 5005275.29 241
441685.23 5001159.91 242
441857.98 5001536.01 242
442033.34 5001910.38 242
442214.02 5002281.44 242
442402.76 5002647.61 242
442602.28 5003007.31 242
442815.3 5003358.97 242
443068.95 5003737.28 242
443339.59 5004104.46 242
443624.68 5004461.54 242
443921.63 5004809.58 242
444227.89 5005149.63 242
444560.76 5005503.4 242
444899.01 5005851.04 242
445240.77 5006194.69 242
445584.16 5006536.48 242
445927.3 5006878.55 242
446268.3 5007223.03 242
446531.32 5007493.85 242
446792.58 5007766.35 242
447053.07 5008039.82 242
441496.88 5006877.46 243
441856.83 5006916.06 243
442217.09 5006951.76 243
442578.24 5006981.73 243
442940.86 5007003.12 243
443307.61 5007015.08 243
443674.51 5007024.49 243
444040.1 5007040.49 243
444402.92 5007072.21 243
444761.53 5007128.78 243
445056.82 5007199.42 243
445349.29 5007285.81 243
445640.48 5007380.1 243
443097.82 5011778.22 244
443182.71 5011396.53 244
443265.22 5011014.55 244
443342.94 5010631.79 244
443413.5 5010247.74 244
443474.51 5009861.9 244
443519.68 5009511.79 244
443554.96 5009160.51 244
443580.21 5008808.35 244
443595.29 5008455.63 244
443600.07 5008102.65 244
443595.19 5007756.91 244
443583.61 5007411.45 244
443568.68 5007065.95 244
449532.95 5005306.7 245
449372.29 5004985.57 245
449215.72 5004663.14 245
449067.28 5004337.92 245
448931.02 5004008.41 245
448810.96 5003673.12 245
448718.34 5003363.56 245
448638.07 5003049.92 245
448565.77 5002733.74 245
448497.05 5002416.51 245
448424.26 5002080.94 245
448350.94 5001746.0 245
448277.32 5001411.23 245
444855.71 5009673.41 246
445171.89 5009308.13 246
445501.97 5008957.7 246
445860.22 5008636.71 246
446088.98 5008468.36 246
446331.08 5008322.56 246
446669.8 5008171.97 246
447025.4 5008063.17 246
447393.71 5007985.68 246
447770.55 5007929.03 246
448151.75 5007882.75 246
443505.9 5003673.12 247
445138.23 5003107.64 247
446519.42 5003893.02 248
446478.08 5004278.34 248
446443.85 5004663.34 248
446423.87 5005048.03 248
446425.25 5005432.36 248
446447.43 5005767.42 248
446483.59 5006102.11 248
446526.01 5006436.72 248
446566.96 5006771.53 248
446598.74 5007106.84 248
446613.6 5007442.93 248
446613.6 5007600.01 248
455403.05 5011369.83 249
455301.03 5010977.56 249
455186.5 5010591.52 249
455046.83 5010217.65 249
454869.4 5009861.9 249
454658.42 5009537.58 249
454437.03 5009218.79 249
454241.59 5008888.03 249
454106.62 5008556.58 249
454008.08 5008208.25 249
453927.68 5007851.33 249
445263.79 5010772.94 250
445606.96 5010937.46 250
445935.98 5011119.9 250
446236.91 5011338.41 250
446477.93 5011581.05 250
446686.24 5011857.16 250
446864.72 5012155.2 250
447024.73 5012483.02 250
447161.89 5012819.26 250
447283.88 5013161.19 250
447398.37 5013506.06 250
450160.77 5011683.98 251
448622.61 5013537.47 251
451039.71 5012343.7 252
449784.08 5013694.55 252
454932.19 5009767.65 253
455279.41 5009947.28 253
455626.21 5010127.47 253
455972.32 5010308.9 253
456317.49 5010492.22 253
456661.47 5010678.1 253
457003.99 5010867.18 253
457378.87 5011078.86 253
457752.96 5011291.68 253
458127.95 5011502.34 253
458505.54 5011707.51 253
458887.44 5011903.88 253
459271.43 5012087.32 253
459660.29 5012260.19 253
460053.35 5012424.0 253
460449.93 5012580.28 253
460849.35 5012730.55 253
461250.94 5012876.33 253
461654.02 5013019.13 253
462057.92 5013160.49 253
449972.42 5001568.3 254
450323.39 5001844.84 254
450671.99 5002123.77 254
451016.11 5002407.71 254
451353.62 5002699.25 254
451757.98 5003070.88 254
452151.99 5003453.75 254
452539.21 5003844.21 254
452923.17 5004238.59 254
453394.03 5003578.87 255
453742.27 5003879.98 255
454091.73 5004179.29 255
454443.77 5004475.11 255
454799.77 5004765.73 255
455161.11 5005049.46 255
455529.16 5005324.6 255
455905.3 5005589.44 255
456223.03 5005798.79 255
456547.95 5005996.43 255
456881.15 5006179.08 255
457223.72 5006343.4 255
457597.01 5006495.83 255
457977.34 5006632.35 255
458360.45 5006761.56 255
458742.08 5006892.1 255
459117.97 5007032.58 255
459483.87 5007191.61 255
459876.03 5007398.45 255
460252.71 5007634.07 255
460616.52 5007893.68 255
460970.06 5008172.52 255
461315.94 5008465.79 255
461656.76 5008768.72 255
461995.14 5009076.52 255
455371.66 5006500.48 256
455351.68 5006865.82 256
455335.11 5007230.82 256
455325.4 5007595.36 256
455325.98 5007959.31 256
455340.27 5008322.56 256
455370.25 5008682.01 256
455413.73 5009040.51 256
455467.32 5009398.36 256
455527.67 5009755.83 256
455591.39 5010113.22 256
455308.88 5008008.41 257
455676.92 5008073.68 257
456045.18 5008134.83 257
456414.13 5008187.75 257
456784.25 5008228.31 257
457149.0 5008253.22 257
457514.67 5008264.77 257
457881.01 5008265.52 257
458247.78 5008258.0 257
458614.72 5008244.75 257
458981.61 5008228.31 257
459359.0 5008210.29 257
459735.86 5008191.72 257
460112.36 5008172.73 257
460488.7 5008153.46 257
460865.07 5008134.07 257
458071.28 5008793.78 258
460865.07 5010050.39 258
455183.31 5001065.66 259
454838.01 5004709.82 259
458008.49 5002322.27 260
458170.05 5002669.56 260
458332.86 5003016.07 260
458498.29 5003361.24 260
458667.7 5003704.53 260
458852.36 5004065.24 260
459041.86 5004423.34 260
459235.23 5004779.38 260
459431.54 5005133.93 260
459629.83 5005487.53 260
459829.17 5005840.76 260
446739.16 5001159.91 261
446791.79 5001463.57 261
446859.85 5001759.33 261
446958.9 5002039.53 261
447198.45 5002438.41 261
447514.63 5002798.36 261
447869.23 5003139.06 261
445483.52 5001411.23 262
445569.27 5001731.27 262
445664.61 5002045.74 262
445779.28 5002349.25 262
445923.0 5002636.42 262
446134.5 5002946.21 262
446380.96 5003236.03 262
446644.99 5003516.04 262
458510.75 5016176.34 263
460519.77 5015233.89 263
441998.81 5019549.2 264
441278.11 5018020.11 264
440903.34 5017068.04 264
438694.88 4995016.88 265
439123.1 4994865.43 265
439548.14 4994707.17 265
439967.24 4994535.07 265
440327.26 4994368.97 265
440681.37 4994190.08 265
441030.84 4994001.31 265
441376.97 4993805.6 265
441721.03 4993605.88 265
442128.59 4993366.61 265
442534.88 4993126.29 265
442940.28 4992885.15 265
443345.17 4992643.43 265
443749.93 4992401.36 265
437663.23 4991300.09 266
440414.28 4993468.22 266
437456.9 4989820.26 267
437868.9 4989844.23 267
438280.89 4989867.04 267
438693.08 4989887.55 267
439105.67 4989904.57 267
439518.86 4989916.94 267
439932.85 4989923.51 267
440306.21 4989923.25 267
440679.29 4989915.09 267
441051.39 4989896.73 267
441421.8 4989865.88 267
441789.81 4989820.26 267
442234.94 4989742.45 267
442675.62 4989642.43 267
443112.49 4989523.37 267
443546.23 4989388.43 267
443977.49 4989240.79 267
444406.93 4989083.63 267
444835.22 4988920.11 267
445263.01 4988753.41 267
440861.33 4985311.94 268
441183.56 4985652.61 268
441504.04 4985994.58 268
441821.26 4986339.36 268
442133.69 4986688.52 268
442466.53 4987074.18 268
442792.83 4987465.29 268
443113.93 4987860.79 268
443431.17 4988259.63 268
443745.89 4988660.76 268
444059.43 4989063.14 268
447326.3 4994948.05 269
447722.62 4994670.1 269
448119.03 4994391.92 269
448515.79 4994113.18 269
448913.17 4993833.58 269
449311.44 4993552.79 269
449710.88 4993270.51 269
450111.74 4992986.41 269
450499.55 4992712.9 269
450892.44 4992448.37 269
451294.3 4992203.58 269
451709.06 4991989.3 269
452140.64 4991816.31 269
452515.86 4991706.87 269
452897.94 4991614.57 269
453279.64 4991519.9 269
453653.72 4991403.34 269
454021.83 4991247.83 269
454379.35 4991065.02 269
454731.64 4990870.5 269
455084.04 4990679.82 269
455441.9 4990508.56 269
455816.45 4990366.83 269
456200.82 4990257.93 269
456593.93 4990178.19 269
456994.69 4990123.97 269
457402.03 4990091.62 269
457814.88 4990077.47 269
458232.15 4990077.89 269
458652.76 4990089.22 269
459075.63 4990107.8 269
459499.7 4990129.99 269
446535.37 4992057.22 270
446892.98 4992035.14 270
447248.44 4992004.7 270
447599.84 4991957.51 270
447945.29 4991885.14 270
448364.05 4991754.0 270
448775.24 4991592.74 270
449184.12 4991422.81 270
449595.92 4991265.68 270
449985.83 4991146.32 270
450381.79 4991053.79 270
450783.14 4990985.11 270
451189.22 4990937.31 270
451599.37 4990907.38 270
452012.93 4990892.35 270
452429.24 4990889.24 270
452847.65 4990895.05 270
453267.49 4990906.81 270
453688.1 4990921.53 270
455304.35 4990990.36 271
455722.69 4990924.37 271
456141.1 4990859.93 271
456559.76 4990798.53 271
456978.85 4990741.66 271
457398.55 4990690.82 271
457819.04 4990647.48 271
458240.5 4990613.13 271
458663.1 4990589.27 271
459087.04 4990577.38 271
459454.45 4990575.88 271
459821.57 4990572.98 271
460187.24 4990557.06 271
460550.31 4990516.52 271
460909.61 4990439.73 271
461328.13 4990288.01 271
461714.55 4990069.63 271
462044.42 4989785.85 271
462301.72 4989442.93 271
462509.6 4989060.4 271
462699.82 4988662.02 271
462904.12 4988271.6 271
463239.69 4987790.52 271
463636.33 4987357.79 271
464073.32 4986963.84 271
464469.53 4986647.6 271
464877.95 4986349.77 271
465296.71 4986066.46 271
465723.95 4985793.74 271
466114.79 4985553.39 271
466507.2 4985314.72 271
466897.72 4985073.66 271
467282.91 4984826.15 271
467659.29 4984568.1 271
468023.42 4984295.47 271
468371.84 4984004.18 271
468803.08 4983589.93 271
469211.93 4983149.75 271
469609.81 4982696.42 271
463007.29 4994500.66 272
462976.62 4994063.56 272
462934.21 4993629.33 272
462868.16 4993200.58 272
462766.57 4992779.92 272
462614.26 4992355.6 272
462416.64 4991947.52 272
462179.06 4991559.88 272
461906.87 4991196.85 272
461539.35 4990790.34 272
461150.33 4990405.31 272
465298.0 4989678.54 273
464280.47 4988214.71 273
466739.51 4988639.01 274
466566.39 4988401.41 274
466392.09 4988164.93 274
466215.31 4987930.58 274
466034.77 4987699.33 274
465849.17 4987472.18 274
465618.53 4987205.65 274
465381.21 4986944.87 274
465139.39 4986687.86 274
464895.23 4986432.65 274
465509.99 4990378.64 275
469686.12 4988893.59 275
464556.05 4995258.09 276
463623.31 4993263.88 276
466251.94 4994409.49 277
466153.63 4994166.04 277
466065.46 4993919.61 277
465997.56 4993666.96 277
465958.64 4993402.52 277
465955.16 4993136.59 277
465990.37 4992869.46 277
466058.64 4992607.92 277
466151.7 4992350.54 277
466261.29 4992095.87 277
466379.13 4991842.47 277
466909.1 4994218.55 278
465955.16 4992945.65 278
454656.29 4997400.8 279
454915.49 4997375.11 279
455174.21 4997351.22 279
455432.07 4997330.96 279
455688.64 4997316.13 279
455943.55 4997308.56 279
456196.38 4997310.07 279
456446.73 4997322.47 279
456694.21 4997347.59 279
456938.41 4997387.24 279
457178.93 4997443.23 279
457430.39 4997521.67 279
457678.18 4997616.42 279
457923.42 4997723.26 279
458167.22 4997838.0 279
458410.7 4997956.43 279
458654.98 4998074.35 279
458901.17 4998187.55 279
459150.4 4998291.83 279
459408.82 4998385.71 279
459670.82 4998467.22 279
459935.87 4998537.75 279
460203.44 4998598.65 279
460472.98 4998651.31 279
460743.98 4998697.08 279
461015.88 4998737.35 279
461281.53 4998772.44 279
461547.39 4998803.76 279
461813.44 4998831.51 279
462079.68 4998855.89 279
462346.1 4998877.09 279
462612.7 4998895.32 279
462879.45 4998910.77 279
463146.36 4998923.65 279
463413.41 4998934.14 279
463680.59 4998942.46 279
463947.9 4998948.8 279
464215.33 4998953.35 279
464482.87 4998956.32 279
464750.51 4998957.91 279
465018.24 4998958.31 279
465286.05 4998957.72 279
465553.93 4998956.35 279
465821.88 4998954.39 279
466089.88 4998952.04 279
466357.93 4998949.5 279
463496.12 4998588.84 280
463753.82 4998543.38 280
464011.57 4998499.01 280
464269.49 4998456.87 280
464527.72 4998418.06 280
464786.38 4998383.69 280
465045.61 4998354.89 280
465305.53 4998332.78 280
465566.27 4998318.46 280
465827.97 4998313.05 280
466052.77 4998316.66 280
466276.91 4998330.24 280
466499.17 4998356.44 280
466718.31 4998397.91 280
466934.32 4998456.38 280
467146.83 4998528.37 280
467357.07 4998609.38 280
467566.26 4998694.92 280
466251.94 4998737.35 281
467078.69 4998482.77 281
467863.04 4997761.46 282
467702.32 4998024.6 282
467502.66 4998228.19 282
467325.5 4998309.37 282
467123.54 4998352.51 282
466909.1 4998376.69 282
468838.17 4999713.24 283
469770.91 4999989.03 283
461715.43 5000031.46 284
461974.65 5000194.19 284
462233.78 5000356.96 284
462492.76 5000519.86 284
462751.57 5000682.97 284
463010.14 5000846.36 284
463268.45 5001010.12 284
463526.43 5001174.32 284
463784.06 5001339.05 284
464041.28 5001504.39 284
464298.05 5001670.41 284
464554.32 5001837.2 284
464810.06 5002004.84 284
465065.21 5002173.4 284
465319.73 5002342.97 284
465573.58 5002513.62 284
465834.68 5002690.83 284
466094.96 5002869.15 284
466354.49 5003048.49 284
466613.34 5003228.79 284
466871.54 5003409.98 284
467129.17 5003591.99 284
467386.27 5003774.74 284
467642.91 5003958.17 284
467899.14 5004142.2 284
468155.02 5004326.76 284
468410.61 5004511.78 284
468665.96 5004697.19 284
468921.12 5004882.92 284
469176.17 5005068.89 284
469431.15 5005255.04 284
469686.12 5005441.29 284
453691.75 4997750.85 285
456648.96 4999310.15 285
462181.8 5003224.32 286
462540.65 5003633.84 286
462901.08 5004041.52 286
463264.88 5004445.67 286
463633.83 5004844.58 286
464009.68 5005236.56 286
464394.23 5005619.89 286
464789.23 5005992.88 286
465139.73 5006305.4 286
465498.72 5006608.55 286
465865.81 5006902.16 286
466240.65 5007186.03 286
466622.86 5007459.98 286
467012.07 5007723.82 286
467407.92 5007977.38 286
467810.04 5008220.46 286
468198.15 5008442.25 286
468590.32 5008656.15 286
468985.57 5008864.17 286
469382.96 5009068.32 286
469781.51 5009270.6 286
469686.12 5008093.17 287
467492.06 5007997.7 287
462054.61 5012802.9 288
462295.21 5012400.5 288
462546.06 5012005.61 288
462817.76 5011625.46 288
463167.42 5011212.71 288
463552.69 5010830.65 288
463967.97 5010480.04 288
464407.66 5010161.63 288
464700.22 5009973.66 288
464997.79 5009794.9 288
465298.0 5009620.65 288
464556.05 5010331.35 289
464820.15 5010519.03 289
465084.85 5010705.56 289
465350.89 5010889.85 289
465618.97 5011070.83 289
465889.83 5011247.4 289
466164.17 5011418.5 289
466442.73 5011583.03 289
466686.4 5011719.13 289
466932.41 5011851.28 289
467179.61 5011981.34 289
467426.85 5012111.16 289
467672.96 5012242.59 289
467916.79 5012377.47 289
468157.19 5012517.66 289
468393.0 5012665.0 289
468632.34 5012827.06 289
468866.35 5012997.13 289
469096.12 5013173.62 289
469322.75 5013354.94 289
469547.32 5013539.51 289
469770.91 5013725.75 289
469707.32 5012834.72 290
468859.37 5012919.58 290
462245.4 5013407.52 291
462493.89 5013526.12 291
462742.05 5013645.2 291
462989.62 5013765.32 291
463236.32 5013887.0 291
463481.88 5014010.8 291
463726.04 5014137.25 291
463968.52 5014266.9 291
464209.06 5014400.28 291
464447.39 5014537.94 291
464683.24 5014680.42 291
464944.31 5014846.4 291
465201.29 5015019.04 291
465453.7 5015198.43 291
465701.07 5015384.63 291
465942.92 5015577.7 291
466178.77 5015777.71 291
466408.13 5015984.73 291
466630.54 5016198.82 291
466845.5 5016420.05 291
467063.98 5016660.9 291
467275.26 5016908.03 291
467481.17 5017159.91 291
467683.55 5017414.99 291
467884.24 5017671.74 291
462732.97 5019475.01 292
469876.91 5016929.21 292
462457.39 5016080.61 293
462698.18 5016236.6 293
462938.69 5016392.85 293
463178.74 5016549.67 293
463418.13 5016707.38 293
463656.66 5016866.3 293
463894.16 5017026.75 293
464130.42 5017189.05 293
464365.26 5017353.51 293
464597.56 5017519.61 293
464828.37 5017687.65 293
465058.01 5017857.27 293
465286.82 5018028.09 293
465515.1 5018199.73 293
465743.17 5018371.83 293
469749.72 5019793.24 294
467502.66 5017820.24 294
469664.92 5009716.11 295
468562.59 5009716.11 295
462097.01 5007170.31 296
462329.83 5007368.46 296
462563.77 5007564.16 296
462800.03 5007755.01 296
463039.86 5007938.62 296
463284.46 5008112.58 296
463535.07 5008274.51 296
463792.9 5008422.0 296
464031.66 5008540.86 296
464276.42 5008647.52 296
464526.46 5008743.46 296
464781.09 5008830.17 296
465039.6 5008909.13 296
465301.3 5008981.84 296
465565.48 5009049.77 296
465831.45 5009114.41 296
466098.5 5009177.26 296
466365.93 5009239.78 296
466633.03 5009303.48 296
466899.12 5009369.83 296
467163.48 5009440.32 296
467429.47 5009517.26 296
467693.1 5009599.36 296
467954.65 5009686.06 296
468214.38 5009776.79 296
468472.56 5009870.97 296
468729.47 5009968.04 296
468985.37 5010067.43 296
469240.53 5010168.56 296
469495.22 5010270.87 296
469749.72 5010373.78 296
465006.19 5021808.21 297
465153.02 5022102.25 297
465301.98 5022395.11 297
465455.3 5022685.72 297
465615.21 5022972.98 297
465783.96 5023255.84 297
465963.78 5023533.21 297
466176.16 5023830.01 297
466404.26 5024115.76 297
466647.99 5024387.56 297
466907.25 5024642.55 297
467181.95 5024877.82 297
467471.99 5025090.5 297
467737.15 5025255.96 297
468012.31 5025404.32 297
468296.08 5025538.03 297
468587.02 5025659.55 297
468883.72 5025771.33 297
469184.75 5025875.83 297
469488.71 5025975.5 297
469794.16 5026072.79 297
466849.56 5022311.33 298
467007.52 5022625.9 298
467167.91 5022938.29 298
467333.25 5023246.46 298
467506.05 5023548.34 298
467688.83 5023841.88 298
467884.12 5024125.02 298
468094.43 5024395.71 298
468337.84 5024669.89 298
468598.31 5024929.64 298
468873.0 5025177.38 298
469159.09 5025415.53 298
469453.75 5025646.53 298
469754.16 5025872.79 298
470057.5 5026096.75 298
468597.17 5023221.75 299
469937.8 5025186.33 299
459640.82 5017778.51 300
459859.3 5018101.84 300
460076.48 5018425.91 300
460291.14 5018751.68 300
460502.08 5019080.09 300
460708.11 5019412.1 300
460920.71 5019771.67 300
461121.15 5020137.59 300
461304.54 5020511.63 300
461451.44 5020854.4 300
461584.08 5021203.15 300
461706.05 5021556.45 300
461820.95 5021912.84 300
461932.36 5022270.88 300
462037.65 5022335.29 300
462130.06 5022640.79 300
462227.09 5022943.13 300
462333.47 5023239.3 300
462453.9 5023526.24 300
462593.12 5023800.92 300
462755.85 5024060.29 300
462992.91 5024355.68 300
463265.02 5024625.42 300
463564.64 5024872.05 300
463884.2 5025098.11 300
464216.18 5025306.12 300
464503.99 5025471.08 300
464794.69 5025626.21 300
465087.79 5025773.17 300
465382.83 5025913.61 300
465679.36 5026049.19 300
465976.9 5026181.56 300
466275.0 5026312.37 300
417566.55 4985525.64 301
417827.28 4985586.8 301
418086.58 4985651.49 301
418343.18 4985723.29 301
418595.79 4985805.8 301
418843.11 4985902.62 301
419070.28 4986008.11 301
419294.14 4986121.67 301
419517.45 4986235.65 301
419742.99 4986342.43 301
419977.63 4986438.55 301
420215.71 4986525.86 301
420455.76 4986611.19 301
420696.3 4986701.36 301
420935.84 4986803.19 301
421231.5 4986958.39 301
421497.89 4987151.14 301
421710.15 4987389.6 301
421833.22 4987625.2 301
421922.15 4987883.26 301
421997.67 4988149.19 301
422080.54 4988408.38 301
422191.48 4988646.21 301
422376.14 4988884.38 301
422608.64 4989088.53 301
422870.19 4989274.11 301
423142.0 4989456.61 301
423405.26 4989651.49 301
423630.93 4989852.3 301
423846.71 4990057.78 301
424066.73 4990248.61 301
424305.13 4990405.46 301
424507.91 4990493.0 301
424724.95 4990553.31 301
424951.52 4990590.8 301
425182.87 4990609.86 301
425414.28 4990614.89 301
425629.85 4990610.61 301
425842.69 4990600.96 301
426054.46 4990589.26 301
426266.86 4990578.84 301
426481.57 4990573.0 301
426674.1 4990575.47 301
426864.22 4990593.33 301
427046.6 4990635.83 301
427299.25 4990755.44 301
427535.12 4990918.44 301
427767.4 4991091.98 301
428009.26 4991243.19 301
428208.0 4991327.12 301
428417.01 4991385.3 301
428633.37 4991424.56 301
428854.18 4991451.71 301
429076.55 4991473.57 301
429310.33 4991496.7 301
429542.51 4991519.2 301
429773.2 4991538.78 301
430002.55 4991553.19 301
430230.69 4991560.13 301
430457.75 4991557.34 301
430719.06 4991540.41 301
430980.14 4991512.38 301
431242.31 4991478.29 301
431506.84 4991443.15 301
431775.05 4991411.98 301
432048.22 4991389.8 301
432288.1 4991383.26 301
432521.82 4991399.94 301
432738.82 4991452.63 301
432999.56 4991600.56 301
433218.6 4991821.51 301
433407.74 4992094.15 301
433578.72 4992397.16 301
433743.33 4992709.23 301
433904.93 4993001.21 301
434072.21 4993281.43 301
434246.1 4993549.59 301
434427.52 4993805.35 301
434617.42 4994048.42 301
434816.71 4994278.47 301
435026.34 4994495.18 301
435247.22 4994698.25 301
435480.29 4994887.35 301
435698.5 4995043.96 301
435925.83 4995190.45 301
436161.15 4995328.1 301
436403.34 4995458.17 301
436651.26 4995581.93 301
436903.78 4995700.65 301
437159.78 4995815.6 301
437418.11 4995928.04 301
437677.65 4996039.24 301
437766.4 4996083.73 301
438162.32 4996425.41 301
438560.98 4996762.56 301
438965.35 4997090.72 301
439378.38 4997405.42 301
439803.06 4997702.18 301
440242.34 4997976.54 301
440597.24 4998172.85 301
440961.59 4998352.75 301
441334.39 4998516.33 301
441714.64 4998663.67 301
442101.36 4998794.83 301
442493.56 4998909.91 301
442890.23 4999008.98 301
443293.75 4999092.78 301
443699.96 4999160.63 301
444108.26 4999212.85 301
444518.09 4999249.75 301
444928.86 4999271.65 301
445340.0 4999278.86 301
445750.91 4999271.69 301
446161.02 4999250.46 301
446569.76 4999215.47 301
447004.32 4999163.38 301
447436.55 4999097.2 301
447866.6 4999018.22 301
448294.61 4998927.72 301
448720.75 4998826.99 301
449145.16 4998717.31 301
449567.98 4998599.98 301
449989.39 4998476.27 301
450409.51 4998347.48 301
450828.52 4998214.89 301
451246.55 4998079.79 301
451657.8 4997945.17 301
452068.14 4997809.48 301
452477.71 4997672.85 301
452886.63 4997535.4 301
453295.03 4997397.29 301
453703.05 4997258.64 301
454110.81 4997119.6 301
454518.44 4996980.29 301
454926.08 4996840.86 301
