{
"type": "FeatureCollection",
"name": "xyz",
"crs": { "type": "name", "properties": { "name": "urn:ogc:def:crs:OGC:1.3:CRS84" } },
"features": [
{ "type": "Feature", "properties": { "15380279.394525": 15382162.848506, "5025475.223726": 5025014.4683429999 }, "geometry": { "type": "Point", "coordinates": [ 15382162.848506, 5025014.468343 ] } },
{ "type": "Feature", "properties": { "15380279.394525": 15382394.999423999, "5025475.223726": 5024929.7579079997 }, "geometry": { "type": "Point", "coordinates": [ 15382394.999424, 5024929.757907999679446 ] } },
{ "type": "Feature", "properties": { "15380279.394525": 15382626.303699, "5025475.223726": 5024843.356598 }, "geometry": { "type": "Point", "coordinates": [ 15382626.303699, 5024843.356598 ] } },
{ "type": "Feature", "properties": { "15380279.394525": 15382856.080309, "5025475.223726": 5024753.5015970003 }, "geometry": { "type": "Point", "coordinates": [ 15382856.080309, 5024753.501597000285983 ] } },
{ "type": "Feature", "properties": { "15380279.394525": 15383083.648229999, "5025475.223726": 5024658.4300920004 }, "geometry": { "type": "Point", "coordinates": [ 15383083.64823, 5024658.43009200040251 ] } },
{ "type": "Feature", "properties": { "15380279.394525": 15383322.22439, "5025475.223726": 5024550.469575 }, "geometry": { "type": "Point", "coordinates": [ 15383322.22439, 5024550.469575 ] } },
{ "type": "Feature", "properties": { "15380279.394525": 15383557.959798999, "5025475.223726": 5024436.3143140003 }, "geometry": { "type": "Point", "coordinates": [ 15383557.959799, 5024436.314314000308514 ] } },
{ "type": "Feature", "properties": { "15380279.394525": 15383791.599820999, "5025475.223726": 5024317.4977190001 }, "geometry": { "type": "Point", "coordinates": [ 15383791.599821, 5024317.497719 ] } },
{ "type": "Feature", "properties": { "15380279.394525": 15384023.889818, "5025475.223726": 5024195.5531949997 }, "geometry": { "type": "Point", "coordinates": [ 15384023.889818, 5024195.553194999694824 ] } },
{ "type": "Feature", "properties": { "15380279.394525": 15384255.575152, "5025475.223726": 5024072.0141500002 }, "geometry": { "type": "Point", "coordinates": [ 15384255.575152, 5024072.014150000177324 ] } },
{ "type": "Feature", "properties": { "15380279.394525": 15386055.320068, "5025475.223726": 5025684.6579910005 }, "geometry": { "type": "Point", "coordinates": [ 15386055.320068, 5025684.657991000451148 ] } },
{ "type": "Feature", "properties": { "15380279.394525": 15386309.847825, "5025475.223726": 5025650.5571229998 }, "geometry": { "type": "Point", "coordinates": [ 15386309.847825, 5025650.557122999802232 ] } },
{ "type": "Feature", "properties": { "15380279.394525": 15386564.331350001, "5025475.223726": 5025616.934076 }, "geometry": { "type": "Point", "coordinates": [ 15386564.33135, 5025616.934076 ] } },
{ "type": "Feature", "properties": { "15380279.394525": 15386818.788677, "5025475.223726": 5025584.2679850003 }, "geometry": { "type": "Point", "coordinates": [ 15386818.788677, 5025584.267985000275075 ] } },
{ "type": "Feature", "properties": { "15380279.394525": 15387073.237836, "5025475.223726": 5025553.0379849998 }, "geometry": { "type": "Point", "coordinates": [ 15387073.237836, 5025553.037984999828041 ] } },
{ "type": "Feature", "properties": { "15380279.394525": 15387327.696861001, "5025475.223726": 5025523.7232109997 }, "geometry": { "type": "Point", "coordinates": [ 15387327.696861, 5025523.72321099974215 ] } },
{ "type": "Feature", "properties": { "15380279.394525": 15387582.183783, "5025475.223726": 5025496.8027980002 }, "geometry": { "type": "Point", "coordinates": [ 15387582.183783, 5025496.80279800016433 ] } },
{ "type": "Feature", "properties": { "15380279.394525": 15387836.716635, "5025475.223726": 5025472.7558800001 }, "geometry": { "type": "Point", "coordinates": [ 15387836.716635, 5025472.75588 ] } },
{ "type": "Feature", "properties": { "15380279.394525": 15388091.313448999, "5025475.223726": 5025452.0615929998 }, "geometry": { "type": "Point", "coordinates": [ 15388091.313449, 5025452.061592999845743 ] } },
{ "type": "Feature", "properties": { "15380279.394525": 15388345.992257999, "5025475.223726": 5025435.1990710003 }, "geometry": { "type": "Point", "coordinates": [ 15388345.992258, 5025435.19907100033015 ] } },
{ "type": "Feature", "properties": { "15380279.394525": 15388600.771093, "5025475.223726": 5025422.6474489998 }, "geometry": { "type": "Point", "coordinates": [ 15388600.771093, 5025422.647448999807239 ] } },
{ "type": "Feature", "properties": { "15380279.394525": 15388855.667986, "5025475.223726": 5025414.8858629996 }, "geometry": { "type": "Point", "coordinates": [ 15388855.667986, 5025414.885862999595702 ] } },
{ "type": "Feature", "properties": { "15380279.394525": 15389110.700971, "5025475.223726": 5025412.3934469996 }, "geometry": { "type": "Point", "coordinates": [ 15389110.700971, 5025412.39344699960202 ] } },
{ "type": "Feature", "properties": { "15380279.394525": 15389352.442825001, "5025475.223726": 5025415.1411560001 }, "geometry": { "type": "Point", "coordinates": [ 15389352.442825, 5025415.141156 ] } },
{ "type": "Feature", "properties": { "15380279.394525": 15389594.193676, "5025475.223726": 5025422.3411259996 }, "geometry": { "type": "Point", "coordinates": [ 15389594.193676, 5025422.341125999577343 ] } },
{ "type": "Feature", "properties": { "15380279.394525": 15389835.958704, "5025475.223726": 5025433.2868069997 }, "geometry": { "type": "Point", "coordinates": [ 15389835.958704, 5025433.286806999705732 ] } },
{ "type": "Feature", "properties": { "15380279.394525": 15390077.74309, "5025475.223726": 5025447.2716490002 }, "geometry": { "type": "Point", "coordinates": [ 15390077.74309, 5025447.271649000234902 ] } },
{ "type": "Feature", "properties": { "15380279.394525": 15390319.552013, "5025475.223726": 5025463.5891009998 }, "geometry": { "type": "Point", "coordinates": [ 15390319.552013, 5025463.589100999757648 ] } },
{ "type": "Feature", "properties": { "15380279.394525": 15390561.390652999, "5025475.223726": 5025481.5326129999 }, "geometry": { "type": "Point", "coordinates": [ 15390561.390653, 5025481.532613 ] } },
{ "type": "Feature", "properties": { "15380279.394525": 15390803.264192, "5025475.223726": 5025500.3956350004 }, "geometry": { "type": "Point", "coordinates": [ 15390803.264192, 5025500.395635000430048 ] } },
{ "type": "Feature", "properties": { "15380279.394525": 15391045.177808, "5025475.223726": 5025519.4716159999 }, "geometry": { "type": "Point", "coordinates": [ 15391045.177808, 5025519.471616 ] } },
{ "type": "Feature", "properties": { "15380279.394525": 15391287.136683, "5025475.223726": 5025538.054006 }, "geometry": { "type": "Point", "coordinates": [ 15391287.136683, 5025538.054006 ] } },
{ "type": "Feature", "properties": { "15380279.394525": 15391546.265395001, "5025475.223726": 5025556.7793800002 }, "geometry": { "type": "Point", "coordinates": [ 15391546.265395, 5025556.779380000196397 ] } },
{ "type": "Feature", "properties": { "15380279.394525": 15391805.294674, "5025475.223726": 5025574.2968319999 }, "geometry": { "type": "Point", "coordinates": [ 15391805.294674, 5025574.296832 ] } },
{ "type": "Feature", "properties": { "15380279.394525": 15392064.252265999, "5025475.223726": 5025590.7792069996 }, "geometry": { "type": "Point", "coordinates": [ 15392064.252266, 5025590.779206999577582 ] } },
{ "type": "Feature", "properties": { "15380279.394525": 15392323.165918, "5025475.223726": 5025606.3993520001 }, "geometry": { "type": "Point", "coordinates": [ 15392323.165918, 5025606.399352 ] } },
{ "type": "Feature", "properties": { "15380279.394525": 15392582.063377, "5025475.223726": 5025621.3301139995 }, "geometry": { "type": "Point", "coordinates": [ 15392582.063377, 5025621.330113999545574 ] } },
{ "type": "Feature", "properties": { "15380279.394525": 15392840.972389, "5025475.223726": 5025635.7443390004 }, "geometry": { "type": "Point", "coordinates": [ 15392840.972389, 5025635.744339000433683 ] } },
{ "type": "Feature", "properties": { "15380279.394525": 15393099.920701999, "5025475.223726": 5025649.8148739999 }, "geometry": { "type": "Point", "coordinates": [ 15393099.920702, 5025649.814874 ] } },
{ "type": "Feature", "properties": { "15380279.394525": 15393358.936062001, "5025475.223726": 5025663.7145649996 }, "geometry": { "type": "Point", "coordinates": [ 15393358.936062, 5025663.714564999565482 ] } },
{ "type": "Feature", "properties": { "15380279.394525": 15387855.064982999, "5025475.223726": 5026899.3767290004 }, "geometry": { "type": "Point", "coordinates": [ 15387855.064983, 5026899.376729000359774 ] } },
{ "type": "Feature", "properties": { "15380279.394525": 15388081.792954, "5025475.223726": 5026714.6093300004 }, "geometry": { "type": "Point", "coordinates": [ 15388081.792954, 5026714.60933000035584 ] } },
{ "type": "Feature", "properties": { "15380279.394525": 15388310.361902, "5025475.223726": 5026533.1421370003 }, "geometry": { "type": "Point", "coordinates": [ 15388310.361902, 5026533.142137000337243 ] } },
{ "type": "Feature", "properties": { "15380279.394525": 15388542.759555999, "5025475.223726": 5026358.1905950001 }, "geometry": { "type": "Point", "coordinates": [ 15388542.759556, 5026358.190595 ] } },
{ "type": "Feature", "properties": { "15380279.394525": 15388780.973647, "5025475.223726": 5026192.9701479999 }, "geometry": { "type": "Point", "coordinates": [ 15388780.973647, 5026192.970148 ] } },
{ "type": "Feature", "properties": { "15380279.394525": 15389026.991905, "5025475.223726": 5026040.696242 }, "geometry": { "type": "Point", "coordinates": [ 15389026.991905, 5026040.696242 ] } },
{ "type": "Feature", "properties": { "15380279.394525": 15389275.376723001, "5025475.223726": 5025906.7382979998 }, "geometry": { "type": "Point", "coordinates": [ 15389275.376723, 5025906.738297999836504 ] } },
{ "type": "Feature", "properties": { "15380279.394525": 15389530.545476001, "5025475.223726": 5025784.4097830001 }, "geometry": { "type": "Point", "coordinates": [ 15389530.545476, 5025784.409783000126481 ] } },
{ "type": "Feature", "properties": { "15380279.394525": 15389790.296459001, "5025475.223726": 5025669.7997949999 }, "geometry": { "type": "Point", "coordinates": [ 15389790.296459, 5025669.799794999882579 ] } },
{ "type": "Feature", "properties": { "15380279.394525": 15390052.427960999, "5025475.223726": 5025558.997432 }, "geometry": { "type": "Point", "coordinates": [ 15390052.427961, 5025558.997432 ] } },
{ "type": "Feature", "properties": { "15380279.394525": 15381828.012243001, "5025475.223726": 5022333.7097500004 }, "geometry": { "type": "Point", "coordinates": [ 15381828.012243, 5022333.70975000038743 ] } },
{ "type": "Feature", "properties": { "15380279.394525": 15382077.976743, "5025475.223726": 5022321.1214810004 }, "geometry": { "type": "Point", "coordinates": [ 15382077.976743, 5022321.121481000445783 ] } },
{ "type": "Feature", "properties": { "15380279.394525": 15382327.476822, "5025475.223726": 5022311.2724879999 }, "geometry": { "type": "Point", "coordinates": [ 15382327.476822, 5022311.272487999871373 ] } },
{ "type": "Feature", "properties": { "15380279.394525": 15382576.163241001, "5025475.223726": 5022306.9319660002 }, "geometry": { "type": "Point", "coordinates": [ 15382576.163241, 5022306.931966000236571 ] } },
{ "type": "Feature", "properties": { "15380279.394525": 15382823.686763, "5025475.223726": 5022310.8691109996 }, "geometry": { "type": "Point", "coordinates": [ 15382823.686763, 5022310.869110999628901 ] } },
{ "type": "Feature", "properties": { "15380279.394525": 15383069.698148999, "5025475.223726": 5022325.8531160001 }, "geometry": { "type": "Point", "coordinates": [ 15383069.698149, 5022325.853116 ] } },
{ "type": "Feature", "properties": { "15380279.394525": 15383313.848161001, "5025475.223726": 5022354.6531760003 }, "geometry": { "type": "Point", "coordinates": [ 15383313.848161, 5022354.653176000341773 ] } },
{ "type": "Feature", "properties": { "15380279.394525": 15383550.293354999, "5025475.223726": 5022398.0156300003 }, "geometry": { "type": "Point", "coordinates": [ 15383550.293355, 5022398.015630000270903 ] } },
{ "type": "Feature", "properties": { "15380279.394525": 15383784.509152999, "5025475.223726": 5022455.1749170003 }, "geometry": { "type": "Point", "coordinates": [ 15383784.509153, 5022455.174917000345886 ] } },
{ "type": "Feature", "properties": { "15380279.394525": 15384016.584140999, "5025475.223726": 5022524.1400370002 }, "geometry": { "type": "Point", "coordinates": [ 15384016.584141, 5022524.140037000179291 ] } },
{ "type": "Feature", "properties": { "15380279.394525": 15384246.606903, "5025475.223726": 5022602.9199890001 }, "geometry": { "type": "Point", "coordinates": [ 15384246.606903, 5022602.919989 ] } },
{ "type": "Feature", "properties": { "15380279.394525": 15384474.666023999, "5025475.223726": 5022689.5237729996 }, "geometry": { "type": "Point", "coordinates": [ 15384474.666024, 5022689.523772999644279 ] } },
{ "type": "Feature", "properties": { "15380279.394525": 15384700.850087, "5025475.223726": 5022781.9603899997 }, "geometry": { "type": "Point", "coordinates": [ 15384700.850087, 5022781.960389999672771 ] } },
{ "type": "Feature", "properties": { "15380279.394525": 15384925.247679001, "5025475.223726": 5022878.2388390005 }, "geometry": { "type": "Point", "coordinates": [ 15384925.247679, 5022878.238839000463486 ] } },
{ "type": "Feature", "properties": { "15380279.394525": 15385183.524334, "5025475.223726": 5022992.5863150004 }, "geometry": { "type": "Point", "coordinates": [ 15385183.524334, 5022992.586315000429749 ] } },
{ "type": "Feature", "properties": { "15380279.394525": 15385439.772724001, "5025475.223726": 5023108.8773320001 }, "geometry": { "type": "Point", "coordinates": [ 15385439.772724, 5023108.877332 ] } },
{ "type": "Feature", "properties": { "15380279.394525": 15385694.539111, "5025475.223726": 5023226.6362039996 }, "geometry": { "type": "Point", "coordinates": [ 15385694.539111, 5023226.636203999631107 ] } },
{ "type": "Feature", "properties": { "15380279.394525": 15385948.369759999, "5025475.223726": 5023345.3872490004 }, "geometry": { "type": "Point", "coordinates": [ 15385948.36976, 5023345.387249000370502 ] } },
{ "type": "Feature", "properties": { "15380279.394525": 15386201.810932999, "5025475.223726": 5023464.6547809998 }, "geometry": { "type": "Point", "coordinates": [ 15386201.810933, 5023464.654780999757349 ] } },
{ "type": "Feature", "properties": { "15380279.394525": 15385615.847472001, "5025475.223726": 5023087.6731040003 }, "geometry": { "type": "Point", "coordinates": [ 15385615.847472, 5023087.673104000277817 ] } },
{ "type": "Feature", "properties": { "15380279.394525": 15385876.81504, "5025475.223726": 5023037.2325189998 }, "geometry": { "type": "Point", "coordinates": [ 15385876.81504, 5023037.232518999837339 ] } },
{ "type": "Feature", "properties": { "15380279.394525": 15386137.816065, "5025475.223726": 5022987.6696640002 }, "geometry": { "type": "Point", "coordinates": [ 15386137.816065, 5022987.669664000160992 ] } },
{ "type": "Feature", "properties": { "15380279.394525": 15386399.012434, "5025475.223726": 5022939.845191 }, "geometry": { "type": "Point", "coordinates": [ 15386399.012434, 5022939.845191 ] } },
{ "type": "Feature", "properties": { "15380279.394525": 15386660.566032, "5025475.223726": 5022894.6197490003 }, "geometry": { "type": "Point", "coordinates": [ 15386660.566032, 5022894.619749000295997 ] } },
{ "type": "Feature", "properties": { "15380279.394525": 15386922.638744, "5025475.223726": 5022852.8539880002 }, "geometry": { "type": "Point", "coordinates": [ 15386922.638744, 5022852.853988000191748 ] } },
{ "type": "Feature", "properties": { "15380279.394525": 15387185.392457001, "5025475.223726": 5022815.4085590001 }, "geometry": { "type": "Point", "coordinates": [ 15387185.392457, 5022815.408559000119567 ] } },
{ "type": "Feature", "properties": { "15380279.394525": 15387431.642455, "5025475.223726": 5022784.8166500004 }, "geometry": { "type": "Point", "coordinates": [ 15387431.642455, 5022784.816650000400841 ] } },
{ "type": "Feature", "properties": { "15380279.394525": 15387678.305589, "5025475.223726": 5022757.8709930005 }, "geometry": { "type": "Point", "coordinates": [ 15387678.305589, 5022757.870993000455201 ] } },
{ "type": "Feature", "properties": { "15380279.394525": 15387925.314596999, "5025475.223726": 5022733.655235 }, "geometry": { "type": "Point", "coordinates": [ 15387925.314597, 5022733.655235 ] } },
{ "type": "Feature", "properties": { "15380279.394525": 15388172.602213999, "5025475.223726": 5022711.2530220002 }, "geometry": { "type": "Point", "coordinates": [ 15388172.602214, 5022711.253022000193596 ] } },
{ "type": "Feature", "properties": { "15380279.394525": 15388420.101178, "5025475.223726": 5022689.748 }, "geometry": { "type": "Point", "coordinates": [ 15388420.101178, 5022689.747999999672174 ] } },
{ "type": "Feature", "properties": { "15380279.394525": 15384130.011553001, "5025475.223726": 5022480.3137349999 }, "geometry": { "type": "Point", "coordinates": [ 15384130.011553, 5022480.313734999857843 ] } },
{ "type": "Feature", "properties": { "15380279.394525": 15384383.932224, "5025475.223726": 5022411.8244179999 }, "geometry": { "type": "Point", "coordinates": [ 15384383.932224, 5022411.824418 ] } },
{ "type": "Feature", "properties": { "15380279.394525": 15384637.760202, "5025475.223726": 5022343.252471 }, "geometry": { "type": "Point", "coordinates": [ 15384637.760202, 5022343.252471 ] } },
{ "type": "Feature", "properties": { "15380279.394525": 15384891.485045999, "5025475.223726": 5022274.4916540002 }, "geometry": { "type": "Point", "coordinates": [ 15384891.485046, 5022274.491654000245035 ] } },
{ "type": "Feature", "properties": { "15380279.394525": 15385145.096315, "5025475.223726": 5022205.4357249998 }, "geometry": { "type": "Point", "coordinates": [ 15385145.096315, 5022205.435724999755621 ] } },
{ "type": "Feature", "properties": { "15380279.394525": 15385398.583567999, "5025475.223726": 5022135.9784420002 }, "geometry": { "type": "Point", "coordinates": [ 15385398.583568, 5022135.978442000225186 ] } },
{ "type": "Feature", "properties": { "15380279.394525": 15385651.936364001, "5025475.223726": 5022066.0135639999 }, "geometry": { "type": "Point", "coordinates": [ 15385651.936364, 5022066.013564 ] } },
{ "type": "Feature", "properties": { "15380279.394525": 15385905.144261001, "5025475.223726": 5021995.4348480003 }, "geometry": { "type": "Point", "coordinates": [ 15385905.144261, 5021995.43484800029546 ] } },
{ "type": "Feature", "properties": { "15380279.394525": 15386158.19682, "5025475.223726": 5021924.1360539999 }, "geometry": { "type": "Point", "coordinates": [ 15386158.19682, 5021924.136053999885917 ] } },
{ "type": "Feature", "properties": { "15380279.394525": 15386411.083597001, "5025475.223726": 5021852.0109400004 }, "geometry": { "type": "Point", "coordinates": [ 15386411.083597, 5021852.010940000414848 ] } },
{ "type": "Feature", "properties": { "15380279.394525": 15386654.184110001, "5025475.223726": 5021781.7970110001 }, "geometry": { "type": "Point", "coordinates": [ 15386654.18411, 5021781.797011000104249 ] } },
{ "type": "Feature", "properties": { "15380279.394525": 15386897.007649999, "5025475.223726": 5021710.9342350001 }, "geometry": { "type": "Point", "coordinates": [ 15386897.00765, 5021710.934235 ] } },
{ "type": "Feature", "properties": { "15380279.394525": 15387139.659079, "5025475.223726": 5021639.5745989997 }, "geometry": { "type": "Point", "coordinates": [ 15387139.659079, 5021639.57459899969399 ] } },
{ "type": "Feature", "properties": { "15380279.394525": 15387382.24326, "5025475.223726": 5021567.8700879999 }, "geometry": { "type": "Point", "coordinates": [ 15387382.24326, 5021567.870087999850512 ] } },
{ "type": "Feature", "properties": { "15380279.394525": 15387624.865052, "5025475.223726": 5021495.972689 }, "geometry": { "type": "Point", "coordinates": [ 15387624.865052, 5021495.972689 ] } },
{ "type": "Feature", "properties": { "15380279.394525": 15397188.625824001, "5025475.223726": 5024993.524917 }, "geometry": { "type": "Point", "coordinates": [ 15397188.625824, 5024993.524917 ] } },
{ "type": "Feature", "properties": { "15380279.394525": 15397099.211441001, "5025475.223726": 5024743.2596129999 }, "geometry": { "type": "Point", "coordinates": [ 15397099.211441, 5024743.259612999856472 ] } },
{ "type": "Feature", "properties": { "15380279.394525": 15397010.032740001, "5025475.223726": 5024492.9843619997 }, "geometry": { "type": "Point", "coordinates": [ 15397010.03274, 5024492.984361999668181 ] } },
{ "type": "Feature", "properties": { "15380279.394525": 15396921.302392, "5025475.223726": 5024242.61491 }, "geometry": { "type": "Point", "coordinates": [ 15396921.302392, 5024242.61491 ] } },
{ "type": "Feature", "properties": { "15380279.394525": 15396833.233061999, "5025475.223726": 5023992.067001 }, "geometry": { "type": "Point", "coordinates": [ 15396833.233062, 5023992.067001 ] } },
{ "type": "Feature", "properties": { "15380279.394525": 15396746.037420001, "5025475.223726": 5023741.2563829999 }, "geometry": { "type": "Point", "coordinates": [ 15396746.03742, 5023741.256383 ] } },
{ "type": "Feature", "properties": { "15380279.394525": 15396659.928134, "5025475.223726": 5023490.0987989996 }, "geometry": { "type": "Point", "coordinates": [ 15396659.928134, 5023490.09879899956286 ] } },
{ "type": "Feature", "properties": { "15380279.394525": 15396575.117869999, "5025475.223726": 5023238.509997 }, "geometry": { "type": "Point", "coordinates": [ 15396575.11787, 5023238.509997 ] } },
{ "type": "Feature", "properties": { "15380279.394525": 15396491.819297999, "5025475.223726": 5022986.4057219997 }, "geometry": { "type": "Point", "coordinates": [ 15396491.819298, 5022986.405721999704838 ] } },
{ "type": "Feature", "properties": { "15380279.394525": 15396410.245084999, "5025475.223726": 5022733.7017200002 }, "geometry": { "type": "Point", "coordinates": [ 15396410.245085, 5022733.701720000244677 ] } },
{ "type": "Feature", "properties": { "15380279.394525": 15396330.607899001, "5025475.223726": 5022480.3137349999 }, "geometry": { "type": "Point", "coordinates": [ 15396330.607899, 5022480.313734999857843 ] } },
{ "type": "Feature", "properties": { "15380279.394525": 15396255.571477, "5025475.223726": 5022234.7511440003 }, "geometry": { "type": "Point", "coordinates": [ 15396255.571477, 5022234.751144000329077 ] } },
{ "type": "Feature", "properties": { "15380279.394525": 15396182.086083001, "5025475.223726": 5021988.7918649996 }, "geometry": { "type": "Point", "coordinates": [ 15396182.086083, 5021988.791864999569952 ] } },
{ "type": "Feature", "properties": { "15380279.394525": 15396109.616164999, "5025475.223726": 5021742.5082599996 }, "geometry": { "type": "Point", "coordinates": [ 15396109.616165, 5021742.50825999956578 ] } },
{ "type": "Feature", "properties": { "15380279.394525": 15396037.626169, "5025475.223726": 5021495.972689 }, "geometry": { "type": "Point", "coordinates": [ 15396037.626169, 5021495.972689 ] } },
{ "type": "Feature", "properties": { "15380279.394525": 15380363.103591001, "5025475.223726": 5019380.6866119998 }, "geometry": { "type": "Point", "coordinates": [ 15380363.103591, 5019380.686611999757588 ] } },
{ "type": "Feature", "properties": { "15380279.394525": 15380607.910594, "5025475.223726": 5019229.104824 }, "geometry": { "type": "Point", "coordinates": [ 15380607.910594, 5019229.104824 ] } },
{ "type": "Feature", "properties": { "15380279.394525": 15380851.951222001, "5025475.223726": 5019076.691687 }, "geometry": { "type": "Point", "coordinates": [ 15380851.951222, 5019076.691687 ] } },
{ "type": "Feature", "properties": { "15380279.394525": 15381094.557651, "5025475.223726": 5018922.548037 }, "geometry": { "type": "Point", "coordinates": [ 15381094.557651, 5018922.548037 ] } },
{ "type": "Feature", "properties": { "15380279.394525": 15381335.062057, "5025475.223726": 5018765.774708 }, "geometry": { "type": "Point", "coordinates": [ 15381335.062057, 5018765.774708 ] } },
{ "type": "Feature", "properties": { "15380279.394525": 15381572.796618, "5025475.223726": 5018605.4725360004 }, "geometry": { "type": "Point", "coordinates": [ 15381572.796618, 5018605.472536000423133 ] } },
{ "type": "Feature", "properties": { "15380279.394525": 15381807.093509, "5025475.223726": 5018440.7423569998 }, "geometry": { "type": "Point", "coordinates": [ 15381807.093509, 5018440.742356999777257 ] } },
{ "type": "Feature", "properties": { "15380279.394525": 15382037.284907, "5025475.223726": 5018270.6850070003 }, "geometry": { "type": "Point", "coordinates": [ 15382037.284907, 5018270.685007000342011 ] } },
{ "type": "Feature", "properties": { "15380279.394525": 15382301.253211999, "5025475.223726": 5018063.824786 }, "geometry": { "type": "Point", "coordinates": [ 15382301.253212, 5018063.824786 ] } },
{ "type": "Feature", "properties": { "15380279.394525": 15382559.387494, "5025475.223726": 5017849.6772579998 }, "geometry": { "type": "Point", "coordinates": [ 15382559.387494, 5017849.677257999777794 ] } },
{ "type": "Feature", "properties": { "15380279.394525": 15382812.631027, "5025475.223726": 5017629.3644300001 }, "geometry": { "type": "Point", "coordinates": [ 15382812.631027, 5017629.36443 ] } },
{ "type": "Feature", "properties": { "15380279.394525": 15383061.927082, "5025475.223726": 5017404.0083109997 }, "geometry": { "type": "Point", "coordinates": [ 15383061.927082, 5017404.008310999721289 ] } },
{ "type": "Feature", "properties": { "15380279.394525": 15383308.218931001, "5025475.223726": 5017174.7309079999 }, "geometry": { "type": "Point", "coordinates": [ 15383308.218931, 5017174.730908 ] } },
{ "type": "Feature", "properties": { "15380279.394525": 15383552.449847, "5025475.223726": 5016942.6542309998 }, "geometry": { "type": "Point", "coordinates": [ 15383552.449847, 5016942.65423099976033 ] } },
{ "type": "Feature", "properties": { "15380279.394525": 15383795.563101999, "5025475.223726": 5016708.9002879998 }, "geometry": { "type": "Point", "coordinates": [ 15383795.563102, 5016708.900287999771535 ] } },
{ "type": "Feature", "properties": { "15380279.394525": 15384038.501967, "5025475.223726": 5016474.5910870004 }, "geometry": { "type": "Point", "coordinates": [ 15384038.501967, 5016474.591087000444531 ] } },
{ "type": "Feature", "properties": { "15380279.394525": 15384282.209713999, "5025475.223726": 5016240.8486360004 }, "geometry": { "type": "Point", "coordinates": [ 15384282.209714, 5016240.848636000417173 ] } },
{ "type": "Feature", "properties": { "15380279.394525": 15384527.629616, "5025475.223726": 5016008.7949430002 }, "geometry": { "type": "Point", "coordinates": [ 15384527.629616, 5016008.79494300018996 ] } },
{ "type": "Feature", "properties": { "15380279.394525": 15384776.974746, "5025475.223726": 5015778.1763420003 }, "geometry": { "type": "Point", "coordinates": [ 15384776.974746, 5015778.176342000253499 ] } },
{ "type": "Feature", "properties": { "15380279.394525": 15385029.154194999, "5025475.223726": 5015551.0556420004 }, "geometry": { "type": "Point", "coordinates": [ 15385029.154195, 5015551.05564200039953 ] } },
{ "type": "Feature", "properties": { "15380279.394525": 15385284.500189001, "5025475.223726": 5015327.9622480003 }, "geometry": { "type": "Point", "coordinates": [ 15385284.500189, 5015327.962248000316322 ] } },
{ "type": "Feature", "properties": { "15380279.394525": 15385543.344954001, "5025475.223726": 5015109.4255619999 }, "geometry": { "type": "Point", "coordinates": [ 15385543.344954, 5015109.425562 ] } },
{ "type": "Feature", "properties": { "15380279.394525": 15385806.020718001, "5025475.223726": 5014895.9749889998 }, "geometry": { "type": "Point", "coordinates": [ 15385806.020718, 5014895.974988999776542 ] } },
{ "type": "Feature", "properties": { "15380279.394525": 15386072.859705999, "5025475.223726": 5014688.1399299996 }, "geometry": { "type": "Point", "coordinates": [ 15386072.859706, 5014688.139929999597371 ] } },
{ "type": "Feature", "properties": { "15380279.394525": 15386344.194145, "5025475.223726": 5014486.4497889997 }, "geometry": { "type": "Point", "coordinates": [ 15386344.194145, 5014486.44978899974376 ] } },
{ "type": "Feature", "properties": { "15380279.394525": 15386620.356262, "5025475.223726": 5014291.4339699997 }, "geometry": { "type": "Point", "coordinates": [ 15386620.356262, 5014291.433969999663532 ] } },
{ "type": "Feature", "properties": { "15380279.394525": 15386867.581067, "5025475.223726": 5014125.5753870001 }, "geometry": { "type": "Point", "coordinates": [ 15386867.581067, 5014125.575387000106275 ] } },
{ "type": "Feature", "properties": { "15380279.394525": 15387118.229195001, "5025475.223726": 5013964.850513 }, "geometry": { "type": "Point", "coordinates": [ 15387118.229195, 5013964.850513 ] } },
{ "type": "Feature", "properties": { "15380279.394525": 15387371.893872, "5025475.223726": 5013808.6951719997 }, "geometry": { "type": "Point", "coordinates": [ 15387371.893872, 5013808.695171999745071 ] } },
{ "type": "Feature", "properties": { "15380279.394525": 15387628.168323001, "5025475.223726": 5013656.5451849997 }, "geometry": { "type": "Point", "coordinates": [ 15387628.168323, 5013656.545184999704361 ] } },
{ "type": "Feature", "properties": { "15380279.394525": 15387886.645772999, "5025475.223726": 5013507.836375 }, "geometry": { "type": "Point", "coordinates": [ 15387886.645773, 5013507.836375 ] } },
{ "type": "Feature", "properties": { "15380279.394525": 15388146.919449, "5025475.223726": 5013362.0045649996 }, "geometry": { "type": "Point", "coordinates": [ 15388146.919449, 5013362.004564999602735 ] } },
{ "type": "Feature", "properties": { "15380279.394525": 15388408.582574001, "5025475.223726": 5013218.4855760001 }, "geometry": { "type": "Point", "coordinates": [ 15388408.582574, 5013218.485576 ] } },
{ "type": "Feature", "properties": { "15380279.394525": 15388671.228375001, "5025475.223726": 5013076.7152319998 }, "geometry": { "type": "Point", "coordinates": [ 15388671.228375, 5013076.715231999754906 ] } },
{ "type": "Feature", "properties": { "15380279.394525": 15388933.493038001, "5025475.223726": 5012936.7436100002 }, "geometry": { "type": "Point", "coordinates": [ 15388933.493038, 5012936.743610000237823 ] } },
{ "type": "Feature", "properties": { "15380279.394525": 15389196.096847, "5025475.223726": 5012797.8797040004 }, "geometry": { "type": "Point", "coordinates": [ 15389196.096847, 5012797.879704000428319 ] } },
{ "type": "Feature", "properties": { "15380279.394525": 15389459.000508999, "5025475.223726": 5012659.9275620002 }, "geometry": { "type": "Point", "coordinates": [ 15389459.000509, 5012659.927562000229955 ] } },
{ "type": "Feature", "properties": { "15380279.394525": 15389722.164731, "5025475.223726": 5012522.6912329998 }, "geometry": { "type": "Point", "coordinates": [ 15389722.164731, 5012522.691232999786735 ] } },
{ "type": "Feature", "properties": { "15380279.394525": 15389985.550218999, "5025475.223726": 5012385.9747649999 }, "geometry": { "type": "Point", "coordinates": [ 15389985.550219, 5012385.974765 ] } },
{ "type": "Feature", "properties": { "15380279.394525": 15390249.117681, "5025475.223726": 5012249.5822090004 }, "geometry": { "type": "Point", "coordinates": [ 15390249.117681, 5012249.582209000363946 ] } },
{ "type": "Feature", "properties": { "15380279.394525": 15390512.827824, "5025475.223726": 5012113.3176119998 }, "geometry": { "type": "Point", "coordinates": [ 15390512.827824, 5012113.317611999809742 ] } },
{ "type": "Feature", "properties": { "15380279.394525": 15390889.518619999, "5025475.223726": 5014835.9630589997 }, "geometry": { "type": "Point", "coordinates": [ 15390889.51862, 5014835.963058999739587 ] } },
{ "type": "Feature", "properties": { "15380279.394525": 15390839.968936, "5025475.223726": 5014595.7478419999 }, "geometry": { "type": "Point", "coordinates": [ 15390839.968936, 5014595.747841999866068 ] } },
{ "type": "Feature", "properties": { "15380279.394525": 15390791.745686, "5025475.223726": 5014355.4915100001 }, "geometry": { "type": "Point", "coordinates": [ 15390791.745686, 5014355.49151 ] } },
{ "type": "Feature", "properties": { "15380279.394525": 15390746.162590001, "5025475.223726": 5014115.034643 }, "geometry": { "type": "Point", "coordinates": [ 15390746.16259, 5014115.034643 ] } },
{ "type": "Feature", "properties": { "15380279.394525": 15390704.533367001, "5025475.223726": 5013874.2178210001 }, "geometry": { "type": "Point", "coordinates": [ 15390704.533367, 5013874.217821000143886 ] } },
{ "type": "Feature", "properties": { "15380279.394525": 15390668.171738001, "5025475.223726": 5013632.8816229999 }, "geometry": { "type": "Point", "coordinates": [ 15390668.171738, 5013632.881623 ] } },
{ "type": "Feature", "properties": { "15380279.394525": 15390638.391422, "5025475.223726": 5013390.8666300001 }, "geometry": { "type": "Point", "coordinates": [ 15390638.391422, 5013390.86663 ] } },
{ "type": "Feature", "properties": { "15380279.394525": 15390616.159174999, "5025475.223726": 5013148.2564040003 }, "geometry": { "type": "Point", "coordinates": [ 15390616.159175, 5013148.256404000334442 ] } },
{ "type": "Feature", "properties": { "15380279.394525": 15390600.956413999, "5025475.223726": 5012905.0681400001 }, "geometry": { "type": "Point", "coordinates": [ 15390600.956414, 5012905.068140000104904 ] } },
{ "type": "Feature", "properties": { "15380279.394525": 15390591.903395999, "5025475.223726": 5012661.3642379995 }, "geometry": { "type": "Point", "coordinates": [ 15390591.903396, 5012661.364237999543548 ] } },
{ "type": "Feature", "properties": { "15380279.394525": 15390588.120375, "5025475.223726": 5012417.2070979998 }, "geometry": { "type": "Point", "coordinates": [ 15390588.120375, 5012417.207097999751568 ] } },
{ "type": "Feature", "properties": { "15380279.394525": 15390588.727606, "5025475.223726": 5012172.6591210002 }, "geometry": { "type": "Point", "coordinates": [ 15390588.727606, 5012172.659121000207961 ] } },
{ "type": "Feature", "properties": { "15380279.394525": 15390592.845345, "5025475.223726": 5011927.7827070002 }, "geometry": { "type": "Point", "coordinates": [ 15390592.845345, 5011927.782707000151277 ] } },
{ "type": "Feature", "properties": { "15380279.394525": 15390599.593846001, "5025475.223726": 5011682.6402559998 }, "geometry": { "type": "Point", "coordinates": [ 15390599.593846, 5011682.640255999751389 ] } },
{ "type": "Feature", "properties": { "15380279.394525": 15390608.093365001, "5025475.223726": 5011437.2941690003 }, "geometry": { "type": "Point", "coordinates": [ 15390608.093365, 5011437.294169000349939 ] } },
{ "type": "Feature", "properties": { "15380279.394525": 15390617.464156, "5025475.223726": 5011191.8068460003 }, "geometry": { "type": "Point", "coordinates": [ 15390617.464156, 5011191.806846000254154 ] } },
{ "type": "Feature", "properties": { "15380279.394525": 15380321.249058001, "5025475.223726": 5015631.8132659998 }, "geometry": { "type": "Point", "coordinates": [ 15380321.249058, 5015631.813265999779105 ] } },
{ "type": "Feature", "properties": { "15380279.394525": 15380557.478402, "5025475.223726": 5015599.4560580002 }, "geometry": { "type": "Point", "coordinates": [ 15380557.478402, 5015599.456058000214398 ] } },
{ "type": "Feature", "properties": { "15380279.394525": 15380793.827764999, "5025475.223726": 5015566.9608939998 }, "geometry": { "type": "Point", "coordinates": [ 15380793.827765, 5015566.960893999785185 ] } },
{ "type": "Feature", "properties": { "15380279.394525": 15381030.496896001, "5025475.223726": 5015534.1573430002 }, "geometry": { "type": "Point", "coordinates": [ 15381030.496896, 5015534.157343000173569 ] } },
{ "type": "Feature", "properties": { "15380279.394525": 15381267.685544999, "5025475.223726": 5015500.8749759998 }, "geometry": { "type": "Point", "coordinates": [ 15381267.685545, 5015500.874975999817252 ] } },
{ "type": "Feature", "properties": { "15380279.394525": 15381505.593462, "5025475.223726": 5015466.9433610002 }, "geometry": { "type": "Point", "coordinates": [ 15381505.593462, 5015466.943361000157893 ] } },
{ "type": "Feature", "properties": { "15380279.394525": 15381744.420394, "5025475.223726": 5015432.1920670001 }, "geometry": { "type": "Point", "coordinates": [ 15381744.420394, 5015432.192067 ] } },
{ "type": "Feature", "properties": { "15380279.394525": 15381984.366092, "5025475.223726": 5015396.4506639997 }, "geometry": { "type": "Point", "coordinates": [ 15381984.366092, 5015396.450663999654353 ] } },
{ "type": "Feature", "properties": { "15380279.394525": 15382225.630306, "5025475.223726": 5015359.5487219999 }, "geometry": { "type": "Point", "coordinates": [ 15382225.630306, 5015359.5487219998613 ] } },
{ "type": "Feature", "properties": { "15380279.394525": 15382463.494555, "5025475.223726": 5015320.0824239999 }, "geometry": { "type": "Point", "coordinates": [ 15382463.494555, 5015320.082424 ] } },
{ "type": "Feature", "properties": { "15380279.394525": 15382695.907384001, "5025475.223726": 5015268.0357360002 }, "geometry": { "type": "Point", "coordinates": [ 15382695.907384, 5015268.035736000165343 ] } },
{ "type": "Feature", "properties": { "15380279.394525": 15382916.230099, "5025475.223726": 5015192.001309 }, "geometry": { "type": "Point", "coordinates": [ 15382916.230099, 5015192.001309 ] } },
{ "type": "Feature", "properties": { "15380279.394525": 15383170.680791, "5025475.223726": 5015049.9902569996 }, "geometry": { "type": "Point", "coordinates": [ 15383170.680791, 5015049.990256999619305 ] } },
{ "type": "Feature", "properties": { "15380279.394525": 15383402.782592, "5025475.223726": 5014866.031765 }, "geometry": { "type": "Point", "coordinates": [ 15383402.782592, 5014866.031765 ] } },
{ "type": "Feature", "properties": { "15380279.394525": 15383620.666285999, "5025475.223726": 5014654.6446939996 }, "geometry": { "type": "Point", "coordinates": [ 15383620.666286, 5014654.644693999551237 ] } },
{ "type": "Feature", "properties": { "15380279.394525": 15383832.462657001, "5025475.223726": 5014430.347906 }, "geometry": { "type": "Point", "coordinates": [ 15383832.462657, 5014430.347906 ] } },
{ "type": "Feature", "properties": { "15380279.394525": 15384046.302487999, "5025475.223726": 5014207.6602630001 }, "geometry": { "type": "Point", "coordinates": [ 15384046.302488, 5014207.660263 ] } },
{ "type": "Feature", "properties": { "15380279.394525": 15384267.276985999, "5025475.223726": 5013999.6714519998 }, "geometry": { "type": "Point", "coordinates": [ 15384267.276986, 5013999.671451999805868 ] } },
{ "type": "Feature", "properties": { "15380279.394525": 15384497.014052, "5025475.223726": 5013806.019998 }, "geometry": { "type": "Point", "coordinates": [ 15384497.014052, 5013806.019998 ] } },
{ "type": "Feature", "properties": { "15380279.394525": 15384734.492918, "5025475.223726": 5013624.9949989999 }, "geometry": { "type": "Point", "coordinates": [ 15384734.492918, 5013624.994998999871314 ] } },
{ "type": "Feature", "properties": { "15380279.394525": 15384978.692818001, "5025475.223726": 5013454.8855539998 }, "geometry": { "type": "Point", "coordinates": [ 15384978.692818, 5013454.88555399980396 ] } },
{ "type": "Feature", "properties": { "15380279.394525": 15385228.592987999, "5025475.223726": 5013293.980761 }, "geometry": { "type": "Point", "coordinates": [ 15385228.592988, 5013293.980761 ] } },
{ "type": "Feature", "properties": { "15380279.394525": 15385483.172661001, "5025475.223726": 5013140.5697189998 }, "geometry": { "type": "Point", "coordinates": [ 15385483.172661, 5013140.569718999788165 ] } },
{ "type": "Feature", "properties": { "15380279.394525": 15385741.411071001, "5025475.223726": 5012992.9415260004 }, "geometry": { "type": "Point", "coordinates": [ 15385741.411071, 5012992.941526000387967 ] } },
{ "type": "Feature", "properties": { "15380279.394525": 15385965.336662, "5025475.223726": 5012869.5875420002 }, "geometry": { "type": "Point", "coordinates": [ 15385965.336662, 5012869.587542000226676 ] } },
{ "type": "Feature", "properties": { "15380279.394525": 15386190.741548, "5025475.223726": 5012748.8015459999 }, "geometry": { "type": "Point", "coordinates": [ 15386190.741548, 5012748.801546 ] } },
{ "type": "Feature", "properties": { "15380279.394525": 15386417.352196001, "5025475.223726": 5012630.0599189997 }, "geometry": { "type": "Point", "coordinates": [ 15386417.352196, 5012630.059918999671936 ] } },
{ "type": "Feature", "properties": { "15380279.394525": 15386644.895075001, "5025475.223726": 5012512.8390370002 }, "geometry": { "type": "Point", "coordinates": [ 15386644.895075, 5012512.839037000201643 ] } },
{ "type": "Feature", "properties": { "15380279.394525": 15386873.096650001, "5025475.223726": 5012396.6152799996 }, "geometry": { "type": "Point", "coordinates": [ 15386873.09665, 5012396.615279999561608 ] } },
{ "type": "Feature", "properties": { "15380279.394525": 15387101.683390999, "5025475.223726": 5012280.8650240004 }, "geometry": { "type": "Point", "coordinates": [ 15387101.683391, 5012280.865024000406265 ] } },
{ "type": "Feature", "properties": { "15380279.394525": 15383355.702694001, "5025475.223726": 5017035.0228420002 }, "geometry": { "type": "Point", "coordinates": [ 15383355.702694, 5017035.022842000238597 ] } },
{ "type": "Feature", "properties": { "15380279.394525": 15383083.648229999, "5025475.223726": 5015129.1710299999 }, "geometry": { "type": "Point", "coordinates": [ 15383083.64823, 5015129.17102999985218 ] } },
{ "type": "Feature", "properties": { "15380279.394525": 15380907.212518999, "5025475.223726": 5019820.4985680003 }, "geometry": { "type": "Point", "coordinates": [ 15380907.212519, 5019820.498568000271916 ] } },
{ "type": "Feature", "properties": { "15380279.394525": 15381147.913539, "5025475.223726": 5019746.8192910003 }, "geometry": { "type": "Point", "coordinates": [ 15381147.913539, 5019746.819291000254452 ] } },
{ "type": "Feature", "properties": { "15380279.394525": 15381388.804706, "5025475.223726": 5019673.7960799998 }, "geometry": { "type": "Point", "coordinates": [ 15381388.804706, 5019673.796079999767244 ] } },
{ "type": "Feature", "properties": { "15380279.394525": 15381630.137219001, "5025475.223726": 5019602.0604450004 }, "geometry": { "type": "Point", "coordinates": [ 15381630.137219, 5019602.060445000417531 ] } },
{ "type": "Feature", "properties": { "15380279.394525": 15381872.162280001, "5025475.223726": 5019532.2438909998 }, "geometry": { "type": "Point", "coordinates": [ 15381872.16228, 5019532.243890999816358 ] } },
{ "type": "Feature", "properties": { "15380279.394525": 15382115.131089, "5025475.223726": 5019464.9779270003 }, "geometry": { "type": "Point", "coordinates": [ 15382115.131089, 5019464.977927000261843 ] } },
{ "type": "Feature", "properties": { "15380279.394525": 15382359.294847, "5025475.223726": 5019400.8940589996 }, "geometry": { "type": "Point", "coordinates": [ 15382359.294847, 5019400.894058999605477 ] } },
{ "type": "Feature", "properties": { "15380279.394525": 15382604.904755, "5025475.223726": 5019340.6237949999 }, "geometry": { "type": "Point", "coordinates": [ 15382604.904755, 5019340.623795 ] } },
{ "type": "Feature", "properties": { "15380279.394525": 15382852.212012, "5025475.223726": 5019284.7986420002 }, "geometry": { "type": "Point", "coordinates": [ 15382852.212012, 5019284.798642000183463 ] } },
{ "type": "Feature", "properties": { "15380279.394525": 15383101.467821, "5025475.223726": 5019234.0501070004 }, "geometry": { "type": "Point", "coordinates": [ 15383101.467821, 5019234.050107000395656 ] } },
{ "type": "Feature", "properties": { "15380279.394525": 15383352.923380001, "5025475.223726": 5019189.0096969996 }, "geometry": { "type": "Point", "coordinates": [ 15383352.92338, 5019189.009696999564767 ] } },
{ "type": "Feature", "properties": { "15380279.394525": 15383606.829892, "5025475.223726": 5019150.3089199997 }, "geometry": { "type": "Point", "coordinates": [ 15383606.829892, 5019150.308919999748468 ] } },
{ "type": "Feature", "properties": { "15380279.394525": 15383862.439306, "5025475.223726": 5019117.5969780004 }, "geometry": { "type": "Point", "coordinates": [ 15383862.439306, 5019117.596978000365198 ] } },
{ "type": "Feature", "properties": { "15380279.394525": 15384118.122354001, "5025475.223726": 5019086.1243040003 }, "geometry": { "type": "Point", "coordinates": [ 15384118.122354, 5019086.124304000288248 ] } },
{ "type": "Feature", "properties": { "15380279.394525": 15384371.432781, "5025475.223726": 5019050.114631 }, "geometry": { "type": "Point", "coordinates": [ 15384371.432781, 5019050.114631 ] } },
{ "type": "Feature", "properties": { "15380279.394525": 15384619.924334999, "5025475.223726": 5019003.7916919999 }, "geometry": { "type": "Point", "coordinates": [ 15384619.924335, 5019003.79169199988246 ] } },
{ "type": "Feature", "properties": { "15380279.394525": 15384861.150762999, "5025475.223726": 5018941.3792209998 }, "geometry": { "type": "Point", "coordinates": [ 15384861.150763, 5018941.379220999777317 ] } },
{ "type": "Feature", "properties": { "15380279.394525": 15385092.665811, "5025475.223726": 5018857.1009489996 }, "geometry": { "type": "Point", "coordinates": [ 15385092.665811, 5018857.100948999635875 ] } },
{ "type": "Feature", "properties": { "15380279.394525": 15385356.954236999, "5025475.223726": 5018721.0586789995 }, "geometry": { "type": "Point", "coordinates": [ 15385356.954237, 5018721.05867899954319 ] } },
{ "type": "Feature", "properties": { "15380279.394525": 15385606.833939999, "5025475.223726": 5018552.8648640001 }, "geometry": { "type": "Point", "coordinates": [ 15385606.83394, 5018552.864864000119269 ] } },
{ "type": "Feature", "properties": { "15380279.394525": 15385845.947575999, "5025475.223726": 5018360.5411080001 }, "geometry": { "type": "Point", "coordinates": [ 15385845.947576, 5018360.541108 ] } },
{ "type": "Feature", "properties": { "15380279.394525": 15386077.937799999, "5025475.223726": 5018152.1090129996 }, "geometry": { "type": "Point", "coordinates": [ 15386077.9378, 5018152.10901299957186 ] } },
{ "type": "Feature", "properties": { "15380279.394525": 15386306.447264999, "5025475.223726": 5017935.5901819998 }, "geometry": { "type": "Point", "coordinates": [ 15386306.447265, 5017935.590181999839842 ] } },
{ "type": "Feature", "properties": { "15380279.394525": 15385281.011209, "5025475.223726": 5021286.5384240001 }, "geometry": { "type": "Point", "coordinates": [ 15385281.011209, 5021286.538424000144005 ] } },
{ "type": "Feature", "properties": { "15380279.394525": 15385494.047578, "5025475.223726": 5021034.8954259995 }, "geometry": { "type": "Point", "coordinates": [ 15385494.047578, 5021034.89542599953711 ] } },
{ "type": "Feature", "properties": { "15380279.394525": 15385701.925295999, "5025475.223726": 5020780.2789070001 }, "geometry": { "type": "Point", "coordinates": [ 15385701.925296, 5020780.278907 ] } },
{ "type": "Feature", "properties": { "15380279.394525": 15385899.550255001, "5025475.223726": 5020519.5403000005 }, "geometry": { "type": "Point", "coordinates": [ 15385899.550255, 5020519.540300000458956 ] } },
{ "type": "Feature", "properties": { "15380279.394525": 15386081.828346999, "5025475.223726": 5020249.5310380002 }, "geometry": { "type": "Point", "coordinates": [ 15386081.828347, 5020249.531038000248373 ] } },
{ "type": "Feature", "properties": { "15380279.394525": 15386243.665465999, "5025475.223726": 5019967.102554 }, "geometry": { "type": "Point", "coordinates": [ 15386243.665466, 5019967.102554 ] } },
{ "type": "Feature", "properties": { "15380279.394525": 15386344.676314, "5025475.223726": 5019755.5141580002 }, "geometry": { "type": "Point", "coordinates": [ 15386344.676314, 5019755.51415800023824 ] } },
{ "type": "Feature", "properties": { "15380279.394525": 15386432.653070999, "5025475.223726": 5019537.421449 }, "geometry": { "type": "Point", "coordinates": [ 15386432.653071, 5019537.421449 ] } },
{ "type": "Feature", "properties": { "15380279.394525": 15386507.793483, "5025475.223726": 5019314.1227780003 }, "geometry": { "type": "Point", "coordinates": [ 15386507.793483, 5019314.122778000310063 ] } },
{ "type": "Feature", "properties": { "15380279.394525": 15386570.295298001, "5025475.223726": 5019086.9164939998 }, "geometry": { "type": "Point", "coordinates": [ 15386570.295298, 5019086.916493999771774 ] } },
{ "type": "Feature", "properties": { "15380279.394525": 15386620.356262, "5025475.223726": 5018857.1009489996 }, "geometry": { "type": "Point", "coordinates": [ 15386620.356262, 5018857.100948999635875 ] } },
{ "type": "Feature", "properties": { "15380279.394525": 15386660.617906, "5025475.223726": 5018609.1340709999 }, "geometry": { "type": "Point", "coordinates": [ 15386660.617906, 5018609.134071 ] } },
{ "type": "Feature", "properties": { "15380279.394525": 15386688.299551001, "5025475.223726": 5018360.0141580002 }, "geometry": { "type": "Point", "coordinates": [ 15386688.299551, 5018360.01415800023824 ] } },
{ "type": "Feature", "properties": { "15380279.394525": 15386704.977144999, "5025475.223726": 5018109.875984 }, "geometry": { "type": "Point", "coordinates": [ 15386704.977145, 5018109.875984 ] } },
{ "type": "Feature", "properties": { "15380279.394525": 15386712.226639001, "5025475.223726": 5017858.854324 }, "geometry": { "type": "Point", "coordinates": [ 15386712.226639, 5017858.854324 ] } },
{ "type": "Feature", "properties": { "15380279.394525": 15386711.623980001, "5025475.223726": 5017607.0839550002 }, "geometry": { "type": "Point", "coordinates": [ 15386711.62398, 5017607.083955000154674 ] } },
{ "type": "Feature", "properties": { "15380279.394525": 15386704.745116999, "5025475.223726": 5017354.6996510001 }, "geometry": { "type": "Point", "coordinates": [ 15386704.745117, 5017354.699651 ] } },
{ "type": "Feature", "properties": { "15380279.394525": 15386693.165999001, "5025475.223726": 5017101.8361879997 }, "geometry": { "type": "Point", "coordinates": [ 15386693.165999, 5017101.836187999695539 ] } },
{ "type": "Feature", "properties": { "15380279.394525": 15386678.462576, "5025475.223726": 5016848.6283409996 }, "geometry": { "type": "Point", "coordinates": [ 15386678.462576, 5016848.628340999595821 ] } },
{ "type": "Feature", "properties": { "15380279.394525": 15386662.210795, "5025475.223726": 5016595.2108859997 }, "geometry": { "type": "Point", "coordinates": [ 15386662.210795, 5016595.210885999724269 ] } },
{ "type": "Feature", "properties": { "15380279.394525": 15386139.029134, "5025475.223726": 5020511.6316430001 }, "geometry": { "type": "Point", "coordinates": [ 15386139.029134, 5020511.631643 ] } },
{ "type": "Feature", "properties": { "15380279.394525": 15386386.367911, "5025475.223726": 5020496.8600319996 }, "geometry": { "type": "Point", "coordinates": [ 15386386.367911, 5020496.860031999647617 ] } },
{ "type": "Feature", "properties": { "15380279.394525": 15386632.998524001, "5025475.223726": 5020479.839292 }, "geometry": { "type": "Point", "coordinates": [ 15386632.998524, 5020479.839292 ] } },
{ "type": "Feature", "properties": { "15380279.394525": 15386878.309788, "5025475.223726": 5020458.291003 }, "geometry": { "type": "Point", "coordinates": [ 15386878.309788, 5020458.291003 ] } },
{ "type": "Feature", "properties": { "15380279.394525": 15387121.690523, "5025475.223726": 5020429.9367450001 }, "geometry": { "type": "Point", "coordinates": [ 15387121.690523, 5020429.936745 ] } },
{ "type": "Feature", "properties": { "15380279.394525": 15387362.529544, "5025475.223726": 5020392.498098 }, "geometry": { "type": "Point", "coordinates": [ 15387362.529544, 5020392.498098 ] } },
{ "type": "Feature", "properties": { "15380279.394525": 15387600.215670001, "5025475.223726": 5020343.6966399997 }, "geometry": { "type": "Point", "coordinates": [ 15387600.21567, 5020343.696639999747276 ] } },
{ "type": "Feature", "properties": { "15380279.394525": 15387834.137716999, "5025475.223726": 5020281.2539520003 }, "geometry": { "type": "Point", "coordinates": [ 15387834.137717, 5020281.253952000290155 ] } },
{ "type": "Feature", "properties": { "15380279.394525": 15388078.866203999, "5025475.223726": 5020198.192392 }, "geometry": { "type": "Point", "coordinates": [ 15388078.866204, 5020198.192392 ] } },
{ "type": "Feature", "properties": { "15380279.394525": 15388319.441342, "5025475.223726": 5020100.7083569998 }, "geometry": { "type": "Point", "coordinates": [ 15388319.441342, 5020100.708356999792159 ] } },
{ "type": "Feature", "properties": { "15380279.394525": 15388556.937654, "5025475.223726": 5019992.3965360001 }, "geometry": { "type": "Point", "coordinates": [ 15388556.937654, 5019992.396536 ] } },
{ "type": "Feature", "properties": { "15380279.394525": 15388792.429665999, "5025475.223726": 5019876.8516170001 }, "geometry": { "type": "Point", "coordinates": [ 15388792.429666, 5019876.851617 ] } },
{ "type": "Feature", "properties": { "15380279.394525": 15389026.991905, "5025475.223726": 5019757.6682890002 }, "geometry": { "type": "Point", "coordinates": [ 15389026.991905, 5019757.668289000168443 ] } },
{ "type": "Feature", "properties": { "15380279.394525": 15384653.193215, "5025475.223726": 5016343.8897679998 }, "geometry": { "type": "Point", "coordinates": [ 15384653.193215, 5016343.889767999760807 ] } },
{ "type": "Feature", "properties": { "15380279.394525": 15384916.762305001, "5025475.223726": 5016272.6751560001 }, "geometry": { "type": "Point", "coordinates": [ 15384916.762305, 5016272.675156 ] } },
{ "type": "Feature", "properties": { "15380279.394525": 15385180.385537, "5025475.223726": 5016203.1268830001 }, "geometry": { "type": "Point", "coordinates": [ 15385180.385537, 5016203.126883000135422 ] } },
{ "type": "Feature", "properties": { "15380279.394525": 15385444.201452, "5025475.223726": 5016136.9250840005 }, "geometry": { "type": "Point", "coordinates": [ 15385444.201452, 5016136.925084000453353 ] } },
{ "type": "Feature", "properties": { "15380279.394525": 15385708.348591, "5025475.223726": 5016075.7498949999 }, "geometry": { "type": "Point", "coordinates": [ 15385708.348591, 5016075.74989499989897 ] } },
{ "type": "Feature", "properties": { "15380279.394525": 15385972.965496, "5025475.223726": 5016021.2814499997 }, "geometry": { "type": "Point", "coordinates": [ 15385972.965496, 5016021.281449999660254 ] } },
{ "type": "Feature", "properties": { "15380279.394525": 15386238.190707, "5025475.223726": 5015975.1998840002 }, "geometry": { "type": "Point", "coordinates": [ 15386238.190707, 5015975.199884000234306 ] } },
{ "type": "Feature", "properties": { "15380279.394525": 15386504.162766, "5025475.223726": 5015939.1853320003 }, "geometry": { "type": "Point", "coordinates": [ 15386504.162766, 5015939.185332000255585 ] } },
{ "type": "Feature", "properties": { "15380279.394525": 15386771.020213, "5025475.223726": 5015914.9179290002 }, "geometry": { "type": "Point", "coordinates": [ 15386771.020213, 5015914.917929000221193 ] } },
{ "type": "Feature", "properties": { "15380279.394525": 15387038.901590999, "5025475.223726": 5015904.0778109999 }, "geometry": { "type": "Point", "coordinates": [ 15387038.901591, 5015904.077811 ] } },
{ "type": "Feature", "properties": { "15380279.394525": 15387295.26, "5025475.223726": 5015907.4161329996 }, "geometry": { "type": "Point", "coordinates": [ 15387295.26, 5015907.416132999584079 ] } },
{ "type": "Feature", "properties": { "15380279.394525": 15387551.886461001, "5025475.223726": 5015923.7690380001 }, "geometry": { "type": "Point", "coordinates": [ 15387551.886461, 5015923.769038000144064 ] } },
{ "type": "Feature", "properties": { "15380279.394525": 15387808.171824001, "5025475.223726": 5015952.4391000001 }, "geometry": { "type": "Point", "coordinates": [ 15387808.171824, 5015952.4391 ] } },
{ "type": "Feature", "properties": { "15380279.394525": 15388063.506936001, "5025475.223726": 5015992.7288910002 }, "geometry": { "type": "Point", "coordinates": [ 15388063.506936, 5015992.728891000151634 ] } },
{ "type": "Feature", "properties": { "15380279.394525": 15388317.282644, "5025475.223726": 5016043.940982 }, "geometry": { "type": "Point", "coordinates": [ 15388317.282644, 5016043.940982 ] } },
{ "type": "Feature", "properties": { "15380279.394525": 15388568.889796, "5025475.223726": 5016105.3779459996 }, "geometry": { "type": "Point", "coordinates": [ 15388568.889796, 5016105.377945999614894 ] } },
{ "type": "Feature", "properties": { "15380279.394525": 15388817.71924, "5025475.223726": 5016176.3423560001 }, "geometry": { "type": "Point", "coordinates": [ 15388817.71924, 5016176.342356 ] } },
{ "type": "Feature", "properties": { "15380279.394525": 15389064.108594, "5025475.223726": 5016256.3558780001 }, "geometry": { "type": "Point", "coordinates": [ 15389064.108594, 5016256.355878000147641 ] } },
{ "type": "Feature", "properties": { "15380279.394525": 15389307.299357001, "5025475.223726": 5016344.1304850001 }, "geometry": { "type": "Point", "coordinates": [ 15389307.299357, 5016344.130485 ] } },
{ "type": "Feature", "properties": { "15380279.394525": 15389547.699155999, "5025475.223726": 5016438.5667409999 }, "geometry": { "type": "Point", "coordinates": [ 15389547.699156, 5016438.566741 ] } },
{ "type": "Feature", "properties": { "15380279.394525": 15389785.715612, "5025475.223726": 5016538.5652130004 }, "geometry": { "type": "Point", "coordinates": [ 15389785.715612, 5016538.565213000401855 ] } },
{ "type": "Feature", "properties": { "15380279.394525": 15390021.756348999, "5025475.223726": 5016643.0264659999 }, "geometry": { "type": "Point", "coordinates": [ 15390021.756349, 5016643.026465999893844 ] } },
{ "type": "Feature", "properties": { "15380279.394525": 15390256.228992, "5025475.223726": 5016750.8510640003 }, "geometry": { "type": "Point", "coordinates": [ 15390256.228992, 5016750.851064000278711 ] } },
{ "type": "Feature", "properties": { "15380279.394525": 15390489.541164, "5025475.223726": 5016860.9395749997 }, "geometry": { "type": "Point", "coordinates": [ 15390489.541164, 5016860.939574999734759 ] } },
{ "type": "Feature", "properties": { "15380279.394525": 15390722.100488, "5025475.223726": 5016972.1925630001 }, "geometry": { "type": "Point", "coordinates": [ 15390722.100488, 5016972.192563000135124 ] } },
{ "type": "Feature", "properties": { "15380279.394525": 15390981.835690999, "5025475.223726": 5017096.5956229996 }, "geometry": { "type": "Point", "coordinates": [ 15390981.835691, 5017096.595622999593616 ] } },
{ "type": "Feature", "properties": { "15380279.394525": 15391242.203997999, "5025475.223726": 5017219.2351660002 }, "geometry": { "type": "Point", "coordinates": [ 15391242.203998, 5017219.235166000202298 ] } },
{ "type": "Feature", "properties": { "15380279.394525": 15391504.546483999, "5025475.223726": 5017338.3147729998 }, "geometry": { "type": "Point", "coordinates": [ 15391504.546484, 5017338.314772999845445 ] } },
{ "type": "Feature", "properties": { "15380279.394525": 15391770.204219, "5025475.223726": 5017452.0380260004 }, "geometry": { "type": "Point", "coordinates": [ 15391770.204219, 5017452.038026000373065 ] } },
{ "type": "Feature", "properties": { "15380279.394525": 15392040.518275, "5025475.223726": 5017558.6085050004 }, "geometry": { "type": "Point", "coordinates": [ 15392040.518275, 5017558.60850500036031 ] } },
{ "type": "Feature", "properties": { "15380279.394525": 15392302.2128, "5025475.223726": 5017650.10317 }, "geometry": { "type": "Point", "coordinates": [ 15392302.2128, 5017650.10317 ] } },
{ "type": "Feature", "properties": { "15380279.394525": 15392567.697310001, "5025475.223726": 5017723.2986949999 }, "geometry": { "type": "Point", "coordinates": [ 15392567.69731, 5017723.298694999888539 ] } },
{ "type": "Feature", "properties": { "15380279.394525": 15392835.754401, "5025475.223726": 5017768.0427700002 }, "geometry": { "type": "Point", "coordinates": [ 15392835.754401, 5017768.042770000174642 ] } },
{ "type": "Feature", "properties": { "15380279.394525": 15393078.606357999, "5025475.223726": 5017777.6611240003 }, "geometry": { "type": "Point", "coordinates": [ 15393078.606358, 5017777.661124000325799 ] } },
{ "type": "Feature", "properties": { "15380279.394525": 15393322.124998, "5025475.223726": 5017761.0819690004 }, "geometry": { "type": "Point", "coordinates": [ 15393322.124998, 5017761.081969000399113 ] } },
{ "type": "Feature", "properties": { "15380279.394525": 15393566.200154001, "5025475.223726": 5017723.5490469998 }, "geometry": { "type": "Point", "coordinates": [ 15393566.200154, 5017723.549046999774873 ] } },
{ "type": "Feature", "properties": { "15380279.394525": 15393810.721658999, "5025475.223726": 5017670.3060969999 }, "geometry": { "type": "Point", "coordinates": [ 15393810.721659, 5017670.306097 ] } },
{ "type": "Feature", "properties": { "15380279.394525": 15394055.579347, "5025475.223726": 5017606.5968610002 }, "geometry": { "type": "Point", "coordinates": [ 15394055.579347, 5017606.596861000172794 ] } },
{ "type": "Feature", "properties": { "15380279.394525": 15394300.663053, "5025475.223726": 5017537.6650790004 }, "geometry": { "type": "Point", "coordinates": [ 15394300.663053, 5017537.665079000405967 ] } },
{ "type": "Feature", "properties": { "15380279.394525": 15386976.119791999, "5025475.223726": 5019296.9129060004 }, "geometry": { "type": "Point", "coordinates": [ 15386976.119792, 5019296.912906000390649 ] } },
{ "type": "Feature", "properties": { "15380279.394525": 15387117.943217, "5025475.223726": 5019061.023728 }, "geometry": { "type": "Point", "coordinates": [ 15387117.943217, 5019061.023728 ] } },
{ "type": "Feature", "properties": { "15380279.394525": 15387261.111109, "5025475.223726": 5018826.1331439996 }, "geometry": { "type": "Point", "coordinates": [ 15387261.111109, 5018826.133143999613822 ] } },
{ "type": "Feature", "properties": { "15380279.394525": 15387407.061712001, "5025475.223726": 5018593.1456540003 }, "geometry": { "type": "Point", "coordinates": [ 15387407.061712, 5018593.145654000341892 ] } },
{ "type": "Feature", "properties": { "15380279.394525": 15387557.233273, "5025475.223726": 5018362.9657589998 }, "geometry": { "type": "Point", "coordinates": [ 15387557.233273, 5018362.965758999809623 ] } },
{ "type": "Feature", "properties": { "15380279.394525": 15387713.064037001, "5025475.223726": 5018136.4979600003 }, "geometry": { "type": "Point", "coordinates": [ 15387713.064037, 5018136.497960000298917 ] } },
{ "type": "Feature", "properties": { "15380279.394525": 15387875.992249999, "5025475.223726": 5017914.6467559999 }, "geometry": { "type": "Point", "coordinates": [ 15387875.99225, 5017914.646755999885499 ] } },
{ "type": "Feature", "properties": { "15380279.394525": 15388067.990129, "5025475.223726": 5017673.4381710002 }, "geometry": { "type": "Point", "coordinates": [ 15388067.990129, 5017673.438171000219882 ] } },
{ "type": "Feature", "properties": { "15380279.394525": 15388271.057053, "5025475.223726": 5017441.5277319998 }, "geometry": { "type": "Point", "coordinates": [ 15388271.057053, 5017441.527731999754906 ] } },
{ "type": "Feature", "properties": { "15380279.394525": 15388485.864241, "5025475.223726": 5017221.0349700004 }, "geometry": { "type": "Point", "coordinates": [ 15388485.864241, 5017221.034970000386238 ] } },
{ "type": "Feature", "properties": { "15380279.394525": 15388713.082908001, "5025475.223726": 5017014.0794160003 }, "geometry": { "type": "Point", "coordinates": [ 15388713.082908, 5017014.079416000284255 ] } },
{ "type": "Feature", "properties": { "15380279.394525": 15388969.942413, "5025475.223726": 5016808.4954300001 }, "geometry": { "type": "Point", "coordinates": [ 15388969.942413, 5016808.495430000126362 ] } },
{ "type": "Feature", "properties": { "15380279.394525": 15389236.620013, "5025475.223726": 5016615.090938 }, "geometry": { "type": "Point", "coordinates": [ 15389236.620013, 5016615.090938 ] } },
{ "type": "Feature", "properties": { "15380279.394525": 15389508.319034001, "5025475.223726": 5016427.6634740001 }, "geometry": { "type": "Point", "coordinates": [ 15389508.319034, 5016427.663474 ] } },
{ "type": "Feature", "properties": { "15380279.394525": 15392982.245266, "5025475.223726": 5020700.1224819999 }, "geometry": { "type": "Point", "coordinates": [ 15392982.245266, 5020700.122482 ] } },
{ "type": "Feature", "properties": { "15380279.394525": 15393102.687546, "5025475.223726": 5020453.8763640001 }, "geometry": { "type": "Point", "coordinates": [ 15393102.687546, 5020453.876364000141621 ] } },
{ "type": "Feature", "properties": { "15380279.394525": 15393222.235861, "5025475.223726": 5020207.0545800002 }, "geometry": { "type": "Point", "coordinates": [ 15393222.235861, 5020207.05458000022918 ] } },
{ "type": "Feature", "properties": { "15380279.394525": 15393340.059165999, "5025475.223726": 5019958.9875299996 }, "geometry": { "type": "Point", "coordinates": [ 15393340.059166, 5019958.987529999576509 ] } },
{ "type": "Feature", "properties": { "15380279.394525": 15393455.326416001, "5025475.223726": 5019709.0056130001 }, "geometry": { "type": "Point", "coordinates": [ 15393455.326416, 5019709.005613000132143 ] } },
{ "type": "Feature", "properties": { "15380279.394525": 15393567.206568001, "5025475.223726": 5019456.4392280001 }, "geometry": { "type": "Point", "coordinates": [ 15393567.206568, 5019456.439228000119328 ] } },
{ "type": "Feature", "properties": { "15380279.394525": 15393674.868574001, "5025475.223726": 5019200.6187760001 }, "geometry": { "type": "Point", "coordinates": [ 15393674.868574, 5019200.618776000104845 ] } },
{ "type": "Feature", "properties": { "15380279.394525": 15393777.481391, "5025475.223726": 5018940.8746549999 }, "geometry": { "type": "Point", "coordinates": [ 15393777.481391, 5018940.874655 ] } },
{ "type": "Feature", "properties": { "15380279.394525": 15393877.323338, "5025475.223726": 5018672.5554050002 }, "geometry": { "type": "Point", "coordinates": [ 15393877.323338, 5018672.55540500022471 ] } },
{ "type": "Feature", "properties": { "15380279.394525": 15393978.371219, "5025475.223726": 5018405.1685889997 }, "geometry": { "type": "Point", "coordinates": [ 15393978.371219, 5018405.168588999658823 ] } },
{ "type": "Feature", "properties": { "15380279.394525": 15394088.094472, "5025475.223726": 5018144.1864959998 }, "geometry": { "type": "Point", "coordinates": [ 15394088.094472, 5018144.186495999805629 ] } },
{ "type": "Feature", "properties": { "15380279.394525": 15394213.962537, "5025475.223726": 5017895.0814159997 }, "geometry": { "type": "Point", "coordinates": [ 15394213.962537, 5017895.081415999680758 ] } },
{ "type": "Feature", "properties": { "15380279.394525": 15394363.444852, "5025475.223726": 5017663.3256379999 }, "geometry": { "type": "Point", "coordinates": [ 15394363.444852, 5017663.325638 ] } },
{ "type": "Feature", "properties": { "15380279.394525": 15394564.831191, "5025475.223726": 5017428.6054090001 }, "geometry": { "type": "Point", "coordinates": [ 15394564.831191, 5017428.605409 ] } },
{ "type": "Feature", "properties": { "15380279.394525": 15394795.363360001, "5025475.223726": 5017215.6125180004 }, "geometry": { "type": "Point", "coordinates": [ 15394795.36336, 5017215.612518000416458 ] } },
{ "type": "Feature", "properties": { "15380279.394525": 15395045.368023001, "5025475.223726": 5017017.0419220002 }, "geometry": { "type": "Point", "coordinates": [ 15395045.368023, 5017017.041922000236809 ] } },
{ "type": "Feature", "properties": { "15380279.394525": 15395305.171843, "5025475.223726": 5016825.5885770004 }, "geometry": { "type": "Point", "coordinates": [ 15395305.171843, 5016825.588577000424266 ] } },
{ "type": "Feature", "properties": { "15380279.394525": 15382665.102901001, "5025475.223726": 5011505.9582439996 }, "geometry": { "type": "Point", "coordinates": [ 15382665.102901, 5011505.958243999630213 ] } },
{ "type": "Feature", "properties": { "15380279.394525": 15382906.773077, "5025475.223726": 5011466.4580039997 }, "geometry": { "type": "Point", "coordinates": [ 15382906.773077, 5011466.45800399966538 ] } },
{ "type": "Feature", "properties": { "15380279.394525": 15383148.440649001, "5025475.223726": 5011427.7835630002 }, "geometry": { "type": "Point", "coordinates": [ 15383148.440649, 5011427.783563000150025 ] } },
{ "type": "Feature", "properties": { "15380279.394525": 15383390.204818999, "5025475.223726": 5011390.7572699999 }, "geometry": { "type": "Point", "coordinates": [ 15383390.204819, 5011390.75727 ] } },
{ "type": "Feature", "properties": { "15380279.394525": 15383632.164787, "5025475.223726": 5011356.2014730005 }, "geometry": { "type": "Point", "coordinates": [ 15383632.164787, 5011356.201473000459373 ] } },
{ "type": "Feature", "properties": { "15380279.394525": 15383874.419754, "5025475.223726": 5011324.9385219999 }, "geometry": { "type": "Point", "coordinates": [ 15383874.419754, 5011324.93852199986577 ] } },
{ "type": "Feature", "properties": { "15380279.394525": 15384117.068918999, "5025475.223726": 5011297.7907649996 }, "geometry": { "type": "Point", "coordinates": [ 15384117.068919, 5011297.790764999575913 ] } },
{ "type": "Feature", "properties": { "15380279.394525": 15384360.211484, "5025475.223726": 5011275.5805519996 }, "geometry": { "type": "Point", "coordinates": [ 15384360.211484, 5011275.580551999621093 ] } },
{ "type": "Feature", "properties": { "15380279.394525": 15384596.636149, "5025475.223726": 5011259.3344769999 }, "geometry": { "type": "Point", "coordinates": [ 15384596.636149, 5011259.334477 ] } },
{ "type": "Feature", "properties": { "15380279.394525": 15384833.386937, "5025475.223726": 5011248.1085170005 }, "geometry": { "type": "Point", "coordinates": [ 15384833.386937, 5011248.108517000451684 ] } },
{ "type": "Feature", "properties": { "15380279.394525": 15385070.404547, "5025475.223726": 5011241.4918459998 }, "geometry": { "type": "Point", "coordinates": [ 15385070.404547, 5011241.491845999844372 ] } },
{ "type": "Feature", "properties": { "15380279.394525": 15385307.62968, "5025475.223726": 5011239.0736370003 }, "geometry": { "type": "Point", "coordinates": [ 15385307.62968, 5011239.073637000285089 ] } },
{ "type": "Feature", "properties": { "15380279.394525": 15385545.003035, "5025475.223726": 5011240.4430609997 }, "geometry": { "type": "Point", "coordinates": [ 15385545.003035, 5011240.44306099973619 ] } },
{ "type": "Feature", "properties": { "15380279.394525": 15385782.465311, "5025475.223726": 5011245.1892919997 }, "geometry": { "type": "Point", "coordinates": [ 15385782.465311, 5011245.189291999675333 ] } },
{ "type": "Feature", "properties": { "15380279.394525": 15386019.957208, "5025475.223726": 5011252.9015030004 }, "geometry": { "type": "Point", "coordinates": [ 15386019.957208, 5011252.901503000408411 ] } },
{ "type": "Feature", "properties": { "15380279.394525": 15386257.419426, "5025475.223726": 5011263.1688649999 }, "geometry": { "type": "Point", "coordinates": [ 15386257.419426, 5011263.168864999897778 ] } },
{ "type": "Feature", "properties": { "15380279.394525": 15386494.792663001, "5025475.223726": 5011275.5805519996 }, "geometry": { "type": "Point", "coordinates": [ 15386494.792663, 5011275.580551999621093 ] } },
{ "type": "Feature", "properties": { "15380279.394525": 15386742.989119001, "5025475.223726": 5011290.4711760003 }, "geometry": { "type": "Point", "coordinates": [ 15386742.989119, 5011290.471176000311971 ] } },
{ "type": "Feature", "properties": { "15380279.394525": 15386990.907600001, "5025475.223726": 5011307.0921250004 }, "geometry": { "type": "Point", "coordinates": [ 15386990.9076, 5011307.092125000432134 ] } },
{ "type": "Feature", "properties": { "15380279.394525": 15387238.582482999, "5025475.223726": 5011325.2701439997 }, "geometry": { "type": "Point", "coordinates": [ 15387238.582483, 5011325.27014399971813 ] } },
{ "type": "Feature", "properties": { "15380279.394525": 15387486.048146, "5025475.223726": 5011344.8319779998 }, "geometry": { "type": "Point", "coordinates": [ 15387486.048146, 5011344.831977999769151 ] } },
{ "type": "Feature", "properties": { "15380279.394525": 15387733.338966001, "5025475.223726": 5011365.6043729996 }, "geometry": { "type": "Point", "coordinates": [ 15387733.338966, 5011365.604372999630868 ] } },
{ "type": "Feature", "properties": { "15380279.394525": 15387980.489319, "5025475.223726": 5011387.414074 }, "geometry": { "type": "Point", "coordinates": [ 15387980.489319, 5011387.414074 ] } },
{ "type": "Feature", "properties": { "15380279.394525": 15388227.533584001, "5025475.223726": 5011410.0878250003 }, "geometry": { "type": "Point", "coordinates": [ 15388227.533584, 5011410.087825000286102 ] } },
{ "type": "Feature", "properties": { "15380279.394525": 15388474.506138001, "5025475.223726": 5011433.4523729999 }, "geometry": { "type": "Point", "coordinates": [ 15388474.506138, 5011433.452372999861836 ] } },
{ "type": "Feature", "properties": { "15380279.394525": 15388721.441357, "5025475.223726": 5011457.3344609998 }, "geometry": { "type": "Point", "coordinates": [ 15388721.441357, 5011457.334460999816656 ] } },
{ "type": "Feature", "properties": { "15380279.394525": 15388968.37362, "5025475.223726": 5011481.5608369997 }, "geometry": { "type": "Point", "coordinates": [ 15388968.37362, 5011481.560836999677122 ] } },
{ "type": "Feature", "properties": { "15380279.394525": 15389215.337303, "5025475.223726": 5011505.9582439996 }, "geometry": { "type": "Point", "coordinates": [ 15389215.337303, 5011505.958243999630213 ] } },
{ "type": "Feature", "properties": { "15380279.394525": 15382539.539302001, "5025475.223726": 5009306.8984599998 }, "geometry": { "type": "Point", "coordinates": [ 15382539.539302, 5009306.89845999982208 ] } },
{ "type": "Feature", "properties": { "15380279.394525": 15382799.916708, "5025475.223726": 5009282.1963900002 }, "geometry": { "type": "Point", "coordinates": [ 15382799.916708, 5009282.196390000171959 ] } },
{ "type": "Feature", "properties": { "15380279.394525": 15383060.185746999, "5025475.223726": 5009258.4806960002 }, "geometry": { "type": "Point", "coordinates": [ 15383060.185747, 5009258.480696000158787 ] } },
{ "type": "Feature", "properties": { "15380279.394525": 15383320.313781001, "5025475.223726": 5009236.7418769998 }, "geometry": { "type": "Point", "coordinates": [ 15383320.313781, 5009236.741876999847591 ] } },
{ "type": "Feature", "properties": { "15380279.394525": 15383580.268173, "5025475.223726": 5009217.970435 }, "geometry": { "type": "Point", "coordinates": [ 15383580.268173, 5009217.970435 ] } },
{ "type": "Feature", "properties": { "15380279.394525": 15383840.016286001, "5025475.223726": 5009203.1568710003 }, "geometry": { "type": "Point", "coordinates": [ 15383840.016286, 5009203.156871000304818 ] } },
{ "type": "Feature", "properties": { "15380279.394525": 15384099.525482001, "5025475.223726": 5009193.2916860003 }, "geometry": { "type": "Point", "coordinates": [ 15384099.525482, 5009193.291686000302434 ] } },
{ "type": "Feature", "properties": { "15380279.394525": 15384358.763123, "5025475.223726": 5009189.3653809996 }, "geometry": { "type": "Point", "coordinates": [ 15384358.763123, 5009189.36538099963218 ] } },
{ "type": "Feature", "properties": { "15380279.394525": 15384617.696572, "5025475.223726": 5009192.3684560005 }, "geometry": { "type": "Point", "coordinates": [ 15384617.696572, 5009192.368456000462174 ] } },
{ "type": "Feature", "properties": { "15380279.394525": 15384876.293191001, "5025475.223726": 5009203.2914140001 }, "geometry": { "type": "Point", "coordinates": [ 15384876.293191, 5009203.291414 ] } },
{ "type": "Feature", "properties": { "15380279.394525": 15385134.520343, "5025475.223726": 5009223.1247540005 }, "geometry": { "type": "Point", "coordinates": [ 15385134.520343, 5009223.124754000455141 ] } },
{ "type": "Feature", "properties": { "15380279.394525": 15385375.078088, "5025475.223726": 5009249.8236149997 }, "geometry": { "type": "Point", "coordinates": [ 15385375.078088, 5009249.823614999651909 ] } },
{ "type": "Feature", "properties": { "15380279.394525": 15385615.348894, "5025475.223726": 5009281.6536210002 }, "geometry": { "type": "Point", "coordinates": [ 15385615.348894, 5009281.653621000237763 ] } },
{ "type": "Feature", "properties": { "15380279.394525": 15385855.579713, "5025475.223726": 5009315.1341270003 }, "geometry": { "type": "Point", "coordinates": [ 15385855.579713, 5009315.13412700034678 ] } },
{ "type": "Feature", "properties": { "15380279.394525": 15386096.017492, "5025475.223726": 5009346.7844850002 }, "geometry": { "type": "Point", "coordinates": [ 15386096.017492, 5009346.784485000185668 ] } },
{ "type": "Feature", "properties": { "15380279.394525": 15386336.909181001, "5025475.223726": 5009373.124047 }, "geometry": { "type": "Point", "coordinates": [ 15386336.909181, 5009373.124047 ] } },
{ "type": "Feature", "properties": { "15380279.394525": 15386578.501729, "5025475.223726": 5009390.6721660001 }, "geometry": { "type": "Point", "coordinates": [ 15386578.501729, 5009390.672166000120342 ] } },
{ "type": "Feature", "properties": { "15380279.394525": 15386834.938440001, "5025475.223726": 5009397.7368869996 }, "geometry": { "type": "Point", "coordinates": [ 15386834.93844, 5009397.736886999569833 ] } },
{ "type": "Feature", "properties": { "15380279.394525": 15387091.64116, "5025475.223726": 5009398.564913 }, "geometry": { "type": "Point", "coordinates": [ 15387091.64116, 5009398.564913 ] } },
{ "type": "Feature", "properties": { "15380279.394525": 15387348.133177999, "5025475.223726": 5009400.6824230002 }, "geometry": { "type": "Point", "coordinates": [ 15387348.133178, 5009400.682423000223935 ] } },
{ "type": "Feature", "properties": { "15380279.394525": 15387603.937786, "5025475.223726": 5009411.6155920001 }, "geometry": { "type": "Point", "coordinates": [ 15387603.937786, 5009411.615592 ] } },
{ "type": "Feature", "properties": { "15380279.394525": 15387871.860443, "5025475.223726": 5009438.6807909999 }, "geometry": { "type": "Point", "coordinates": [ 15387871.860443, 5009438.680791 ] } },
{ "type": "Feature", "properties": { "15380279.394525": 15388138.546754999, "5025475.223726": 5009479.2727889996 }, "geometry": { "type": "Point", "coordinates": [ 15388138.546755, 5009479.272788999602199 ] } },
{ "type": "Feature", "properties": { "15380279.394525": 15388404.369046001, "5025475.223726": 5009528.8382209996 }, "geometry": { "type": "Point", "coordinates": [ 15388404.369046, 5009528.838220999576151 ] } },
{ "type": "Feature", "properties": { "15380279.394525": 15388669.699641, "5025475.223726": 5009582.8237220002 }, "geometry": { "type": "Point", "coordinates": [ 15388669.699641, 5009582.823722000233829 ] } },
{ "type": "Feature", "properties": { "15380279.394525": 15388934.910865, "5025475.223726": 5009636.6759270001 }, "geometry": { "type": "Point", "coordinates": [ 15388934.910865, 5009636.675927000120282 ] } },
{ "type": "Feature", "properties": { "15380279.394525": 15389200.375042999, "5025475.223726": 5009685.8414709996 }, "geometry": { "type": "Point", "coordinates": [ 15389200.375043, 5009685.841470999643207 ] } },
{ "type": "Feature", "properties": { "15380279.394525": 15389466.464500999, "5025475.223726": 5009725.7669900004 }, "geometry": { "type": "Point", "coordinates": [ 15389466.464501, 5009725.766990000382066 ] } },
{ "type": "Feature", "properties": { "15380279.394525": 15389718.968168, "5025475.223726": 5009751.7423900003 }, "geometry": { "type": "Point", "coordinates": [ 15389718.968168, 5009751.742390000261366 ] } },
{ "type": "Feature", "properties": { "15380279.394525": 15389972.136681, "5025475.223726": 5009766.4867629996 }, "geometry": { "type": "Point", "coordinates": [ 15389972.136681, 5009766.486762999556959 ] } },
{ "type": "Feature", "properties": { "15380279.394525": 15390225.910326, "5025475.223726": 5009771.1235800004 }, "geometry": { "type": "Point", "coordinates": [ 15390225.910326, 5009771.12358000036329 ] } },
{ "type": "Feature", "properties": { "15380279.394525": 15390480.229383999, "5025475.223726": 5009766.7763170004 }, "geometry": { "type": "Point", "coordinates": [ 15390480.229384, 5009766.776317000389099 ] } },
{ "type": "Feature", "properties": { "15380279.394525": 15390735.03414, "5025475.223726": 5009754.5684470003 }, "geometry": { "type": "Point", "coordinates": [ 15390735.03414, 5009754.568447000347078 ] } },
{ "type": "Feature", "properties": { "15380279.394525": 15390990.264877001, "5025475.223726": 5009735.6234440003 }, "geometry": { "type": "Point", "coordinates": [ 15390990.264877, 5009735.623444000259042 ] } },
{ "type": "Feature", "properties": { "15380279.394525": 15391245.861879, "5025475.223726": 5009711.0647809999 }, "geometry": { "type": "Point", "coordinates": [ 15391245.861879, 5009711.064781 ] } },
{ "type": "Feature", "properties": { "15380279.394525": 15391501.76543, "5025475.223726": 5009682.015931 }, "geometry": { "type": "Point", "coordinates": [ 15391501.76543, 5009682.015931 ] } },
{ "type": "Feature", "properties": { "15380279.394525": 15391757.915812001, "5025475.223726": 5009649.6003700001 }, "geometry": { "type": "Point", "coordinates": [ 15391757.915812, 5009649.600370000116527 ] } },
{ "type": "Feature", "properties": { "15380279.394525": 15392014.253309, "5025475.223726": 5009614.9415699998 }, "geometry": { "type": "Point", "coordinates": [ 15392014.253309, 5009614.941569999791682 ] } },
{ "type": "Feature", "properties": { "15380279.394525": 15392270.718206, "5025475.223726": 5009579.163005 }, "geometry": { "type": "Point", "coordinates": [ 15392270.718206, 5009579.163005 ] } },
{ "type": "Feature", "properties": { "15380279.394525": 15389592.028099, "5025475.223726": 5008050.2928689998 }, "geometry": { "type": "Point", "coordinates": [ 15389592.028099, 5008050.292868999764323 ] } },
{ "type": "Feature", "properties": { "15380279.394525": 15389837.310444999, "5025475.223726": 5008107.2276550001 }, "geometry": { "type": "Point", "coordinates": [ 15389837.310445, 5008107.227655 ] } },
{ "type": "Feature", "properties": { "15380279.394525": 15390082.550098, "5025475.223726": 5008164.2601779997 }, "geometry": { "type": "Point", "coordinates": [ 15390082.550098, 5008164.260177999734879 ] } },
{ "type": "Feature", "properties": { "15380279.394525": 15390327.77045, "5025475.223726": 5008221.497033 }, "geometry": { "type": "Point", "coordinates": [ 15390327.77045, 5008221.497033 ] } },
{ "type": "Feature", "properties": { "15380279.394525": 15390572.994894, "5025475.223726": 5008279.0448120004 }, "geometry": { "type": "Point", "coordinates": [ 15390572.994894, 5008279.044812000356615 ] } },
{ "type": "Feature", "properties": { "15380279.394525": 15390818.246820999, "5025475.223726": 5008337.0101110004 }, "geometry": { "type": "Point", "coordinates": [ 15390818.246821, 5008337.010111000388861 ] } },
{ "type": "Feature", "properties": { "15380279.394525": 15391063.549621999, "5025475.223726": 5008395.4995229999 }, "geometry": { "type": "Point", "coordinates": [ 15391063.549622, 5008395.499522999860346 ] } },
{ "type": "Feature", "properties": { "15380279.394525": 15391308.926690999, "5025475.223726": 5008454.6196440002 }, "geometry": { "type": "Point", "coordinates": [ 15391308.926691, 5008454.619644000194967 ] } },
{ "type": "Feature", "properties": { "15380279.394525": 15391554.401418, "5025475.223726": 5008514.4770670002 }, "geometry": { "type": "Point", "coordinates": [ 15391554.401418, 5008514.477067000232637 ] } },
{ "type": "Feature", "properties": { "15380279.394525": 15391799.997196, "5025475.223726": 5008575.178386 }, "geometry": { "type": "Point", "coordinates": [ 15391799.997196, 5008575.178386 ] } },
{ "type": "Feature", "properties": { "15380279.394525": 15392045.737416999, "5025475.223726": 5008636.8301959997 }, "geometry": { "type": "Point", "coordinates": [ 15392045.737417, 5008636.830195999704301 ] } },
{ "type": "Feature", "properties": { "15380279.394525": 15392291.645473, "5025475.223726": 5008699.5390910003 }, "geometry": { "type": "Point", "coordinates": [ 15392291.645473, 5008699.539091000333428 ] } },
{ "type": "Feature", "properties": { "15380279.394525": 15392529.284179, "5025475.223726": 5008760.6434779996 }, "geometry": { "type": "Point", "coordinates": [ 15392529.284179, 5008760.643477999605238 ] } },
{ "type": "Feature", "properties": { "15380279.394525": 15392767.14408, "5025475.223726": 5008819.5671089999 }, "geometry": { "type": "Point", "coordinates": [ 15392767.14408, 5008819.567109 ] } },
{ "type": "Feature", "properties": { "15380279.394525": 15393005.470047001, "5025475.223726": 5008873.0706590004 }, "geometry": { "type": "Point", "coordinates": [ 15393005.470047, 5008873.070659000426531 ] } },
{ "type": "Feature", "properties": { "15380279.394525": 15393244.50695, "5025475.223726": 5008917.9148009997 }, "geometry": { "type": "Point", "coordinates": [ 15393244.50695, 5008917.914800999686122 ] } },
{ "type": "Feature", "properties": { "15380279.394525": 15393484.499661, "5025475.223726": 5008950.8602090003 }, "geometry": { "type": "Point", "coordinates": [ 15393484.499661, 5008950.860209000296891 ] } },
{ "type": "Feature", "properties": { "15380279.394525": 15393730.670120001, "5025475.223726": 5008969.747885 }, "geometry": { "type": "Point", "coordinates": [ 15393730.67012, 5008969.747885 ] } },
{ "type": "Feature", "properties": { "15380279.394525": 15393977.741056001, "5025475.223726": 5008974.792657 }, "geometry": { "type": "Point", "coordinates": [ 15393977.741056, 5008974.792657 ] } },
{ "type": "Feature", "properties": { "15380279.394525": 15394225.596635001, "5025475.223726": 5008967.9737989996 }, "geometry": { "type": "Point", "coordinates": [ 15394225.596635, 5008967.97379899956286 ] } },
{ "type": "Feature", "properties": { "15380279.394525": 15394474.121022001, "5025475.223726": 5008951.2705849996 }, "geometry": { "type": "Point", "coordinates": [ 15394474.121022, 5008951.270584999583662 ] } },
{ "type": "Feature", "properties": { "15380279.394525": 15394723.198383, "5025475.223726": 5008926.6622890001 }, "geometry": { "type": "Point", "coordinates": [ 15394723.198383, 5008926.662289000116289 ] } },
{ "type": "Feature", "properties": { "15380279.394525": 15394972.712885, "5025475.223726": 5008896.1281850003 }, "geometry": { "type": "Point", "coordinates": [ 15394972.712885, 5008896.128185000270605 ] } },
{ "type": "Feature", "properties": { "15380279.394525": 15395222.548692999, "5025475.223726": 5008861.6475480003 }, "geometry": { "type": "Point", "coordinates": [ 15395222.548693, 5008861.647548000328243 ] } },
{ "type": "Feature", "properties": { "15380279.394525": 15395472.589974999, "5025475.223726": 5008825.1996499998 }, "geometry": { "type": "Point", "coordinates": [ 15395472.589975, 5008825.199649999849498 ] } },
{ "type": "Feature", "properties": { "15380279.394525": 15383899.811621999, "5025475.223726": 5007589.537486 }, "geometry": { "type": "Point", "coordinates": [ 15383899.811622, 5007589.537486 ] } },
{ "type": "Feature", "properties": { "15380279.394525": 15384143.906599, "5025475.223726": 5007510.7928990005 }, "geometry": { "type": "Point", "coordinates": [ 15384143.906599, 5007510.792899000458419 ] } },
{ "type": "Feature", "properties": { "15380279.394525": 15384388.123019001, "5025475.223726": 5007432.8917239998 }, "geometry": { "type": "Point", "coordinates": [ 15384388.123019, 5007432.891723999753594 ] } },
{ "type": "Feature", "properties": { "15380279.394525": 15384632.664021, "5025475.223726": 5007356.6789509999 }, "geometry": { "type": "Point", "coordinates": [ 15384632.664021, 5007356.678950999863446 ] } },
{ "type": "Feature", "properties": { "15380279.394525": 15384877.732739, "5025475.223726": 5007282.9995670002 }, "geometry": { "type": "Point", "coordinates": [ 15384877.732739, 5007282.999567000195384 ] } },
{ "type": "Feature", "properties": { "15380279.394525": 15385123.532312, "5025475.223726": 5007212.6985630002 }, "geometry": { "type": "Point", "coordinates": [ 15385123.532312, 5007212.698563000187278 ] } },
{ "type": "Feature", "properties": { "15380279.394525": 15385370.265874, "5025475.223726": 5007146.6209270004 }, "geometry": { "type": "Point", "coordinates": [ 15385370.265874, 5007146.620927000418305 ] } },
{ "type": "Feature", "properties": { "15380279.394525": 15385618.136564, "5025475.223726": 5007085.6116479998 }, "geometry": { "type": "Point", "coordinates": [ 15385618.136564, 5007085.611647999845445 ] } },
{ "type": "Feature", "properties": { "15380279.394525": 15385867.347516, "5025475.223726": 5007030.5157150002 }, "geometry": { "type": "Point", "coordinates": [ 15385867.347516, 5007030.515715000219643 ] } },
{ "type": "Feature", "properties": { "15380279.394525": 15386118.101867, "5025475.223726": 5006982.1781169996 }, "geometry": { "type": "Point", "coordinates": [ 15386118.101867, 5006982.178116999566555 ] } },
{ "type": "Feature", "properties": { "15380279.394525": 15386366.545899, "5025475.223726": 5006941.8536149999 }, "geometry": { "type": "Point", "coordinates": [ 15386366.545899, 5006941.853615 ] } },
{ "type": "Feature", "properties": { "15380279.394525": 15386616.261179, "5025475.223726": 5006908.7851830004 }, "geometry": { "type": "Point", "coordinates": [ 15386616.261179, 5006908.785183000378311 ] } },
{ "type": "Feature", "properties": { "15380279.394525": 15386866.995391, "5025475.223726": 5006882.8614910003 }, "geometry": { "type": "Point", "coordinates": [ 15386866.995391, 5006882.861491000279784 ] } },
{ "type": "Feature", "properties": { "15380279.394525": 15387118.496222001, "5025475.223726": 5006863.9712089999 }, "geometry": { "type": "Point", "coordinates": [ 15387118.496222, 5006863.971208999864757 ] } },
{ "type": "Feature", "properties": { "15380279.394525": 15387370.511357, "5025475.223726": 5006852.0030049998 }, "geometry": { "type": "Point", "coordinates": [ 15387370.511357, 5006852.003004999831319 ] } },
{ "type": "Feature", "properties": { "15380279.394525": 15387622.788481999, "5025475.223726": 5006846.8455490004 }, "geometry": { "type": "Point", "coordinates": [ 15387622.788482, 5006846.845549000427127 ] } },
{ "type": "Feature", "properties": { "15380279.394525": 15387875.075284, "5025475.223726": 5006848.387511 }, "geometry": { "type": "Point", "coordinates": [ 15387875.075284, 5006848.387511 ] } },
{ "type": "Feature", "properties": { "15380279.394525": 15388127.119447, "5025475.223726": 5006856.5175580001 }, "geometry": { "type": "Point", "coordinates": [ 15388127.119447, 5006856.517558 ] } },
{ "type": "Feature", "properties": { "15380279.394525": 15388376.976729, "5025475.223726": 5006870.9377840003 }, "geometry": { "type": "Point", "coordinates": [ 15388376.976729, 5006870.937784000299871 ] } },
{ "type": "Feature", "properties": { "15380279.394525": 15388626.224935999, "5025475.223726": 5006891.2358189998 }, "geometry": { "type": "Point", "coordinates": [ 15388626.224936, 5006891.235818999819458 ] } },
{ "type": "Feature", "properties": { "15380279.394525": 15388874.898091, "5025475.223726": 5006916.9027140001 }, "geometry": { "type": "Point", "coordinates": [ 15388874.898091, 5006916.902714 ] } },
{ "type": "Feature", "properties": { "15380279.394525": 15389123.030215999, "5025475.223726": 5006947.4295159997 }, "geometry": { "type": "Point", "coordinates": [ 15389123.030216, 5006947.429515999741852 ] } },
{ "type": "Feature", "properties": { "15380279.394525": 15389370.655332001, "5025475.223726": 5006982.3072739998 }, "geometry": { "type": "Point", "coordinates": [ 15389370.655332, 5006982.307273999787867 ] } },
{ "type": "Feature", "properties": { "15380279.394525": 15389617.807460999, "5025475.223726": 5007021.0270389998 }, "geometry": { "type": "Point", "coordinates": [ 15389617.807461, 5007021.027038999833167 ] } },
{ "type": "Feature", "properties": { "15380279.394525": 15389864.520626999, "5025475.223726": 5007063.0798580004 }, "geometry": { "type": "Point", "coordinates": [ 15389864.520627, 5007063.079858000390232 ] } },
{ "type": "Feature", "properties": { "15380279.394525": 15390110.828849999, "5025475.223726": 5007107.9567809999 }, "geometry": { "type": "Point", "coordinates": [ 15390110.82885, 5007107.956780999898911 ] } },
{ "type": "Feature", "properties": { "15380279.394525": 15390356.766153, "5025475.223726": 5007155.148856 }, "geometry": { "type": "Point", "coordinates": [ 15390356.766153, 5007155.148856 ] } },
{ "type": "Feature", "properties": { "15380279.394525": 15390602.366558, "5025475.223726": 5007204.1471340004 }, "geometry": { "type": "Point", "coordinates": [ 15390602.366558, 5007204.147134000435472 ] } },
{ "type": "Feature", "properties": { "15380279.394525": 15390847.664086999, "5025475.223726": 5007254.4426619997 }, "geometry": { "type": "Point", "coordinates": [ 15390847.664087, 5007254.442661999724805 ] } },
{ "type": "Feature", "properties": { "15380279.394525": 15391103.474339001, "5025475.223726": 5007307.8694099998 }, "geometry": { "type": "Point", "coordinates": [ 15391103.474339, 5007307.869409999810159 ] } },
{ "type": "Feature", "properties": { "15380279.394525": 15391358.902788, "5025475.223726": 5007361.9780559996 }, "geometry": { "type": "Point", "coordinates": [ 15391358.902788, 5007361.978055999614298 ] } },
{ "type": "Feature", "properties": { "15380279.394525": 15391614.082436001, "5025475.223726": 5007416.5997820003 }, "geometry": { "type": "Point", "coordinates": [ 15391614.082436, 5007416.599782000295818 ] } },
{ "type": "Feature", "properties": { "15380279.394525": 15391869.146286, "5025475.223726": 5007471.5657719998 }, "geometry": { "type": "Point", "coordinates": [ 15391869.146286, 5007471.565771999768913 ] } },
{ "type": "Feature", "properties": { "15380279.394525": 15392124.227341, "5025475.223726": 5007526.7072059996 }, "geometry": { "type": "Point", "coordinates": [ 15392124.227341, 5007526.707205999642611 ] } },
{ "type": "Feature", "properties": { "15380279.394525": 15380279.394525001, "5025475.223726": 5006165.3844830003 }, "geometry": { "type": "Point", "coordinates": [ 15380279.394525, 5006165.384483000263572 ] } },
{ "type": "Feature", "properties": { "15380279.394525": 15380522.610307001, "5025475.223726": 5006161.9238740001 }, "geometry": { "type": "Point", "coordinates": [ 15380522.610307, 5006161.923874 ] } },
{ "type": "Feature", "properties": { "15380279.394525": 15380765.668866999, "5025475.223726": 5006157.6897280002 }, "geometry": { "type": "Point", "coordinates": [ 15380765.668867, 5006157.689728000201285 ] } },
{ "type": "Feature", "properties": { "15380279.394525": 15381008.488701001, "5025475.223726": 5006151.8883819999 }, "geometry": { "type": "Point", "coordinates": [ 15381008.488701, 5006151.888382 ] } },
{ "type": "Feature", "properties": { "15380279.394525": 15381250.988304, "5025475.223726": 5006143.7261720002 }, "geometry": { "type": "Point", "coordinates": [ 15381250.988304, 5006143.726172000169754 ] } },
{ "type": "Feature", "properties": { "15380279.394525": 15381493.086173, "5025475.223726": 5006132.409434 }, "geometry": { "type": "Point", "coordinates": [ 15381493.086173, 5006132.409434 ] } },
{ "type": "Feature", "properties": { "15380279.394525": 15381734.700804999, "5025475.223726": 5006117.1445040004 }, "geometry": { "type": "Point", "coordinates": [ 15381734.700805, 5006117.144504000432789 ] } },
{ "type": "Feature", "properties": { "15380279.394525": 15381975.750696, "5025475.223726": 5006097.1377189998 }, "geometry": { "type": "Point", "coordinates": [ 15381975.750696, 5006097.137718999758363 ] } },
{ "type": "Feature", "properties": { "15380279.394525": 15382216.154340999, "5025475.223726": 5006071.5954130003 }, "geometry": { "type": "Point", "coordinates": [ 15382216.154341, 5006071.595413000322878 ] } },
{ "type": "Feature", "properties": { "15380279.394525": 15382455.830236999, "5025475.223726": 5006039.7239239998 }, "geometry": { "type": "Point", "coordinates": [ 15382455.830237, 5006039.723923999816179 ] } },
{ "type": "Feature", "properties": { "15380279.394525": 15382703.506217999, "5025475.223726": 5005999.3647039998 }, "geometry": { "type": "Point", "coordinates": [ 15382703.506218, 5005999.364703999832273 ] } },
{ "type": "Feature", "properties": { "15380279.394525": 15382950.070063001, "5025475.223726": 5005951.7871289998 }, "geometry": { "type": "Point", "coordinates": [ 15382950.070063, 5005951.787128999829292 ] } },
{ "type": "Feature", "properties": { "15380279.394525": 15383195.449766001, "5025475.223726": 5005897.390226 }, "geometry": { "type": "Point", "coordinates": [ 15383195.449766, 5005897.390226 ] } },
{ "type": "Feature", "properties": { "15380279.394525": 15383439.573324, "5025475.223726": 5005836.57302 }, "geometry": { "type": "Point", "coordinates": [ 15383439.573324, 5005836.57302 ] } },
{ "type": "Feature", "properties": { "15380279.394525": 15383682.368732, "5025475.223726": 5005769.7345380001 }, "geometry": { "type": "Point", "coordinates": [ 15383682.368732, 5005769.734538 ] } },
{ "type": "Feature", "properties": { "15380279.394525": 15383923.763986999, "5025475.223726": 5005697.2738039996 }, "geometry": { "type": "Point", "coordinates": [ 15383923.763987, 5005697.273803999647498 ] } },
{ "type": "Feature", "properties": { "15380279.394525": 15384163.687083, "5025475.223726": 5005619.5898460001 }, "geometry": { "type": "Point", "coordinates": [ 15384163.687083, 5005619.589846 ] } },
{ "type": "Feature", "properties": { "15380279.394525": 15384402.066017, "5025475.223726": 5005537.0816879999 }, "geometry": { "type": "Point", "coordinates": [ 15384402.066017, 5005537.081687999889255 ] } },
{ "type": "Feature", "properties": { "15380279.394525": 15384665.259041, "5025475.223726": 5005440.7520519998 }, "geometry": { "type": "Point", "coordinates": [ 15384665.259041, 5005440.752051999792457 ] } },
{ "type": "Feature", "properties": { "15380279.394525": 15384927.443303, "5025475.223726": 5005342.769816 }, "geometry": { "type": "Point", "coordinates": [ 15384927.443303, 5005342.769816 ] } },
{ "type": "Feature", "properties": { "15380279.394525": 15385189.872831, "5025475.223726": 5005246.8768600002 }, "geometry": { "type": "Point", "coordinates": [ 15385189.872831, 5005246.876860000193119 ] } },
{ "type": "Feature", "properties": { "15380279.394525": 15385453.801655, "5025475.223726": 5005156.8150629997 }, "geometry": { "type": "Point", "coordinates": [ 15385453.801655, 5005156.815062999725342 ] } },
{ "type": "Feature", "properties": { "15380279.394525": 15385720.483804001, "5025475.223726": 5005076.3263050001 }, "geometry": { "type": "Point", "coordinates": [ 15385720.483804, 5005076.326305000111461 ] } },
{ "type": "Feature", "properties": { "15380279.394525": 15385981.418401999, "5025475.223726": 5005010.2462 }, "geometry": { "type": "Point", "coordinates": [ 15385981.418402, 5005010.2462 ] } },
{ "type": "Feature", "properties": { "15380279.394525": 15386245.171150001, "5025475.223726": 5004954.1659080004 }, "geometry": { "type": "Point", "coordinates": [ 15386245.17115, 5004954.165908000431955 ] } },
{ "type": "Feature", "properties": { "15380279.394525": 15386511.036661001, "5025475.223726": 5004905.6034620004 }, "geometry": { "type": "Point", "coordinates": [ 15386511.036661, 5004905.603462000377476 ] } },
{ "type": "Feature", "properties": { "15380279.394525": 15386778.309548, "5025475.223726": 5004862.0768950004 }, "geometry": { "type": "Point", "coordinates": [ 15386778.309548, 5004862.07689500041306 ] } },
{ "type": "Feature", "properties": { "15380279.394525": 15387046.284426, "5025475.223726": 5004821.1042409996 }, "geometry": { "type": "Point", "coordinates": [ 15387046.284426, 5004821.104240999557078 ] } },
{ "type": "Feature", "properties": { "15380279.394525": 15387314.255906999, "5025475.223726": 5004780.2035330003 }, "geometry": { "type": "Point", "coordinates": [ 15387314.255907, 5004780.203533000312746 ] } },
{ "type": "Feature", "properties": { "15380279.394525": 15387581.518606, "5025475.223726": 5004736.8928060001 }, "geometry": { "type": "Point", "coordinates": [ 15387581.518606, 5004736.892806 ] } },
{ "type": "Feature", "properties": { "15380279.394525": 15387847.367134999, "5025475.223726": 5004688.6900909999 }, "geometry": { "type": "Point", "coordinates": [ 15387847.367135, 5004688.690091 ] } },
{ "type": "Feature", "properties": { "15380279.394525": 15388111.096108999, "5025475.223726": 5004633.1134240003 }, "geometry": { "type": "Point", "coordinates": [ 15388111.096109, 5004633.113424000330269 ] } },
{ "type": "Feature", "properties": { "15380279.394525": 15388372.00014, "5025475.223726": 5004567.6808359995 }, "geometry": { "type": "Point", "coordinates": [ 15388372.00014, 5004567.680835999548435 ] } },
{ "type": "Feature", "properties": { "15380279.394525": 15388629.373841999, "5025475.223726": 5004489.9103619996 }, "geometry": { "type": "Point", "coordinates": [ 15388629.373842, 5004489.910361999645829 ] } },
{ "type": "Feature", "properties": { "15380279.394525": 15388847.413148999, "5025475.223726": 5004412.2047739998 }, "geometry": { "type": "Point", "coordinates": [ 15388847.413149, 5004412.204773999750614 ] } },
{ "type": "Feature", "properties": { "15380279.394525": 15389063.260367, "5025475.223726": 5004327.2309290003 }, "geometry": { "type": "Point", "coordinates": [ 15389063.260367, 5004327.230929000303149 ] } },
{ "type": "Feature", "properties": { "15380279.394525": 15389278.119101999, "5025475.223726": 5004238.5892439997 }, "geometry": { "type": "Point", "coordinates": [ 15389278.119102, 5004238.589243999682367 ] } },
{ "type": "Feature", "properties": { "15380279.394525": 15380928.139784999, "5025475.223726": 5000887.6410029996 }, "geometry": { "type": "Point", "coordinates": [ 15380928.139785, 5000887.641002999618649 ] } },
{ "type": "Feature", "properties": { "15380279.394525": 15381180.604486, "5025475.223726": 5000852.1306680003 }, "geometry": { "type": "Point", "coordinates": [ 15381180.604486, 5000852.13066800031811 ] } },
{ "type": "Feature", "properties": { "15380279.394525": 15381433.061132999, "5025475.223726": 5000816.8679020004 }, "geometry": { "type": "Point", "coordinates": [ 15381433.061133, 5000816.867902000434697 ] } },
{ "type": "Feature", "properties": { "15380279.394525": 15381685.575680001, "5025475.223726": 5000782.1011330001 }, "geometry": { "type": "Point", "coordinates": [ 15381685.57568, 5000782.101133000105619 ] } },
{ "type": "Feature", "properties": { "15380279.394525": 15381938.214083999, "5025475.223726": 5000748.0787869999 }, "geometry": { "type": "Point", "coordinates": [ 15381938.214084, 5000748.078787 ] } },
{ "type": "Feature", "properties": { "15380279.394525": 15382191.042300999, "5025475.223726": 5000715.0492949998 }, "geometry": { "type": "Point", "coordinates": [ 15382191.042301, 5000715.049294999800622 ] } },
{ "type": "Feature", "properties": { "15380279.394525": 15382444.126286, "5025475.223726": 5000683.2610830003 }, "geometry": { "type": "Point", "coordinates": [ 15382444.126286, 5000683.261083000339568 ] } },
{ "type": "Feature", "properties": { "15380279.394525": 15382697.531995, "5025475.223726": 5000652.9625800001 }, "geometry": { "type": "Point", "coordinates": [ 15382697.531995, 5000652.96258 ] } },
{ "type": "Feature", "properties": { "15380279.394525": 15382951.325385001, "5025475.223726": 5000624.4022129998 }, "geometry": { "type": "Point", "coordinates": [ 15382951.325385, 5000624.402212999761105 ] } },
{ "type": "Feature", "properties": { "15380279.394525": 15383205.57241, "5025475.223726": 5000597.8284130003 }, "geometry": { "type": "Point", "coordinates": [ 15383205.57241, 5000597.828413000330329 ] } },
{ "type": "Feature", "properties": { "15380279.394525": 15383460.339027001, "5025475.223726": 5000573.4896050002 }, "geometry": { "type": "Point", "coordinates": [ 15383460.339027, 5000573.489605000242591 ] } },
{ "type": "Feature", "properties": { "15380279.394525": 15383717.272852, "5025475.223726": 5000551.5184549997 }, "geometry": { "type": "Point", "coordinates": [ 15383717.272852, 5000551.518454999662936 ] } },
{ "type": "Feature", "properties": { "15380279.394525": 15383974.539647, "5025475.223726": 5000532.4365990004 }, "geometry": { "type": "Point", "coordinates": [ 15383974.539647, 5000532.436599000357091 ] } },
{ "type": "Feature", "properties": { "15380279.394525": 15384232.021809001, "5025475.223726": 5000516.6187519999 }, "geometry": { "type": "Point", "coordinates": [ 15384232.021809, 5000516.618752 ] } },
{ "type": "Feature", "properties": { "15380279.394525": 15384489.601733999, "5025475.223726": 5000504.4396289997 }, "geometry": { "type": "Point", "coordinates": [ 15384489.601734, 5000504.439628999680281 ] } },
{ "type": "Feature", "properties": { "15380279.394525": 15384747.161822001, "5025475.223726": 5000496.2739469996 }, "geometry": { "type": "Point", "coordinates": [ 15384747.161822, 5000496.273946999572217 ] } },
{ "type": "Feature", "properties": { "15380279.394525": 15385004.584469, "5025475.223726": 5000492.496421 }, "geometry": { "type": "Point", "coordinates": [ 15385004.584469, 5000492.496421 ] } },
{ "type": "Feature", "properties": { "15380279.394525": 15385261.752072001, "5025475.223726": 5000493.4817660004 }, "geometry": { "type": "Point", "coordinates": [ 15385261.752072, 5000493.481766000390053 ] } },
{ "type": "Feature", "properties": { "15380279.394525": 15385518.547029, "5025475.223726": 5000499.6046989998 }, "geometry": { "type": "Point", "coordinates": [ 15385518.547029, 5000499.604698999784887 ] } },
{ "type": "Feature", "properties": { "15380279.394525": 15385774.851737, "5025475.223726": 5000511.2399350004 }, "geometry": { "type": "Point", "coordinates": [ 15385774.851737, 5000511.239935000427067 ] } },
{ "type": "Feature", "properties": { "15380279.394525": 15386030.548595, "5025475.223726": 5000528.7621900002 }, "geometry": { "type": "Point", "coordinates": [ 15386030.548595, 5000528.762190000154078 ] } },
{ "type": "Feature", "properties": { "15380279.394525": 15386285.519998999, "5025475.223726": 5000552.546178 }, "geometry": { "type": "Point", "coordinates": [ 15386285.519999, 5000552.546178 ] } },
{ "type": "Feature", "properties": { "15380279.394525": 15386540.581064999, "5025475.223726": 5000582.9515690003 }, "geometry": { "type": "Point", "coordinates": [ 15386540.581065, 5000582.951569000259042 ] } },
{ "type": "Feature", "properties": { "15380279.394525": 15386794.744199, "5025475.223726": 5000619.5649070004 }, "geometry": { "type": "Point", "coordinates": [ 15386794.744199, 5000619.564907000400126 ] } },
{ "type": "Feature", "properties": { "15380279.394525": 15387048.082581, "5025475.223726": 5000661.9087039996 }, "geometry": { "type": "Point", "coordinates": [ 15387048.082581, 5000661.908703999593854 ] } },
{ "type": "Feature", "properties": { "15380279.394525": 15387300.66939, "5025475.223726": 5000709.5054759998 }, "geometry": { "type": "Point", "coordinates": [ 15387300.66939, 5000709.50547599978745 ] } },
{ "type": "Feature", "properties": { "15380279.394525": 15387552.577809, "5025475.223726": 5000761.8777350001 }, "geometry": { "type": "Point", "coordinates": [ 15387552.577809, 5000761.877735000103712 ] } },
{ "type": "Feature", "properties": { "15380279.394525": 15387803.881016999, "5025475.223726": 5000818.5479969997 }, "geometry": { "type": "Point", "coordinates": [ 15387803.881017, 5000818.547996999695897 ] } },
{ "type": "Feature", "properties": { "15380279.394525": 15388054.652194001, "5025475.223726": 5000879.0387739995 }, "geometry": { "type": "Point", "coordinates": [ 15388054.652194, 5000879.038773999549448 ] } },
{ "type": "Feature", "properties": { "15380279.394525": 15388304.964523001, "5025475.223726": 5000942.8725800002 }, "geometry": { "type": "Point", "coordinates": [ 15388304.964523, 5000942.872580000199378 ] } },
{ "type": "Feature", "properties": { "15380279.394525": 15388554.891182, "5025475.223726": 5001009.5719299996 }, "geometry": { "type": "Point", "coordinates": [ 15388554.891182, 5001009.571929999627173 ] } },
{ "type": "Feature", "properties": { "15380279.394525": 15388804.505353, "5025475.223726": 5001078.6593359997 }, "geometry": { "type": "Point", "coordinates": [ 15388804.505353, 5001078.659335999749601 ] } },
{ "type": "Feature", "properties": { "15380279.394525": 15389053.880216001, "5025475.223726": 5001149.6573139997 }, "geometry": { "type": "Point", "coordinates": [ 15389053.880216, 5001149.657313999719918 ] } },
{ "type": "Feature", "properties": { "15380279.394525": 15389303.088951999, "5025475.223726": 5001222.0883769998 }, "geometry": { "type": "Point", "coordinates": [ 15389303.088952, 5001222.08837699983269 ] } },
{ "type": "Feature", "properties": { "15380279.394525": 15389552.204740999, "5025475.223726": 5001295.4750380004 }, "geometry": { "type": "Point", "coordinates": [ 15389552.204741, 5001295.475038000382483 ] } },
{ "type": "Feature", "properties": { "15380279.394525": 15389801.300764, "5025475.223726": 5001369.3398120003 }, "geometry": { "type": "Point", "coordinates": [ 15389801.300764, 5001369.339812000282109 ] } },
{ "type": "Feature", "properties": { "15380279.394525": 15387959.701316001, "5025475.223726": 4998500.09038 }, "geometry": { "type": "Point", "coordinates": [ 15387959.701316, 4998500.09038 ] } },
{ "type": "Feature", "properties": { "15380279.394525": 15388218.039132999, "5025475.223726": 4998573.8864630004 }, "geometry": { "type": "Point", "coordinates": [ 15388218.039133, 4998573.886463000439107 ] } },
{ "type": "Feature", "properties": { "15380279.394525": 15388476.351938, "5025475.223726": 4998647.6343649998 }, "geometry": { "type": "Point", "coordinates": [ 15388476.351938, 4998647.634364999830723 ] } },
{ "type": "Feature", "properties": { "15380279.394525": 15388734.663295001, "5025475.223726": 4998721.2928950004 }, "geometry": { "type": "Point", "coordinates": [ 15388734.663295, 4998721.292895000427961 ] } },
{ "type": "Feature", "properties": { "15380279.394525": 15388992.996765001, "5025475.223726": 4998794.8208619999 }, "geometry": { "type": "Point", "coordinates": [ 15388992.996765, 4998794.820861999876797 ] } },
{ "type": "Feature", "properties": { "15380279.394525": 15389251.375910999, "5025475.223726": 4998868.177073 }, "geometry": { "type": "Point", "coordinates": [ 15389251.375911, 4998868.177073 ] } },
{ "type": "Feature", "properties": { "15380279.394525": 15389509.824297, "5025475.223726": 4998941.3203379996 }, "geometry": { "type": "Point", "coordinates": [ 15389509.824297, 4998941.320337999612093 ] } },
{ "type": "Feature", "properties": { "15380279.394525": 15389768.365483999, "5025475.223726": 4999014.2094660001 }, "geometry": { "type": "Point", "coordinates": [ 15389768.365484, 4999014.209466 ] } },
{ "type": "Feature", "properties": { "15380279.394525": 15390027.023034999, "5025475.223726": 4999086.8032640005 }, "geometry": { "type": "Point", "coordinates": [ 15390027.023035, 4999086.803264000453055 ] } },
{ "type": "Feature", "properties": { "15380279.394525": 15390285.820513001, "5025475.223726": 4999159.0605420005 }, "geometry": { "type": "Point", "coordinates": [ 15390285.820513, 4999159.060542000457644 ] } },
{ "type": "Feature", "properties": { "15380279.394525": 15390544.781479999, "5025475.223726": 4999230.9401080003 }, "geometry": { "type": "Point", "coordinates": [ 15390544.78148, 4999230.940108000300825 ] } },
{ "type": "Feature", "properties": { "15380279.394525": 15390803.929500001, "5025475.223726": 4999302.4007710004 }, "geometry": { "type": "Point", "coordinates": [ 15390803.9295, 4999302.400771000422537 ] } },
{ "type": "Feature", "properties": { "15380279.394525": 15391063.288133999, "5025475.223726": 4999373.4013390001 }, "geometry": { "type": "Point", "coordinates": [ 15391063.288134, 4999373.401339 ] } },
{ "type": "Feature", "properties": { "15380279.394525": 15391322.880945999, "5025475.223726": 4999443.900622 }, "geometry": { "type": "Point", "coordinates": [ 15391322.880946, 4999443.900622 ] } },
{ "type": "Feature", "properties": { "15380279.394525": 15391582.731499, "5025475.223726": 4999513.8574259998 }, "geometry": { "type": "Point", "coordinates": [ 15391582.731499, 4999513.857425999827683 ] } },
{ "type": "Feature", "properties": { "15380279.394525": 15391842.863353999, "5025475.223726": 4999583.2305619996 }, "geometry": { "type": "Point", "coordinates": [ 15391842.863354, 4999583.230561999604106 ] } },
{ "type": "Feature", "properties": { "15380279.394525": 15392103.300075, "5025475.223726": 4999651.9788380004 }, "geometry": { "type": "Point", "coordinates": [ 15392103.300075, 4999651.978838000446558 ] } },
{ "type": "Feature", "properties": { "15380279.394525": 15392352.527186001, "5025475.223726": 4999716.9978599995 }, "geometry": { "type": "Point", "coordinates": [ 15392352.527186, 4999716.997859999537468 ] } },
{ "type": "Feature", "properties": { "15380279.394525": 15392602.001413999, "5025475.223726": 4999780.9214679999 }, "geometry": { "type": "Point", "coordinates": [ 15392602.001414, 4999780.921468 ] } },
{ "type": "Feature", "properties": { "15380279.394525": 15392851.78843, "5025475.223726": 4999843.279933 }, "geometry": { "type": "Point", "coordinates": [ 15392851.78843, 4999843.279933 ] } },
{ "type": "Feature", "properties": { "15380279.394525": 15393101.953907, "5025475.223726": 4999903.6035270002 }, "geometry": { "type": "Point", "coordinates": [ 15393101.953907, 4999903.603527000173926 ] } },
{ "type": "Feature", "properties": { "15380279.394525": 15393352.563516, "5025475.223726": 4999961.4225190002 }, "geometry": { "type": "Point", "coordinates": [ 15393352.563516, 4999961.422519000247121 ] } },
{ "type": "Feature", "properties": { "15380279.394525": 15393603.682928, "5025475.223726": 5000016.2671790002 }, "geometry": { "type": "Point", "coordinates": [ 15393603.682928, 5000016.267179000191391 ] } },
{ "type": "Feature", "properties": { "15380279.394525": 15393855.377815999, "5025475.223726": 5000067.6677799998 }, "geometry": { "type": "Point", "coordinates": [ 15393855.377816, 5000067.667779999785125 ] } },
{ "type": "Feature", "properties": { "15380279.394525": 15394107.713850999, "5025475.223726": 5000115.1545909997 }, "geometry": { "type": "Point", "coordinates": [ 15394107.713851, 5000115.15459099970758 ] } },
{ "type": "Feature", "properties": { "15380279.394525": 15394360.756704999, "5025475.223726": 5000158.2578840004 }, "geometry": { "type": "Point", "coordinates": [ 15394360.756705, 5000158.257884000428021 ] } },
{ "type": "Feature", "properties": { "15380279.394525": 15394614.57205, "5025475.223726": 5000196.5079279998 }, "geometry": { "type": "Point", "coordinates": [ 15394614.57205, 5000196.507927999831736 ] } },
{ "type": "Feature", "properties": { "15380279.394525": 15394855.004677, "5025475.223726": 5000227.9219190003 }, "geometry": { "type": "Point", "coordinates": [ 15394855.004677, 5000227.921919000335038 ] } },
{ "type": "Feature", "properties": { "15380279.394525": 15395095.964327, "5025475.223726": 5000255.2114589997 }, "geometry": { "type": "Point", "coordinates": [ 15395095.964327, 5000255.211458999663591 ] } },
{ "type": "Feature", "properties": { "15380279.394525": 15395337.374442, "5025475.223726": 5000279.0223239996 }, "geometry": { "type": "Point", "coordinates": [ 15395337.374442, 5000279.022323999553919 ] } },
{ "type": "Feature", "properties": { "15380279.394525": 15395579.158466, "5025475.223726": 5000300.0002889996 }, "geometry": { "type": "Point", "coordinates": [ 15395579.158466, 5000300.000288999639452 ] } },
{ "type": "Feature", "properties": { "15380279.394525": 15395821.239844, "5025475.223726": 5000318.7911299998 }, "geometry": { "type": "Point", "coordinates": [ 15395821.239844, 5000318.791129999794066 ] } },
{ "type": "Feature", "properties": { "15380279.394525": 15396063.542019, "5025475.223726": 5000336.0406229999 }, "geometry": { "type": "Point", "coordinates": [ 15396063.542019, 5000336.040622999891639 ] } },
{ "type": "Feature", "properties": { "15380279.394525": 15396305.988434, "5025475.223726": 5000352.3945429996 }, "geometry": { "type": "Point", "coordinates": [ 15396305.988434, 5000352.394542999565601 ] } },
{ "type": "Feature", "properties": { "15380279.394525": 15396548.502534, "5025475.223726": 5000368.4986650003 }, "geometry": { "type": "Point", "coordinates": [ 15396548.502534, 5000368.49866500031203 ] } },
{ "type": "Feature", "properties": { "15380279.394525": 15396791.007761, "5025475.223726": 5000384.9987660004 }, "geometry": { "type": "Point", "coordinates": [ 15396791.007761, 5000384.998766000382602 ] } },
{ "type": "Feature", "properties": { "15380279.394525": 15397051.531568, "5025475.223726": 5000403.7410359997 }, "geometry": { "type": "Point", "coordinates": [ 15397051.531568, 5000403.741035999730229 ] } },
{ "type": "Feature", "properties": { "15380279.394525": 15397311.816462999, "5025475.223726": 5000423.4933780003 }, "geometry": { "type": "Point", "coordinates": [ 15397311.816463, 5000423.493378000333905 ] } },
{ "type": "Feature", "properties": { "15380279.394525": 15397571.920237999, "5025475.223726": 5000444.0899809999 }, "geometry": { "type": "Point", "coordinates": [ 15397571.920238, 5000444.089981 ] } },
{ "type": "Feature", "properties": { "15380279.394525": 15397831.900683001, "5025475.223726": 5000465.3650319995 }, "geometry": { "type": "Point", "coordinates": [ 15397831.900683, 5000465.365031999535859 ] } },
{ "type": "Feature", "properties": { "15380279.394525": 15398091.815589, "5025475.223726": 5000487.1527199997 }, "geometry": { "type": "Point", "coordinates": [ 15398091.815589, 5000487.152719999663532 ] } },
{ "type": "Feature", "properties": { "15380279.394525": 15398351.722744999, "5025475.223726": 5000509.2872299999 }, "geometry": { "type": "Point", "coordinates": [ 15398351.722745, 5000509.287229999899864 ] } },
{ "type": "Feature", "properties": { "15380279.394525": 15398611.679943001, "5025475.223726": 5000531.6027520001 }, "geometry": { "type": "Point", "coordinates": [ 15398611.679943, 5000531.602752 ] } },
{ "type": "Feature", "properties": { "15380279.394525": 15380593.303522, "5025475.223726": 4997348.2019220004 }, "geometry": { "type": "Point", "coordinates": [ 15380593.303522, 4997348.201922000385821 ] } },
{ "type": "Feature", "properties": { "15380279.394525": 15380856.081792001, "5025475.223726": 4997308.4343640003 }, "geometry": { "type": "Point", "coordinates": [ 15380856.081792, 4997308.434364000335336 ] } },
{ "type": "Feature", "properties": { "15380279.394525": 15381118.833175, "5025475.223726": 4997268.7814499997 }, "geometry": { "type": "Point", "coordinates": [ 15381118.833175, 4997268.781449999660254 ] } },
{ "type": "Feature", "properties": { "15380279.394525": 15381381.571528001, "5025475.223726": 4997229.354301 }, "geometry": { "type": "Point", "coordinates": [ 15381381.571528, 4997229.354301 ] } },
{ "type": "Feature", "properties": { "15380279.394525": 15381644.310707999, "5025475.223726": 4997190.2640399998 }, "geometry": { "type": "Point", "coordinates": [ 15381644.310708, 4997190.264039999805391 ] } },
{ "type": "Feature", "properties": { "15380279.394525": 15381907.064572001, "5025475.223726": 4997151.6217860002 }, "geometry": { "type": "Point", "coordinates": [ 15381907.064572, 4997151.621786000207067 ] } },
{ "type": "Feature", "properties": { "15380279.394525": 15382169.846976001, "5025475.223726": 4997113.5386629999 }, "geometry": { "type": "Point", "coordinates": [ 15382169.846976, 4997113.538662999868393 ] } },
{ "type": "Feature", "properties": { "15380279.394525": 15382432.671777001, "5025475.223726": 4997076.1257910002 }, "geometry": { "type": "Point", "coordinates": [ 15382432.671777, 4997076.125791000202298 ] } },
{ "type": "Feature", "properties": { "15380279.394525": 15382695.552832, "5025475.223726": 4997039.4942910001 }, "geometry": { "type": "Point", "coordinates": [ 15382695.552832, 4997039.494291 ] } },
{ "type": "Feature", "properties": { "15380279.394525": 15382958.503997, "5025475.223726": 4997003.7552859997 }, "geometry": { "type": "Point", "coordinates": [ 15382958.503997, 4997003.75528599973768 ] } },
{ "type": "Feature", "properties": { "15380279.394525": 15383221.53913, "5025475.223726": 4996969.0198959997 }, "geometry": { "type": "Point", "coordinates": [ 15383221.53913, 4996969.01989599969238 ] } },
{ "type": "Feature", "properties": { "15380279.394525": 15383484.672086, "5025475.223726": 4996935.399243 }, "geometry": { "type": "Point", "coordinates": [ 15383484.672086, 4996935.399243 ] } },
{ "type": "Feature", "properties": { "15380279.394525": 15383747.916723, "5025475.223726": 4996903.0044489997 }, "geometry": { "type": "Point", "coordinates": [ 15383747.916723, 4996903.004448999650776 ] } },
{ "type": "Feature", "properties": { "15380279.394525": 15384011.286898, "5025475.223726": 4996871.9466350004 }, "geometry": { "type": "Point", "coordinates": [ 15384011.286898, 4996871.946635000407696 ] } },
{ "type": "Feature", "properties": { "15380279.394525": 15384274.796466, "5025475.223726": 4996842.3369220002 }, "geometry": { "type": "Point", "coordinates": [ 15384274.796466, 4996842.336922000162303 ] } },
{ "type": "Feature", "properties": { "15380279.394525": 15384538.459286001, "5025475.223726": 4996814.2864319999 }, "geometry": { "type": "Point", "coordinates": [ 15384538.459286, 4996814.286431999877095 ] } },
{ "type": "Feature", "properties": { "15380279.394525": 15384802.289212, "5025475.223726": 4996787.906285 }, "geometry": { "type": "Point", "coordinates": [ 15384802.289212, 4996787.906285 ] } },
{ "type": "Feature", "properties": { "15380279.394525": 15385066.300104, "5025475.223726": 4996763.3076050002 }, "geometry": { "type": "Point", "coordinates": [ 15385066.300104, 4996763.307605000212789 ] } },
{ "type": "Feature", "properties": { "15380279.394525": 15385330.505816, "5025475.223726": 4996740.601512 }, "geometry": { "type": "Point", "coordinates": [ 15385330.505816, 4996740.601512 ] } },
{ "type": "Feature", "properties": { "15380279.394525": 15385594.920205999, "5025475.223726": 4996719.899127 }, "geometry": { "type": "Point", "coordinates": [ 15385594.920206, 4996719.899127 ] } },
{ "type": "Feature", "properties": { "15380279.394525": 15385849.606674001, "5025475.223726": 4996701.9160040002 }, "geometry": { "type": "Point", "coordinates": [ 15385849.606674, 4996701.916004000231624 ] } },
{ "type": "Feature", "properties": { "15380279.394525": 15386104.402086001, "5025475.223726": 4996685.6677839998 }, "geometry": { "type": "Point", "coordinates": [ 15386104.402086, 4996685.667783999815583 ] } },
{ "type": "Feature", "properties": { "15380279.394525": 15386359.293513, "5025475.223726": 4996670.9225150002 }, "geometry": { "type": "Point", "coordinates": [ 15386359.293513, 4996670.922515000216663 ] } },
{ "type": "Feature", "properties": { "15380279.394525": 15386614.268028, "5025475.223726": 4996657.4482450001 }, "geometry": { "type": "Point", "coordinates": [ 15386614.268028, 4996657.448245 ] } },
{ "type": "Feature", "properties": { "15380279.394525": 15386869.312701, "5025475.223726": 4996645.013026 }, "geometry": { "type": "Point", "coordinates": [ 15386869.312701, 4996645.013026 ] } },
{ "type": "Feature", "properties": { "15380279.394525": 15387124.414605999, "5025475.223726": 4996633.384904 }, "geometry": { "type": "Point", "coordinates": [ 15387124.414606, 4996633.384904 ] } },
{ "type": "Feature", "properties": { "15380279.394525": 15387379.560813, "5025475.223726": 4996622.3319290001 }, "geometry": { "type": "Point", "coordinates": [ 15387379.560813, 4996622.331929 ] } },
{ "type": "Feature", "properties": { "15380279.394525": 15387634.738395, "5025475.223726": 4996611.6221510004 }, "geometry": { "type": "Point", "coordinates": [ 15387634.738395, 4996611.62215100042522 ] } },
{ "type": "Feature", "properties": { "15380279.394525": 15387889.934423, "5025475.223726": 4996601.0236170003 }, "geometry": { "type": "Point", "coordinates": [ 15387889.934423, 4996601.023617000319064 ] } },
{ "type": "Feature", "properties": { "15380279.394525": 15388145.13597, "5025475.223726": 4996590.3043780001 }, "geometry": { "type": "Point", "coordinates": [ 15388145.13597, 4996590.304378 ] } },
{ "type": "Feature", "properties": { "15380279.394525": 15388400.330108, "5025475.223726": 4996579.2324820003 }, "geometry": { "type": "Point", "coordinates": [ 15388400.330108, 4996579.232482000254095 ] } },
{ "type": "Feature", "properties": { "15380279.394525": 15388655.503907001, "5025475.223726": 4996567.5759779997 }, "geometry": { "type": "Point", "coordinates": [ 15388655.503907, 4996567.575977999716997 ] } },
{ "type": "Feature", "properties": { "15380279.394525": 15388910.644440999, "5025475.223726": 4996555.1029139999 }, "geometry": { "type": "Point", "coordinates": [ 15388910.644441, 4996555.102914 ] } },
{ "type": "Feature", "properties": { "15380279.394525": 15389165.738779999, "5025475.223726": 4996541.5813410003 }, "geometry": { "type": "Point", "coordinates": [ 15389165.73878, 4996541.581341000273824 ] } },
{ "type": "Feature", "properties": { "15380279.394525": 15389420.773998, "5025475.223726": 4996526.7793079996 }, "geometry": { "type": "Point", "coordinates": [ 15389420.773998, 4996526.779307999648154 ] } },
{ "type": "Feature", "properties": { "15380279.394525": 15389675.737165, "5025475.223726": 4996510.4648620002 }, "geometry": { "type": "Point", "coordinates": [ 15389675.737165, 4996510.464862000197172 ] } },
{ "type": "Feature", "properties": { "15380279.394525": 15389938.932761, "5025475.223726": 4996491.8626859998 }, "geometry": { "type": "Point", "coordinates": [ 15389938.932761, 4996491.862685999833047 ] } },
{ "type": "Feature", "properties": { "15380279.394525": 15390201.937093999, "5025475.223726": 4996471.6159189995 }, "geometry": { "type": "Point", "coordinates": [ 15390201.937094, 4996471.615918999537826 ] } },
{ "type": "Feature", "properties": { "15380279.394525": 15390464.784763001, "5025475.223726": 4996449.9292120002 }, "geometry": { "type": "Point", "coordinates": [ 15390464.784763, 4996449.929212000221014 ] } },
{ "type": "Feature", "properties": { "15380279.394525": 15390727.510364, "5025475.223726": 4996427.0072130002 }, "geometry": { "type": "Point", "coordinates": [ 15390727.510364, 4996427.007213000208139 ] } },
{ "type": "Feature", "properties": { "15380279.394525": 15390990.148496, "5025475.223726": 4996403.0545739997 }, "geometry": { "type": "Point", "coordinates": [ 15390990.148496, 4996403.054573999717832 ] } },
{ "type": "Feature", "properties": { "15380279.394525": 15391252.733755, "5025475.223726": 4996378.2759419996 }, "geometry": { "type": "Point", "coordinates": [ 15391252.733755, 4996378.27594199962914 ] } },
{ "type": "Feature", "properties": { "15380279.394525": 15391515.30074, "5025475.223726": 4996352.8759690002 }, "geometry": { "type": "Point", "coordinates": [ 15391515.30074, 4996352.875969000160694 ] } },
{ "type": "Feature", "properties": { "15380279.394525": 15391777.884047, "5025475.223726": 4996327.0593039999 }, "geometry": { "type": "Point", "coordinates": [ 15391777.884047, 4996327.059303999878466 ] } },
{ "type": "Feature", "properties": { "15380279.394525": 15392040.518275, "5025475.223726": 4996301.0305970004 }, "geometry": { "type": "Point", "coordinates": [ 15392040.518275, 4996301.030597000382841 ] } },
{ "type": "Feature", "properties": { "15380279.394525": 15389633.882632, "5025475.223726": 4994855.9341670005 }, "geometry": { "type": "Point", "coordinates": [ 15389633.882632, 4994855.934167000465095 ] } },
{ "type": "Feature", "properties": { "15380279.394525": 15389893.528487001, "5025475.223726": 4995017.3781660004 }, "geometry": { "type": "Point", "coordinates": [ 15389893.528487, 4995017.37816600035876 ] } },
{ "type": "Feature", "properties": { "15380279.394525": 15390153.451469, "5025475.223726": 4995178.1591729997 }, "geometry": { "type": "Point", "coordinates": [ 15390153.451469, 4995178.159172999672592 ] } },
{ "type": "Feature", "properties": { "15380279.394525": 15390414.005948, "5025475.223726": 4995337.6357819997 }, "geometry": { "type": "Point", "coordinates": [ 15390414.005948, 4995337.63578199967742 ] } },
{ "type": "Feature", "properties": { "15380279.394525": 15390675.546293, "5025475.223726": 4995495.1665850002 }, "geometry": { "type": "Point", "coordinates": [ 15390675.546293, 4995495.166585000231862 ] } },
{ "type": "Feature", "properties": { "15380279.394525": 15390938.426873, "5025475.223726": 4995650.1101740003 }, "geometry": { "type": "Point", "coordinates": [ 15390938.426873, 4995650.110174000263214 ] } },
{ "type": "Feature", "properties": { "15380279.394525": 15391203.002056001, "5025475.223726": 4995801.8251440004 }, "geometry": { "type": "Point", "coordinates": [ 15391203.002056, 4995801.825144000351429 ] } },
{ "type": "Feature", "properties": { "15380279.394525": 15391469.626212001, "5025475.223726": 4995949.6700860001 }, "geometry": { "type": "Point", "coordinates": [ 15391469.626212, 4995949.670086000114679 ] } },
{ "type": "Feature", "properties": { "15380279.394525": 15391738.653709, "5025475.223726": 4996093.0035929997 }, "geometry": { "type": "Point", "coordinates": [ 15391738.653709, 4996093.003592999652028 ] } },
{ "type": "Feature", "properties": { "15380279.394525": 15392010.438916, "5025475.223726": 4996231.184258 }, "geometry": { "type": "Point", "coordinates": [ 15392010.438916, 4996231.184258 ] } },
{ "type": "Feature", "properties": { "15380279.394525": 15392285.336201999, "5025475.223726": 4996363.5706749996 }, "geometry": { "type": "Point", "coordinates": [ 15392285.336202, 4996363.57067499961704 ] } },
{ "type": "Feature", "properties": { "15380279.394525": 15392563.699937001, "5025475.223726": 4996489.521435 }, "geometry": { "type": "Point", "coordinates": [ 15392563.699937, 4996489.521435 ] } },
{ "type": "Feature", "properties": { "15380279.394525": 15392808.341856999, "5025475.223726": 4996592.8226060001 }, "geometry": { "type": "Point", "coordinates": [ 15392808.341857, 4996592.822606000117958 ] } },
{ "type": "Feature", "properties": { "15380279.394525": 15393055.941666, "5025475.223726": 4996688.5473920004 }, "geometry": { "type": "Point", "coordinates": [ 15393055.941666, 4996688.547392000444233 ] } },
{ "type": "Feature", "properties": { "15380279.394525": 15393306.784113999, "5025475.223726": 4996774.5084459996 }, "geometry": { "type": "Point", "coordinates": [ 15393306.784114, 4996774.508445999585092 ] } },
{ "type": "Feature", "properties": { "15380279.394525": 15393561.153949, "5025475.223726": 4996848.5184190003 }, "geometry": { "type": "Point", "coordinates": [ 15393561.153949, 4996848.518419000320137 ] } },
{ "type": "Feature", "properties": { "15380279.394525": 15393819.335924, "5025475.223726": 4996908.3899649996 }, "geometry": { "type": "Point", "coordinates": [ 15393819.335924, 4996908.389964999631047 ] } },
{ "type": "Feature", "properties": { "15380279.394525": 15394073.955094, "5025475.223726": 4996952.2345390003 }, "geometry": { "type": "Point", "coordinates": [ 15394073.955094, 4996952.234539000317454 ] } },
{ "type": "Feature", "properties": { "15380279.394525": 15394330.639978001, "5025475.223726": 4996986.2794150002 }, "geometry": { "type": "Point", "coordinates": [ 15394330.639978, 4996986.279415000230074 ] } },
{ "type": "Feature", "properties": { "15380279.394525": 15394587.840062, "5025475.223726": 4997016.239879 }, "geometry": { "type": "Point", "coordinates": [ 15394587.840062, 4997016.239879 ] } },
{ "type": "Feature", "properties": { "15380279.394525": 15394844.004833, "5025475.223726": 4997047.831216 }, "geometry": { "type": "Point", "coordinates": [ 15394844.004833, 4997047.831216 ] } },
{ "type": "Feature", "properties": { "15380279.394525": 15395097.583775001, "5025475.223726": 4997086.7687139995 }, "geometry": { "type": "Point", "coordinates": [ 15395097.583775, 4997086.768713999539614 ] } },
{ "type": "Feature", "properties": { "15380279.394525": 15395347.026376, "5025475.223726": 4997138.7676569996 }, "geometry": { "type": "Point", "coordinates": [ 15395347.026376, 4997138.767656999640167 ] } },
{ "type": "Feature", "properties": { "15380279.394525": 15395616.016132999, "5025475.223726": 4997216.2156290002 }, "geometry": { "type": "Point", "coordinates": [ 15395616.016133, 4997216.215629000216722 ] } },
{ "type": "Feature", "properties": { "15380279.394525": 15395879.179744, "5025475.223726": 4997312.7124739997 }, "geometry": { "type": "Point", "coordinates": [ 15395879.179744, 4997312.712473999708891 ] } },
{ "type": "Feature", "properties": { "15380279.394525": 15396137.847685, "5025475.223726": 4997424.5120449997 }, "geometry": { "type": "Point", "coordinates": [ 15396137.847685, 4997424.512044999748468 ] } },
{ "type": "Feature", "properties": { "15380279.394525": 15396393.350431999, "5025475.223726": 4997547.8681939999 }, "geometry": { "type": "Point", "coordinates": [ 15396393.350432, 4997547.868193999864161 ] } },
{ "type": "Feature", "properties": { "15380279.394525": 15396647.018462, "5025475.223726": 4997679.0347720003 }, "geometry": { "type": "Point", "coordinates": [ 15396647.018462, 4997679.034772000275552 ] } },
{ "type": "Feature", "properties": { "15380279.394525": 15396900.182252999, "5025475.223726": 4997814.2656300003 }, "geometry": { "type": "Point", "coordinates": [ 15396900.182253, 4997814.265630000270903 ] } },
{ "type": "Feature", "properties": { "15380279.394525": 15397154.172281001, "5025475.223726": 4997949.8146209996 }, "geometry": { "type": "Point", "coordinates": [ 15397154.172281, 4997949.814620999619365 ] } },
{ "type": "Feature", "properties": { "15380279.394525": 15397410.319022, "5025475.223726": 4998081.9355969997 }, "geometry": { "type": "Point", "coordinates": [ 15397410.319022, 4998081.935596999712288 ] } },
{ "type": "Feature", "properties": { "15380279.394525": 15397669.952953, "5025475.223726": 4998206.8824089998 }, "geometry": { "type": "Point", "coordinates": [ 15397669.952953, 4998206.882408999837935 ] } },
{ "type": "Feature", "properties": { "15380279.394525": 15397899.177610001, "5025475.223726": 4998307.0329649998 }, "geometry": { "type": "Point", "coordinates": [ 15397899.17761, 4998307.032964999787509 ] } },
{ "type": "Feature", "properties": { "15380279.394525": 15398131.565615, "5025475.223726": 4998398.3566640001 }, "geometry": { "type": "Point", "coordinates": [ 15398131.565615, 4998398.356664 ] } },
{ "type": "Feature", "properties": { "15380279.394525": 15398366.795723001, "5025475.223726": 4998480.3094549999 }, "geometry": { "type": "Point", "coordinates": [ 15398366.795723, 4998480.309454999864101 ] } },
{ "type": "Feature", "properties": { "15380279.394525": 15398604.546688, "5025475.223726": 4998552.3472899999 }, "geometry": { "type": "Point", "coordinates": [ 15398604.546688, 4998552.34729 ] } },
{ "type": "Feature", "properties": { "15380279.394525": 15398844.497264, "5025475.223726": 4998613.9261189997 }, "geometry": { "type": "Point", "coordinates": [ 15398844.497264, 4998613.92611899971962 ] } },
{ "type": "Feature", "properties": { "15380279.394525": 15399086.326205, "5025475.223726": 4998664.5018910002 }, "geometry": { "type": "Point", "coordinates": [ 15399086.326205, 4998664.501891000196338 ] } },
{ "type": "Feature", "properties": { "15380279.394525": 15399329.712266, "5025475.223726": 4998703.5305589996 }, "geometry": { "type": "Point", "coordinates": [ 15399329.712266, 4998703.530558999627829 ] } },
{ "type": "Feature", "properties": { "15380279.394525": 15399574.334201001, "5025475.223726": 4998730.468072 }, "geometry": { "type": "Point", "coordinates": [ 15399574.334201, 4998730.468072 ] } },
{ "type": "Feature", "properties": { "15380279.394525": 15399838.022848999, "5025475.223726": 4998745.8069510004 }, "geometry": { "type": "Point", "coordinates": [ 15399838.022849, 4998745.806951000355184 ] } },
{ "type": "Feature", "properties": { "15380279.394525": 15400102.424295001, "5025475.223726": 4998748.961805 }, "geometry": { "type": "Point", "coordinates": [ 15400102.424295, 4998748.961805 ] } },
{ "type": "Feature", "properties": { "15380279.394525": 15400367.420957001, "5025475.223726": 4998742.3746459996 }, "geometry": { "type": "Point", "coordinates": [ 15400367.420957, 4998742.374645999632776 ] } },
{ "type": "Feature", "properties": { "15380279.394525": 15400632.895257, "5025475.223726": 4998728.4874870004 }, "geometry": { "type": "Point", "coordinates": [ 15400632.895257, 4998728.487487000413239 ] } },
{ "type": "Feature", "properties": { "15380279.394525": 15400898.729614999, "5025475.223726": 4998709.7423409997 }, "geometry": { "type": "Point", "coordinates": [ 15400898.729615, 4998709.742340999655426 ] } },
{ "type": "Feature", "properties": { "15380279.394525": 15401164.806452001, "5025475.223726": 4998688.5812189998 }, "geometry": { "type": "Point", "coordinates": [ 15401164.806452, 4998688.581218999810517 ] } },
{ "type": "Feature", "properties": { "15380279.394525": 15381179.266983001, "5025475.223726": 4995526.1238160003 }, "geometry": { "type": "Point", "coordinates": [ 15381179.266983, 4995526.123816000297666 ] } },
{ "type": "Feature", "properties": { "15380279.394525": 15381441.164325999, "5025475.223726": 4995509.8190479996 }, "geometry": { "type": "Point", "coordinates": [ 15381441.164326, 4995509.819047999568284 ] } },
{ "type": "Feature", "properties": { "15380279.394525": 15381702.992591999, "5025475.223726": 4995493.0006640004 }, "geometry": { "type": "Point", "coordinates": [ 15381702.992592, 4995493.000664000399411 ] } },
{ "type": "Feature", "properties": { "15380279.394525": 15381964.752141001, "5025475.223726": 4995475.1256600004 }, "geometry": { "type": "Point", "coordinates": [ 15381964.752141, 4995475.125660000368953 ] } },
{ "type": "Feature", "properties": { "15380279.394525": 15382226.443336001, "5025475.223726": 4995455.6510269996 }, "geometry": { "type": "Point", "coordinates": [ 15382226.443336, 4995455.65102699957788 ] } },
{ "type": "Feature", "properties": { "15380279.394525": 15382488.066536, "5025475.223726": 4995434.03376 }, "geometry": { "type": "Point", "coordinates": [ 15382488.066536, 4995434.03376 ] } },
{ "type": "Feature", "properties": { "15380279.394525": 15382749.622105001, "5025475.223726": 4995409.730854 }, "geometry": { "type": "Point", "coordinates": [ 15382749.622105, 4995409.730854 ] } },
{ "type": "Feature", "properties": { "15380279.394525": 15383011.110404, "5025475.223726": 4995382.1993000004 }, "geometry": { "type": "Point", "coordinates": [ 15383011.110404, 4995382.199300000444055 ] } },
{ "type": "Feature", "properties": { "15380279.394525": 15383272.531793, "5025475.223726": 4995350.896094 }, "geometry": { "type": "Point", "coordinates": [ 15383272.531793, 4995350.896094 ] } },
{ "type": "Feature", "properties": { "15380279.394525": 15383533.886635, "5025475.223726": 4995315.2782279998 }, "geometry": { "type": "Point", "coordinates": [ 15383533.886635, 4995315.278227999806404 ] } },
{ "type": "Feature", "properties": { "15380279.394525": 15383795.17529, "5025475.223726": 4995274.8026980003 }, "geometry": { "type": "Point", "coordinates": [ 15383795.17529, 4995274.802698000334203 ] } },
{ "type": "Feature", "properties": { "15380279.394525": 15384070.626119999, "5025475.223726": 4995226.2517609997 }, "geometry": { "type": "Point", "coordinates": [ 15384070.62612, 4995226.251760999672115 ] } },
{ "type": "Feature", "properties": { "15380279.394525": 15384345.137515999, "5025475.223726": 4995171.0727589997 }, "geometry": { "type": "Point", "coordinates": [ 15384345.137516, 4995171.072758999653161 ] } },
{ "type": "Feature", "properties": { "15380279.394525": 15384618.000796, "5025475.223726": 4995108.5817510001 }, "geometry": { "type": "Point", "coordinates": [ 15384618.000796, 4995108.581751000136137 ] } },
{ "type": "Feature", "properties": { "15380279.394525": 15384888.507273, "5025475.223726": 4995038.0947930003 }, "geometry": { "type": "Point", "coordinates": [ 15384888.507273, 4995038.094793000258505 ] } },
{ "type": "Feature", "properties": { "15380279.394525": 15385155.948263001, "5025475.223726": 4994958.9279420003 }, "geometry": { "type": "Point", "coordinates": [ 15385155.948263, 4994958.927942000329494 ] } },
{ "type": "Feature", "properties": { "15380279.394525": 15385419.615083, "5025475.223726": 4994870.3972570002 }, "geometry": { "type": "Point", "coordinates": [ 15385419.615083, 4994870.397257000207901 ] } },
{ "type": "Feature", "properties": { "15380279.394525": 15385678.799046, "5025475.223726": 4994771.8187950002 }, "geometry": { "type": "Point", "coordinates": [ 15385678.799046, 4994771.818795000202954 ] } },
{ "type": "Feature", "properties": { "15380279.394525": 15385932.791469, "5025475.223726": 4994662.5086129997 }, "geometry": { "type": "Point", "coordinates": [ 15385932.791469, 4994662.508612999692559 ] } },
{ "type": "Feature", "properties": { "15380279.394525": 15386180.883665999, "5025475.223726": 4994541.7827700004 }, "geometry": { "type": "Point", "coordinates": [ 15386180.883666, 4994541.782770000398159 ] } },
{ "type": "Feature", "properties": { "15380279.394525": 15386445.733658999, "5025475.223726": 4994395.9781539999 }, "geometry": { "type": "Point", "coordinates": [ 15386445.733659, 4994395.978153999894857 ] } },
{ "type": "Feature", "properties": { "15380279.394525": 15386703.83859, "5025475.223726": 4994238.0689970003 }, "geometry": { "type": "Point", "coordinates": [ 15386703.83859, 4994238.068997000344098 ] } },
{ "type": "Feature", "properties": { "15380279.394525": 15386956.584293, "5025475.223726": 4994070.4335460002 }, "geometry": { "type": "Point", "coordinates": [ 15386956.584293, 4994070.433546000160277 ] } },
{ "type": "Feature", "properties": { "15380279.394525": 15387205.356597999, "5025475.223726": 4993895.4500470003 }, "geometry": { "type": "Point", "coordinates": [ 15387205.356598, 4993895.450047000311315 ] } },
{ "type": "Feature", "properties": { "15380279.394525": 15387451.541336, "5025475.223726": 4993715.4967449997 }, "geometry": { "type": "Point", "coordinates": [ 15387451.541336, 4993715.496744999662042 ] } },
{ "type": "Feature", "properties": { "15380279.394525": 15387696.52434, "5025475.223726": 4993532.9518860001 }, "geometry": { "type": "Point", "coordinates": [ 15387696.52434, 4993532.951886000111699 ] } },
{ "type": "Feature", "properties": { "15380279.394525": 15387941.691441, "5025475.223726": 4993350.1937149996 }, "geometry": { "type": "Point", "coordinates": [ 15387941.691441, 4993350.193714999593794 ] } },
{ "type": "Feature", "properties": { "15380279.394525": 15388188.428471001, "5025475.223726": 4993169.6004799996 }, "geometry": { "type": "Point", "coordinates": [ 15388188.428471, 4993169.600479999557137 ] } },
{ "type": "Feature", "properties": { "15380279.394525": 15388438.121261001, "5025475.223726": 4992993.5504249996 }, "geometry": { "type": "Point", "coordinates": [ 15388438.121261, 4992993.550424999557436 ] } },
{ "type": "Feature", "properties": { "15380279.394525": 15388692.155641999, "5025475.223726": 4992824.4217959996 }, "geometry": { "type": "Point", "coordinates": [ 15388692.155642, 4992824.421795999631286 ] } },
{ "type": "Feature", "properties": { "15380279.394525": 15388949.831196001, "5025475.223726": 4992664.7534999996 }, "geometry": { "type": "Point", "coordinates": [ 15388949.831196, 4992664.753499999642372 ] } },
{ "type": "Feature", "properties": { "15380279.394525": 15389211.537288001, "5025475.223726": 4992512.0169200003 }, "geometry": { "type": "Point", "coordinates": [ 15389211.537288, 4992512.016920000314713 ] } },
{ "type": "Feature", "properties": { "15380279.394525": 15389475.817973999, "5025475.223726": 4992363.8645479996 }, "geometry": { "type": "Point", "coordinates": [ 15389475.817974, 4992363.864547999575734 ] } },
{ "type": "Feature", "properties": { "15380279.394525": 15389741.217309, "5025475.223726": 4992217.9488770002 }, "geometry": { "type": "Point", "coordinates": [ 15389741.217309, 4992217.948877000249922 ] } },
{ "type": "Feature", "properties": { "15380279.394525": 15390006.279352, "5025475.223726": 4992071.9223999996 }, "geometry": { "type": "Point", "coordinates": [ 15390006.279352, 4992071.922399999573827 ] } },
{ "type": "Feature", "properties": { "15380279.394525": 15390269.548157999, "5025475.223726": 4991923.4376090001 }, "geometry": { "type": "Point", "coordinates": [ 15390269.548158, 4991923.437609000131488 ] } },
{ "type": "Feature", "properties": { "15380279.394525": 15390529.567785, "5025475.223726": 4991770.1469980003 }, "geometry": { "type": "Point", "coordinates": [ 15390529.567785, 4991770.146998000331223 ] } },
{ "type": "Feature", "properties": { "15380279.394525": 15390784.882288, "5025475.223726": 4991609.7030579997 }, "geometry": { "type": "Point", "coordinates": [ 15390784.882288, 4991609.70305799972266 ] } },
{ "type": "Feature", "properties": { "15380279.394525": 15391044.488898, "5025475.223726": 4991433.3404689999 }, "geometry": { "type": "Point", "coordinates": [ 15391044.488898, 4991433.340469 ] } },
{ "type": "Feature", "properties": { "15380279.394525": 15391298.464988999, "5025475.223726": 4991248.5726110004 }, "geometry": { "type": "Point", "coordinates": [ 15391298.464989, 4991248.572611000388861 ] } },
{ "type": "Feature", "properties": { "15380279.394525": 15391548.040992999, "5025475.223726": 4991057.1917150002 }, "geometry": { "type": "Point", "coordinates": [ 15391548.040993, 4991057.191715000197291 ] } },
{ "type": "Feature", "properties": { "15380279.394525": 15391794.447344, "5025475.223726": 4990860.9900129996 }, "geometry": { "type": "Point", "coordinates": [ 15391794.447344, 4990860.990012999624014 ] } },
{ "type": "Feature", "properties": { "15380279.394525": 15392038.914476, "5025475.223726": 4990661.7597350003 }, "geometry": { "type": "Point", "coordinates": [ 15392038.914476, 4990661.759735000319779 ] } },
{ "type": "Feature", "properties": { "15380279.394525": 15392282.672821, "5025475.223726": 4990461.293114 }, "geometry": { "type": "Point", "coordinates": [ 15392282.672821, 4990461.293114 ] } },
{ "type": "Feature", "properties": { "15380279.394525": 15392526.952811999, "5025475.223726": 4990261.3823809996 }, "geometry": { "type": "Point", "coordinates": [ 15392526.952812, 4990261.382380999624729 ] } },
{ "type": "Feature", "properties": { "15380279.394525": 15392772.984882999, "5025475.223726": 4990063.8197659999 }, "geometry": { "type": "Point", "coordinates": [ 15392772.984883, 4990063.819766 ] } },
{ "type": "Feature", "properties": { "15380279.394525": 15393021.999466, "5025475.223726": 4989870.3975020004 }, "geometry": { "type": "Point", "coordinates": [ 15393021.999466, 4989870.397502000443637 ] } },
{ "type": "Feature", "properties": { "15380279.394525": 15393275.226996001, "5025475.223726": 4989682.9078190001 }, "geometry": { "type": "Point", "coordinates": [ 15393275.226996, 4989682.907819 ] } },
{ "type": "Feature", "properties": { "15380279.394525": 15393532.214961, "5025475.223726": 4989503.3581849998 }, "geometry": { "type": "Point", "coordinates": [ 15393532.214961, 4989503.358184999786317 ] } },
{ "type": "Feature", "properties": { "15380279.394525": 15393793.092317, "5025475.223726": 4989329.6411380004 }, "geometry": { "type": "Point", "coordinates": [ 15393793.092317, 4989329.641138000413775 ] } },
{ "type": "Feature", "properties": { "15380279.394525": 15394056.627843, "5025475.223726": 4989159.7741639996 }, "geometry": { "type": "Point", "coordinates": [ 15394056.627843, 4989159.774163999594748 ] } },
{ "type": "Feature", "properties": { "15380279.394525": 15394321.590319, "5025475.223726": 4988991.7747440003 }, "geometry": { "type": "Point", "coordinates": [ 15394321.590319, 4988991.774744000285864 ] } },
{ "type": "Feature", "properties": { "15380279.394525": 15381011.848851001, "5025475.223726": 4988761.3970529996 }, "geometry": { "type": "Point", "coordinates": [ 15381011.848851, 4988761.397052999585867 ] } },
{ "type": "Feature", "properties": { "15380279.394525": 15381265.337386999, "5025475.223726": 4988755.1252769995 }, "geometry": { "type": "Point", "coordinates": [ 15381265.337387, 4988755.125276999548078 ] } },
{ "type": "Feature", "properties": { "15380279.394525": 15381518.612261999, "5025475.223726": 4988748.1117989998 }, "geometry": { "type": "Point", "coordinates": [ 15381518.612262, 4988748.11179899983108 ] } },
{ "type": "Feature", "properties": { "15380279.394525": 15381771.513651, "5025475.223726": 4988739.5884640003 }, "geometry": { "type": "Point", "coordinates": [ 15381771.513651, 4988739.58846400026232 ] } },
{ "type": "Feature", "properties": { "15380279.394525": 15382023.881727001, "5025475.223726": 4988728.7871150002 }, "geometry": { "type": "Point", "coordinates": [ 15382023.881727, 4988728.787115000188351 ] } },
{ "type": "Feature", "properties": { "15380279.394525": 15382275.556663999, "5025475.223726": 4988714.9395960001 }, "geometry": { "type": "Point", "coordinates": [ 15382275.556664, 4988714.939596000127494 ] } },
{ "type": "Feature", "properties": { "15380279.394525": 15382526.378637001, "5025475.223726": 4988697.2777509997 }, "geometry": { "type": "Point", "coordinates": [ 15382526.378637, 4988697.27775099966675 ] } },
{ "type": "Feature", "properties": { "15380279.394525": 15382776.187819, "5025475.223726": 4988675.033423 }, "geometry": { "type": "Point", "coordinates": [ 15382776.187819, 4988675.033423 ] } },
{ "type": "Feature", "properties": { "15380279.394525": 15383024.824384, "5025475.223726": 4988647.4384570001 }, "geometry": { "type": "Point", "coordinates": [ 15383024.824384, 4988647.438457 ] } },
{ "type": "Feature", "properties": { "15380279.394525": 15383272.128506999, "5025475.223726": 4988613.7246960001 }, "geometry": { "type": "Point", "coordinates": [ 15383272.128507, 4988613.724696000106633 ] } },
{ "type": "Feature", "properties": { "15380279.394525": 15383517.94036, "5025475.223726": 4988573.1239839997 }, "geometry": { "type": "Point", "coordinates": [ 15383517.94036, 4988573.123983999714255 ] } },
{ "type": "Feature", "properties": { "15380279.394525": 15383762.100118, "5025475.223726": 4988524.8681650003 }, "geometry": { "type": "Point", "coordinates": [ 15383762.100118, 4988524.868165000341833 ] } },
{ "type": "Feature", "properties": { "15380279.394525": 15384004.447954999, "5025475.223726": 4988468.1890820004 }, "geometry": { "type": "Point", "coordinates": [ 15384004.447955, 4988468.189082000404596 ] } },
{ "type": "Feature", "properties": { "15380279.394525": 15384268.109191, "5025475.223726": 4988395.7707850002 }, "geometry": { "type": "Point", "coordinates": [ 15384268.109191, 4988395.770785000175238 ] } },
{ "type": "Feature", "properties": { "15380279.394525": 15384529.38968, "5025475.223726": 4988313.4459809996 }, "geometry": { "type": "Point", "coordinates": [ 15384529.38968, 4988313.445980999618769 ] } },
{ "type": "Feature", "properties": { "15380279.394525": 15384788.436621999, "5025475.223726": 4988222.3017830001 }, "geometry": { "type": "Point", "coordinates": [ 15384788.436622, 4988222.30178300011903 ] } },
{ "type": "Feature", "properties": { "15380279.394525": 15385045.397214999, "5025475.223726": 4988123.4253049996 }, "geometry": { "type": "Point", "coordinates": [ 15385045.397215, 4988123.425304999575019 ] } },
{ "type": "Feature", "properties": { "15380279.394525": 15385300.418656999, "5025475.223726": 4988017.9036609996 }, "geometry": { "type": "Point", "coordinates": [ 15385300.418657, 4988017.90366099961102 ] } },
{ "type": "Feature", "properties": { "15380279.394525": 15385553.648148, "5025475.223726": 4987906.823965 }, "geometry": { "type": "Point", "coordinates": [ 15385553.648148, 4987906.823965 ] } },
{ "type": "Feature", "properties": { "15380279.394525": 15385805.232884999, "5025475.223726": 4987791.2733319998 }, "geometry": { "type": "Point", "coordinates": [ 15385805.232885, 4987791.273331999778748 ] } },
{ "type": "Feature", "properties": { "15380279.394525": 15386055.320068, "5025475.223726": 4987672.3388740001 }, "geometry": { "type": "Point", "coordinates": [ 15386055.320068, 4987672.338874000124633 ] } },
{ "type": "Feature", "properties": { "15380279.394525": 15386307.908214999, "5025475.223726": 4987548.7523879996 }, "geometry": { "type": "Point", "coordinates": [ 15386307.908215, 4987548.752387999556959 ] } },
{ "type": "Feature", "properties": { "15380279.394525": 15386558.131912, "5025475.223726": 4987421.7188889999 }, "geometry": { "type": "Point", "coordinates": [ 15386558.131912, 4987421.718888999894261 ] } },
{ "type": "Feature", "properties": { "15380279.394525": 15386805.233485, "5025475.223726": 4987290.0598999998 }, "geometry": { "type": "Point", "coordinates": [ 15386805.233485, 4987290.059899999760091 ] } },
{ "type": "Feature", "properties": { "15380279.394525": 15387048.455259999, "5025475.223726": 4987152.5969460001 }, "geometry": { "type": "Point", "coordinates": [ 15387048.45526, 4987152.596946000121534 ] } },
{ "type": "Feature", "properties": { "15380279.394525": 15387287.039563, "5025475.223726": 4987008.1515520001 }, "geometry": { "type": "Point", "coordinates": [ 15387287.039563, 4987008.151552 ] } },
{ "type": "Feature", "properties": { "15380279.394525": 15387520.22872, "5025475.223726": 4986855.5452399999 }, "geometry": { "type": "Point", "coordinates": [ 15387520.22872, 4986855.545239999890327 ] } },
{ "type": "Feature", "properties": { "15380279.394525": 15387785.945583999, "5025475.223726": 4986665.5582140004 }, "geometry": { "type": "Point", "coordinates": [ 15387785.945584, 4986665.558214000426233 ] } },
{ "type": "Feature", "properties": { "15380279.394525": 15388044.670175999, "5025475.223726": 4986465.4268850004 }, "geometry": { "type": "Point", "coordinates": [ 15388044.670176, 4986465.426885000430048 ] } },
{ "type": "Feature", "properties": { "15380279.394525": 15388298.192662001, "5025475.223726": 4986257.6662799995 }, "geometry": { "type": "Point", "coordinates": [ 15388298.192662, 4986257.666279999539256 ] } },
{ "type": "Feature", "properties": { "15380279.394525": 15388548.303206, "5025475.223726": 4986044.7914230004 }, "geometry": { "type": "Point", "coordinates": [ 15388548.303206, 4986044.791423000395298 ] } },
{ "type": "Feature", "properties": { "15380279.394525": 15388796.791974001, "5025475.223726": 4985829.3173409998 }, "geometry": { "type": "Point", "coordinates": [ 15388796.791974, 4985829.31734099984169 ] } },
{ "type": "Feature", "properties": { "15380279.394525": 15381681.521377999, "5025475.223726": 4985829.3173409998 }, "geometry": { "type": "Point", "coordinates": [ 15381681.521378, 4985829.31734099984169 ] } },
{ "type": "Feature", "properties": { "15380279.394525": 15381933.320482001, "5025475.223726": 4985871.1353390003 }, "geometry": { "type": "Point", "coordinates": [ 15381933.320482, 4985871.13533900026232 ] } },
{ "type": "Feature", "properties": { "15380279.394525": 15382185.152497999, "5025475.223726": 4985912.3287939997 }, "geometry": { "type": "Point", "coordinates": [ 15382185.152498, 4985912.328793999738991 ] } },
{ "type": "Feature", "properties": { "15380279.394525": 15382437.123485001, "5025475.223726": 4985952.2650070004 }, "geometry": { "type": "Point", "coordinates": [ 15382437.123485, 4985952.265007000416517 ] } },
{ "type": "Feature", "properties": { "15380279.394525": 15382689.339501999, "5025475.223726": 4985990.3112740004 }, "geometry": { "type": "Point", "coordinates": [ 15382689.339502, 4985990.311274000443518 ] } },
{ "type": "Feature", "properties": { "15380279.394525": 15382941.906610999, "5025475.223726": 4986025.8348939996 }, "geometry": { "type": "Point", "coordinates": [ 15382941.906611, 4986025.834893999621272 ] } },
{ "type": "Feature", "properties": { "15380279.394525": 15383194.930871001, "5025475.223726": 4986058.2031659996 }, "geometry": { "type": "Point", "coordinates": [ 15383194.930871, 4986058.203165999613702 ] } },
{ "type": "Feature", "properties": { "15380279.394525": 15383448.518342, "5025475.223726": 4986086.783388 }, "geometry": { "type": "Point", "coordinates": [ 15383448.518342, 4986086.783388 ] } },
{ "type": "Feature", "properties": { "15380279.394525": 15383702.775083, "5025475.223726": 4986110.9428589996 }, "geometry": { "type": "Point", "coordinates": [ 15383702.775083, 4986110.942858999595046 ] } },
{ "type": "Feature", "properties": { "15380279.394525": 15383957.807156, "5025475.223726": 4986130.0488759996 }, "geometry": { "type": "Point", "coordinates": [ 15383957.807156, 4986130.048875999636948 ] } },
{ "type": "Feature", "properties": { "15380279.394525": 15384213.720619, "5025475.223726": 4986143.4687390001 }, "geometry": { "type": "Point", "coordinates": [ 15384213.720619, 4986143.468739000149071 ] } },
{ "type": "Feature", "properties": { "15380279.394525": 15384449.183297999, "5025475.223726": 4986150.1189959999 }, "geometry": { "type": "Point", "coordinates": [ 15384449.183298, 4986150.118996 ] } },
{ "type": "Feature", "properties": { "15380279.394525": 15384684.717583001, "5025475.223726": 4986150.2073100004 }, "geometry": { "type": "Point", "coordinates": [ 15384684.717583, 4986150.207310000434518 ] } },
{ "type": "Feature", "properties": { "15380279.394525": 15384919.737309, "5025475.223726": 4986142.4713749997 }, "geometry": { "type": "Point", "coordinates": [ 15384919.737309, 4986142.471374999731779 ] } },
{ "type": "Feature", "properties": { "15380279.394525": 15385153.65631, "5025475.223726": 4986125.648887 }, "geometry": { "type": "Point", "coordinates": [ 15385153.65631, 4986125.648887 ] } },
{ "type": "Feature", "properties": { "15380279.394525": 15385385.888420001, "5025475.223726": 4986098.4775409997 }, "geometry": { "type": "Point", "coordinates": [ 15385385.88842, 4986098.477540999650955 ] } },
{ "type": "Feature", "properties": { "15380279.394525": 15385615.847472001, "5025475.223726": 4986059.6950329999 }, "geometry": { "type": "Point", "coordinates": [ 15385615.847472, 4986059.69503299985081 ] } },
{ "type": "Feature", "properties": { "15380279.394525": 15385855.240871999, "5025475.223726": 4986005.4475229997 }, "geometry": { "type": "Point", "coordinates": [ 15385855.240872, 4986005.447522999718785 ] } },
{ "type": "Feature", "properties": { "15380279.394525": 15386091.73208, "5025475.223726": 4985938.9577599997 }, "geometry": { "type": "Point", "coordinates": [ 15386091.73208, 4985938.957759999670088 ] } },
{ "type": "Feature", "properties": { "15380279.394525": 15386325.82164, "5025475.223726": 4985862.2642400004 }, "geometry": { "type": "Point", "coordinates": [ 15386325.82164, 4985862.264240000396967 ] } },
{ "type": "Feature", "properties": { "15380279.394525": 15386558.010094, "5025475.223726": 4985777.40546 }, "geometry": { "type": "Point", "coordinates": [ 15386558.010094, 4985777.40546 ] } },
{ "type": "Feature", "properties": { "15380279.394525": 15386788.797985001, "5025475.223726": 4985686.419915 }, "geometry": { "type": "Point", "coordinates": [ 15386788.797985, 4985686.419915 ] } },
{ "type": "Feature", "properties": { "15380279.394525": 15387018.685858, "5025475.223726": 4985591.3461020002 }, "geometry": { "type": "Point", "coordinates": [ 15387018.685858, 4985591.346102000214159 ] } },
{ "type": "Feature", "properties": { "15380279.394525": 15387248.174256001, "5025475.223726": 4985494.2225169996 }, "geometry": { "type": "Point", "coordinates": [ 15387248.174256, 4985494.222516999579966 ] } },
{ "type": "Feature", "properties": { "15380279.394525": 15390408.191491, "5025475.223726": 4988803.2839059997 }, "geometry": { "type": "Point", "coordinates": [ 15390408.191491, 4988803.283905999734998 ] } },
{ "type": "Feature", "properties": { "15380279.394525": 15390159.157237999, "5025475.223726": 4988878.2000430003 }, "geometry": { "type": "Point", "coordinates": [ 15390159.157238, 4988878.200043000280857 ] } },
{ "type": "Feature", "properties": { "15380279.394525": 15389909.673093, "5025475.223726": 4988950.0953749996 }, "geometry": { "type": "Point", "coordinates": [ 15389909.673093, 4988950.095374999567866 ] } },
{ "type": "Feature", "properties": { "15380279.394525": 15389659.142476, "5025475.223726": 4989015.9477789998 }, "geometry": { "type": "Point", "coordinates": [ 15389659.142476, 4989015.94777899980545 ] } },
{ "type": "Feature", "properties": { "15380279.394525": 15389406.968807001, "5025475.223726": 4989072.7351299999 }, "geometry": { "type": "Point", "coordinates": [ 15389406.968807, 4989072.73513 ] } },
{ "type": "Feature", "properties": { "15380279.394525": 15389152.555504, "5025475.223726": 4989117.4353029998 }, "geometry": { "type": "Point", "coordinates": [ 15389152.555504, 4989117.435302999801934 ] } },
{ "type": "Feature", "properties": { "15380279.394525": 15388904.976124, "5025475.223726": 4989146.8068859996 }, "geometry": { "type": "Point", "coordinates": [ 15388904.976124, 4989146.806885999627411 ] } },
{ "type": "Feature", "properties": { "15380279.394525": 15388655.611187, "5025475.223726": 4989162.7560670003 }, "geometry": { "type": "Point", "coordinates": [ 15388655.611187, 4989162.756067000329494 ] } },
{ "type": "Feature", "properties": { "15380279.394525": 15388405.094941, "5025475.223726": 4989165.893739 }, "geometry": { "type": "Point", "coordinates": [ 15388405.094941, 4989165.893739 ] } },
{ "type": "Feature", "properties": { "15380279.394525": 15388154.061637999, "5025475.223726": 4989156.83079 }, "geometry": { "type": "Point", "coordinates": [ 15388154.061638, 4989156.83079 ] } },
{ "type": "Feature", "properties": { "15380279.394525": 15387903.145525999, "5025475.223726": 4989136.178111 }, "geometry": { "type": "Point", "coordinates": [ 15387903.145526, 4989136.178111 ] } },
{ "type": "Feature", "properties": { "15380279.394525": 15387652.980854999, "5025475.223726": 4989104.5465909997 }, "geometry": { "type": "Point", "coordinates": [ 15387652.980855, 4989104.546590999700129 ] } },
{ "type": "Feature", "properties": { "15380279.394525": 15387404.201876, "5025475.223726": 4989062.5471219998 }, "geometry": { "type": "Point", "coordinates": [ 15387404.201876, 4989062.547121999785304 ] } },
{ "type": "Feature", "properties": { "15380279.394525": 15387157.442839, "5025475.223726": 4989010.7905919999 }, "geometry": { "type": "Point", "coordinates": [ 15387157.442839, 4989010.79059199988842 ] } },
{ "type": "Feature", "properties": { "15380279.394525": 15386913.337993, "5025475.223726": 4988949.8878910001 }, "geometry": { "type": "Point", "coordinates": [ 15386913.337993, 4988949.887891000136733 ] } },
{ "type": "Feature", "properties": { "15380279.394525": 15386659.155950001, "5025475.223726": 4988876.4396209996 }, "geometry": { "type": "Point", "coordinates": [ 15386659.15595, 4988876.439620999619365 ] } },
{ "type": "Feature", "properties": { "15380279.394525": 15386408.325875999, "5025475.223726": 4988794.6728760004 }, "geometry": { "type": "Point", "coordinates": [ 15386408.325876, 4988794.672876000404358 ] } },
{ "type": "Feature", "properties": { "15380279.394525": 15386160.355594, "5025475.223726": 4988705.775874 }, "geometry": { "type": "Point", "coordinates": [ 15386160.355594, 4988705.775874 ] } },
{ "type": "Feature", "properties": { "15380279.394525": 15385914.75293, "5025475.223726": 4988610.93683 }, "geometry": { "type": "Point", "coordinates": [ 15385914.75293, 4988610.93683 ] } },
{ "type": "Feature", "properties": { "15380279.394525": 15385671.025707999, "5025475.223726": 4988511.3439579997 }, "geometry": { "type": "Point", "coordinates": [ 15385671.025708, 4988511.343957999721169 ] } },
{ "type": "Feature", "properties": { "15380279.394525": 15385428.681753, "5025475.223726": 4988408.1854750002 }, "geometry": { "type": "Point", "coordinates": [ 15385428.681753, 4988408.185475000180304 ] } },
{ "type": "Feature", "properties": { "15380279.394525": 15385187.228891, "5025475.223726": 4988302.6495960001 }, "geometry": { "type": "Point", "coordinates": [ 15385187.228891, 4988302.649596 ] } },
{ "type": "Feature", "properties": { "15380279.394525": 15384946.174945001, "5025475.223726": 4988195.9245370002 }, "geometry": { "type": "Point", "coordinates": [ 15384946.174945, 4988195.924537000246346 ] } },
{ "type": "Feature", "properties": { "15380279.394525": 15388671.228375001, "5025475.223726": 4987902.7165660001 }, "geometry": { "type": "Point", "coordinates": [ 15388671.228375, 4987902.716566000133753 ] } },
{ "type": "Feature", "properties": { "15380279.394525": 15388920.974468, "5025475.223726": 4987907.3142400002 }, "geometry": { "type": "Point", "coordinates": [ 15388920.974468, 4987907.314240000210702 ] } },
{ "type": "Feature", "properties": { "15380279.394525": 15389170.658605, "5025475.223726": 4987912.0819460005 }, "geometry": { "type": "Point", "coordinates": [ 15389170.658605, 4987912.08194600045681 ] } },
{ "type": "Feature", "properties": { "15380279.394525": 15389420.279581999, "5025475.223726": 4987917.1938789999 }, "geometry": { "type": "Point", "coordinates": [ 15389420.279582, 4987917.193879 ] } },
{ "type": "Feature", "properties": { "15380279.394525": 15389669.836195, "5025475.223726": 4987922.8242340004 }, "geometry": { "type": "Point", "coordinates": [ 15389669.836195, 4987922.824234000407159 ] } },
{ "type": "Feature", "properties": { "15380279.394525": 15389919.327238999, "5025475.223726": 4987929.1472060001 }, "geometry": { "type": "Point", "coordinates": [ 15389919.327239, 4987929.147206 ] } },
{ "type": "Feature", "properties": { "15380279.394525": 15390168.75151, "5025475.223726": 4987936.336991 }, "geometry": { "type": "Point", "coordinates": [ 15390168.75151, 4987936.336991 ] } },
{ "type": "Feature", "properties": { "15380279.394525": 15390418.107805001, "5025475.223726": 4987944.5677840002 }, "geometry": { "type": "Point", "coordinates": [ 15390418.107805, 4987944.567784000188112 ] } },
{ "type": "Feature", "properties": { "15380279.394525": 15390667.394918, "5025475.223726": 4987954.0137790004 }, "geometry": { "type": "Point", "coordinates": [ 15390667.394918, 4987954.013779000379145 ] } },
{ "type": "Feature", "properties": { "15380279.394525": 15390916.611647001, "5025475.223726": 4987964.8491740003 }, "geometry": { "type": "Point", "coordinates": [ 15390916.611647, 4987964.849174000322819 ] } },
{ "type": "Feature", "properties": { "15380279.394525": 15391165.756786, "5025475.223726": 4987977.2481610002 }, "geometry": { "type": "Point", "coordinates": [ 15391165.756786, 4987977.248161000199616 ] } },
{ "type": "Feature", "properties": { "15380279.394525": 15391414.829131, "5025475.223726": 4987991.3849379998 }, "geometry": { "type": "Point", "coordinates": [ 15391414.829131, 4987991.384937999770045 ] } },
{ "type": "Feature", "properties": { "15380279.394525": 15391663.827478999, "5025475.223726": 4988007.4336980004 }, "geometry": { "type": "Point", "coordinates": [ 15391663.827479, 4988007.433698000386357 ] } },
{ "type": "Feature", "properties": { "15380279.394525": 15391904.939508, "5025475.223726": 4988024.9074069997 }, "geometry": { "type": "Point", "coordinates": [ 15391904.939508, 4988024.907406999729574 ] } },
{ "type": "Feature", "properties": { "15380279.394525": 15392145.880178001, "5025475.223726": 4988044.1361490004 }, "geometry": { "type": "Point", "coordinates": [ 15392145.880178, 4988044.136149000376463 ] } },
{ "type": "Feature", "properties": { "15380279.394525": 15392386.676375, "5025475.223726": 4988064.9254590003 }, "geometry": { "type": "Point", "coordinates": [ 15392386.676375, 4988064.92545900028199 ] } },
{ "type": "Feature", "properties": { "15380279.394525": 15392627.354987999, "5025475.223726": 4988087.0808699997 }, "geometry": { "type": "Point", "coordinates": [ 15392627.354988, 4988087.080869999714196 ] } },
{ "type": "Feature", "properties": { "15380279.394525": 15392867.942903999, "5025475.223726": 4988110.4079179997 }, "geometry": { "type": "Point", "coordinates": [ 15392867.942904, 4988110.407917999662459 ] } },
{ "type": "Feature", "properties": { "15380279.394525": 15393108.467011999, "5025475.223726": 4988134.7121350002 }, "geometry": { "type": "Point", "coordinates": [ 15393108.467012, 4988134.712135000154376 ] } },
{ "type": "Feature", "properties": { "15380279.394525": 15393348.9542, "5025475.223726": 4988159.7990570003 }, "geometry": { "type": "Point", "coordinates": [ 15393348.9542, 4988159.799057000316679 ] } },
{ "type": "Feature", "properties": { "15380279.394525": 15393589.431356, "5025475.223726": 4988185.4742179997 }, "geometry": { "type": "Point", "coordinates": [ 15393589.431356, 4988185.474217999726534 ] } },
{ "type": "Feature", "properties": { "15380279.394525": 15393829.925367, "5025475.223726": 4988211.5431500003 }, "geometry": { "type": "Point", "coordinates": [ 15393829.925367, 4988211.543150000274181 ] } },
{ "type": "Feature", "properties": { "15380279.394525": 15394070.463122001, "5025475.223726": 4988237.8113900004 }, "geometry": { "type": "Point", "coordinates": [ 15394070.463122, 4988237.811390000395477 ] } },
{ "type": "Feature", "properties": { "15380279.394525": 15391768.463811001, "5025475.223726": 4989159.322156 }, "geometry": { "type": "Point", "coordinates": [ 15391768.463811, 4989159.322156 ] } },
{ "type": "Feature", "properties": { "15380279.394525": 15393526.354194, "5025475.223726": 4988991.7747440003 }, "geometry": { "type": "Point", "coordinates": [ 15393526.354194, 4988991.774744000285864 ] } },
{ "type": "Feature", "properties": { "15380279.394525": 15396581.735097, "5025475.223726": 4987609.508595 }, "geometry": { "type": "Point", "coordinates": [ 15396581.735097, 4987609.508595 ] } },
{ "type": "Feature", "properties": { "15380279.394525": 15396614.394512, "5025475.223726": 4987859.0182720004 }, "geometry": { "type": "Point", "coordinates": [ 15396614.394512, 4987859.018272000364959 ] } },
{ "type": "Feature", "properties": { "15380279.394525": 15396647.420469999, "5025475.223726": 4988108.390784 }, "geometry": { "type": "Point", "coordinates": [ 15396647.42047, 4988108.390784 ] } },
{ "type": "Feature", "properties": { "15380279.394525": 15396681.195885001, "5025475.223726": 4988357.5795 }, "geometry": { "type": "Point", "coordinates": [ 15396681.195885, 4988357.5795 ] } },
{ "type": "Feature", "properties": { "15380279.394525": 15396716.103673, "5025475.223726": 4988606.5377900004 }, "geometry": { "type": "Point", "coordinates": [ 15396716.103673, 4988606.53779000043869 ] } },
{ "type": "Feature", "properties": { "15380279.394525": 15396752.526745999, "5025475.223726": 4988855.2190269995 }, "geometry": { "type": "Point", "coordinates": [ 15396752.526746, 4988855.219026999548078 ] } },
{ "type": "Feature", "properties": { "15380279.394525": 15396790.84802, "5025475.223726": 4989103.5765789999 }, "geometry": { "type": "Point", "coordinates": [ 15396790.84802, 4989103.576578999869525 ] } },
{ "type": "Feature", "properties": { "15380279.394525": 15396831.450409001, "5025475.223726": 4989351.563817 }, "geometry": { "type": "Point", "coordinates": [ 15396831.450409, 4989351.563817 ] } },
{ "type": "Feature", "properties": { "15380279.394525": 15396874.716827, "5025475.223726": 4989599.1341129998 }, "geometry": { "type": "Point", "coordinates": [ 15396874.716827, 4989599.134112999774516 ] } },
{ "type": "Feature", "properties": { "15380279.394525": 15396920.656447999, "5025475.223726": 4989844.9386999998 }, "geometry": { "type": "Point", "coordinates": [ 15396920.656448, 4989844.938699999824166 ] } },
{ "type": "Feature", "properties": { "15380279.394525": 15396969.251697, "5025475.223726": 4990090.1933930004 }, "geometry": { "type": "Point", "coordinates": [ 15396969.251697, 4990090.193393000401556 ] } },
{ "type": "Feature", "properties": { "15380279.394525": 15397020.172429999, "5025475.223726": 4990334.9769400004 }, "geometry": { "type": "Point", "coordinates": [ 15397020.17243, 4990334.976940000429749 ] } },
{ "type": "Feature", "properties": { "15380279.394525": 15397073.088504, "5025475.223726": 4990579.3680849997 }, "geometry": { "type": "Point", "coordinates": [ 15397073.088504, 4990579.368084999732673 ] } },
{ "type": "Feature", "properties": { "15380279.394525": 15397127.669774, "5025475.223726": 4990823.4455749998 }, "geometry": { "type": "Point", "coordinates": [ 15397127.669774, 4990823.445574999786913 ] } },
{ "type": "Feature", "properties": { "15380279.394525": 15397183.586098, "5025475.223726": 4991067.288156 }, "geometry": { "type": "Point", "coordinates": [ 15397183.586098, 4991067.288156 ] } },
{ "type": "Feature", "properties": { "15380279.394525": 15397240.507332001, "5025475.223726": 4991310.9745720001 }, "geometry": { "type": "Point", "coordinates": [ 15397240.507332, 4991310.974572 ] } },
{ "type": "Feature", "properties": { "15380279.394525": 15397298.103333, "5025475.223726": 4991554.583571 }, "geometry": { "type": "Point", "coordinates": [ 15397298.103333, 4991554.583571 ] } },
{ "type": "Feature", "properties": { "15380279.394525": 15397356.043956, "5025475.223726": 4991798.1938969996 }, "geometry": { "type": "Point", "coordinates": [ 15397356.043956, 4991798.193896999582648 ] } },
{ "type": "Feature", "properties": { "15380279.394525": 15399417.379702, "5025475.223726": 4988017.9054119997 }, "geometry": { "type": "Point", "coordinates": [ 15399417.379702, 4988017.905411999672651 ] } },
{ "type": "Feature", "properties": { "15380279.394525": 15399535.330744, "5025475.223726": 4988406.2463659998 }, "geometry": { "type": "Point", "coordinates": [ 15399535.330744, 4988406.246365999802947 ] } },
{ "type": "Feature", "properties": { "15380279.394525": 15399653.654952001, "5025475.223726": 4988794.3275100002 }, "geometry": { "type": "Point", "coordinates": [ 15399653.654952, 4988794.32751000020653 ] } },
{ "type": "Feature", "properties": { "15380279.394525": 15399772.786673, "5025475.223726": 4989182.0774320001 }, "geometry": { "type": "Point", "coordinates": [ 15399772.786673, 4989182.077432 ] } },
{ "type": "Feature", "properties": { "15380279.394525": 15399893.160256, "5025475.223726": 4989569.4247209998 }, "geometry": { "type": "Point", "coordinates": [ 15399893.160256, 4989569.424720999784768 ] } },
{ "type": "Feature", "properties": { "15380279.394525": 15400015.210046999, "5025475.223726": 4989956.2979650004 }, "geometry": { "type": "Point", "coordinates": [ 15400015.210047, 4989956.297965000383556 ] } },
{ "type": "Feature", "properties": { "15380279.394525": 15400139.370394999, "5025475.223726": 4990342.6257539997 }, "geometry": { "type": "Point", "coordinates": [ 15400139.370395, 4990342.625753999687731 ] } },
{ "type": "Feature", "properties": { "15380279.394525": 15400256.477541, "5025475.223726": 4990699.8166530002 }, "geometry": { "type": "Point", "coordinates": [ 15400256.477541, 4990699.816653000190854 ] } },
{ "type": "Feature", "properties": { "15380279.394525": 15400375.322970999, "5025475.223726": 4991056.3153729998 }, "geometry": { "type": "Point", "coordinates": [ 15400375.322971, 4991056.315372999757528 ] } },
{ "type": "Feature", "properties": { "15380279.394525": 15400495.570362, "5025475.223726": 4991412.295252 }, "geometry": { "type": "Point", "coordinates": [ 15400495.570362, 4991412.295252 ] } },
{ "type": "Feature", "properties": { "15380279.394525": 15400616.883393001, "5025475.223726": 4991767.9296329999 }, "geometry": { "type": "Point", "coordinates": [ 15400616.883393, 4991767.929633 ] } },
{ "type": "Feature", "properties": { "15380279.394525": 15400738.925743001, "5025475.223726": 4992123.3918549996 }, "geometry": { "type": "Point", "coordinates": [ 15400738.925743, 4992123.39185499958694 ] } },
{ "type": "Feature", "properties": { "15380279.394525": 15400861.361088, "5025475.223726": 4992478.8552580001 }, "geometry": { "type": "Point", "coordinates": [ 15400861.361088, 4992478.855258 ] } },
{ "type": "Feature", "properties": { "15380279.394525": 15405067.741645999, "5025475.223726": 4990248.3803350003 }, "geometry": { "type": "Point", "coordinates": [ 15405067.741646, 4990248.380335000343621 ] } },
{ "type": "Feature", "properties": { "15380279.394525": 15404727.449025, "5025475.223726": 4990288.3072920004 }, "geometry": { "type": "Point", "coordinates": [ 15404727.449025, 4990288.307292000390589 ] } },
{ "type": "Feature", "properties": { "15380279.394525": 15404387.282361001, "5025475.223726": 4990327.6967289997 }, "geometry": { "type": "Point", "coordinates": [ 15404387.282361, 4990327.696728999726474 ] } },
{ "type": "Feature", "properties": { "15380279.394525": 15404047.214548999, "5025475.223726": 4990365.9689969998 }, "geometry": { "type": "Point", "coordinates": [ 15404047.214549, 4990365.968996999785304 ] } },
{ "type": "Feature", "properties": { "15380279.394525": 15403707.218482999, "5025475.223726": 4990402.5444489997 }, "geometry": { "type": "Point", "coordinates": [ 15403707.218483, 4990402.544448999688029 ] } },
{ "type": "Feature", "properties": { "15380279.394525": 15403367.267057, "5025475.223726": 4990436.8434370002 }, "geometry": { "type": "Point", "coordinates": [ 15403367.267057, 4990436.843437000177801 ] } },
{ "type": "Feature", "properties": { "15380279.394525": 15403027.333166, "5025475.223726": 4990468.2863130001 }, "geometry": { "type": "Point", "coordinates": [ 15403027.333166, 4990468.286313000135124 ] } },
{ "type": "Feature", "properties": { "15380279.394525": 15402668.490156, "5025475.223726": 4990496.8985059997 }, "geometry": { "type": "Point", "coordinates": [ 15402668.490156, 4990496.898505999706686 ] } },
{ "type": "Feature", "properties": { "15380279.394525": 15402308.947098, "5025475.223726": 4990515.7214639997 }, "geometry": { "type": "Point", "coordinates": [ 15402308.947098, 4990515.721463999710977 ] } },
{ "type": "Feature", "properties": { "15380279.394525": 15401947.601728, "5025475.223726": 4990518.6806319999 }, "geometry": { "type": "Point", "coordinates": [ 15401947.601728, 4990518.680631999857724 ] } },
{ "type": "Feature", "properties": { "15380279.394525": 15401583.351780999, "5025475.223726": 4990499.7014530003 }, "geometry": { "type": "Point", "coordinates": [ 15401583.351781, 4990499.701453000307083 ] } },
{ "type": "Feature", "properties": { "15380279.394525": 15401277.845734, "5025475.223726": 4990461.2940469999 }, "geometry": { "type": "Point", "coordinates": [ 15401277.845734, 4990461.294046999886632 ] } },
{ "type": "Feature", "properties": { "15380279.394525": 15400981.141964, "5025475.223726": 4990391.8471659999 }, "geometry": { "type": "Point", "coordinates": [ 15400981.141964, 4990391.847166 ] } },
{ "type": "Feature", "properties": { "15380279.394525": 15400704.406589, "5025475.223726": 4990279.7954749996 }, "geometry": { "type": "Point", "coordinates": [ 15400704.406589, 4990279.795474999584258 ] } },
{ "type": "Feature", "properties": { "15380279.394525": 15400288.488751, "5025475.223726": 4989974.7621830003 }, "geometry": { "type": "Point", "coordinates": [ 15400288.488751, 4989974.762183000333607 ] } },
{ "type": "Feature", "properties": { "15380279.394525": 15399919.634097001, "5025475.223726": 4989588.6623999998 }, "geometry": { "type": "Point", "coordinates": [ 15399919.634097, 4989588.662399999797344 ] } },
{ "type": "Feature", "properties": { "15380279.394525": 15394677.353848999, "5025475.223726": 4996971.220245 }, "geometry": { "type": "Point", "coordinates": [ 15394677.353849, 4996971.220245 ] } },
{ "type": "Feature", "properties": { "15380279.394525": 15395029.523079, "5025475.223726": 4996828.2033860004 }, "geometry": { "type": "Point", "coordinates": [ 15395029.523079, 4996828.203386000357568 ] } },
{ "type": "Feature", "properties": { "15380279.394525": 15395381.859578, "5025475.223726": 4996685.7008640002 }, "geometry": { "type": "Point", "coordinates": [ 15395381.859578, 4996685.700864000245929 ] } },
{ "type": "Feature", "properties": { "15380279.394525": 15395734.682883, "5025475.223726": 4996544.182612 }, "geometry": { "type": "Point", "coordinates": [ 15395734.682883, 4996544.182612 ] } },
{ "type": "Feature", "properties": { "15380279.394525": 15396088.312533, "5025475.223726": 4996404.1185590001 }, "geometry": { "type": "Point", "coordinates": [ 15396088.312533, 4996404.118559 ] } },
{ "type": "Feature", "properties": { "15380279.394525": 15396443.068065001, "5025475.223726": 4996265.9786379999 }, "geometry": { "type": "Point", "coordinates": [ 15396443.068065, 4996265.978637999854982 ] } },
{ "type": "Feature", "properties": { "15380279.394525": 15396799.269016, "5025475.223726": 4996130.2327779997 }, "geometry": { "type": "Point", "coordinates": [ 15396799.269016, 4996130.232777999714017 ] } },
{ "type": "Feature", "properties": { "15380279.394525": 15397157.234925, "5025475.223726": 4995997.3509120001 }, "geometry": { "type": "Point", "coordinates": [ 15397157.234925, 4995997.350912 ] } },
{ "type": "Feature", "properties": { "15380279.394525": 15397503.000406999, "5025475.223726": 4995873.5063589998 }, "geometry": { "type": "Point", "coordinates": [ 15397503.000407, 4995873.506358999758959 ] } },
{ "type": "Feature", "properties": { "15380279.394525": 15397851.008300001, "5025475.223726": 4995757.0793709997 }, "geometry": { "type": "Point", "coordinates": [ 15397851.0083, 4995757.079370999708772 ] } },
{ "type": "Feature", "properties": { "15380279.394525": 15398201.922490999, "5025475.223726": 4995652.3104360001 }, "geometry": { "type": "Point", "coordinates": [ 15398201.922491, 4995652.310436000116169 ] } },
{ "type": "Feature", "properties": { "15380279.394525": 15398556.406864, "5025475.223726": 4995563.4400420003 }, "geometry": { "type": "Point", "coordinates": [ 15398556.406864, 4995563.440042000263929 ] } },
{ "type": "Feature", "properties": { "15380279.394525": 15398915.125306999, "5025475.223726": 4995494.7086760001 }, "geometry": { "type": "Point", "coordinates": [ 15398915.125307, 4995494.708676000125706 ] } },
{ "type": "Feature", "properties": { "15380279.394525": 15399310.30744, "5025475.223726": 4995444.74175 }, "geometry": { "type": "Point", "coordinates": [ 15399310.30744, 4995444.74175 ] } },
{ "type": "Feature", "properties": { "15380279.394525": 15399708.243264999, "5025475.223726": 4995410.7769579999 }, "geometry": { "type": "Point", "coordinates": [ 15399708.243265, 4995410.776958 ] } },
{ "type": "Feature", "properties": { "15380279.394525": 15400106.350691, "5025475.223726": 4995379.8050309997 }, "geometry": { "type": "Point", "coordinates": [ 15400106.350691, 4995379.805030999705195 ] } },
{ "type": "Feature", "properties": { "15380279.394525": 15400502.047629001, "5025475.223726": 4995338.8167000003 }, "geometry": { "type": "Point", "coordinates": [ 15400502.047629, 4995338.816700000315905 ] } },
{ "type": "Feature", "properties": { "15380279.394525": 15400892.751987999, "5025475.223726": 4995274.8026980003 }, "geometry": { "type": "Point", "coordinates": [ 15400892.751988, 4995274.802698000334203 ] } },
{ "type": "Feature", "properties": { "15380279.394525": 15401245.236424999, "5025475.223726": 4995187.5384290004 }, "geometry": { "type": "Point", "coordinates": [ 15401245.236425, 4995187.538429000414908 ] } },
{ "type": "Feature", "properties": { "15380279.394525": 15401592.536390999, "5025475.223726": 4995077.1173259998 }, "geometry": { "type": "Point", "coordinates": [ 15401592.536391, 4995077.117325999774039 ] } },
{ "type": "Feature", "properties": { "15380279.394525": 15401936.244085999, "5025475.223726": 4994950.6395929996 }, "geometry": { "type": "Point", "coordinates": [ 15401936.244086, 4994950.639592999592423 ] } },
{ "type": "Feature", "properties": { "15380279.394525": 15402277.951711999, "5025475.223726": 4994815.2054300001 }, "geometry": { "type": "Point", "coordinates": [ 15402277.951712, 4994815.20543 ] } },
{ "type": "Feature", "properties": { "15380279.394525": 15402619.25147, "5025475.223726": 4994677.9150419999 }, "geometry": { "type": "Point", "coordinates": [ 15402619.25147, 4994677.9150419998914 ] } },
{ "type": "Feature", "properties": { "15380279.394525": 15402994.247474, "5025475.223726": 4994532.0154809998 }, "geometry": { "type": "Point", "coordinates": [ 15402994.247474, 4994532.015480999834836 ] } },
{ "type": "Feature", "properties": { "15380279.394525": 15403370.099949, "5025475.223726": 4994391.4634370003 }, "geometry": { "type": "Point", "coordinates": [ 15403370.099949, 4994391.463437000289559 ] } },
{ "type": "Feature", "properties": { "15380279.394525": 15403746.674978999, "5025475.223726": 4994255.1784589998 }, "geometry": { "type": "Point", "coordinates": [ 15403746.674979, 4994255.178458999842405 ] } },
{ "type": "Feature", "properties": { "15380279.394525": 15404123.838648999, "5025475.223726": 4994122.0800959999 }, "geometry": { "type": "Point", "coordinates": [ 15404123.838649, 4994122.080095999874175 ] } },
{ "type": "Feature", "properties": { "15380279.394525": 15404501.457044, "5025475.223726": 4993991.0878959997 }, "geometry": { "type": "Point", "coordinates": [ 15404501.457044, 4993991.087895999662578 ] } },
{ "type": "Feature", "properties": { "15380279.394525": 15404879.396248, "5025475.223726": 4993861.1214079997 }, "geometry": { "type": "Point", "coordinates": [ 15404879.396248, 4993861.121407999657094 ] } },
{ "type": "Feature", "properties": { "15380279.394525": 15403780.714759, "5025475.223726": 4990311.2106140004 }, "geometry": { "type": "Point", "coordinates": [ 15403780.714759, 4990311.210614000447094 ] } },
{ "type": "Feature", "properties": { "15380279.394525": 15404011.748067001, "5025475.223726": 4989992.9414179996 }, "geometry": { "type": "Point", "coordinates": [ 15404011.748067, 4989992.941417999565601 ] } },
{ "type": "Feature", "properties": { "15380279.394525": 15404234.265156999, "5025475.223726": 4989669.991405 }, "geometry": { "type": "Point", "coordinates": [ 15404234.265157, 4989669.991405 ] } },
{ "type": "Feature", "properties": { "15380279.394525": 15404439.923652001, "5025475.223726": 4989337.3412819998 }, "geometry": { "type": "Point", "coordinates": [ 15404439.923652, 4989337.341281999833882 ] } },
{ "type": "Feature", "properties": { "15380279.394525": 15404631.021381, "5025475.223726": 4988974.2032549996 }, "geometry": { "type": "Point", "coordinates": [ 15404631.021381, 4988974.2032549995929 ] } },
{ "type": "Feature", "properties": { "15380279.394525": 15404800.365117, "5025475.223726": 4988599.2975920001 }, "geometry": { "type": "Point", "coordinates": [ 15404800.365117, 4988599.297592000104487 ] } },
{ "type": "Feature", "properties": { "15380279.394525": 15404954.290344, "5025475.223726": 4988216.4320970001 }, "geometry": { "type": "Point", "coordinates": [ 15404954.290344, 4988216.432097 ] } },
{ "type": "Feature", "properties": { "15380279.394525": 15405099.132546, "5025475.223726": 4987829.4145729998 }, "geometry": { "type": "Point", "coordinates": [ 15405099.132546, 4987829.414572999812663 ] } },
{ "type": "Feature", "properties": { "15380279.394525": 15405240.789418999, "5025475.223726": 4987439.8753730003 }, "geometry": { "type": "Point", "coordinates": [ 15405240.789419, 4987439.875373000279069 ] } },
{ "type": "Feature", "properties": { "15380279.394525": 15405380.051702, "5025475.223726": 4987050.4018660001 }, "geometry": { "type": "Point", "coordinates": [ 15405380.051702, 4987050.401866000145674 ] } },
{ "type": "Feature", "properties": { "15380279.394525": 15405517.545527, "5025475.223726": 4986660.9240920004 }, "geometry": { "type": "Point", "coordinates": [ 15405517.545527, 4986660.924092000350356 ] } },
{ "type": "Feature", "properties": { "15380279.394525": 15405653.897027999, "5025475.223726": 4986271.3720920002 }, "geometry": { "type": "Point", "coordinates": [ 15405653.897028, 4986271.372092000208795 ] } },
{ "type": "Feature", "properties": { "15380279.394525": 15405789.732339, "5025475.223726": 4985881.675907 }, "geometry": { "type": "Point", "coordinates": [ 15405789.732339, 4985881.675907 ] } },
{ "type": "Feature", "properties": { "15380279.394525": 15401865.869878, "5025475.223726": 4992981.4974950003 }, "geometry": { "type": "Point", "coordinates": [ 15401865.869878, 4992981.497495000250638 ] } },
{ "type": "Feature", "properties": { "15380279.394525": 15402211.568754001, "5025475.223726": 4993037.770401 }, "geometry": { "type": "Point", "coordinates": [ 15402211.568754, 4993037.770401 ] } },
{ "type": "Feature", "properties": { "15380279.394525": 15402557.073392, "5025475.223726": 4993095.6450760001 }, "geometry": { "type": "Point", "coordinates": [ 15402557.073392, 4993095.645076000131667 ] } },
{ "type": "Feature", "properties": { "15380279.394525": 15402902.378541, "5025475.223726": 4993156.7984379996 }, "geometry": { "type": "Point", "coordinates": [ 15402902.378541, 4993156.798437999561429 ] } },
{ "type": "Feature", "properties": { "15380279.394525": 15403247.478948001, "5025475.223726": 4993222.9074029997 }, "geometry": { "type": "Point", "coordinates": [ 15403247.478948, 4993222.907402999699116 ] } },
{ "type": "Feature", "properties": { "15380279.394525": 15403592.369361, "5025475.223726": 4993295.6488920003 }, "geometry": { "type": "Point", "coordinates": [ 15403592.369361, 4993295.648892000317574 ] } },
{ "type": "Feature", "properties": { "15380279.394525": 15403968.028298, "5025475.223726": 4993386.1828760002 }, "geometry": { "type": "Point", "coordinates": [ 15403968.028298, 4993386.18287600018084 ] } },
{ "type": "Feature", "properties": { "15380279.394525": 15404336.406351, "5025475.223726": 4993497.6369369999 }, "geometry": { "type": "Point", "coordinates": [ 15404336.406351, 4993497.636936999857426 ] } },
{ "type": "Feature", "properties": { "15380279.394525": 15404691.05085, "5025475.223726": 4993641.2154299999 }, "geometry": { "type": "Point", "coordinates": [ 15404691.05085, 4993641.215429999865592 ] } },
{ "type": "Feature", "properties": { "15380279.394525": 15405090.731983, "5025475.223726": 4993861.482295 }, "geometry": { "type": "Point", "coordinates": [ 15405090.731983, 4993861.482295 ] } },
{ "type": "Feature", "properties": { "15380279.394525": 15405475.823341999, "5025475.223726": 4994112.4425259996 }, "geometry": { "type": "Point", "coordinates": [ 15405475.823342, 4994112.442525999620557 ] } },
{ "type": "Feature", "properties": { "15380279.394525": 15405538.605141999, "5025475.223726": 4995651.7843749998 }, "geometry": { "type": "Point", "coordinates": [ 15405538.605142, 4995651.784374999813735 ] } },
{ "type": "Feature", "properties": { "15380279.394525": 15405153.367905, "5025475.223726": 4995638.3299590005 }, "geometry": { "type": "Point", "coordinates": [ 15405153.367905, 4995638.329959000460804 ] } },
{ "type": "Feature", "properties": { "15380279.394525": 15404768.520318, "5025475.223726": 4995620.8544129999 }, "geometry": { "type": "Point", "coordinates": [ 15404768.520318, 4995620.854413 ] } },
{ "type": "Feature", "properties": { "15380279.394525": 15404384.176622, "5025475.223726": 4995595.2824929999 }, "geometry": { "type": "Point", "coordinates": [ 15404384.176622, 4995595.282493 ] } },
{ "type": "Feature", "properties": { "15380279.394525": 15404000.451057, "5025475.223726": 4995557.5389550002 }, "geometry": { "type": "Point", "coordinates": [ 15404000.451057, 4995557.53895500022918 ] } },
{ "type": "Feature", "properties": { "15380279.394525": 15403637.086343, "5025475.223726": 4995505.9614110002 }, "geometry": { "type": "Point", "coordinates": [ 15403637.086343, 4995505.961411000229418 ] } },
{ "type": "Feature", "properties": { "15380279.394525": 15403278.460364001, "5025475.223726": 4995431.8783959998 }, "geometry": { "type": "Point", "coordinates": [ 15403278.460364, 4995431.878395999781787 ] } },
{ "type": "Feature", "properties": { "15380279.394525": 15402966.436946001, "5025475.223726": 4995342.8417640002 }, "geometry": { "type": "Point", "coordinates": [ 15402966.436946, 4995342.841764000244439 ] } },
{ "type": "Feature", "properties": { "15380279.394525": 15402659.590363, "5025475.223726": 4995235.8898780001 }, "geometry": { "type": "Point", "coordinates": [ 15402659.590363, 4995235.88987800013274 ] } },
{ "type": "Feature", "properties": { "15380279.394525": 15402356.117508, "5025475.223726": 4995116.9792609997 }, "geometry": { "type": "Point", "coordinates": [ 15402356.117508, 4995116.979260999709368 ] } },
{ "type": "Feature", "properties": { "15380279.394525": 15402054.215275999, "5025475.223726": 4994992.0664400002 }, "geometry": { "type": "Point", "coordinates": [ 15402054.215276, 4994992.066440000198781 ] } },
{ "type": "Feature", "properties": { "15380279.394525": 15404785.223549001, "5025475.223726": 5004290.947811 }, "geometry": { "type": "Point", "coordinates": [ 15404785.223549, 5004290.947811 ] } },
{ "type": "Feature", "properties": { "15380279.394525": 15404581.478784001, "5025475.223726": 5003947.4725500001 }, "geometry": { "type": "Point", "coordinates": [ 15404581.478784, 5003947.47255 ] } },
{ "type": "Feature", "properties": { "15380279.394525": 15404383.251451001, "5025475.223726": 5003602.808468 }, "geometry": { "type": "Point", "coordinates": [ 15404383.251451, 5003602.808468 ] } },
{ "type": "Feature", "properties": { "15380279.394525": 15404196.048605001, "5025475.223726": 5003255.625914 }, "geometry": { "type": "Point", "coordinates": [ 15404196.048605, 5003255.625914 ] } },
{ "type": "Feature", "properties": { "15380279.394525": 15404025.377296999, "5025475.223726": 5002904.5952369999 }, "geometry": { "type": "Point", "coordinates": [ 15404025.377297, 5002904.595237 ] } },
{ "type": "Feature", "properties": { "15380279.394525": 15403876.744581001, "5025475.223726": 5002548.3867849996 }, "geometry": { "type": "Point", "coordinates": [ 15403876.744581, 5002548.386784999631345 ] } },
{ "type": "Feature", "properties": { "15380279.394525": 15403755.657508999, "5025475.223726": 5002185.6709080003 }, "geometry": { "type": "Point", "coordinates": [ 15403755.657509, 5002185.670908000320196 ] } },
{ "type": "Feature", "properties": { "15380279.394525": 15403667.623134, "5025475.223726": 5001815.1179539999 }, "geometry": { "type": "Point", "coordinates": [ 15403667.623134, 5001815.117953999899328 ] } },
{ "type": "Feature", "properties": { "15380279.394525": 15403618.148508999, "5025475.223726": 5001435.3982739998 }, "geometry": { "type": "Point", "coordinates": [ 15403618.148509, 5001435.398273999802768 ] } },
{ "type": "Feature", "properties": { "15380279.394525": 15403618.111686001, "5025475.223726": 5001434.8983439999 }, "geometry": { "type": "Point", "coordinates": [ 15403618.111686, 5001434.898343999870121 ] } },
{ "type": "Feature", "properties": { "15380279.394525": 15403629.413574999, "5025475.223726": 5001588.3357809996 }, "geometry": { "type": "Point", "coordinates": [ 15403629.413575, 5001588.335780999623239 ] } },
{ "type": "Feature", "properties": { "15380279.394525": 15403603.80061, "5025475.223726": 5001240.6073890002 }, "geometry": { "type": "Point", "coordinates": [ 15403603.80061, 5001240.607389000244439 ] } },
{ "type": "Feature", "properties": { "15380279.394525": 15403578.500077, "5025475.223726": 5000890.192489 }, "geometry": { "type": "Point", "coordinates": [ 15403578.500077, 5000890.192489 ] } },
{ "type": "Feature", "properties": { "15380279.394525": 15403553.699790999, "5025475.223726": 5000535.6564149996 }, "geometry": { "type": "Point", "coordinates": [ 15403553.699791, 5000535.656414999626577 ] } },
{ "type": "Feature", "properties": { "15380279.394525": 15403529.587561, "5025475.223726": 5000175.5645009996 }, "geometry": { "type": "Point", "coordinates": [ 15403529.587561, 5000175.564500999636948 ] } },
{ "type": "Feature", "properties": { "15380279.394525": 15403512.068279, "5025475.223726": 4999828.9590290003 }, "geometry": { "type": "Point", "coordinates": [ 15403512.068279, 4999828.959029000252485 ] } },
{ "type": "Feature", "properties": { "15380279.394525": 15403523.542737, "5025475.223726": 4999489.5171220005 }, "geometry": { "type": "Point", "coordinates": [ 15403523.542737, 4999489.517122000455856 ] } },
{ "type": "Feature", "properties": { "15380279.394525": 15403592.369361, "5025475.223726": 4999170.2800289998 }, "geometry": { "type": "Point", "coordinates": [ 15403592.369361, 4999170.280028999783099 ] } },
{ "type": "Feature", "properties": { "15380279.394525": 15403791.937642001, "5025475.223726": 4998803.3564020004 }, "geometry": { "type": "Point", "coordinates": [ 15403791.937642, 4998803.356402000412345 ] } },
{ "type": "Feature", "properties": { "15380279.394525": 15404081.209649, "5025475.223726": 4998474.2535669999 }, "geometry": { "type": "Point", "coordinates": [ 15404081.209649, 4998474.253567 ] } },
{ "type": "Feature", "properties": { "15380279.394525": 15404408.532753, "5025475.223726": 4998164.9955559997 }, "geometry": { "type": "Point", "coordinates": [ 15404408.532753, 4998164.995555999688804 ] } },
{ "type": "Feature", "properties": { "15380279.394525": 15404768.905154999, "5025475.223726": 4997824.749148 }, "geometry": { "type": "Point", "coordinates": [ 15404768.905155, 4997824.749148 ] } },
{ "type": "Feature", "properties": { "15380279.394525": 15405116.326811001, "5025475.223726": 4997486.7636329997 }, "geometry": { "type": "Point", "coordinates": [ 15405116.326811, 4997486.76363299973309 ] } },
{ "type": "Feature", "properties": { "15380279.394525": 15405455.151334001, "5025475.223726": 4997150.181326 }, "geometry": { "type": "Point", "coordinates": [ 15405455.151334, 4997150.181326 ] } },
{ "type": "Feature", "properties": { "15380279.394525": 15405789.732339, "5025475.223726": 4996814.1445460003 }, "geometry": { "type": "Point", "coordinates": [ 15405789.732339, 4996814.144546000286937 ] } },
{ "type": "Feature", "properties": { "15380279.394525": 15388807.255607, "5025475.223726": 5003536.9844559999 }, "geometry": { "type": "Point", "coordinates": [ 15388807.255607, 5003536.984456 ] } },
{ "type": "Feature", "properties": { "15380279.394525": 15389177.317737, "5025475.223726": 5003446.3853350002 }, "geometry": { "type": "Point", "coordinates": [ 15389177.317737, 5003446.385335000231862 ] } },
{ "type": "Feature", "properties": { "15380279.394525": 15389547.518166, "5025475.223726": 5003361.4269059999 }, "geometry": { "type": "Point", "coordinates": [ 15389547.518166, 5003361.42690599989146 ] } },
{ "type": "Feature", "properties": { "15380279.394525": 15389918.172226001, "5025475.223726": 5003287.7800580002 }, "geometry": { "type": "Point", "coordinates": [ 15389918.172226, 5003287.78005800023675 ] } },
{ "type": "Feature", "properties": { "15380279.394525": 15390289.595245, "5025475.223726": 5003231.1156839998 }, "geometry": { "type": "Point", "coordinates": [ 15390289.595245, 5003231.115683999843895 ] } },
{ "type": "Feature", "properties": { "15380279.394525": 15390662.102554999, "5025475.223726": 5003197.1046740003 }, "geometry": { "type": "Point", "coordinates": [ 15390662.102555, 5003197.104674000293016 ] } },
{ "type": "Feature", "properties": { "15380279.394525": 15391036.009485001, "5025475.223726": 5003191.4179189997 }, "geometry": { "type": "Point", "coordinates": [ 15391036.009485, 5003191.417918999679387 ] } },
{ "type": "Feature", "properties": { "15380279.394525": 15391394.527532, "5025475.223726": 5003216.3915299997 }, "geometry": { "type": "Point", "coordinates": [ 15391394.527532, 5003216.391529999673367 ] } },
{ "type": "Feature", "properties": { "15380279.394525": 15391751.246881001, "5025475.223726": 5003269.6600949997 }, "geometry": { "type": "Point", "coordinates": [ 15391751.246881, 5003269.660094999708235 ] } },
{ "type": "Feature", "properties": { "15380279.394525": 15392103.300075, "5025475.223726": 5003348.4936180003 }, "geometry": { "type": "Point", "coordinates": [ 15392103.300075, 5003348.493618000298738 ] } },
{ "type": "Feature", "properties": { "15380279.394525": 15392489.704338999, "5025475.223726": 5003463.6864290005 }, "geometry": { "type": "Point", "coordinates": [ 15392489.704339, 5003463.686429000459611 ] } },
{ "type": "Feature", "properties": { "15380279.394525": 15392867.779564001, "5025475.223726": 5003602.4123099996 }, "geometry": { "type": "Point", "coordinates": [ 15392867.779564, 5003602.412309999577701 ] } },
{ "type": "Feature", "properties": { "15380279.394525": 15393239.288945001, "5025475.223726": 5003759.586325 }, "geometry": { "type": "Point", "coordinates": [ 15393239.288945, 5003759.586325 ] } },
{ "type": "Feature", "properties": { "15380279.394525": 15393605.995673999, "5025475.223726": 5003930.1235370003 }, "geometry": { "type": "Point", "coordinates": [ 15393605.995674, 5003930.123537000268698 ] } },
{ "type": "Feature", "properties": { "15380279.394525": 15393969.662945, "5025475.223726": 5004108.9390110001 }, "geometry": { "type": "Point", "coordinates": [ 15393969.662945, 5004108.939011 ] } },
{ "type": "Feature", "properties": { "15380279.394525": 15394332.053951999, "5025475.223726": 5004290.947811 }, "geometry": { "type": "Point", "coordinates": [ 15394332.053952, 5004290.947811 ] } },
{ "type": "Feature", "properties": { "15380279.394525": 15394695.474306, "5025475.223726": 5004472.4103220003 }, "geometry": { "type": "Point", "coordinates": [ 15394695.474306, 5004472.410322000272572 ] } },
{ "type": "Feature", "properties": { "15380279.394525": 15395059.072066, "5025475.223726": 5004652.1157630002 }, "geometry": { "type": "Point", "coordinates": [ 15395059.072066, 5004652.11576300021261 ] } },
{ "type": "Feature", "properties": { "15380279.394525": 15395422.840213001, "5025475.223726": 5004830.261558 }, "geometry": { "type": "Point", "coordinates": [ 15395422.840213, 5004830.261558 ] } },
{ "type": "Feature", "properties": { "15380279.394525": 15395786.771725999, "5025475.223726": 5005007.0451300004 }, "geometry": { "type": "Point", "coordinates": [ 15395786.771726, 5005007.045130000449717 ] } },
{ "type": "Feature", "properties": { "15380279.394525": 15396150.859583, "5025475.223726": 5005182.6639040001 }, "geometry": { "type": "Point", "coordinates": [ 15396150.859583, 5005182.663904 ] } },
{ "type": "Feature", "properties": { "15380279.394525": 15396515.096765, "5025475.223726": 5005357.3153029997 }, "geometry": { "type": "Point", "coordinates": [ 15396515.096765, 5005357.315302999690175 ] } },
{ "type": "Feature", "properties": { "15380279.394525": 15396879.47625, "5025475.223726": 5005531.1967529999 }, "geometry": { "type": "Point", "coordinates": [ 15396879.47625, 5005531.196753 ] } },
{ "type": "Feature", "properties": { "15380279.394525": 15397243.991017001, "5025475.223726": 5005704.5056750001 }, "geometry": { "type": "Point", "coordinates": [ 15397243.991017, 5005704.505675000138581 ] } },
{ "type": "Feature", "properties": { "15380279.394525": 15397608.634045999, "5025475.223726": 5005877.4394960003 }, "geometry": { "type": "Point", "coordinates": [ 15397608.634046, 5005877.439496000297368 ] } },
{ "type": "Feature", "properties": { "15380279.394525": 15397973.398316, "5025475.223726": 5006050.1956369998 }, "geometry": { "type": "Point", "coordinates": [ 15397973.398316, 5006050.195636999793351 ] } },
{ "type": "Feature", "properties": { "15380279.394525": 15390879.054987, "5025475.223726": 5004510.8537889998 }, "geometry": { "type": "Point", "coordinates": [ 15390879.054987, 5004510.853788999840617 ] } },
{ "type": "Feature", "properties": { "15380279.394525": 15391211.231404999, "5025475.223726": 5004591.2353849998 }, "geometry": { "type": "Point", "coordinates": [ 15391211.231405, 5004591.235384999774396 ] } },
{ "type": "Feature", "properties": { "15380279.394525": 15391541.889882, "5025475.223726": 5004675.0427620001 }, "geometry": { "type": "Point", "coordinates": [ 15391541.889882, 5004675.042762000113726 ] } },
{ "type": "Feature", "properties": { "15380279.394525": 15391869.692828, "5025475.223726": 5004765.7820509998 }, "geometry": { "type": "Point", "coordinates": [ 15391869.692828, 5004765.782050999812782 ] } },
{ "type": "Feature", "properties": { "15380279.394525": 15392193.302654, "5025475.223726": 5004866.9593820004 }, "geometry": { "type": "Point", "coordinates": [ 15392193.302654, 5004866.959382000379264 ] } },
{ "type": "Feature", "properties": { "15380279.394525": 15392511.38177, "5025475.223726": 5004982.0808849996 }, "geometry": { "type": "Point", "coordinates": [ 15392511.38177, 5004982.080884999595582 ] } },
{ "type": "Feature", "properties": { "15380279.394525": 15392894.758338001, "5025475.223726": 5005146.6196529996 }, "geometry": { "type": "Point", "coordinates": [ 15392894.758338, 5005146.619652999565005 ] } },
{ "type": "Feature", "properties": { "15380279.394525": 15393268.955705, "5025475.223726": 5005333.0243250001 }, "geometry": { "type": "Point", "coordinates": [ 15393268.955705, 5005333.02432500012219 ] } },
{ "type": "Feature", "properties": { "15380279.394525": 15393635.713448999, "5025475.223726": 5005536.7933649998 }, "geometry": { "type": "Point", "coordinates": [ 15393635.713449, 5005536.793364999815822 ] } },
{ "type": "Feature", "properties": { "15380279.394525": 15393996.771152001, "5025475.223726": 5005753.4252380002 }, "geometry": { "type": "Point", "coordinates": [ 15393996.771152, 5005753.425238000229001 ] } },
{ "type": "Feature", "properties": { "15380279.394525": 15394353.868392, "5025475.223726": 5005978.4184069997 }, "geometry": { "type": "Point", "coordinates": [ 15394353.868392, 5005978.418406999669969 ] } },
{ "type": "Feature", "properties": { "15380279.394525": 15394708.744749, "5025475.223726": 5006207.2713360004 }, "geometry": { "type": "Point", "coordinates": [ 15394708.744749, 5006207.271336000412703 ] } },
{ "type": "Feature", "properties": { "15380279.394525": 15395063.479250001, "5025475.223726": 5006436.6770280004 }, "geometry": { "type": "Point", "coordinates": [ 15395063.47925, 5006436.677028000354767 ] } },
{ "type": "Feature", "properties": { "15380279.394525": 15395417.523244999, "5025475.223726": 5006665.3994960003 }, "geometry": { "type": "Point", "coordinates": [ 15395417.523245, 5006665.399496000260115 ] } },
{ "type": "Feature", "properties": { "15380279.394525": 15395770.995288, "5025475.223726": 5006893.545221 }, "geometry": { "type": "Point", "coordinates": [ 15395770.995288, 5006893.545221 ] } },
{ "type": "Feature", "properties": { "15380279.394525": 15396124.013937, "5025475.223726": 5007121.2206800003 }, "geometry": { "type": "Point", "coordinates": [ 15396124.013937, 5007121.220680000260472 ] } },
{ "type": "Feature", "properties": { "15380279.394525": 15396476.697748, "5025475.223726": 5007348.5323529998 }, "geometry": { "type": "Point", "coordinates": [ 15396476.697748, 5007348.532352999784052 ] } },
{ "type": "Feature", "properties": { "15380279.394525": 15396829.165278001, "5025475.223726": 5007575.5867189998 }, "geometry": { "type": "Point", "coordinates": [ 15396829.165278, 5007575.586718999780715 ] } },
{ "type": "Feature", "properties": { "15380279.394525": 15397181.535084, "5025475.223726": 5007802.4902560003 }, "geometry": { "type": "Point", "coordinates": [ 15397181.535084, 5007802.490256000310183 ] } },
{ "type": "Feature", "properties": { "15380279.394525": 15397533.925721001, "5025475.223726": 5008029.3494429998 }, "geometry": { "type": "Point", "coordinates": [ 15397533.925721, 5008029.34944299980998 ] } },
{ "type": "Feature", "properties": { "15380279.394525": 15397596.707520001, "5025475.223726": 5011799.1662149997 }, "geometry": { "type": "Point", "coordinates": [ 15397596.70752, 5011799.166214999742806 ] } },
{ "type": "Feature", "properties": { "15380279.394525": 15397503.959913, "5025475.223726": 5011423.0716159996 }, "geometry": { "type": "Point", "coordinates": [ 15397503.959913, 5011423.071615999564528 ] } },
{ "type": "Feature", "properties": { "15380279.394525": 15397412.448376, "5025475.223726": 5011046.8662879998 }, "geometry": { "type": "Point", "coordinates": [ 15397412.448376, 5011046.866287999786437 ] } },
{ "type": "Feature", "properties": { "15380279.394525": 15397323.363384999, "5025475.223726": 5010670.2174199997 }, "geometry": { "type": "Point", "coordinates": [ 15397323.363385, 5010670.217419999651611 ] } },
{ "type": "Feature", "properties": { "15380279.394525": 15397237.895409999, "5025475.223726": 5010292.7922029998 }, "geometry": { "type": "Point", "coordinates": [ 15397237.89541, 5010292.792202999815345 ] } },
{ "type": "Feature", "properties": { "15380279.394525": 15397157.234925, "5025475.223726": 5009914.2578290002 }, "geometry": { "type": "Point", "coordinates": [ 15397157.234925, 5009914.257829000242054 ] } },
{ "type": "Feature", "properties": { "15380279.394525": 15397079.157024, "5025475.223726": 5009518.2525249999 }, "geometry": { "type": "Point", "coordinates": [ 15397079.157024, 5009518.252525 ] } },
{ "type": "Feature", "properties": { "15380279.394525": 15397006.583144, "5025475.223726": 5009121.2702400004 }, "geometry": { "type": "Point", "coordinates": [ 15397006.583144, 5009121.270240000449121 ] } },
{ "type": "Feature", "properties": { "15380279.394525": 15396938.404554, "5025475.223726": 5008723.4677710002 }, "geometry": { "type": "Point", "coordinates": [ 15396938.404554, 5008723.467771000228822 ] } },
{ "type": "Feature", "properties": { "15380279.394525": 15396873.512525, "5025475.223726": 5008325.0019119997 }, "geometry": { "type": "Point", "coordinates": [ 15396873.512525, 5008325.00191199965775 ] } },
{ "type": "Feature", "properties": { "15380279.394525": 15396810.798326001, "5025475.223726": 5007926.0294589996 }, "geometry": { "type": "Point", "coordinates": [ 15396810.798326, 5007926.029458999633789 ] } },
{ "type": "Feature", "properties": { "15380279.394525": 15396749.153229, "5025475.223726": 5007526.7072059996 }, "geometry": { "type": "Point", "coordinates": [ 15396749.153229, 5007526.707205999642611 ] } },
{ "type": "Feature", "properties": { "15380279.394525": 15391036.009485001, "5025475.223726": 5013181.432364 }, "geometry": { "type": "Point", "coordinates": [ 15391036.009485, 5013181.432364 ] } },
{ "type": "Feature", "properties": { "15380279.394525": 15391375.052046999, "5025475.223726": 5013173.3689479996 }, "geometry": { "type": "Point", "coordinates": [ 15391375.052047, 5013173.368947999551892 ] } },
{ "type": "Feature", "properties": { "15380279.394525": 15391713.295461001, "5025475.223726": 5013161.3467549998 }, "geometry": { "type": "Point", "coordinates": [ 15391713.295461, 5013161.346754999831319 ] } },
{ "type": "Feature", "properties": { "15380279.394525": 15392050.077199001, "5025475.223726": 5013141.3293519998 }, "geometry": { "type": "Point", "coordinates": [ 15392050.077199, 5013141.329351999796927 ] } },
{ "type": "Feature", "properties": { "15380279.394525": 15392384.734732, "5025475.223726": 5013109.2803029995 }, "geometry": { "type": "Point", "coordinates": [ 15392384.734732, 5013109.280302999541163 ] } },
{ "type": "Feature", "properties": { "15380279.394525": 15392716.605529999, "5025475.223726": 5013061.1631730003 }, "geometry": { "type": "Point", "coordinates": [ 15392716.60553, 5013061.163173000328243 ] } },
{ "type": "Feature", "properties": { "15380279.394525": 15393045.027065, "5025475.223726": 5012992.9415260004 }, "geometry": { "type": "Point", "coordinates": [ 15393045.027065, 5012992.941526000387967 ] } },
{ "type": "Feature", "properties": { "15380279.394525": 15393413.853664, "5025475.223726": 5012886.8473969996 }, "geometry": { "type": "Point", "coordinates": [ 15393413.853664, 5012886.847396999597549 ] } },
{ "type": "Feature", "properties": { "15380279.394525": 15393774.106995, "5025475.223726": 5012751.0470730001 }, "geometry": { "type": "Point", "coordinates": [ 15393774.106995, 5012751.047073000110686 ] } },
{ "type": "Feature", "properties": { "15380279.394525": 15394122.967982, "5025475.223726": 5012586.9720609998 }, "geometry": { "type": "Point", "coordinates": [ 15394122.967982, 5012586.972060999833047 ] } },
{ "type": "Feature", "properties": { "15380279.394525": 15394457.617551001, "5025475.223726": 5012396.0538699999 }, "geometry": { "type": "Point", "coordinates": [ 15394457.617551, 5012396.05387 ] } },
{ "type": "Feature", "properties": { "15380279.394525": 15394825.53819, "5025475.223726": 5012143.1574370004 }, "geometry": { "type": "Point", "coordinates": [ 15394825.53819, 5012143.15743700042367 ] } },
{ "type": "Feature", "properties": { "15380279.394525": 15395171.845918, "5025475.223726": 5011861.6030909996 }, "geometry": { "type": "Point", "coordinates": [ 15395171.845918, 5011861.603090999647975 ] } },
{ "type": "Feature", "properties": { "15380279.394525": 15395498.491635, "5025475.223726": 5011556.6840930004 }, "geometry": { "type": "Point", "coordinates": [ 15395498.491635, 5011556.684093000367284 ] } },
{ "type": "Feature", "properties": { "15380279.394525": 15395807.426238, "5025475.223726": 5011233.6936990004 }, "geometry": { "type": "Point", "coordinates": [ 15395807.426238, 5011233.693699000403285 ] } },
{ "type": "Feature", "properties": { "15380279.394525": 15396081.693421001, "5025475.223726": 5010920.1424049996 }, "geometry": { "type": "Point", "coordinates": [ 15396081.693421, 5010920.14240499958396 ] } },
{ "type": "Feature", "properties": { "15380279.394525": 15396344.652193001, "5025475.223726": 5010597.8527520001 }, "geometry": { "type": "Point", "coordinates": [ 15396344.652193, 5010597.852752 ] } },
{ "type": "Feature", "properties": { "15380279.394525": 15396599.180062, "5025475.223726": 5010268.9800180001 }, "geometry": { "type": "Point", "coordinates": [ 15396599.180062, 5010268.980018000118434 ] } },
{ "type": "Feature", "properties": { "15380279.394525": 15396848.154537, "5025475.223726": 5009935.6794840004 }, "geometry": { "type": "Point", "coordinates": [ 15396848.154537, 5009935.679484000429511 ] } },
{ "type": "Feature", "properties": { "15380279.394525": 15397094.453125, "5025475.223726": 5009600.1064309999 }, "geometry": { "type": "Point", "coordinates": [ 15397094.453125, 5009600.106431 ] } },
{ "type": "Feature", "properties": { "15380279.394525": 15391318.527581999, "5025475.223726": 5014186.7168370001 }, "geometry": { "type": "Point", "coordinates": [ 15391318.527582, 5014186.716837000101805 ] } },
{ "type": "Feature", "properties": { "15380279.394525": 15391699.044655001, "5025475.223726": 5014158.5585470004 }, "geometry": { "type": "Point", "coordinates": [ 15391699.044655, 5014158.558547000400722 ] } },
{ "type": "Feature", "properties": { "15380279.394525": 15392079.47799, "5025475.223726": 5014131.2126160003 }, "geometry": { "type": "Point", "coordinates": [ 15392079.47799, 5014131.212616000324488 ] } },
{ "type": "Feature", "properties": { "15380279.394525": 15392459.883396, "5025475.223726": 5014105.4905549996 }, "geometry": { "type": "Point", "coordinates": [ 15392459.883396, 5014105.490554999560118 ] } },
{ "type": "Feature", "properties": { "15380279.394525": 15392840.316684, "5025475.223726": 5014082.2038719999 }, "geometry": { "type": "Point", "coordinates": [ 15392840.316684, 5014082.20387199986726 ] } },
{ "type": "Feature", "properties": { "15380279.394525": 15393220.833663, "5025475.223726": 5014062.1640790002 }, "geometry": { "type": "Point", "coordinates": [ 15393220.833663, 5014062.164079000242054 ] } },
{ "type": "Feature", "properties": { "15380279.394525": 15393601.490143999, "5025475.223726": 5014046.1826860001 }, "geometry": { "type": "Point", "coordinates": [ 15393601.490144, 5014046.182686000131071 ] } },
{ "type": "Feature", "properties": { "15380279.394525": 15393982.341937, "5025475.223726": 5014035.0712019997 }, "geometry": { "type": "Point", "coordinates": [ 15393982.341937, 5014035.071201999671757 ] } },
{ "type": "Feature", "properties": { "15380279.394525": 15394363.444852, "5025475.223726": 5014029.6411380004 }, "geometry": { "type": "Point", "coordinates": [ 15394363.444852, 5014029.641138000413775 ] } },
{ "type": "Feature", "properties": { "15380279.394525": 15394567.473706, "5025475.223726": 5014029.1758239996 }, "geometry": { "type": "Point", "coordinates": [ 15394567.473706, 5014029.17582399956882 ] } },
{ "type": "Feature", "properties": { "15380279.394525": 15394771.526548, "5025475.223726": 5014029.6411380004 }, "geometry": { "type": "Point", "coordinates": [ 15394771.526548, 5014029.641138000413775 ] } },
{ "type": "Feature", "properties": { "15380279.394525": 15391695.218379, "5025475.223726": 5015694.6435460001 }, "geometry": { "type": "Point", "coordinates": [ 15391695.218379, 5015694.643546000123024 ] } },
{ "type": "Feature", "properties": { "15380279.394525": 15392096.447433, "5025475.223726": 5015660.7907619998 }, "geometry": { "type": "Point", "coordinates": [ 15392096.447433, 5015660.7907619997859 ] } },
{ "type": "Feature", "properties": { "15380279.394525": 15392494.033748999, "5025475.223726": 5015615.3930139998 }, "geometry": { "type": "Point", "coordinates": [ 15392494.033749, 5015615.393013999797404 ] } },
{ "type": "Feature", "properties": { "15380279.394525": 15392884.598625001, "5025475.223726": 5015546.7902530003 }, "geometry": { "type": "Point", "coordinates": [ 15392884.598625, 5015546.790253000333905 ] } },
{ "type": "Feature", "properties": { "15380279.394525": 15393264.763363, "5025475.223726": 5015443.3224280002 }, "geometry": { "type": "Point", "coordinates": [ 15393264.763363, 5015443.322428000159562 ] } },
{ "type": "Feature", "properties": { "15380279.394525": 15393662.234221, "5025475.223726": 5015284.0766329998 }, "geometry": { "type": "Point", "coordinates": [ 15393662.234221, 5015284.076632999815047 ] } },
{ "type": "Feature", "properties": { "15380279.394525": 15394047.750236999, "5025475.223726": 5015089.315405 }, "geometry": { "type": "Point", "coordinates": [ 15394047.750237, 5015089.315405 ] } },
{ "type": "Feature", "properties": { "15380279.394525": 15394426.226652, "5025475.223726": 5014877.8499119999 }, "geometry": { "type": "Point", "coordinates": [ 15394426.226652, 5014877.849911999888718 ] } },
{ "type": "Feature", "properties": { "15380279.394525": 15394787.803172, "5025475.223726": 5014673.1242829999 }, "geometry": { "type": "Point", "coordinates": [ 15394787.803172, 5014673.124282999895513 ] } },
{ "type": "Feature", "properties": { "15380279.394525": 15395148.217343999, "5025475.223726": 5014469.4530950002 }, "geometry": { "type": "Point", "coordinates": [ 15395148.217344, 5014469.453095000237226 ] } },
{ "type": "Feature", "properties": { "15380279.394525": 15396686.371429, "5025475.223726": 5019213.1392000001 }, "geometry": { "type": "Point", "coordinates": [ 15396686.371429, 5019213.1392 ] } },
{ "type": "Feature", "properties": { "15380279.394525": 15396661.150339, "5025475.223726": 5018873.8860799996 }, "geometry": { "type": "Point", "coordinates": [ 15396661.150339, 5018873.886079999618232 ] } },
{ "type": "Feature", "properties": { "15380279.394525": 15396637.565086, "5025475.223726": 5018534.5412609996 }, "geometry": { "type": "Point", "coordinates": [ 15396637.565086, 5018534.541260999627411 ] } },
{ "type": "Feature", "properties": { "15380279.394525": 15396617.246485, "5025475.223726": 5018194.8502489999 }, "geometry": { "type": "Point", "coordinates": [ 15396617.246485, 5018194.850248999893665 ] } },
{ "type": "Feature", "properties": { "15380279.394525": 15396601.825348999, "5025475.223726": 5017854.5585500002 }, "geometry": { "type": "Point", "coordinates": [ 15396601.825349, 5017854.558550000190735 ] } },
{ "type": "Feature", "properties": { "15380279.394525": 15396592.932492999, "5025475.223726": 5017513.4116700003 }, "geometry": { "type": "Point", "coordinates": [ 15396592.932493, 5017513.411670000292361 ] } },
{ "type": "Feature", "properties": { "15380279.394525": 15396592.198729999, "5025475.223726": 5017171.155115 }, "geometry": { "type": "Point", "coordinates": [ 15396592.19873, 5017171.155115 ] } },
{ "type": "Feature", "properties": { "15380279.394525": 15396599.770083999, "5025475.223726": 5016822.9721029997 }, "geometry": { "type": "Point", "coordinates": [ 15396599.770084, 5016822.972102999687195 ] } },
{ "type": "Feature", "properties": { "15380279.394525": 15396608.922335001, "5025475.223726": 5016474.9239010001 }, "geometry": { "type": "Point", "coordinates": [ 15396608.922335, 5016474.923901 ] } },
{ "type": "Feature", "properties": { "15380279.394525": 15396611.14982, "5025475.223726": 5016128.1839359999 }, "geometry": { "type": "Point", "coordinates": [ 15396611.14982, 5016128.1839359998703 ] } },
{ "type": "Feature", "properties": { "15380279.394525": 15396597.946873, "5025475.223726": 5015783.9256349998 }, "geometry": { "type": "Point", "coordinates": [ 15396597.946873, 5015783.925634999759495 ] } },
{ "type": "Feature", "properties": { "15380279.394525": 15396560.80783, "5025475.223726": 5015443.3224280002 }, "geometry": { "type": "Point", "coordinates": [ 15396560.80783, 5015443.322428000159562 ] } },
{ "type": "Feature", "properties": { "15380279.394525": 15396496.202078, "5025475.223726": 5015109.340299 }, "geometry": { "type": "Point", "coordinates": [ 15396496.202078, 5015109.340299 ] } },
{ "type": "Feature", "properties": { "15380279.394525": 15396417.132037001, "5025475.223726": 5014775.843111 }, "geometry": { "type": "Point", "coordinates": [ 15396417.132037, 5014775.843111 ] } },
{ "type": "Feature", "properties": { "15380279.394525": 15396341.071533, "5025475.223726": 5014438.0379550001 }, "geometry": { "type": "Point", "coordinates": [ 15396341.071533, 5014438.037955 ] } },
{ "type": "Feature", "properties": { "15380279.394525": 15396292.917859999, "5025475.223726": 5014153.7714130003 }, "geometry": { "type": "Point", "coordinates": [ 15396292.91786, 5014153.771413000300527 ] } },
{ "type": "Feature", "properties": { "15380279.394525": 15396268.685511, "5025475.223726": 5013869.2216689996 }, "geometry": { "type": "Point", "coordinates": [ 15396268.685511, 5013869.221668999642134 ] } },
{ "type": "Feature", "properties": { "15380279.394525": 15396278.289733, "5025475.223726": 5013589.8291809997 }, "geometry": { "type": "Point", "coordinates": [ 15396278.289733, 5013589.829180999659002 ] } },
{ "type": "Feature", "properties": { "15380279.394525": 15396366.064812999, "5025475.223726": 5013197.2227499997 }, "geometry": { "type": "Point", "coordinates": [ 15396366.064813, 5013197.222749999724329 ] } },
{ "type": "Feature", "properties": { "15380279.394525": 15396529.259489, "5025475.223726": 5012823.4895219998 }, "geometry": { "type": "Point", "coordinates": [ 15396529.259489, 5012823.489521999843419 ] } },
{ "type": "Feature", "properties": { "15380279.394525": 15396749.017504999, "5025475.223726": 5012463.8516990002 }, "geometry": { "type": "Point", "coordinates": [ 15396749.017505, 5012463.851699000224471 ] } },
{ "type": "Feature", "properties": { "15380279.394525": 15397006.482602, "5025475.223726": 5012113.5314830001 }, "geometry": { "type": "Point", "coordinates": [ 15397006.482602, 5012113.531483000144362 ] } },
{ "type": "Feature", "properties": { "15380279.394525": 15397282.798523, "5025475.223726": 5011767.7510749996 }, "geometry": { "type": "Point", "coordinates": [ 15397282.798523, 5011767.751074999570847 ] } },
{ "type": "Feature", "properties": { "15380279.394525": 15396215.507934, "5025475.223726": 5011390.7693980001 }, "geometry": { "type": "Point", "coordinates": [ 15396215.507934, 5011390.769398 ] } },
{ "type": "Feature", "properties": { "15380279.394525": 15396545.882249, "5025475.223726": 5011454.7939929999 }, "geometry": { "type": "Point", "coordinates": [ 15396545.882249, 5011454.793993 ] } },
{ "type": "Feature", "properties": { "15380279.394525": 15396872.73263, "5025475.223726": 5011527.7135800002 }, "geometry": { "type": "Point", "coordinates": [ 15396872.73263, 5011527.713580000214279 ] } },
{ "type": "Feature", "properties": { "15380279.394525": 15397192.727383999, "5025475.223726": 5011618.5527100004 }, "geometry": { "type": "Point", "coordinates": [ 15397192.727384, 5011618.552710000425577 ] } },
{ "type": "Feature", "properties": { "15380279.394525": 15397502.534821, "5025475.223726": 5011736.3359350003 }, "geometry": { "type": "Point", "coordinates": [ 15397502.534821, 5011736.33593500033021 ] } },
{ "type": "Feature", "properties": { "15380279.394525": 15397873.12545, "5025475.223726": 5011932.1810630001 }, "geometry": { "type": "Point", "coordinates": [ 15397873.12545, 5011932.181063000112772 ] } },
{ "type": "Feature", "properties": { "15380279.394525": 15398218.537332, "5025475.223726": 5012176.0006569996 }, "geometry": { "type": "Point", "coordinates": [ 15398218.537332, 5012176.000656999647617 ] } },
{ "type": "Feature", "properties": { "15380279.394525": 15398535.552406, "5025475.223726": 5012459.1627930002 }, "geometry": { "type": "Point", "coordinates": [ 15398535.552406, 5012459.162793000228703 ] } },
{ "type": "Feature", "properties": { "15380279.394525": 15398820.952608, "5025475.223726": 5012773.0355470004 }, "geometry": { "type": "Point", "coordinates": [ 15398820.952608, 5012773.035547000356019 ] } },
{ "type": "Feature", "properties": { "15380279.394525": 15399088.659849999, "5025475.223726": 5013132.7171639996 }, "geometry": { "type": "Point", "coordinates": [ 15399088.65985, 5013132.717163999564946 ] } },
{ "type": "Feature", "properties": { "15380279.394525": 15399324.317655999, "5025475.223726": 5013512.2631219998 }, "geometry": { "type": "Point", "coordinates": [ 15399324.317656, 5013512.263121999800205 ] } },
{ "type": "Feature", "properties": { "15380279.394525": 15399535.98999, "5025475.223726": 5013906.7421380002 }, "geometry": { "type": "Point", "coordinates": [ 15399535.98999, 5013906.742138000205159 ] } },
{ "type": "Feature", "properties": { "15380279.394525": 15399731.740816001, "5025475.223726": 5014311.2229300002 }, "geometry": { "type": "Point", "coordinates": [ 15399731.740816, 5014311.222930000163615 ] } },
{ "type": "Feature", "properties": { "15380279.394525": 15399919.634097001, "5025475.223726": 5014720.7742130002 }, "geometry": { "type": "Point", "coordinates": [ 15399919.634097, 5014720.774213000200689 ] } },
{ "type": "Feature", "properties": { "15380279.394525": 15402399.515172999, "5025475.223726": 5022857.2954129996 }, "geometry": { "type": "Point", "coordinates": [ 15402399.515173, 5022857.29541299957782 ] } },
{ "type": "Feature", "properties": { "15380279.394525": 15402280.598973, "5025475.223726": 5022478.1137870001 }, "geometry": { "type": "Point", "coordinates": [ 15402280.598973, 5022478.113787 ] } },
{ "type": "Feature", "properties": { "15380279.394525": 15402162.597782999, "5025475.223726": 5022098.8449090002 }, "geometry": { "type": "Point", "coordinates": [ 15402162.597783, 5022098.844909000210464 ] } },
{ "type": "Feature", "properties": { "15380279.394525": 15402046.346675999, "5025475.223726": 5021719.2856989997 }, "geometry": { "type": "Point", "coordinates": [ 15402046.346676, 5021719.285698999650776 ] } },
{ "type": "Feature", "properties": { "15380279.394525": 15401932.680726999, "5025475.223726": 5021339.2330769999 }, "geometry": { "type": "Point", "coordinates": [ 15401932.680727, 5021339.233076999895275 ] } },
{ "type": "Feature", "properties": { "15380279.394525": 15401822.435008001, "5025475.223726": 5020958.4839620003 }, "geometry": { "type": "Point", "coordinates": [ 15401822.435008, 5020958.483962000347674 ] } },
{ "type": "Feature", "properties": { "15380279.394525": 15401716.444596, "5025475.223726": 5020576.8352730004 }, "geometry": { "type": "Point", "coordinates": [ 15401716.444596, 5020576.835273000411689 ] } },
{ "type": "Feature", "properties": { "15380279.394525": 15401615.544562001, "5025475.223726": 5020194.083931 }, "geometry": { "type": "Point", "coordinates": [ 15401615.544562, 5020194.083931 ] } },
{ "type": "Feature", "properties": { "15380279.394525": 15401520.569980999, "5025475.223726": 5019810.0268550003 }, "geometry": { "type": "Point", "coordinates": [ 15401520.569981, 5019810.026855000294745 ] } },
{ "type": "Feature", "properties": { "15380279.394525": 15401433.330651, "5025475.223726": 5019431.5134939998 }, "geometry": { "type": "Point", "coordinates": [ 15401433.330651, 5019431.513493999838829 ] } },
{ "type": "Feature", "properties": { "15380279.394525": 15401349.979746999, "5025475.223726": 5019052.24462 }, "geometry": { "type": "Point", "coordinates": [ 15401349.979747, 5019052.24462 ] } },
{ "type": "Feature", "properties": { "15380279.394525": 15401267.734239001, "5025475.223726": 5018672.7081340002 }, "geometry": { "type": "Point", "coordinates": [ 15401267.734239, 5018672.708134000189602 ] } },
{ "type": "Feature", "properties": { "15380279.394525": 15401183.811096, "5025475.223726": 5018293.3919350002 }, "geometry": { "type": "Point", "coordinates": [ 15401183.811096, 5018293.391935000196099 ] } },
{ "type": "Feature", "properties": { "15380279.394525": 15401095.427286999, "5025475.223726": 5017914.7839249996 }, "geometry": { "type": "Point", "coordinates": [ 15401095.427287, 5017914.783924999646842 ] } },
{ "type": "Feature", "properties": { "15380279.394525": 15400999.799782, "5025475.223726": 5017537.372002 }, "geometry": { "type": "Point", "coordinates": [ 15400999.799782, 5017537.372002 ] } },
{ "type": "Feature", "properties": { "15380279.394525": 15400894.145552, "5025475.223726": 5017161.6440669997 }, "geometry": { "type": "Point", "coordinates": [ 15400894.145552, 5017161.644066999666393 ] } },
{ "type": "Feature", "properties": { "15380279.394525": 15400775.681564, "5025475.223726": 5016788.0880199997 }, "geometry": { "type": "Point", "coordinates": [ 15400775.681564, 5016788.088019999675453 ] } },
{ "type": "Feature", "properties": { "15380279.394525": 15400641.62479, "5025475.223726": 5016417.1917599998 }, "geometry": { "type": "Point", "coordinates": [ 15400641.62479, 5016417.191759999841452 ] } },
{ "type": "Feature", "properties": { "15380279.394525": 15400505.233597999, "5025475.223726": 5016092.0045849998 }, "geometry": { "type": "Point", "coordinates": [ 15400505.233598, 5016092.004584999755025 ] } },
{ "type": "Feature", "properties": { "15380279.394525": 15400341.991378, "5025475.223726": 5015783.6587730004 }, "geometry": { "type": "Point", "coordinates": [ 15400341.991378, 5015783.658773000352085 ] } },
{ "type": "Feature", "properties": { "15380279.394525": 15400139.370394999, "5025475.223726": 5015506.1527070003 }, "geometry": { "type": "Point", "coordinates": [ 15400139.370395, 5015506.152707000263035 ] } },
{ "type": "Feature", "properties": { "15380279.394525": 15399857.509314001, "5025475.223726": 5015240.5691710003 }, "geometry": { "type": "Point", "coordinates": [ 15399857.509314, 5015240.569171000272036 ] } },
{ "type": "Feature", "properties": { "15380279.394525": 15399542.943301, "5025475.223726": 5015003.5104710003 }, "geometry": { "type": "Point", "coordinates": [ 15399542.943301, 5015003.510471000336111 ] } },
{ "type": "Feature", "properties": { "15380279.394525": 15401395.006383, "5025475.223726": 5015192.001309 }, "geometry": { "type": "Point", "coordinates": [ 15401395.006383, 5015192.001309 ] } },
{ "type": "Feature", "properties": { "15380279.394525": 15401399.202192999, "5025475.223726": 5015193.7891650004 }, "geometry": { "type": "Point", "coordinates": [ 15401399.202193, 5015193.78916500043124 ] } },
{ "type": "Feature", "properties": { "15380279.394525": 15401941.137754999, "5025475.223726": 5015413.8596480004 }, "geometry": { "type": "Point", "coordinates": [ 15401941.137755, 5015413.859648000448942 ] } },
{ "type": "Feature", "properties": { "15380279.394525": 15402489.232396999, "5025475.223726": 5015617.1287909998 }, "geometry": { "type": "Point", "coordinates": [ 15402489.232397, 5015617.128790999762714 ] } },
{ "type": "Feature", "properties": { "15380279.394525": 15403042.49715, "5025475.223726": 5015806.4128120001 }, "geometry": { "type": "Point", "coordinates": [ 15403042.49715, 5015806.412812000140548 ] } },
{ "type": "Feature", "properties": { "15380279.394525": 15403599.943048, "5025475.223726": 5015984.5279299999 }, "geometry": { "type": "Point", "coordinates": [ 15403599.943048, 5015984.527929999865592 ] } },
{ "type": "Feature", "properties": { "15380279.394525": 15404160.581124, "5025475.223726": 5016154.2903620005 }, "geometry": { "type": "Point", "coordinates": [ 15404160.581124, 5016154.290362000465393 ] } },
{ "type": "Feature", "properties": { "15380279.394525": 15404723.422412001, "5025475.223726": 5016318.516326 }, "geometry": { "type": "Point", "coordinates": [ 15404723.422412, 5016318.516326 ] } },
{ "type": "Feature", "properties": { "15380279.394525": 15405287.477944, "5025475.223726": 5016480.0220400002 }, "geometry": { "type": "Point", "coordinates": [ 15405287.477944, 5016480.02204000018537 ] } },
{ "type": "Feature", "properties": { "15380279.394525": 15402273.951574, "5025475.223726": 5015506.1527070003 }, "geometry": { "type": "Point", "coordinates": [ 15402273.951574, 5015506.152707000263035 ] } },
{ "type": "Feature", "properties": { "15380279.394525": 15402596.205951, "5025475.223726": 5015351.7190540005 }, "geometry": { "type": "Point", "coordinates": [ 15402596.205951, 5015351.719054000452161 ] } },
{ "type": "Feature", "properties": { "15380279.394525": 15402918.163489001, "5025475.223726": 5015196.2645359999 }, "geometry": { "type": "Point", "coordinates": [ 15402918.163489, 5015196.264535999856889 ] } },
{ "type": "Feature", "properties": { "15380279.394525": 15403239.77179, "5025475.223726": 5015038.6784039997 }, "geometry": { "type": "Point", "coordinates": [ 15403239.77179, 5015038.678403999656439 ] } },
{ "type": "Feature", "properties": { "15380279.394525": 15403560.978460999, "5025475.223726": 5014877.8499119999 }, "geometry": { "type": "Point", "coordinates": [ 15403560.978461, 5014877.849911999888718 ] } },
{ "type": "Feature", "properties": { "15380279.394525": 15403880.342016, "5025475.223726": 5014716.3103240002 }, "geometry": { "type": "Point", "coordinates": [ 15403880.342016, 5014716.310324000194669 ] } },
{ "type": "Feature", "properties": { "15380279.394525": 15404203.208781, "5025475.223726": 5014564.9488000004 }, "geometry": { "type": "Point", "coordinates": [ 15404203.208781, 5014564.948800000362098 ] } },
{ "type": "Feature", "properties": { "15380279.394525": 15404534.096352, "5025475.223726": 5014438.0379550001 }, "geometry": { "type": "Point", "coordinates": [ 15404534.096352, 5014438.037955 ] } },
{ "type": "Feature", "properties": { "15380279.394525": 15404902.939208999, "5025475.223726": 5014339.6413449999 }, "geometry": { "type": "Point", "coordinates": [ 15404902.939209, 5014339.6413449998945 ] } },
{ "type": "Feature", "properties": { "15380279.394525": 15405281.129727, "5025475.223726": 5014271.3839609995 }, "geometry": { "type": "Point", "coordinates": [ 15405281.129727, 5014271.383960999548435 ] } },
{ "type": "Feature", "properties": { "15380279.394525": 15405664.168740001, "5025475.223726": 5014218.1319770003 }, "geometry": { "type": "Point", "coordinates": [ 15405664.16874, 5014218.131977000273764 ] } },
{ "type": "Feature", "properties": { "15380279.394525": 15395650.471739, "5025475.223726": 5006835.5741320001 }, "geometry": { "type": "Point", "coordinates": [ 15395650.471739, 5006835.574132 ] } },
{ "type": "Feature", "properties": { "15380279.394525": 15395713.253539, "5025475.223726": 5005013.4960249998 }, "geometry": { "type": "Point", "coordinates": [ 15395713.253539, 5005013.496024999767542 ] } },
{ "type": "Feature", "properties": { "15380279.394525": 15399333.670636, "5025475.223726": 5004081.513545 }, "geometry": { "type": "Point", "coordinates": [ 15399333.670636, 5004081.513545 ] } },
{ "type": "Feature", "properties": { "15380279.394525": 15399080.947464, "5025475.223726": 5004105.5299890004 }, "geometry": { "type": "Point", "coordinates": [ 15399080.947464, 5004105.529989000409842 ] } },
{ "type": "Feature", "properties": { "15380279.394525": 15398830.783171, "5025475.223726": 5004121.4667790001 }, "geometry": { "type": "Point", "coordinates": [ 15398830.783171, 5004121.466779000125825 ] } },
{ "type": "Feature", "properties": { "15380279.394525": 15398585.602318, "5025475.223726": 5004121.2066620002 }, "geometry": { "type": "Point", "coordinates": [ 15398585.602318, 5004121.206662000156939 ] } },
{ "type": "Feature", "properties": { "15380279.394525": 15398347.829468001, "5025475.223726": 5004096.6323840003 }, "geometry": { "type": "Point", "coordinates": [ 15398347.829468, 5004096.632384000346065 ] } },
{ "type": "Feature", "properties": { "15380279.394525": 15398119.889181999, "5025475.223726": 5004039.6266919998 }, "geometry": { "type": "Point", "coordinates": [ 15398119.889182, 5004039.626691999845207 ] } },
{ "type": "Feature", "properties": { "15380279.394525": 15397865.516364001, "5025475.223726": 5003925.4868909996 }, "geometry": { "type": "Point", "coordinates": [ 15397865.516364, 5003925.486890999600291 ] } },
{ "type": "Feature", "properties": { "15380279.394525": 15397621.499113001, "5025475.223726": 5003775.873292 }, "geometry": { "type": "Point", "coordinates": [ 15397621.499113, 5003775.873292 ] } },
{ "type": "Feature", "properties": { "15380279.394525": 15397380.781515, "5025475.223726": 5003611.532408 }, "geometry": { "type": "Point", "coordinates": [ 15397380.781515, 5003611.532408 ] } },
{ "type": "Feature", "properties": { "15380279.394525": 15397136.307658, "5025475.223726": 5003453.2107499996 }, "geometry": { "type": "Point", "coordinates": [ 15397136.307658, 5003453.21074999962002 ] } },
{ "type": "Feature", "properties": { "15380279.394525": 15396907.771299999, "5025475.223726": 5003329.4621329997 }, "geometry": { "type": "Point", "coordinates": [ 15396907.7713, 5003329.462132999673486 ] } },
{ "type": "Feature", "properties": { "15380279.394525": 15396672.280689999, "5025475.223726": 5003223.281734 }, "geometry": { "type": "Point", "coordinates": [ 15396672.28069, 5003223.281734 ] } },
{ "type": "Feature", "properties": { "15380279.394525": 15396431.413355, "5025475.223726": 5003130.3443489997 }, "geometry": { "type": "Point", "coordinates": [ 15396431.413355, 5003130.344348999671638 ] } },
{ "type": "Feature", "properties": { "15380279.394525": 15396186.746823, "5025475.223726": 5003046.3247729996 }, "geometry": { "type": "Point", "coordinates": [ 15396186.746823, 5003046.324772999621928 ] } },
{ "type": "Feature", "properties": { "15380279.394525": 15395939.858619001, "5025475.223726": 5002966.8978030002 }, "geometry": { "type": "Point", "coordinates": [ 15395939.858619, 5002966.897803000174463 ] } },
{ "type": "Feature", "properties": { "15380279.394525": 15395692.326272, "5025475.223726": 5002887.7382340003 }, "geometry": { "type": "Point", "coordinates": [ 15395692.326272, 5002887.738234000280499 ] } },
{ "type": "Feature", "properties": { "15380279.394525": 15395462.984746, "5025475.223726": 5002812.133316 }, "geometry": { "type": "Point", "coordinates": [ 15395462.984746, 5002812.133316 ] } },
{ "type": "Feature", "properties": { "15380279.394525": 15395233.729746999, "5025475.223726": 5002738.1732219998 }, "geometry": { "type": "Point", "coordinates": [ 15395233.729747, 5002738.173221999779344 ] } },
{ "type": "Feature", "properties": { "15380279.394525": 15395003.573081, "5025475.223726": 5002670.9294980001 }, "geometry": { "type": "Point", "coordinates": [ 15395003.573081, 5002670.929498 ] } },
{ "type": "Feature", "properties": { "15380279.394525": 15394771.526548, "5025475.223726": 5002615.4736900004 }, "geometry": { "type": "Point", "coordinates": [ 15394771.526548, 5002615.473690000362694 ] } },
{ "type": "Feature", "properties": { "15380279.394525": 15394520.126249, "5025475.223726": 5002573.4388389997 }, "geometry": { "type": "Point", "coordinates": [ 15394520.126249, 5002573.438838999718428 ] } },
{ "type": "Feature", "properties": { "15380279.394525": 15394266.131576, "5025475.223726": 5002548.0536369998 }, "geometry": { "type": "Point", "coordinates": [ 15394266.131576, 5002548.053636999800801 ] } },
{ "type": "Feature", "properties": { "15380279.394525": 15394009.95793, "5025475.223726": 5002536.5384980002 }, "geometry": { "type": "Point", "coordinates": [ 15394009.95793, 5002536.538498000241816 ] } },
{ "type": "Feature", "properties": { "15380279.394525": 15393752.020710999, "5025475.223726": 5002536.1138340002 }, "geometry": { "type": "Point", "coordinates": [ 15393752.020711, 5002536.113834000192583 ] } },
{ "type": "Feature", "properties": { "15380279.394525": 15393492.735322, "5025475.223726": 5002544.0000600005 }, "geometry": { "type": "Point", "coordinates": [ 15393492.735322, 5002544.00006000045687 ] } },
{ "type": "Feature", "properties": { "15380279.394525": 15393232.517162001, "5025475.223726": 5002557.4175890004 }, "geometry": { "type": "Point", "coordinates": [ 15393232.517162, 5002557.417589000426233 ] } },
{ "type": "Feature", "properties": { "15380279.394525": 15392971.781633001, "5025475.223726": 5002573.5868370002 }, "geometry": { "type": "Point", "coordinates": [ 15392971.781633, 5002573.586837000213563 ] } },
{ "type": "Feature", "properties": { "15380279.394525": 15394352.981218999, "5025475.223726": 5004290.947811 }, "geometry": { "type": "Point", "coordinates": [ 15394352.981219, 5004290.947811 ] } },
{ "type": "Feature", "properties": { "15380279.394525": 15394206.490354, "5025475.223726": 5002594.5302630002 }, "geometry": { "type": "Point", "coordinates": [ 15394206.490354, 5002594.530263000167906 ] } },
{ "type": "Feature", "properties": { "15380279.394525": 15395524.908141, "5025475.223726": 5004898.3071790002 }, "geometry": { "type": "Point", "coordinates": [ 15395524.908141, 5004898.307179000228643 ] } },
{ "type": "Feature", "properties": { "15380279.394525": 15395483.053608, "5025475.223726": 5002866.7948080003 }, "geometry": { "type": "Point", "coordinates": [ 15395483.053608, 5002866.794808000326157 ] } },
{ "type": "Feature", "properties": { "15380279.394525": 15397471.143921001, "5025475.223726": 5005798.8745189998 }, "geometry": { "type": "Point", "coordinates": [ 15397471.143921, 5005798.874518999829888 ] } },
{ "type": "Feature", "properties": { "15380279.394525": 15397533.925721001, "5025475.223726": 5003746.4187209997 }, "geometry": { "type": "Point", "coordinates": [ 15397533.925721, 5003746.418720999732614 ] } },
{ "type": "Feature", "properties": { "15380279.394525": 15397826.907451, "5025475.223726": 5003872.0792800002 }, "geometry": { "type": "Point", "coordinates": [ 15397826.907451, 5003872.079280000180006 ] } },
{ "type": "Feature", "properties": { "15380279.394525": 15398000.402643999, "5025475.223726": 5003659.7068290003 }, "geometry": { "type": "Point", "coordinates": [ 15398000.402644, 5003659.706829000264406 ] } },
{ "type": "Feature", "properties": { "15380279.394525": 15398179.755057, "5025475.223726": 5003454.8178629996 }, "geometry": { "type": "Point", "coordinates": [ 15398179.755057, 5003454.817862999625504 ] } },
{ "type": "Feature", "properties": { "15380279.394525": 15398371.016379001, "5025475.223726": 5003264.719912 }, "geometry": { "type": "Point", "coordinates": [ 15398371.016379, 5003264.719912 ] } },
{ "type": "Feature", "properties": { "15380279.394525": 15398597.179884, "5025475.223726": 5003081.4354219995 }, "geometry": { "type": "Point", "coordinates": [ 15398597.179884, 5003081.435421999543905 ] } },
{ "type": "Feature", "properties": { "15380279.394525": 15398840.726515001, "5025475.223726": 5002920.0971630001 }, "geometry": { "type": "Point", "coordinates": [ 15398840.726515, 5002920.097163000144064 ] } },
{ "type": "Feature", "properties": { "15380279.394525": 15399098.200763, "5025475.223726": 5002776.2967849998 }, "geometry": { "type": "Point", "coordinates": [ 15399098.200763, 5002776.296784999780357 ] } },
{ "type": "Feature", "properties": { "15380279.394525": 15399366.147116, "5025475.223726": 5002645.6259359997 }, "geometry": { "type": "Point", "coordinates": [ 15399366.147116, 5002645.625935999676585 ] } },
{ "type": "Feature", "properties": { "15380279.394525": 15399641.110065, "5025475.223726": 5002523.6762669999 }, "geometry": { "type": "Point", "coordinates": [ 15399641.110065, 5002523.676267 ] } },
{ "type": "Feature", "properties": { "15380279.394525": 15399919.634097001, "5025475.223726": 5002406.0394249996 }, "geometry": { "type": "Point", "coordinates": [ 15399919.634097, 5002406.03942499961704 ] } },
{ "type": "Feature", "properties": { "15380279.394525": 15397952.47105, "5025475.223726": 5007558.1223459998 }, "geometry": { "type": "Point", "coordinates": [ 15397952.47105, 5007558.12234599981457 ] } },
{ "type": "Feature", "properties": { "15380279.394525": 15397765.187107, "5025475.223726": 5007310.472422 }, "geometry": { "type": "Point", "coordinates": [ 15397765.187107, 5007310.472422 ] } },
{ "type": "Feature", "properties": { "15380279.394525": 15397582.379930001, "5025475.223726": 5007060.1324920002 }, "geometry": { "type": "Point", "coordinates": [ 15397582.37993, 5007060.132492000237107 ] } },
{ "type": "Feature", "properties": { "15380279.394525": 15397408.362121999, "5025475.223726": 5006804.1589919999 }, "geometry": { "type": "Point", "coordinates": [ 15397408.362122, 5006804.158992 ] } },
{ "type": "Feature", "properties": { "15380279.394525": 15397256.224044001, "5025475.223726": 5006557.3643859997 }, "geometry": { "type": "Point", "coordinates": [ 15397256.224044, 5006557.36438599973917 ] } },
{ "type": "Feature", "properties": { "15380279.394525": 15397113.462149, "5025475.223726": 5006304.8071729997 }, "geometry": { "type": "Point", "coordinates": [ 15397113.462149, 5006304.807172999717295 ] } },
{ "type": "Feature", "properties": { "15380279.394525": 15396977.709311999, "5025475.223726": 5006047.8923620004 }, "geometry": { "type": "Point", "coordinates": [ 15396977.709312, 5006047.89236200042069 ] } },
{ "type": "Feature", "properties": { "15380279.394525": 15396846.598413, "5025475.223726": 5005788.0249589998 }, "geometry": { "type": "Point", "coordinates": [ 15396846.598413, 5005788.024958999827504 ] } },
{ "type": "Feature", "properties": { "15380279.394525": 15396717.762328999, "5025475.223726": 5005526.6099749999 }, "geometry": { "type": "Point", "coordinates": [ 15396717.762329, 5005526.609975 ] } },
{ "type": "Feature", "properties": { "15380279.394525": 15399637.116, "5025475.223726": 5011202.2785590002 }, "geometry": { "type": "Point", "coordinates": [ 15399637.116, 5011202.278559000231326 ] } },
{ "type": "Feature", "properties": { "15380279.394525": 15400022.137069, "5025475.223726": 5011149.5925350003 }, "geometry": { "type": "Point", "coordinates": [ 15400022.137069, 5011149.592535000294447 ] } },
{ "type": "Feature", "properties": { "15380279.394525": 15400407.018479001, "5025475.223726": 5011096.702939 }, "geometry": { "type": "Point", "coordinates": [ 15400407.018479, 5011096.702939 ] } },
{ "type": "Feature", "properties": { "15380279.394525": 15400791.761121999, "5025475.223726": 5011043.3843459999 }, "geometry": { "type": "Point", "coordinates": [ 15400791.761122, 5011043.384346 ] } },
{ "type": "Feature", "properties": { "15380279.394525": 15401176.365894999, "5025475.223726": 5010989.4113339996 }, "geometry": { "type": "Point", "coordinates": [ 15401176.365895, 5010989.411333999596536 ] } },
{ "type": "Feature", "properties": { "15380279.394525": 15401560.833691999, "5025475.223726": 5010934.5584770003 }, "geometry": { "type": "Point", "coordinates": [ 15401560.833692, 5010934.558477000333369 ] } },
{ "type": "Feature", "properties": { "15380279.394525": 15401945.165407, "5025475.223726": 5010878.6003520004 }, "geometry": { "type": "Point", "coordinates": [ 15401945.165407, 5010878.600352000445127 ] } },
{ "type": "Feature", "properties": { "15380279.394525": 15402329.361934001, "5025475.223726": 5010821.3115349999 }, "geometry": { "type": "Point", "coordinates": [ 15402329.361934, 5010821.311534999869764 ] } },
{ "type": "Feature", "properties": { "15380279.394525": 15402713.42417, "5025475.223726": 5010762.4666020004 }, "geometry": { "type": "Point", "coordinates": [ 15402713.42417, 5010762.466602000407875 ] } },
{ "type": "Feature", "properties": { "15380279.394525": 15403110.502993001, "5025475.223726": 5010699.8100380003 }, "geometry": { "type": "Point", "coordinates": [ 15403110.502993, 5010699.81003800034523 ] } },
{ "type": "Feature", "properties": { "15380279.394525": 15403507.216162, "5025475.223726": 5010635.5222739996 }, "geometry": { "type": "Point", "coordinates": [ 15403507.216162, 5010635.522273999638855 ] } },
{ "type": "Feature", "properties": { "15380279.394525": 15403903.636688, "5025475.223726": 5010569.8331080005 }, "geometry": { "type": "Point", "coordinates": [ 15403903.636688, 5010569.833108000457287 ] } },
{ "type": "Feature", "properties": { "15380279.394525": 15404299.837582, "5025475.223726": 5010502.9723410001 }, "geometry": { "type": "Point", "coordinates": [ 15404299.837582, 5010502.97234100010246 ] } },
{ "type": "Feature", "properties": { "15380279.394525": 15404695.891852999, "5025475.223726": 5010435.1697699996 }, "geometry": { "type": "Point", "coordinates": [ 15404695.891853, 5010435.169769999571145 ] } },
{ "type": "Feature", "properties": { "15380279.394525": 15405091.872513, "5025475.223726": 5010366.6551949997 }, "geometry": { "type": "Point", "coordinates": [ 15405091.872513, 5010366.655194999650121 ] } },
{ "type": "Feature", "properties": { "15380279.394525": 15405487.852570999, "5025475.223726": 5010297.6584139997 }, "geometry": { "type": "Point", "coordinates": [ 15405487.852571, 5010297.658413999713957 ] } },
{ "type": "Feature", "properties": { "15380279.394525": 15405883.905037999, "5025475.223726": 5010228.4092260003 }, "geometry": { "type": "Point", "coordinates": [ 15405883.905038, 5010228.40922600030899 ] } },
{ "type": "Feature", "properties": { "15380279.394525": 15405789.732339, "5025475.223726": 5013998.2259980002 }, "geometry": { "type": "Point", "coordinates": [ 15405789.732339, 5013998.225998000241816 ] } },
{ "type": "Feature", "properties": { "15380279.394525": 15405444.125801999, "5025475.223726": 5013734.5710460003 }, "geometry": { "type": "Point", "coordinates": [ 15405444.125802, 5013734.571046000346541 ] } },
{ "type": "Feature", "properties": { "15380279.394525": 15405098.69695, "5025475.223726": 5013470.9355279999 }, "geometry": { "type": "Point", "coordinates": [ 15405098.69695, 5013470.93552799988538 ] } },
{ "type": "Feature", "properties": { "15380279.394525": 15404753.421417, "5025475.223726": 5013207.1838999996 }, "geometry": { "type": "Point", "coordinates": [ 15404753.421417, 5013207.183899999596179 ] } },
{ "type": "Feature", "properties": { "15380279.394525": 15404408.274840999, "5025475.223726": 5012943.1806150004 }, "geometry": { "type": "Point", "coordinates": [ 15404408.274841, 5012943.180615000426769 ] } },
{ "type": "Feature", "properties": { "15380279.394525": 15404063.232856, "5025475.223726": 5012678.7901280001 }, "geometry": { "type": "Point", "coordinates": [ 15404063.232856, 5012678.790128 ] } },
{ "type": "Feature", "properties": { "15380279.394525": 15403675.427585, "5025475.223726": 5012380.9764710004 }, "geometry": { "type": "Point", "coordinates": [ 15403675.427585, 5012380.976471000351012 ] } },
{ "type": "Feature", "properties": { "15380279.394525": 15403288.046187, "5025475.223726": 5012082.8719100002 }, "geometry": { "type": "Point", "coordinates": [ 15403288.046187, 5012082.871910000219941 ] } },
{ "type": "Feature", "properties": { "15380279.394525": 15402900.966010001, "5025475.223726": 5011784.5055710003 }, "geometry": { "type": "Point", "coordinates": [ 15402900.96601, 5011784.505571000277996 ] } },
{ "type": "Feature", "properties": { "15380279.394525": 15402514.064401001, "5025475.223726": 5011485.906583 }, "geometry": { "type": "Point", "coordinates": [ 15402514.064401, 5011485.906583 ] } },
{ "type": "Feature", "properties": { "15380279.394525": 15402127.218707999, "5025475.223726": 5011187.1040709997 }, "geometry": { "type": "Point", "coordinates": [ 15402127.218708, 5011187.104070999659598 ] } },
{ "type": "Feature", "properties": { "15380279.394525": 15401740.306279, "5025475.223726": 5010888.1271609999 }, "geometry": { "type": "Point", "coordinates": [ 15401740.306279, 5010888.127161 ] } },
{ "type": "Feature", "properties": { "15380279.394525": 15397816.443817999, "5025475.223726": 5009380.2004530001 }, "geometry": { "type": "Point", "coordinates": [ 15397816.443818, 5009380.20045300014317 ] } },
{ "type": "Feature", "properties": { "15380279.394525": 15397822.669174001, "5025475.223726": 5009036.2497650003 }, "geometry": { "type": "Point", "coordinates": [ 15397822.669174, 5009036.24976500030607 ] } },
{ "type": "Feature", "properties": { "15380279.394525": 15397835.142897001, "5025475.223726": 5008693.5531280003 }, "geometry": { "type": "Point", "coordinates": [ 15397835.142897, 5008693.553128000348806 ] } },
{ "type": "Feature", "properties": { "15380279.394525": 15397860.199393, "5025475.223726": 5008353.1900789998 }, "geometry": { "type": "Point", "coordinates": [ 15397860.199393, 5008353.190078999847174 ] } },
{ "type": "Feature", "properties": { "15380279.394525": 15397904.173064999, "5025475.223726": 5008016.2401590003 }, "geometry": { "type": "Point", "coordinates": [ 15397904.173065, 5008016.240159000270069 ] } },
{ "type": "Feature", "properties": { "15380279.394525": 15397973.398316, "5025475.223726": 5007683.7829050003 }, "geometry": { "type": "Point", "coordinates": [ 15397973.398316, 5007683.782905000261962 ] } },
{ "type": "Feature", "properties": { "15380279.394525": 15398092.489163, "5025475.223726": 5007302.7107659997 }, "geometry": { "type": "Point", "coordinates": [ 15398092.489163, 5007302.710765999741852 ] } },
{ "type": "Feature", "properties": { "15380279.394525": 15398250.718009001, "5025475.223726": 5006934.6122519998 }, "geometry": { "type": "Point", "coordinates": [ 15398250.718009, 5006934.612251999787986 ] } },
{ "type": "Feature", "properties": { "15380279.394525": 15398444.261812, "5025475.223726": 5006584.2530129999 }, "geometry": { "type": "Point", "coordinates": [ 15398444.261812, 5006584.253012999892235 ] } },
{ "type": "Feature", "properties": { "15380279.394525": 15398713.722155999, "5025475.223726": 5006194.1641159998 }, "geometry": { "type": "Point", "coordinates": [ 15398713.722156, 5006194.164115999825299 ] } },
{ "type": "Feature", "properties": { "15380279.394525": 15399012.371238999, "5025475.223726": 5005825.5251230001 }, "geometry": { "type": "Point", "coordinates": [ 15399012.371239, 5005825.525123000144958 ] } },
{ "type": "Feature", "properties": { "15380279.394525": 15399325.179155, "5025475.223726": 5005467.122184 }, "geometry": { "type": "Point", "coordinates": [ 15399325.179155, 5005467.122184 ] } },
{ "type": "Feature", "properties": { "15380279.394525": 15399637.116, "5025475.223726": 5005107.741444 }, "geometry": { "type": "Point", "coordinates": [ 15399637.116, 5005107.741444 ] } },
{ "type": "Feature", "properties": { "15380279.394525": 15399905.884857999, "5025475.223726": 5004777.9072869997 }, "geometry": { "type": "Point", "coordinates": [ 15399905.884858, 5004777.907286999747157 ] } },
{ "type": "Feature", "properties": { "15380279.394525": 15400166.003124001, "5025475.223726": 5004441.8323449995 }, "geometry": { "type": "Point", "coordinates": [ 15400166.003124, 5004441.832344999536872 ] } },
{ "type": "Feature", "properties": { "15380279.394525": 15400421.888491999, "5025475.223726": 5004102.4569720002 }, "geometry": { "type": "Point", "coordinates": [ 15400421.888492, 5004102.456972000189126 ] } },
{ "type": "Feature", "properties": { "15380279.394525": 15398475.652711, "5025475.223726": 5007558.1223459998 }, "geometry": { "type": "Point", "coordinates": [ 15398475.652711, 5007558.12234599981457 ] } },
{ "type": "Feature", "properties": { "15380279.394525": 15398769.262698, "5025475.223726": 5007184.3817570005 }, "geometry": { "type": "Point", "coordinates": [ 15398769.262698, 5007184.381757000461221 ] } },
{ "type": "Feature", "properties": { "15380279.394525": 15399067.748159001, "5025475.223726": 5006815.716267 }, "geometry": { "type": "Point", "coordinates": [ 15399067.748159, 5006815.716267 ] } },
{ "type": "Feature", "properties": { "15380279.394525": 15399376.247168001, "5025475.223726": 5006456.9797090003 }, "geometry": { "type": "Point", "coordinates": [ 15399376.247168, 5006456.979709000326693 ] } },
{ "type": "Feature", "properties": { "15380279.394525": 15399699.897799, "5025475.223726": 5006113.0259170001 }, "geometry": { "type": "Point", "coordinates": [ 15399699.897799, 5006113.025917000137269 ] } },
{ "type": "Feature", "properties": { "15380279.394525": 15400064.317056, "5025475.223726": 5005766.3843740001 }, "geometry": { "type": "Point", "coordinates": [ 15400064.317056, 5005766.384374000132084 ] } },
{ "type": "Feature", "properties": { "15380279.394525": 15400443.523313001, "5025475.223726": 5005434.109983 }, "geometry": { "type": "Point", "coordinates": [ 15400443.523313, 5005434.109983 ] } },
{ "type": "Feature", "properties": { "15380279.394525": 15400829.970187999, "5025475.223726": 5005107.741444 }, "geometry": { "type": "Point", "coordinates": [ 15400829.970188, 5005107.741444 ] } },
{ "type": "Feature", "properties": { "15380279.394525": 15401144.053905001, "5025475.223726": 5004843.8785849996 }, "geometry": { "type": "Point", "coordinates": [ 15401144.053905, 5004843.878584999591112 ] } },
{ "type": "Feature", "properties": { "15380279.394525": 15401460.938126, "5025475.223726": 5004584.5206540003 }, "geometry": { "type": "Point", "coordinates": [ 15401460.938126, 5004584.520654000341892 ] } },
{ "type": "Feature", "properties": { "15380279.394525": 15401784.095100001, "5025475.223726": 5004335.4520009998 }, "geometry": { "type": "Point", "coordinates": [ 15401784.0951, 5004335.452000999823213 ] } },
{ "type": "Feature", "properties": { "15380279.394525": 15401787.236086, "5025475.223726": 5004333.2536540003 }, "geometry": { "type": "Point", "coordinates": [ 15401787.236086, 5004333.253654000349343 ] } },
{ "type": "Feature", "properties": { "15380279.394525": 15402142.966249, "5025475.223726": 5004097.5239570001 }, "geometry": { "type": "Point", "coordinates": [ 15402142.966249, 5004097.523957000114024 ] } },
{ "type": "Feature", "properties": { "15380279.394525": 15402508.654724, "5025475.223726": 5003878.0465519996 }, "geometry": { "type": "Point", "coordinates": [ 15402508.654724, 5003878.046551999635994 ] } },
{ "type": "Feature", "properties": { "15380279.394525": 15402882.344023, "5025475.223726": 5003671.5470709996 }, "geometry": { "type": "Point", "coordinates": [ 15402882.344023, 5003671.547070999629796 ] } },
{ "type": "Feature", "properties": { "15380279.394525": 15403262.076654, "5025475.223726": 5003474.7511459999 }, "geometry": { "type": "Point", "coordinates": [ 15403262.076654, 5003474.751145999878645 ] } },
{ "type": "Feature", "properties": { "15380279.394525": 15403645.895129001, "5025475.223726": 5003284.384412 }, "geometry": { "type": "Point", "coordinates": [ 15403645.895129, 5003284.384412 ] } },
{ "type": "Feature", "properties": { "15380279.394525": 15404031.841956999, "5025475.223726": 5003097.1724990001 }, "geometry": { "type": "Point", "coordinates": [ 15404031.841957, 5003097.172499 ] } },
{ "type": "Feature", "properties": { "15380279.394525": 15398569.825410999, "5025475.223726": 5008060.764583 }, "geometry": { "type": "Point", "coordinates": [ 15398569.825411, 5008060.764583 ] } },
{ "type": "Feature", "properties": { "15380279.394525": 15398957.096903, "5025475.223726": 5008420.3300240003 }, "geometry": { "type": "Point", "coordinates": [ 15398957.096903, 5008420.330024000257254 ] } },
{ "type": "Feature", "properties": { "15380279.394525": 15399340.032330999, "5025475.223726": 5008783.6062810002 }, "geometry": { "type": "Point", "coordinates": [ 15399340.032331, 5008783.606281000189483 ] } },
{ "type": "Feature", "properties": { "15380279.394525": 15399714.555095, "5025475.223726": 5009154.5895819999 }, "geometry": { "type": "Point", "coordinates": [ 15399714.555095, 5009154.589582 ] } },
{ "type": "Feature", "properties": { "15380279.394525": 15400076.588595999, "5025475.223726": 5009537.2761519998 }, "geometry": { "type": "Point", "coordinates": [ 15400076.588596, 5009537.2761519998312 ] } },
{ "type": "Feature", "properties": { "15380279.394525": 15400378.084303999, "5025475.223726": 5009880.6135400003 }, "geometry": { "type": "Point", "coordinates": [ 15400378.084304, 5009880.613540000282228 ] } },
{ "type": "Feature", "properties": { "15380279.394525": 15400669.975815, "5025475.223726": 5010232.522721 }, "geometry": { "type": "Point", "coordinates": [ 15400669.975815, 5010232.522721 ] } },
{ "type": "Feature", "properties": { "15380279.394525": 15400955.539539, "5025475.223726": 5010590.2289389996 }, "geometry": { "type": "Point", "coordinates": [ 15400955.539539, 5010590.228938999585807 ] } },
{ "type": "Feature", "properties": { "15380279.394525": 15401238.051883999, "5025475.223726": 5010950.9574410003 }, "geometry": { "type": "Point", "coordinates": [ 15401238.051884, 5010950.957441000267863 ] } },
{ "type": "Feature", "properties": { "15380279.394525": 15399574.334201001, "5025475.223726": 5008626.237098 }, "geometry": { "type": "Point", "coordinates": [ 15399574.334201, 5008626.237098 ] } },
{ "type": "Feature", "properties": { "15380279.394525": 15399907.469889, "5025475.223726": 5008222.6628919998 }, "geometry": { "type": "Point", "coordinates": [ 15399907.469889, 5008222.662891999818385 ] } },
{ "type": "Feature", "properties": { "15380279.394525": 15400245.092169, "5025475.223726": 5007824.2524220003 }, "geometry": { "type": "Point", "coordinates": [ 15400245.092169, 5007824.252422000281513 ] } },
{ "type": "Feature", "properties": { "15380279.394525": 15400591.935643001, "5025475.223726": 5007435.9967029998 }, "geometry": { "type": "Point", "coordinates": [ 15400591.935643, 5007435.996702999807894 ] } },
{ "type": "Feature", "properties": { "15380279.394525": 15400952.734913999, "5025475.223726": 5007062.8867490003 }, "geometry": { "type": "Point", "coordinates": [ 15400952.734914, 5007062.886749000288546 ] } },
{ "type": "Feature", "properties": { "15380279.394525": 15401332.224583, "5025475.223726": 5006709.9135729996 }, "geometry": { "type": "Point", "coordinates": [ 15401332.224583, 5006709.91357299964875 ] } },
{ "type": "Feature", "properties": { "15380279.394525": 15401641.427168, "5025475.223726": 5006452.2811700003 }, "geometry": { "type": "Point", "coordinates": [ 15401641.427168, 5006452.281170000322163 ] } },
{ "type": "Feature", "properties": { "15380279.394525": 15401961.134879, "5025475.223726": 5006206.4726600004 }, "geometry": { "type": "Point", "coordinates": [ 15401961.134879, 5006206.472660000436008 ] } },
{ "type": "Feature", "properties": { "15380279.394525": 15402288.144164, "5025475.223726": 5005968.9172729999 }, "geometry": { "type": "Point", "coordinates": [ 15402288.144164, 5005968.917272999882698 ] } },
{ "type": "Feature", "properties": { "15380279.394525": 15402619.25147, "5025475.223726": 5005736.0442399997 }, "geometry": { "type": "Point", "coordinates": [ 15402619.25147, 5005736.044239999726415 ] } },
{ "type": "Feature", "properties": { "15380279.394525": 15402947.015667999, "5025475.223726": 5005508.5680710003 }, "geometry": { "type": "Point", "coordinates": [ 15402947.015668, 5005508.568071000277996 ] } },
{ "type": "Feature", "properties": { "15380279.394525": 15403276.264450001, "5025475.223726": 5005284.0595519999 }, "geometry": { "type": "Point", "coordinates": [ 15403276.26445, 5005284.059552 ] } },
{ "type": "Feature", "properties": { "15380279.394525": 15403608.005997, "5025475.223726": 5005064.1347580003 }, "geometry": { "type": "Point", "coordinates": [ 15403608.005997, 5005064.134758000262082 ] } },
{ "type": "Feature", "properties": { "15380279.394525": 15403943.248491, "5025475.223726": 5004850.4097680002 }, "geometry": { "type": "Point", "coordinates": [ 15403943.248491, 5004850.409768000245094 ] } },
{ "type": "Feature", "properties": { "15380279.394525": 15404283.000115, "5025475.223726": 5004644.5006600004 }, "geometry": { "type": "Point", "coordinates": [ 15404283.000115, 5004644.500660000368953 ] } },
{ "type": "Feature", "properties": { "15380279.394525": 15404675.617017999, "5025475.223726": 5004422.8350550001 }, "geometry": { "type": "Point", "coordinates": [ 15404675.617018, 5004422.835055000148714 ] } },
{ "type": "Feature", "properties": { "15380279.394525": 15404676.809405001, "5025475.223726": 5004422.2007219996 }, "geometry": { "type": "Point", "coordinates": [ 15404676.809405, 5004422.200721999630332 ] } },
{ "type": "Feature", "properties": { "15380279.394525": 15405060.044126, "5025475.223726": 5004221.407102 }, "geometry": { "type": "Point", "coordinates": [ 15405060.044126, 5004221.407102 ] } },
{ "type": "Feature", "properties": { "15380279.394525": 15405445.494909, "5025475.223726": 5004025.3767929999 }, "geometry": { "type": "Point", "coordinates": [ 15405445.494909, 5004025.376793 ] } },
{ "type": "Feature", "properties": { "15380279.394525": 15405833.048064001, "5025475.223726": 5003833.8575299997 }, "geometry": { "type": "Point", "coordinates": [ 15405833.048064, 5003833.857529999688268 ] } },
{ "type": "Feature", "properties": { "15380279.394525": 15406031.904989, "5025475.223726": 5003738.2630620003 }, "geometry": { "type": "Point", "coordinates": [ 15406031.904989, 5003738.263062000274658 ] } },
{ "type": "Feature", "properties": { "15380279.394525": 15406033.203636, "5025475.223726": 5003737.6387769999 }, "geometry": { "type": "Point", "coordinates": [ 15406033.203636, 5003737.638776999898255 ] } },
{ "type": "Feature", "properties": { "15380279.394525": 15406358.694398001, "5025475.223726": 5003610.5492380001 }, "geometry": { "type": "Point", "coordinates": [ 15406358.694398, 5003610.549238 ] } },
{ "type": "Feature", "properties": { "15380279.394525": 15406697.815850999, "5025475.223726": 5003520.9730209997 }, "geometry": { "type": "Point", "coordinates": [ 15406697.815851, 5003520.97302099969238 ] } },
{ "type": "Feature", "properties": { "15380279.394525": 15407043.997343, "5025475.223726": 5003450.297177 }, "geometry": { "type": "Point", "coordinates": [ 15407043.997343, 5003450.297177 ] } },
{ "type": "Feature", "properties": { "15380279.394525": 15407390.668222999, "5025475.223726": 5003379.9087570002 }, "geometry": { "type": "Point", "coordinates": [ 15407390.668223, 5003379.908757000230253 ] } },
{ "type": "Feature", "properties": { "15380279.394525": 15407728.866304999, "5025475.223726": 5003296.1652939999 }, "geometry": { "type": "Point", "coordinates": [ 15407728.866305, 5003296.165294 ] } },
{ "type": "Feature", "properties": { "15380279.394525": 15408062.432154, "5025475.223726": 5003199.3661280004 }, "geometry": { "type": "Point", "coordinates": [ 15408062.432154, 5003199.366128000430763 ] } },
{ "type": "Feature", "properties": { "15380279.394525": 15408393.108072, "5025475.223726": 5003094.226338 }, "geometry": { "type": "Point", "coordinates": [ 15408393.108072, 5003094.226338 ] } },
{ "type": "Feature", "properties": { "15380279.394525": 15408722.636364, "5025475.223726": 5002985.4610019997 }, "geometry": { "type": "Point", "coordinates": [ 15408722.636364, 5002985.461001999676228 ] } },
{ "type": "Feature", "properties": { "15380279.394525": 15409052.759334, "5025475.223726": 5002877.785197 }, "geometry": { "type": "Point", "coordinates": [ 15409052.759334, 5002877.785197 ] } },
{ "type": "Feature", "properties": { "15380279.394525": 15409054.385907, "5025475.223726": 5002877.2665210003 }, "geometry": { "type": "Point", "coordinates": [ 15409054.385907, 5002877.266521000303328 ] } },
{ "type": "Feature", "properties": { "15380279.394525": 15409054.385907, "5025475.223726": 5002877.2665210003 }, "geometry": { "type": "Point", "coordinates": [ 15409054.385907, 5002877.266521000303328 ] } },
{ "type": "Feature", "properties": { "15380279.394525": 15409055.930477001, "5025475.223726": 5002876.6445859997 }, "geometry": { "type": "Point", "coordinates": [ 15409055.930477, 5002876.644585999660194 ] } },
{ "type": "Feature", "properties": { "15380279.394525": 15409453.754198, "5025475.223726": 5002674.9415650005 }, "geometry": { "type": "Point", "coordinates": [ 15409453.754198, 5002674.941565000452101 ] } },
{ "type": "Feature", "properties": { "15380279.394525": 15409826.395732, "5025475.223726": 5002425.2225569999 }, "geometry": { "type": "Point", "coordinates": [ 15409826.395732, 5002425.222556999884546 ] } },
{ "type": "Feature", "properties": { "15380279.394525": 15410190.109291, "5025475.223726": 5002157.9027140001 }, "geometry": { "type": "Point", "coordinates": [ 15410190.109291, 5002157.902714 ] } },
{ "type": "Feature", "properties": { "15380279.394525": 15410561.149092, "5025475.223726": 5001903.3971880004 }, "geometry": { "type": "Point", "coordinates": [ 15410561.149092, 5001903.397188000380993 ] } },
{ "type": "Feature", "properties": { "15380279.394525": 15410886.490297999, "5025475.223726": 5001718.5198670002 }, "geometry": { "type": "Point", "coordinates": [ 15410886.490298, 5001718.519867000170052 ] } },
{ "type": "Feature", "properties": { "15380279.394525": 15411224.393266, "5025475.223726": 5001557.5887540001 }, "geometry": { "type": "Point", "coordinates": [ 15411224.393266, 5001557.588754000142217 ] } },
{ "type": "Feature", "properties": { "15380279.394525": 15411571.313386999, "5025475.223726": 5001414.1681089997 }, "geometry": { "type": "Point", "coordinates": [ 15411571.313387, 5001414.168108999729156 ] } },
{ "type": "Feature", "properties": { "15380279.394525": 15411923.706057999, "5025475.223726": 5001281.8221969996 }, "geometry": { "type": "Point", "coordinates": [ 15411923.706058, 5001281.822196999564767 ] } },
{ "type": "Feature", "properties": { "15380279.394525": 15412278.026671, "5025475.223726": 5001154.115278 }, "geometry": { "type": "Point", "coordinates": [ 15412278.026671, 5001154.115278 ] } },
{ "type": "Feature", "properties": { "15380279.394525": 15412630.730620001, "5025475.223726": 5001024.6116150003 }, "geometry": { "type": "Point", "coordinates": [ 15412630.73062, 5001024.611615000292659 ] } },
{ "type": "Feature", "properties": { "15380279.394525": 15412632.948471, "5025475.223726": 5001023.773275 }, "geometry": { "type": "Point", "coordinates": [ 15412632.948471, 5001023.773275 ] } },
{ "type": "Feature", "properties": { "15380279.394525": 15405036.350747, "5025475.223726": 5004416.6083699996 }, "geometry": { "type": "Point", "coordinates": [ 15405036.350747, 5004416.608369999565184 ] } },
{ "type": "Feature", "properties": { "15380279.394525": 15405067.172354, "5025475.223726": 5004776.0778989997 }, "geometry": { "type": "Point", "coordinates": [ 15405067.172354, 5004776.077898999676108 ] } },
{ "type": "Feature", "properties": { "15380279.394525": 15405110.741216, "5025475.223726": 5005129.8963230001 }, "geometry": { "type": "Point", "coordinates": [ 15405110.741216, 5005129.896323 ] } },
{ "type": "Feature", "properties": { "15380279.394525": 15405179.896643, "5025475.223726": 5005472.6373089999 }, "geometry": { "type": "Point", "coordinates": [ 15405179.896643, 5005472.637308999896049 ] } },
{ "type": "Feature", "properties": { "15380279.394525": 15405287.477944, "5025475.223726": 5005798.8745189998 }, "geometry": { "type": "Point", "coordinates": [ 15405287.477944, 5005798.874518999829888 ] } },
{ "type": "Feature", "properties": { "15380279.394525": 15405498.160197999, "5025475.223726": 5006192.7900569998 }, "geometry": { "type": "Point", "coordinates": [ 15405498.160198, 5006192.790056999772787 ] } },
{ "type": "Feature", "properties": { "15380279.394525": 15405775.386076, "5025475.223726": 5006555.3608520003 }, "geometry": { "type": "Point", "coordinates": [ 15405775.386076, 5006555.360852000303566 ] } },
{ "type": "Feature", "properties": { "15380279.394525": 15406099.023708999, "5025475.223726": 5006893.1088030003 }, "geometry": { "type": "Point", "coordinates": [ 15406099.023709, 5006893.108803000301123 ] } },
{ "type": "Feature", "properties": { "15380279.394525": 15406448.941233, "5025475.223726": 5007212.5558089996 }, "geometry": { "type": "Point", "coordinates": [ 15406448.941233, 5007212.555808999575675 ] } },
{ "type": "Feature", "properties": { "15380279.394525": 15406804.759531001, "5025475.223726": 5007523.1079169996 }, "geometry": { "type": "Point", "coordinates": [ 15406804.759531, 5007523.107916999608278 ] } },
{ "type": "Feature", "properties": { "15380279.394525": 15407138.479752, "5025475.223726": 5007841.076111 }, "geometry": { "type": "Point", "coordinates": [ 15407138.479752, 5007841.076111 ] } },
{ "type": "Feature", "properties": { "15380279.394525": 15407422.059123, "5025475.223726": 5008186.4251420004 }, "geometry": { "type": "Point", "coordinates": [ 15407422.059123, 5008186.425142000429332 ] } },
{ "type": "Feature", "properties": { "15380279.394525": 15407595.823673001, "5025475.223726": 5008489.039388 }, "geometry": { "type": "Point", "coordinates": [ 15407595.823673, 5008489.039388 ] } },
{ "type": "Feature", "properties": { "15380279.394525": 15407729.076127, "5025475.223726": 5008815.808739 }, "geometry": { "type": "Point", "coordinates": [ 15407729.076127, 5008815.808739 ] } },
{ "type": "Feature", "properties": { "15380279.394525": 15407830.205372, "5025475.223726": 5009161.7281649997 }, "geometry": { "type": "Point", "coordinates": [ 15407830.205372, 5009161.728164999745786 ] } },
{ "type": "Feature", "properties": { "15380279.394525": 15407907.600296, "5025475.223726": 5009521.7926380001 }, "geometry": { "type": "Point", "coordinates": [ 15407907.600296, 5009521.792638000100851 ] } },
{ "type": "Feature", "properties": { "15380279.394525": 15407969.649785999, "5025475.223726": 5009890.9971279996 }, "geometry": { "type": "Point", "coordinates": [ 15407969.649786, 5009890.997127999551594 ] } },
{ "type": "Feature", "properties": { "15380279.394525": 15408024.742729999, "5025475.223726": 5010264.3366059996 }, "geometry": { "type": "Point", "coordinates": [ 15408024.74273, 5010264.336605999618769 ] } },
{ "type": "Feature", "properties": { "15380279.394525": 15408081.268015999, "5025475.223726": 5010636.806043 }, "geometry": { "type": "Point", "coordinates": [ 15408081.268016, 5010636.806043 ] } },
{ "type": "Feature", "properties": { "15380279.394525": 15408152.229911, "5025475.223726": 5011039.6754470002 }, "geometry": { "type": "Point", "coordinates": [ 15408152.229911, 5011039.675447000190616 ] } },
{ "type": "Feature", "properties": { "15380279.394525": 15408230.254942, "5025475.223726": 5011436.664144 }, "geometry": { "type": "Point", "coordinates": [ 15408230.254942, 5011436.664144 ] } },
{ "type": "Feature", "properties": { "15380279.394525": 15408310.642958, "5025475.223726": 5011829.2581820004 }, "geometry": { "type": "Point", "coordinates": [ 15408310.642958, 5011829.258182000368834 ] } },
{ "type": "Feature", "properties": { "15380279.394525": 15408388.693804, "5025475.223726": 5012218.9436029997 }, "geometry": { "type": "Point", "coordinates": [ 15408388.693804, 5012218.943602999672294 ] } },
{ "type": "Feature", "properties": { "15380279.394525": 15408459.707326001, "5025475.223726": 5012607.206452 }, "geometry": { "type": "Point", "coordinates": [ 15408459.707326, 5012607.206452 ] } },
{ "type": "Feature", "properties": { "15380279.394525": 15408518.983371001, "5025475.223726": 5012995.5327749997 }, "geometry": { "type": "Point", "coordinates": [ 15408518.983371, 5012995.53277499973774 ] } },
{ "type": "Feature", "properties": { "15380279.394525": 15408561.821784001, "5025475.223726": 5013385.4086159999 }, "geometry": { "type": "Point", "coordinates": [ 15408561.821784, 5013385.408615999855101 ] } },
{ "type": "Feature", "properties": { "15380279.394525": 15408583.522411, "5025475.223726": 5013778.3200200005 }, "geometry": { "type": "Point", "coordinates": [ 15408583.522411, 5013778.320020000450313 ] } },
{ "type": "Feature", "properties": { "15380279.394525": 15408581.841486, "5025475.223726": 5014131.9626869997 }, "geometry": { "type": "Point", "coordinates": [ 15408581.841486, 5014131.962686999700963 ] } },
{ "type": "Feature", "properties": { "15380279.394525": 15408560.042285001, "5025475.223726": 5014486.8173629995 }, "geometry": { "type": "Point", "coordinates": [ 15408560.042285, 5014486.817362999543548 ] } },
{ "type": "Feature", "properties": { "15380279.394525": 15408518.592247, "5025475.223726": 5014840.8436899995 }, "geometry": { "type": "Point", "coordinates": [ 15408518.592247, 5014840.84368999954313 ] } },
{ "type": "Feature", "properties": { "15380279.394525": 15408457.958813, "5025475.223726": 5015192.001309 }, "geometry": { "type": "Point", "coordinates": [ 15408457.958813, 5015192.001309 ] } },
{ "type": "Feature", "properties": { "15380279.394525": 15408378.320052, "5025475.223726": 5015541.2460599998 }, "geometry": { "type": "Point", "coordinates": [ 15408378.320052, 5015541.246059999801219 ] } },
{ "type": "Feature", "properties": { "15380279.394525": 15408282.632358, "5025475.223726": 5015885.8803110002 }, "geometry": { "type": "Point", "coordinates": [ 15408282.632358, 5015885.880311000160873 ] } },
{ "type": "Feature", "properties": { "15380279.394525": 15408173.863616001, "5025475.223726": 5016226.6877159998 }, "geometry": { "type": "Point", "coordinates": [ 15408173.863616, 5016226.687715999782085 ] } },
{ "type": "Feature", "properties": { "15380279.394525": 15408054.981706001, "5025475.223726": 5016564.451928 }, "geometry": { "type": "Point", "coordinates": [ 15408054.981706, 5016564.451928 ] } },
{ "type": "Feature", "properties": { "15380279.394525": 15407928.954513, "5025475.223726": 5016899.9566029999 }, "geometry": { "type": "Point", "coordinates": [ 15407928.954513, 5016899.956603 ] } },
{ "type": "Feature", "properties": { "15380279.394525": 15407798.749918999, "5025475.223726": 5017233.9853940001 }, "geometry": { "type": "Point", "coordinates": [ 15407798.749919, 5017233.985394 ] } },
{ "type": "Feature", "properties": { "15380279.394525": 15407643.782991, "5025475.223726": 5017625.0424899999 }, "geometry": { "type": "Point", "coordinates": [ 15407643.782991, 5017625.04249 ] } },
{ "type": "Feature", "properties": { "15380279.394525": 15407487.495018, "5025475.223726": 5018015.0165600004 }, "geometry": { "type": "Point", "coordinates": [ 15407487.495018, 5018015.016560000367463 ] } },
{ "type": "Feature", "properties": { "15380279.394525": 15407330.213260001, "5025475.223726": 5018404.2359499997 }, "geometry": { "type": "Point", "coordinates": [ 15407330.21326, 5018404.235949999652803 ] } },
{ "type": "Feature", "properties": { "15380279.394525": 15407172.264976, "5025475.223726": 5018793.0290019996 }, "geometry": { "type": "Point", "coordinates": [ 15407172.264976, 5018793.029001999646425 ] } },
{ "type": "Feature", "properties": { "15380279.394525": 15407013.977427, "5025475.223726": 5019181.7240599999 }, "geometry": { "type": "Point", "coordinates": [ 15407013.977427, 5019181.72406 ] } },
{ "type": "Feature", "properties": { "15380279.394525": 15408552.131511999, "5025475.223726": 5015129.1710299999 }, "geometry": { "type": "Point", "coordinates": [ 15408552.131512, 5015129.17102999985218 ] } },
{ "type": "Feature", "properties": { "15380279.394525": 15408579.121533999, "5025475.223726": 5015476.0783449998 }, "geometry": { "type": "Point", "coordinates": [ 15408579.121534, 5015476.078344999812543 ] } },
{ "type": "Feature", "properties": { "15380279.394525": 15408602.508772001, "5025475.223726": 5015822.5498810001 }, "geometry": { "type": "Point", "coordinates": [ 15408602.508772, 5015822.549881 ] } },
{ "type": "Feature", "properties": { "15380279.394525": 15408618.679177999, "5025475.223726": 5016168.3510269998 }, "geometry": { "type": "Point", "coordinates": [ 15408618.679178, 5016168.351026999764144 ] } },
{ "type": "Feature", "properties": { "15380279.394525": 15408624.018707, "5025475.223726": 5016513.2471759999 }, "geometry": { "type": "Point", "coordinates": [ 15408624.018707, 5016513.247176 ] } },
{ "type": "Feature", "properties": { "15380279.394525": 15408614.913311001, "5025475.223726": 5016857.0037169997 }, "geometry": { "type": "Point", "coordinates": [ 15408614.913311, 5016857.003716999664903 ] } },
{ "type": "Feature", "properties": { "15380279.394525": 15408582.901837001, "5025475.223726": 5017255.319201 }, "geometry": { "type": "Point", "coordinates": [ 15408582.901837, 5017255.319201 ] } },
{ "type": "Feature", "properties": { "15380279.394525": 15408530.162384, "5025475.223726": 5017651.7583720004 }, "geometry": { "type": "Point", "coordinates": [ 15408530.162384, 5017651.758372000418603 ] } },
{ "type": "Feature", "properties": { "15380279.394525": 15408460.413044, "5025475.223726": 5018046.7095489996 }, "geometry": { "type": "Point", "coordinates": [ 15408460.413044, 5018046.709548999555409 ] } },
{ "type": "Feature", "properties": { "15380279.394525": 15408377.371911, "5025475.223726": 5018440.5610490004 }, "geometry": { "type": "Point", "coordinates": [ 15408377.371911, 5018440.561049000360072 ] } },
{ "type": "Feature", "properties": { "15380279.394525": 15408284.757077999, "5025475.223726": 5018833.7011900004 }, "geometry": { "type": "Point", "coordinates": [ 15408284.757078, 5018833.701190000399947 ] } },
{ "type": "Feature", "properties": { "15380279.394525": 15408186.286638999, "5025475.223726": 5019226.5182889998 }, "geometry": { "type": "Point", "coordinates": [ 15408186.286639, 5019226.518288999795914 ] } },
{ "type": "Feature", "properties": { "15380279.394525": 15408085.678688001, "5025475.223726": 5019619.4006639998 }, "geometry": { "type": "Point", "coordinates": [ 15408085.678688, 5019619.400663999840617 ] } },
{ "type": "Feature", "properties": { "15380279.394525": 15407986.651316, "5025475.223726": 5020012.7366319997 }, "geometry": { "type": "Point", "coordinates": [ 15407986.651316, 5020012.736631999723613 ] } },
{ "type": "Feature", "properties": { "15380279.394525": 15407892.922618, "5025475.223726": 5020406.9145109998 }, "geometry": { "type": "Point", "coordinates": [ 15407892.922618, 5020406.914510999806225 ] } },
{ "type": "Feature", "properties": { "15380279.394525": 15407807.595643001, "5025475.223726": 5020801.5779649997 }, "geometry": { "type": "Point", "coordinates": [ 15407807.595643, 5020801.577964999713004 ] } },
{ "type": "Feature", "properties": { "15380279.394525": 15407730.579355, "5025475.223726": 5021197.1779680001 }, "geometry": { "type": "Point", "coordinates": [ 15407730.579355, 5021197.177968 ] } },
{ "type": "Feature", "properties": { "15380279.394525": 15407661.180776, "5025475.223726": 5021593.6439680001 }, "geometry": { "type": "Point", "coordinates": [ 15407661.180776, 5021593.643968 ] } },
{ "type": "Feature", "properties": { "15380279.394525": 15407598.706928, "5025475.223726": 5021990.9054129999 }, "geometry": { "type": "Point", "coordinates": [ 15407598.706928, 5021990.905413 ] } },
{ "type": "Feature", "properties": { "15380279.394525": 15407542.464832, "5025475.223726": 5022388.8917540004 }, "geometry": { "type": "Point", "coordinates": [ 15407542.464832, 5022388.89175400044769 ] } },
{ "type": "Feature", "properties": { "15380279.394525": 15407491.76151, "5025475.223726": 5022787.5324379997 }, "geometry": { "type": "Point", "coordinates": [ 15407491.76151, 5022787.532437999732792 ] } },
{ "type": "Feature", "properties": { "15380279.394525": 15407445.903983001, "5025475.223726": 5023186.7569159996 }, "geometry": { "type": "Point", "coordinates": [ 15407445.903983, 5023186.756915999576449 ] } },
{ "type": "Feature", "properties": { "15380279.394525": 15407404.199273, "5025475.223726": 5023586.4946349999 }, "geometry": { "type": "Point", "coordinates": [ 15407404.199273, 5023586.494634999893606 ] } },
{ "type": "Feature", "properties": { "15380279.394525": 15407365.954400999, "5025475.223726": 5023986.6750450004 }, "geometry": { "type": "Point", "coordinates": [ 15407365.954401, 5023986.675045000389218 ] } },
{ "type": "Feature", "properties": { "15380279.394525": 15407330.476388, "5025475.223726": 5024387.2275949996 }, "geometry": { "type": "Point", "coordinates": [ 15407330.476388, 5024387.227594999596477 ] } },
{ "type": "Feature", "properties": { "15380279.394525": 15407297.072256999, "5025475.223726": 5024788.0817330005 }, "geometry": { "type": "Point", "coordinates": [ 15407297.072257, 5024788.081733000464737 ] } },
{ "type": "Feature", "properties": { "15380279.394525": 15407265.049029, "5025475.223726": 5025189.1669089999 }, "geometry": { "type": "Point", "coordinates": [ 15407265.049029, 5025189.166909 ] } },
{ "type": "Feature", "properties": { "15380279.394525": 15407233.713725001, "5025475.223726": 5025590.4125720002 }, "geometry": { "type": "Point", "coordinates": [ 15407233.713725, 5025590.412572000175714 ] } },
{ "type": "Feature", "properties": { "15380279.394525": 15408677.695111001, "5025475.223726": 5018207.854727 }, "geometry": { "type": "Point", "coordinates": [ 15408677.695111, 5018207.854727 ] } },
{ "type": "Feature", "properties": { "15380279.394525": 15408964.144145999, "5025475.223726": 5018538.6988749998 }, "geometry": { "type": "Point", "coordinates": [ 15408964.144146, 5018538.698874999769032 ] } },
{ "type": "Feature", "properties": { "15380279.394525": 15409248.058296001, "5025475.223726": 5018871.0683040004 }, "geometry": { "type": "Point", "coordinates": [ 15409248.058296, 5018871.068304000422359 ] } },
{ "type": "Feature", "properties": { "15380279.394525": 15409527.020353001, "5025475.223726": 5019206.6650149999 }, "geometry": { "type": "Point", "coordinates": [ 15409527.020353, 5019206.665015 ] } },
{ "type": "Feature", "properties": { "15380279.394525": 15409798.61311, "5025475.223726": 5019547.1910039997 }, "geometry": { "type": "Point", "coordinates": [ 15409798.61311, 5019547.19100399967283 ] } },
{ "type": "Feature", "properties": { "15380279.394525": 15410060.419360001, "5025475.223726": 5019894.34827 }, "geometry": { "type": "Point", "coordinates": [ 15410060.41936, 5019894.34827 ] } },
{ "type": "Feature", "properties": { "15380279.394525": 15410310.021894, "5025475.223726": 5020249.8388120001 }, "geometry": { "type": "Point", "coordinates": [ 15410310.021894, 5020249.838812000118196 ] } },
{ "type": "Feature", "properties": { "15380279.394525": 15410551.499712, "5025475.223726": 5020623.8191170003 }, "geometry": { "type": "Point", "coordinates": [ 15410551.499712, 5020623.819117000326514 ] } },
{ "type": "Feature", "properties": { "15380279.394525": 15410780.524922, "5025475.223726": 5021006.0207829997 }, "geometry": { "type": "Point", "coordinates": [ 15410780.524922, 5021006.020782999694347 ] } },
{ "type": "Feature", "properties": { "15380279.394525": 15411000.217897, "5025475.223726": 5021394.4448499996 }, "geometry": { "type": "Point", "coordinates": [ 15411000.217897, 5021394.444849999621511 ] } },
{ "type": "Feature", "properties": { "15380279.394525": 15411213.699007999, "5025475.223726": 5021787.0923589999 }, "geometry": { "type": "Point", "coordinates": [ 15411213.699008, 5021787.092358999885619 ] } },
{ "type": "Feature", "properties": { "15380279.394525": 15411424.08863, "5025475.223726": 5022181.9643529998 }, "geometry": { "type": "Point", "coordinates": [ 15411424.08863, 5022181.964352999813855 ] } },
{ "type": "Feature", "properties": { "15380279.394525": 15411634.507134, "5025475.223726": 5022577.0618719999 }, "geometry": { "type": "Point", "coordinates": [ 15411634.507134, 5022577.061871999874711 ] } },
{ "type": "Feature", "properties": { "15380279.394525": 15411848.074891999, "5025475.223726": 5022970.3859569998 }, "geometry": { "type": "Point", "coordinates": [ 15411848.074892, 5022970.385956999845803 ] } },
{ "type": "Feature", "properties": { "15380279.394525": 15412067.912277, "5025475.223726": 5023359.9376490004 }, "geometry": { "type": "Point", "coordinates": [ 15412067.912277, 5023359.937649000436068 ] } },
{ "type": "Feature", "properties": { "15380279.394525": 15412272.430919999, "5025475.223726": 5023705.0106830001 }, "geometry": { "type": "Point", "coordinates": [ 15412272.43092, 5023705.010683 ] } },
{ "type": "Feature", "properties": { "15380279.394525": 15412482.865933999, "5025475.223726": 5024046.1589829996 }, "geometry": { "type": "Point", "coordinates": [ 15412482.865934, 5024046.158982999622822 ] } },
{ "type": "Feature", "properties": { "15380279.394525": 15412697.770687001, "5025475.223726": 5024384.412521 }, "geometry": { "type": "Point", "coordinates": [ 15412697.770687, 5024384.412521 ] } },
{ "type": "Feature", "properties": { "15380279.394525": 15412915.698542999, "5025475.223726": 5024720.8012680002 }, "geometry": { "type": "Point", "coordinates": [ 15412915.698543, 5024720.801268000155687 ] } },
{ "type": "Feature", "properties": { "15380279.394525": 15413135.202865999, "5025475.223726": 5025056.3551960001 }, "geometry": { "type": "Point", "coordinates": [ 15413135.202866, 5025056.355196 ] } },
{ "type": "Feature", "properties": { "15380279.394525": 15411848.175979, "5025475.223726": 5021757.7655210001 }, "geometry": { "type": "Point", "coordinates": [ 15411848.175979, 5021757.765521000139415 ] } },
{ "type": "Feature", "properties": { "15380279.394525": 15415520.911242999, "5025475.223726": 5024428.0524009997 }, "geometry": { "type": "Point", "coordinates": [ 15415520.911243, 5024428.052400999702513 ] } },
{ "type": "Feature", "properties": { "15380279.394525": 15405883.905037999, "5025475.223726": 5005170.5717240004 }, "geometry": { "type": "Point", "coordinates": [ 15405883.905038, 5005170.571724000386894 ] } },
{ "type": "Feature", "properties": { "15380279.394525": 15406260.722480001, "5025475.223726": 5005155.4142800001 }, "geometry": { "type": "Point", "coordinates": [ 15406260.72248, 5005155.414280000142753 ] } },
{ "type": "Feature", "properties": { "15380279.394525": 15406637.413121, "5025475.223726": 5005140.1672289995 }, "geometry": { "type": "Point", "coordinates": [ 15406637.413121, 5005140.16722899954766 ] } },
{ "type": "Feature", "properties": { "15380279.394525": 15407014.034069, "5025475.223726": 5005124.7327389996 }, "geometry": { "type": "Point", "coordinates": [ 15407014.034069, 5005124.732738999649882 ] } },
{ "type": "Feature", "properties": { "15380279.394525": 15407390.642429, "5025475.223726": 5005109.0129770003 }, "geometry": { "type": "Point", "coordinates": [ 15407390.642429, 5005109.012977000325918 ] } },
{ "type": "Feature", "properties": { "15380279.394525": 15407767.29531, "5025475.223726": 5005092.9101099996 }, "geometry": { "type": "Point", "coordinates": [ 15407767.29531, 5005092.910109999589622 ] } },
{ "type": "Feature", "properties": { "15380279.394525": 15408144.049815999, "5025475.223726": 5005076.3263050001 }, "geometry": { "type": "Point", "coordinates": [ 15408144.049816, 5005076.326305000111461 ] } },
{ "type": "Feature", "properties": { "15380279.394525": 15408481.581467001, "5025475.223726": 5005061.0167789999 }, "geometry": { "type": "Point", "coordinates": [ 15408481.581467, 5005061.016779 ] } },
{ "type": "Feature", "properties": { "15380279.394525": 15408818.974370001, "5025475.223726": 5005045.3692319999 }, "geometry": { "type": "Point", "coordinates": [ 15408818.97437, 5005045.369231999851763 ] } },
{ "type": "Feature", "properties": { "15380279.394525": 15409156.357169, "5025475.223726": 5005029.4926509997 }, "geometry": { "type": "Point", "coordinates": [ 15409156.357169, 5005029.492650999687612 ] } },
{ "type": "Feature", "properties": { "15380279.394525": 15409493.858502001, "5025475.223726": 5005013.4960249998 }, "geometry": { "type": "Point", "coordinates": [ 15409493.858502, 5005013.496024999767542 ] } },
{ "type": "Feature", "properties": { "15380279.394525": 15404942.178046999, "5025475.223726": 5009914.2578290002 }, "geometry": { "type": "Point", "coordinates": [ 15404942.178047, 5009914.257829000242054 ] } },
{ "type": "Feature", "properties": { "15380279.394525": 15404954.590028999, "5025475.223726": 5009541.425756 }, "geometry": { "type": "Point", "coordinates": [ 15404954.590029, 5009541.425756 ] } },
{ "type": "Feature", "properties": { "15380279.394525": 15404966.014126999, "5025475.223726": 5009168.7332830001 }, "geometry": { "type": "Point", "coordinates": [ 15404966.014127, 5009168.733283 ] } },
{ "type": "Feature", "properties": { "15380279.394525": 15404975.457559001, "5025475.223726": 5008796.1643040003 }, "geometry": { "type": "Point", "coordinates": [ 15404975.457559, 5008796.164304000325501 ] } },
{ "type": "Feature", "properties": { "15380279.394525": 15404981.927540001, "5025475.223726": 5008423.7027139999 }, "geometry": { "type": "Point", "coordinates": [ 15404981.92754, 5008423.702713999897242 ] } },
{ "type": "Feature", "properties": { "15380279.394525": 15404984.431288, "5025475.223726": 5008051.3324079998 }, "geometry": { "type": "Point", "coordinates": [ 15404984.431288, 5008051.332407999783754 ] } },
{ "type": "Feature", "properties": { "15380279.394525": 15404981.976018, "5025475.223726": 5007679.0372810001 }, "geometry": { "type": "Point", "coordinates": [ 15404981.976018, 5007679.037281 ] } },
{ "type": "Feature", "properties": { "15380279.394525": 15404973.568947, "5025475.223726": 5007306.8012279999 }, "geometry": { "type": "Point", "coordinates": [ 15404973.568947, 5007306.801227999851108 ] } },
{ "type": "Feature", "properties": { "15380279.394525": 15404958.316661, "5025475.223726": 5006929.4048389997 }, "geometry": { "type": "Point", "coordinates": [ 15404958.316661, 5006929.404838999733329 ] } },
{ "type": "Feature", "properties": { "15380279.394525": 15404937.117321, "5025475.223726": 5006552.3016649997 }, "geometry": { "type": "Point", "coordinates": [ 15404937.117321, 5006552.301664999686182 ] } },
{ "type": "Feature", "properties": { "15380279.394525": 15404911.15918, "5025475.223726": 5006175.3962080004 }, "geometry": { "type": "Point", "coordinates": [ 15404911.15918, 5006175.39620800036937 ] } },
{ "type": "Feature", "properties": { "15380279.394525": 15404881.630487001, "5025475.223726": 5005798.5929699996 }, "geometry": { "type": "Point", "coordinates": [ 15404881.630487, 5005798.592969999648631 ] } },
{ "type": "Feature", "properties": { "15380279.394525": 15404849.719493, "5025475.223726": 5005421.7964549996 }, "geometry": { "type": "Point", "coordinates": [ 15404849.719493, 5005421.796454999595881 ] } },
{ "type": "Feature", "properties": { "15380279.394525": 15404816.614449, "5025475.223726": 5005044.9111649999 }, "geometry": { "type": "Point", "coordinates": [ 15404816.614449, 5005044.911165 ] } },
{ "type": "Feature", "properties": { "15380279.394525": 15411220.357984999, "5025475.223726": 5010416.9000650002 }, "geometry": { "type": "Point", "coordinates": [ 15411220.357985, 5010416.900065000168979 ] } },
{ "type": "Feature", "properties": { "15380279.394525": 15411080.240847001, "5025475.223726": 5010058.4217539998 }, "geometry": { "type": "Point", "coordinates": [ 15411080.240847, 5010058.421753999777138 ] } },
{ "type": "Feature", "properties": { "15380279.394525": 15410941.750352999, "5025475.223726": 5009699.5673200004 }, "geometry": { "type": "Point", "coordinates": [ 15410941.750353, 5009699.567320000380278 ] } },
{ "type": "Feature", "properties": { "15380279.394525": 15410806.463036999, "5025475.223726": 5009339.7801170005 }, "geometry": { "type": "Point", "coordinates": [ 15410806.463037, 5009339.780117000453174 ] } },
{ "type": "Feature", "properties": { "15380279.394525": 15410675.955433, "5025475.223726": 5008978.5034969999 }, "geometry": { "type": "Point", "coordinates": [ 15410675.955433, 5008978.503496999852359 ] } },
{ "type": "Feature", "properties": { "15380279.394525": 15410551.804074001, "5025475.223726": 5008615.1808139998 }, "geometry": { "type": "Point", "coordinates": [ 15410551.804074, 5008615.180813999846578 ] } },
{ "type": "Feature", "properties": { "15380279.394525": 15410435.585493, "5025475.223726": 5008249.2554209996 }, "geometry": { "type": "Point", "coordinates": [ 15410435.585493, 5008249.255420999601483 ] } },
{ "type": "Feature", "properties": { "15380279.394525": 15410321.911842, "5025475.223726": 5007857.2773019997 }, "geometry": { "type": "Point", "coordinates": [ 15410321.911842, 5007857.277301999740303 ] } },
{ "type": "Feature", "properties": { "15380279.394525": 15410216.975442, "5025475.223726": 5007462.768565 }, "geometry": { "type": "Point", "coordinates": [ 15410216.975442, 5007462.768565 ] } },
{ "type": "Feature", "properties": { "15380279.394525": 15410118.650428001, "5025475.223726": 5007066.3335069995 }, "geometry": { "type": "Point", "coordinates": [ 15410118.650428, 5007066.333506999537349 ] } },
{ "type": "Feature", "properties": { "15380279.394525": 15410024.810935, "5025475.223726": 5006668.5764250001 }, "geometry": { "type": "Point", "coordinates": [ 15410024.810935, 5006668.576425 ] } },
{ "type": "Feature", "properties": { "15380279.394525": 15409933.331098, "5025475.223726": 5006270.1016159998 }, "geometry": { "type": "Point", "coordinates": [ 15409933.331098, 5006270.101615999825299 ] } },
{ "type": "Feature", "properties": { "15380279.394525": 15409854.485703999, "5025475.223726": 5005924.3081949996 }, "geometry": { "type": "Point", "coordinates": [ 15409854.485704, 5005924.308194999583066 ] } },
{ "type": "Feature", "properties": { "15380279.394525": 15409775.857921001, "5025475.223726": 5005578.6990740001 }, "geometry": { "type": "Point", "coordinates": [ 15409775.857921, 5005578.699074000120163 ] } },
{ "type": "Feature", "properties": { "15380279.394525": 15409697.394983999, "5025475.223726": 5005233.2040919997 }, "geometry": { "type": "Point", "coordinates": [ 15409697.394984, 5005233.204091999679804 ] } },
{ "type": "Feature", "properties": { "15380279.394525": 15409619.044128001, "5025475.223726": 5004887.7530899998 }, "geometry": { "type": "Point", "coordinates": [ 15409619.044128, 5004887.753089999780059 ] } },
{ "type": "Feature", "properties": { "15380279.394525": 15409540.752589, "5025475.223726": 5004542.2759100003 }, "geometry": { "type": "Point", "coordinates": [ 15409540.752589, 5004542.275910000316799 ] } },
{ "type": "Feature", "properties": { "15380279.394525": 15409462.467603, "5025475.223726": 5004196.7023910005 }, "geometry": { "type": "Point", "coordinates": [ 15409462.467603, 5004196.702391000464559 ] } },
{ "type": "Feature", "properties": { "15380279.394525": 15409744.9857, "5025475.223726": 5000678.2067369996 }, "geometry": { "type": "Point", "coordinates": [ 15409744.9857, 5000678.206736999563873 ] } },
{ "type": "Feature", "properties": { "15380279.394525": 15409964.721998001, "5025475.223726": 5002248.9637259999 }, "geometry": { "type": "Point", "coordinates": [ 15409964.721998, 5002248.963726 ] } },
{ "type": "Feature", "properties": { "15380279.394525": 15409682.203901, "5025475.223726": 5014595.1136539998 }, "geometry": { "type": "Point", "coordinates": [ 15409682.203901, 5014595.113653999753296 ] } },
{ "type": "Feature", "properties": { "15380279.394525": 15409713.073821999, "5025475.223726": 5014210.6648620004 }, "geometry": { "type": "Point", "coordinates": [ 15409713.073822, 5014210.664862000383437 ] } },
{ "type": "Feature", "properties": { "15380279.394525": 15409743.983934, "5025475.223726": 5013826.1243939996 }, "geometry": { "type": "Point", "coordinates": [ 15409743.983934, 5013826.124393999576569 ] } },
{ "type": "Feature", "properties": { "15380279.394525": 15409775.014319001, "5025475.223726": 5013441.2455289997 }, "geometry": { "type": "Point", "coordinates": [ 15409775.014319, 5013441.245528999716043 ] } },
{ "type": "Feature", "properties": { "15380279.394525": 15409806.245057, "5025475.223726": 5013055.7815439999 }, "geometry": { "type": "Point", "coordinates": [ 15409806.245057, 5013055.781544 ] } },
{ "type": "Feature", "properties": { "15380279.394525": 15409837.756229, "5025475.223726": 5012669.4857139997 }, "geometry": { "type": "Point", "coordinates": [ 15409837.756229, 5012669.485713999718428 ] } },
{ "type": "Feature", "properties": { "15380279.394525": 15409869.627916001, "5025475.223726": 5012282.1113189999 }, "geometry": { "type": "Point", "coordinates": [ 15409869.627916, 5012282.111319 ] } },
{ "type": "Feature", "properties": { "15380279.394525": 15409901.940198001, "5025475.223726": 5011893.411634 }, "geometry": { "type": "Point", "coordinates": [ 15409901.940198, 5011893.411634 ] } },
{ "type": "Feature", "properties": { "15380279.394525": 15409933.696799001, "5025475.223726": 5011533.737342 }, "geometry": { "type": "Point", "coordinates": [ 15409933.696799, 5011533.737342 ] } },
{ "type": "Feature", "properties": { "15380279.394525": 15409974.862663001, "5025475.223726": 5011176.181349 }, "geometry": { "type": "Point", "coordinates": [ 15409974.862663, 5011176.181349 ] } },
{ "type": "Feature", "properties": { "15380279.394525": 15410034.50137, "5025475.223726": 5010823.8201759998 }, "geometry": { "type": "Point", "coordinates": [ 15410034.50137, 5010823.820175999775529 ] } },
{ "type": "Feature", "properties": { "15380279.394525": 15410121.676495999, "5025475.223726": 5010479.7303449996 }, "geometry": { "type": "Point", "coordinates": [ 15410121.676496, 5010479.730344999581575 ] } },
{ "type": "Feature", "properties": { "15380279.394525": 15410245.299921, "5025475.223726": 5010139.2209569998 }, "geometry": { "type": "Point", "coordinates": [ 15410245.299921, 5010139.22095699980855 ] } },
{ "type": "Feature", "properties": { "15380279.394525": 15410397.474021001, "5025475.223726": 5009807.9136330001 }, "geometry": { "type": "Point", "coordinates": [ 15410397.474021, 5009807.913633000105619 ] } },
{ "type": "Feature", "properties": { "15380279.394525": 15410568.703857001, "5025475.223726": 5009482.6556970002 }, "geometry": { "type": "Point", "coordinates": [ 15410568.703857, 5009482.655697000212967 ] } },
{ "type": "Feature", "properties": { "15380279.394525": 15410749.494489999, "5025475.223726": 5009160.2944740001 }, "geometry": { "type": "Point", "coordinates": [ 15410749.49449, 5009160.294474000111222 ] } },
{ "type": "Feature", "properties": { "15380279.394525": 15412695.730271, "5025475.223726": 5018522.0061250003 }, "geometry": { "type": "Point", "coordinates": [ 15412695.730271, 5018522.006125000305474 ] } },
{ "type": "Feature", "properties": { "15380279.394525": 15412738.741513999, "5025475.223726": 5018131.2108629998 }, "geometry": { "type": "Point", "coordinates": [ 15412738.741514, 5018131.210862999781966 ] } },
{ "type": "Feature", "properties": { "15380279.394525": 15412781.969152, "5025475.223726": 5017740.5613529999 }, "geometry": { "type": "Point", "coordinates": [ 15412781.969152, 5017740.56135299988091 ] } },
{ "type": "Feature", "properties": { "15380279.394525": 15412825.649929, "5025475.223726": 5017350.0401349999 }, "geometry": { "type": "Point", "coordinates": [ 15412825.649929, 5017350.040135 ] } },
{ "type": "Feature", "properties": { "15380279.394525": 15412870.020586001, "5025475.223726": 5016959.6297469996 }, "geometry": { "type": "Point", "coordinates": [ 15412870.020586, 5016959.629746999591589 ] } },
{ "type": "Feature", "properties": { "15380279.394525": 15412915.317867, "5025475.223726": 5016569.3127300004 }, "geometry": { "type": "Point", "coordinates": [ 15412915.317867, 5016569.31273000035435 ] } },
{ "type": "Feature", "properties": { "15380279.394525": 15412961.778512999, "5025475.223726": 5016179.0716230003 }, "geometry": { "type": "Point", "coordinates": [ 15412961.778513, 5016179.071623000316322 ] } },
{ "type": "Feature", "properties": { "15380279.394525": 15413009.639268, "5025475.223726": 5015788.8889650004 }, "geometry": { "type": "Point", "coordinates": [ 15413009.639268, 5015788.888965000398457 ] } },
{ "type": "Feature", "properties": { "15380279.394525": 15413055.844474001, "5025475.223726": 5015423.8351509999 }, "geometry": { "type": "Point", "coordinates": [ 15413055.844474, 5015423.835151 ] } },
{ "type": "Feature", "properties": { "15380279.394525": 15413103.313615, "5025475.223726": 5015059.0278979996 }, "geometry": { "type": "Point", "coordinates": [ 15413103.313615, 5015059.027897999621928 ] } },
{ "type": "Feature", "properties": { "15380279.394525": 15413151.907733999, "5025475.223726": 5014694.4279279998 }, "geometry": { "type": "Point", "coordinates": [ 15413151.907734, 5014694.42792799975723 ] } },
{ "type": "Feature", "properties": { "15380279.394525": 15413201.487875, "5025475.223726": 5014329.9959629998 }, "geometry": { "type": "Point", "coordinates": [ 15413201.487875, 5014329.995962999761105 ] } },
{ "type": "Feature", "properties": { "15380279.394525": 15413251.915082, "5025475.223726": 5013965.6927270005 }, "geometry": { "type": "Point", "coordinates": [ 15413251.915082, 5013965.692727000452578 ] } },
{ "type": "Feature", "properties": { "15380279.394525": 15413303.0504, "5025475.223726": 5013601.4789410001 }, "geometry": { "type": "Point", "coordinates": [ 15413303.0504, 5013601.478941 ] } },
{ "type": "Feature", "properties": { "15380279.394525": 15413354.754873, "5025475.223726": 5013237.3153280001 }, "geometry": { "type": "Point", "coordinates": [ 15413354.754873, 5013237.315328000113368 ] } },
{ "type": "Feature", "properties": { "15380279.394525": 15413406.889544999, "5025475.223726": 5012873.1626110002 }, "geometry": { "type": "Point", "coordinates": [ 15413406.889545, 5012873.162611000239849 ] } },
{ "type": "Feature", "properties": { "15380279.394525": 15413459.31546, "5025475.223726": 5012508.9815109996 }, "geometry": { "type": "Point", "coordinates": [ 15413459.31546, 5012508.98151099961251 ] } },
{ "type": "Feature", "properties": { "15380279.394525": 15413511.893663, "5025475.223726": 5012144.732752 }, "geometry": { "type": "Point", "coordinates": [ 15413511.893663, 5012144.732752 ] } },
{ "type": "Feature", "properties": { "15380279.394525": 15413511.893663, "5025475.223726": 5011170.8634190001 }, "geometry": { "type": "Point", "coordinates": [ 15413511.893663, 5011170.863419 ] } },
{ "type": "Feature", "properties": { "15380279.394525": 15413271.137016, "5025475.223726": 5010837.9552969998 }, "geometry": { "type": "Point", "coordinates": [ 15413271.137016, 5010837.955296999774873 ] } },
{ "type": "Feature", "properties": { "15380279.394525": 15413037.242215, "5025475.223726": 5010501.9940060005 }, "geometry": { "type": "Point", "coordinates": [ 15413037.242215, 5010501.994006000459194 ] } },
{ "type": "Feature", "properties": { "15380279.394525": 15412816.996677, "5025475.223726": 5010159.7035079999 }, "geometry": { "type": "Point", "coordinates": [ 15412816.996677, 5010159.703507999889553 ] } },
{ "type": "Feature", "properties": { "15380279.394525": 15412617.187824, "5025475.223726": 5009807.807763 }, "geometry": { "type": "Point", "coordinates": [ 15412617.187824, 5009807.807763 ] } },
{ "type": "Feature", "properties": { "15380279.394525": 15412444.603073001, "5025475.223726": 5009443.0307320002 }, "geometry": { "type": "Point", "coordinates": [ 15412444.603073, 5009443.030732000246644 ] } },
{ "type": "Feature", "properties": { "15380279.394525": 15412323.785817999, "5025475.223726": 5009123.4579400001 }, "geometry": { "type": "Point", "coordinates": [ 15412323.785818, 5009123.457940000109375 ] } },
{ "type": "Feature", "properties": { "15380279.394525": 15412223.382784, "5025475.223726": 5008795.3185740001 }, "geometry": { "type": "Point", "coordinates": [ 15412223.382784, 5008795.318574000149965 ] } },
{ "type": "Feature", "properties": { "15380279.394525": 15412139.417195, "5025475.223726": 5008461.1763199996 }, "geometry": { "type": "Point", "coordinates": [ 15412139.417195, 5008461.176319999620318 ] } },
{ "type": "Feature", "properties": { "15380279.394525": 15412067.912277, "5025475.223726": 5008123.5948620001 }, "geometry": { "type": "Point", "coordinates": [ 15412067.912277, 5008123.594862 ] } },
{ "type": "Feature", "properties": { "15380279.394525": 15411999.895362001, "5025475.223726": 5007752.9251279999 }, "geometry": { "type": "Point", "coordinates": [ 15411999.895362, 5007752.925127999857068 ] } },
{ "type": "Feature", "properties": { "15380279.394525": 15411940.462244, "5025475.223726": 5007381.730858 }, "geometry": { "type": "Point", "coordinates": [ 15411940.462244, 5007381.730858 ] } },
{ "type": "Feature", "properties": { "15380279.394525": 15411887.884701001, "5025475.223726": 5007010.0826289998 }, "geometry": { "type": "Point", "coordinates": [ 15411887.884701, 5007010.082628999836743 ] } },
{ "type": "Feature", "properties": { "15380279.394525": 15411840.434508, "5025475.223726": 5006638.0510160001 }, "geometry": { "type": "Point", "coordinates": [ 15411840.434508, 5006638.051016 ] } },
{ "type": "Feature", "properties": { "15380279.394525": 15411796.383443, "5025475.223726": 5006265.7065939996 }, "geometry": { "type": "Point", "coordinates": [ 15411796.383443, 5006265.706593999639153 ] } },
{ "type": "Feature", "properties": { "15380279.394525": 15411754.003280001, "5025475.223726": 5005893.1199390003 }, "geometry": { "type": "Point", "coordinates": [ 15411754.00328, 5005893.119939000345767 ] } },
{ "type": "Feature", "properties": { "15380279.394525": 15415081.438647, "5025475.223726": 5010699.6363230003 }, "geometry": { "type": "Point", "coordinates": [ 15415081.438647, 5010699.636323000304401 ] } },
{ "type": "Feature", "properties": { "15380279.394525": 15414989.972763, "5025475.223726": 5010321.5451920005 }, "geometry": { "type": "Point", "coordinates": [ 15414989.972763, 5010321.545192000456154 ] } },
{ "type": "Feature", "properties": { "15380279.394525": 15414891.611167001, "5025475.223726": 5009946.9668359999 }, "geometry": { "type": "Point", "coordinates": [ 15414891.611167, 5009946.96683599986136 ] } },
{ "type": "Feature", "properties": { "15380279.394525": 15414779.339803001, "5025475.223726": 5009579.2262340002 }, "geometry": { "type": "Point", "coordinates": [ 15414779.339803, 5009579.226234000176191 ] } },
{ "type": "Feature", "properties": { "15380279.394525": 15414646.144617001, "5025475.223726": 5009221.6483669998 }, "geometry": { "type": "Point", "coordinates": [ 15414646.144617, 5009221.648366999812424 ] } },
{ "type": "Feature", "properties": { "15380279.394525": 15414485.011553001, "5025475.223726": 5008877.558216 }, "geometry": { "type": "Point", "coordinates": [ 15414485.011553, 5008877.558216 ] } },
{ "type": "Feature", "properties": { "15380279.394525": 15414234.155787, "5025475.223726": 5008462.2658470003 }, "geometry": { "type": "Point", "coordinates": [ 15414234.155787, 5008462.265847000293434 ] } },
{ "type": "Feature", "properties": { "15380279.394525": 15413945.509855, "5025475.223726": 5008066.9830149999 }, "geometry": { "type": "Point", "coordinates": [ 15413945.509855, 5008066.983014999888837 ] } },
{ "type": "Feature", "properties": { "15380279.394525": 15413637.457261, "5025475.223726": 5007683.7829050003 }, "geometry": { "type": "Point", "coordinates": [ 15413637.457261, 5007683.782905000261962 ] } },
{ "type": "Feature", "properties": { "15380279.394525": 15413323.953670001, "5025475.223726": 5007304.2001109999 }, "geometry": { "type": "Point", "coordinates": [ 15413323.95367, 5007304.20011099986732 ] } },
{ "type": "Feature", "properties": { "15380279.394525": 15413010.014067, "5025475.223726": 5006927.8187389998 }, "geometry": { "type": "Point", "coordinates": [ 15413010.014067, 5006927.818738999776542 ] } },
{ "type": "Feature", "properties": { "15380279.394525": 15412695.730271, "5025475.223726": 5006552.837874 }, "geometry": { "type": "Point", "coordinates": [ 15412695.730271, 5006552.837874 ] } },
{ "type": "Feature", "properties": { "15380279.394525": 15415787.733890001, "5025475.223726": 5019118.8937799996 }, "geometry": { "type": "Point", "coordinates": [ 15415787.73389, 5019118.893779999576509 ] } },
{ "type": "Feature", "properties": { "15380279.394525": 15417529.928823, "5025475.223726": 5023878.287455 }, "geometry": { "type": "Point", "coordinates": [ 15417529.928823, 5023878.287455 ] } },
{ "type": "Feature", "properties": { "15380279.394525": 15411785.39418, "5025475.223726": 5021710.6428110003 }, "geometry": { "type": "Point", "coordinates": [ 15411785.39418, 5021710.642811000347137 ] } },
{ "type": "Feature", "properties": { "15380279.394525": 15415552.302143, "5025475.223726": 5024443.7599710003 }, "geometry": { "type": "Point", "coordinates": [ 15415552.302143, 5024443.759971000254154 ] } },
{ "type": "Feature", "properties": { "15380279.394525": 15407359.277324, "5025475.223726": 5024255.2691320004 }, "geometry": { "type": "Point", "coordinates": [ 15407359.277324, 5024255.269132000394166 ] } },
{ "type": "Feature", "properties": { "15380279.394525": 15407155.028549001, "5025475.223726": 5023693.9217459997 }, "geometry": { "type": "Point", "coordinates": [ 15407155.028549, 5023693.921745999716222 ] } },
{ "type": "Feature", "properties": { "15380279.394525": 15406954.7983, "5025475.223726": 5023131.7121339999 }, "geometry": { "type": "Point", "coordinates": [ 15406954.7983, 5023131.712134 ] } },
{ "type": "Feature", "properties": { "15380279.394525": 15406762.519738, "5025475.223726": 5022567.4399570003 }, "geometry": { "type": "Point", "coordinates": [ 15406762.519738, 5022567.439957000315189 ] } },
{ "type": "Feature", "properties": { "15380279.394525": 15406582.126027999, "5025475.223726": 5021999.9048760002 }, "geometry": { "type": "Point", "coordinates": [ 15406582.126028, 5021999.904876000247896 ] } },
{ "type": "Feature", "properties": { "15380279.394525": 15406417.550333001, "5025475.223726": 5021427.9065530002 }, "geometry": { "type": "Point", "coordinates": [ 15406417.550333, 5021427.906553000211716 ] } },
{ "type": "Feature", "properties": { "15380279.394525": 15406286.907209, "5025475.223726": 5020915.6250280002 }, "geometry": { "type": "Point", "coordinates": [ 15406286.907209, 5020915.625028000213206 ] } },
{ "type": "Feature", "properties": { "15380279.394525": 15406168.956660001, "5025475.223726": 5020400.0930059999 }, "geometry": { "type": "Point", "coordinates": [ 15406168.95666, 5020400.093006 ] } },
{ "type": "Feature", "properties": { "15380279.394525": 15406060.686578, "5025475.223726": 5019882.0471270001 }, "geometry": { "type": "Point", "coordinates": [ 15406060.686578, 5019882.047127 ] } },
{ "type": "Feature", "properties": { "15380279.394525": 15405959.084852999, "5025475.223726": 5019362.2240359997 }, "geometry": { "type": "Point", "coordinates": [ 15405959.084853, 5019362.22403599973768 ] } },
{ "type": "Feature", "properties": { "15380279.394525": 15405861.139377, "5025475.223726": 5018841.3603739999 }, "geometry": { "type": "Point", "coordinates": [ 15405861.139377, 5018841.360374 ] } },
{ "type": "Feature", "properties": { "15380279.394525": 15405763.838042, "5025475.223726": 5018320.1927840002 }, "geometry": { "type": "Point", "coordinates": [ 15405763.838042, 5018320.192784000188112 ] } },
{ "type": "Feature", "properties": { "15380279.394525": 15405664.168740001, "5025475.223726": 5017799.4579100003 }, "geometry": { "type": "Point", "coordinates": [ 15405664.16874, 5017799.457910000346601 ] } },
{ "type": "Feature", "properties": { "15380279.394525": 15405557.773602, "5025475.223726": 5017269.8349780003 }, "geometry": { "type": "Point", "coordinates": [ 15405557.773602, 5017269.83497800026089 ] } },
{ "type": "Feature", "properties": { "15380279.394525": 15405446.996142, "5025475.223726": 5016741.546503 }, "geometry": { "type": "Point", "coordinates": [ 15405446.996142, 5016741.546503 ] } },
{ "type": "Feature", "properties": { "15380279.394525": 15405332.912633, "5025475.223726": 5016214.1823199997 }, "geometry": { "type": "Point", "coordinates": [ 15405332.912633, 5016214.182319999672472 ] } },
{ "type": "Feature", "properties": { "15380279.394525": 15405216.599344, "5025475.223726": 5015687.3322639996 }, "geometry": { "type": "Point", "coordinates": [ 15405216.599344, 5015687.33226399961859 ] } },
{ "type": "Feature", "properties": { "15380279.394525": 15405099.132546, "5025475.223726": 5015160.58617 }, "geometry": { "type": "Point", "coordinates": [ 15405099.132546, 5015160.58617 ] } },
{ "type": "Feature", "properties": { "15380279.394525": 15415599.388491999, "5025475.223726": 5025480.4595830003 }, "geometry": { "type": "Point", "coordinates": [ 15415599.388492, 5025480.459583000279963 ] } },
{ "type": "Feature", "properties": { "15380279.394525": 15416050.487103, "5025475.223726": 5025093.3913059998 }, "geometry": { "type": "Point", "coordinates": [ 15416050.487103, 5025093.391305999830365 ] } },
{ "type": "Feature", "properties": { "15380279.394525": 15416509.337938, "5025475.223726": 5024719.8567909999 }, "geometry": { "type": "Point", "coordinates": [ 15416509.337938, 5024719.856790999881923 ] } },
{ "type": "Feature", "properties": { "15380279.394525": 15416984.077545, "5025475.223726": 5024373.2033500001 }, "geometry": { "type": "Point", "coordinates": [ 15416984.077545, 5024373.20335 ] } },
{ "type": "Feature", "properties": { "15380279.394525": 15417482.842473, "5025475.223726": 5024066.7782939998 }, "geometry": { "type": "Point", "coordinates": [ 15417482.842473, 5024066.778293999843299 ] } },
{ "type": "Feature", "properties": { "15380279.394525": 15417954.348314, "5025475.223726": 5023834.005349 }, "geometry": { "type": "Point", "coordinates": [ 15417954.348314, 5023834.005349 ] } },
{ "type": "Feature", "properties": { "15380279.394525": 15418443.410845, "5025475.223726": 5023633.515718 }, "geometry": { "type": "Point", "coordinates": [ 15418443.410845, 5023633.515718 ] } },
{ "type": "Feature", "properties": { "15380279.394525": 15418942.519308999, "5025475.223726": 5023454.1830679998 }, "geometry": { "type": "Point", "coordinates": [ 15418942.519309, 5023454.183067999780178 ] } },
{ "type": "Feature", "properties": { "15380279.394525": 15419496.002172001, "5025475.223726": 5023270.1884329999 }, "geometry": { "type": "Point", "coordinates": [ 15419496.002172, 5023270.188432999886572 ] } },
{ "type": "Feature", "properties": { "15380279.394525": 15420051.414317001, "5025475.223726": 5023096.6375829997 }, "geometry": { "type": "Point", "coordinates": [ 15420051.414317, 5023096.637582999654114 ] } },
{ "type": "Feature", "properties": { "15380279.394525": 15420608.420464, "5025475.223726": 5022931.4172259998 }, "geometry": { "type": "Point", "coordinates": [ 15420608.420464, 5022931.417225999757648 ] } },
{ "type": "Feature", "properties": { "15380279.394525": 15421166.685334001, "5025475.223726": 5022772.4140659999 }, "geometry": { "type": "Point", "coordinates": [ 15421166.685334, 5022772.414066 ] } },
{ "type": "Feature", "properties": { "15380279.394525": 15421725.873648001, "5025475.223726": 5022617.5148109999 }, "geometry": { "type": "Point", "coordinates": [ 15421725.873648, 5022617.514810999855399 ] } },
{ "type": "Feature", "properties": { "15380279.394525": 15422285.650126001, "5025475.223726": 5022464.6061650002 }, "geometry": { "type": "Point", "coordinates": [ 15422285.650126, 5022464.606165000237525 ] } },
{ "type": "Feature", "properties": { "15380279.394525": 15418283.310416, "5025475.223726": 5024962.1097769998 }, "geometry": { "type": "Point", "coordinates": [ 15418283.310416, 5024962.109776999801397 ] } },
{ "type": "Feature", "properties": { "15380279.394525": 15421485.182184, "5025475.223726": 5024632.2508089999 }, "geometry": { "type": "Point", "coordinates": [ 15421485.182184, 5024632.250808999873698 ] } },
{ "type": "Feature", "properties": { "15380279.394525": 15405130.523445999, "5025475.223726": 4995651.7843749998 }, "geometry": { "type": "Point", "coordinates": [ 15405130.523446, 4995651.784374999813735 ] } },
{ "type": "Feature", "properties": { "15380279.394525": 15405695.55964, "5025475.223726": 4993358.4791719997 }, "geometry": { "type": "Point", "coordinates": [ 15405695.55964, 4993358.47917199973017 ] } },
{ "type": "Feature", "properties": { "15380279.394525": 15405883.905037999, "5025475.223726": 4990562.5317329997 }, "geometry": { "type": "Point", "coordinates": [ 15405883.905038, 4990562.531732999719679 ] } },
{ "type": "Feature", "properties": { "15380279.394525": 15405946.686837999, "5025475.223726": 4989054.6050239997 }, "geometry": { "type": "Point", "coordinates": [ 15405946.686838, 4989054.60502399969846 ] } },
{ "type": "Feature", "properties": { "15380279.394525": 15404188.796455, "5025475.223726": 4999924.2433829997 }, "geometry": { "type": "Point", "coordinates": [ 15404188.796455, 4999924.243382999673486 ] } },
{ "type": "Feature", "properties": { "15380279.394525": 15404393.887295, "5025475.223726": 4999543.7249060003 }, "geometry": { "type": "Point", "coordinates": [ 15404393.887295, 4999543.724906000308692 ] } },
{ "type": "Feature", "properties": { "15380279.394525": 15404599.319421999, "5025475.223726": 4999163.5219200002 }, "geometry": { "type": "Point", "coordinates": [ 15404599.319422, 4999163.521920000202954 ] } },
{ "type": "Feature", "properties": { "15380279.394525": 15404805.503922001, "5025475.223726": 4998783.8754930003 }, "geometry": { "type": "Point", "coordinates": [ 15404805.503922, 4998783.875493000261486 ] } },
{ "type": "Feature", "properties": { "15380279.394525": 15405012.851880001, "5025475.223726": 4998405.0266869999 }, "geometry": { "type": "Point", "coordinates": [ 15405012.85188, 4998405.026687 ] } },
{ "type": "Feature", "properties": { "15380279.394525": 15405221.774381001, "5025475.223726": 4998027.2165670004 }, "geometry": { "type": "Point", "coordinates": [ 15405221.774381, 4998027.216567000374198 ] } },
{ "type": "Feature", "properties": { "15380279.394525": 15405432.682508999, "5025475.223726": 4997650.6861990001 }, "geometry": { "type": "Point", "coordinates": [ 15405432.682509, 4997650.686199000105262 ] } },
{ "type": "Feature", "properties": { "15380279.394525": 15405645.98735, "5025475.223726": 4997275.676647 }, "geometry": { "type": "Point", "coordinates": [ 15405645.98735, 4997275.676647 ] } },
{ "type": "Feature", "properties": { "15380279.394525": 15405862.099989999, "5025475.223726": 4996902.4289769996 }, "geometry": { "type": "Point", "coordinates": [ 15405862.09999, 4996902.428976999595761 ] } },
{ "type": "Feature", "properties": { "15380279.394525": 15406081.431512, "5025475.223726": 4996531.1842510002 }, "geometry": { "type": "Point", "coordinates": [ 15406081.431512, 4996531.18425100017339 ] } },
{ "type": "Feature", "properties": { "15380279.394525": 15406304.393003, "5025475.223726": 4996162.1835359996 }, "geometry": { "type": "Point", "coordinates": [ 15406304.393003, 4996162.183535999618471 ] } },
{ "type": "Feature", "properties": { "15380279.394525": 15406531.395547001, "5025475.223726": 4995795.6678959997 }, "geometry": { "type": "Point", "coordinates": [ 15406531.395547, 4995795.667895999737084 ] } },
{ "type": "Feature", "properties": { "15380279.394525": 15406762.850229001, "5025475.223726": 4995431.8783959998 }, "geometry": { "type": "Point", "coordinates": [ 15406762.850229, 4995431.878395999781787 ] } },
{ "type": "Feature", "properties": { "15380279.394525": 15407004.592907, "5025475.223726": 4995062.2277960004 }, "geometry": { "type": "Point", "coordinates": [ 15407004.592907, 4995062.227796000428498 ] } },
{ "type": "Feature", "properties": { "15380279.394525": 15407249.946792999, "5025475.223726": 4994694.9512320003 }, "geometry": { "type": "Point", "coordinates": [ 15407249.946793, 4994694.951232000254095 ] } },
{ "type": "Feature", "properties": { "15380279.394525": 15407497.572792999, "5025475.223726": 4994329.1494079996 }, "geometry": { "type": "Point", "coordinates": [ 15407497.572793, 4994329.149407999590039 ] } },
{ "type": "Feature", "properties": { "15380279.394525": 15407746.131815, "5025475.223726": 4993963.9230319997 }, "geometry": { "type": "Point", "coordinates": [ 15407746.131815, 4993963.923031999729574 ] } },
{ "type": "Feature", "properties": { "15380279.394525": 15407994.284767, "5025475.223726": 4993598.3728090003 }, "geometry": { "type": "Point", "coordinates": [ 15407994.284767, 4993598.372809000313282 ] } },
{ "type": "Feature", "properties": { "15380279.394525": 15408240.692554999, "5025475.223726": 4993231.5994450003 }, "geometry": { "type": "Point", "coordinates": [ 15408240.692555, 4993231.599445000290871 ] } },
{ "type": "Feature", "properties": { "15380279.394525": 15408484.016086999, "5025475.223726": 4992862.7036469998 }, "geometry": { "type": "Point", "coordinates": [ 15408484.016087, 4992862.703646999783814 ] } },
{ "type": "Feature", "properties": { "15380279.394525": 15408722.916270999, "5025475.223726": 4992490.7861200003 }, "geometry": { "type": "Point", "coordinates": [ 15408722.916271, 4992490.786120000295341 ] } },
{ "type": "Feature", "properties": { "15380279.394525": 15408956.054013001, "5025475.223726": 4992114.9475699998 }, "geometry": { "type": "Point", "coordinates": [ 15408956.054013, 4992114.947569999843836 ] } },
{ "type": "Feature", "properties": { "15380279.394525": 15409182.090221999, "5025475.223726": 4991734.2887040004 }, "geometry": { "type": "Point", "coordinates": [ 15409182.090222, 4991734.288704000413418 ] } },
{ "type": "Feature", "properties": { "15380279.394525": 15409399.685803, "5025475.223726": 4991347.9102269998 }, "geometry": { "type": "Point", "coordinates": [ 15409399.685803, 4991347.910226999782026 ] } },
{ "type": "Feature", "properties": { "15380279.394525": 15409594.256100999, "5025475.223726": 4990982.847147 }, "geometry": { "type": "Point", "coordinates": [ 15409594.256101, 4990982.847147 ] } },
{ "type": "Feature", "properties": { "15380279.394525": 15409783.96057, "5025475.223726": 4990614.8082659999 }, "geometry": { "type": "Point", "coordinates": [ 15409783.96057, 4990614.808265999890864 ] } },
{ "type": "Feature", "properties": { "15380279.394525": 15409972.585059, "5025475.223726": 4990246.3837519996 }, "geometry": { "type": "Point", "coordinates": [ 15409972.585059, 4990246.383751999586821 ] } },
{ "type": "Feature", "properties": { "15380279.394525": 15410163.915421, "5025475.223726": 4989880.1637700005 }, "geometry": { "type": "Point", "coordinates": [ 15410163.915421, 4989880.163770000450313 ] } },
{ "type": "Feature", "properties": { "15380279.394525": 15410361.737503, "5025475.223726": 4989518.7384890001 }, "geometry": { "type": "Point", "coordinates": [ 15410361.737503, 4989518.738489000126719 ] } },
{ "type": "Feature", "properties": { "15380279.394525": 15410569.837159, "5025475.223726": 4989164.6980729997 }, "geometry": { "type": "Point", "coordinates": [ 15410569.837159, 4989164.698072999715805 ] } },
{ "type": "Feature", "properties": { "15380279.394525": 15410792.000236001, "5025475.223726": 4988820.6326909997 }, "geometry": { "type": "Point", "coordinates": [ 15410792.000236, 4988820.632690999656916 ] } },
{ "type": "Feature", "properties": { "15380279.394525": 15411032.012587, "5025475.223726": 4988489.1325080004 }, "geometry": { "type": "Point", "coordinates": [ 15411032.012587, 4988489.132508000358939 ] } },
{ "type": "Feature", "properties": { "15380279.394525": 15411323.881732, "5025475.223726": 4988136.621572 }, "geometry": { "type": "Point", "coordinates": [ 15411323.881732, 4988136.621572 ] } },
{ "type": "Feature", "properties": { "15380279.394525": 15411638.904348999, "5025475.223726": 4987801.9962489996 }, "geometry": { "type": "Point", "coordinates": [ 15411638.904349, 4987801.996248999610543 ] } },
{ "type": "Feature", "properties": { "15380279.394525": 15411973.739577999, "5025475.223726": 4987483.8480359996 }, "geometry": { "type": "Point", "coordinates": [ 15411973.739578, 4987483.848035999573767 ] } },
{ "type": "Feature", "properties": { "15380279.394525": 15412338.017690999, "5025475.223726": 4987171.4051120002 }, "geometry": { "type": "Point", "coordinates": [ 15412338.017691, 4987171.405112000182271 ] } },
{ "type": "Feature", "properties": { "15380279.394525": 15412718.672873, "5025475.223726": 4986879.4316750001 }, "geometry": { "type": "Point", "coordinates": [ 15412718.672873, 4986879.431675000116229 ] } },
{ "type": "Feature", "properties": { "15380279.394525": 15413114.951667, "5025475.223726": 4986611.736114 }, "geometry": { "type": "Point", "coordinates": [ 15413114.951667, 4986611.736114 ] } },
{ "type": "Feature", "properties": { "15380279.394525": 15413526.100615, "5025475.223726": 4986372.1268140003 }, "geometry": { "type": "Point", "coordinates": [ 15413526.100615, 4986372.126814000308514 ] } },
{ "type": "Feature", "properties": { "15380279.394525": 15413951.366257999, "5025475.223726": 4986164.4121650001 }, "geometry": { "type": "Point", "coordinates": [ 15413951.366258, 4986164.412165000103414 ] } },
{ "type": "Feature", "properties": { "15380279.394525": 15414312.507536, "5025475.223726": 4986018.9004699998 }, "geometry": { "type": "Point", "coordinates": [ 15414312.507536, 4986018.900469999760389 ] } },
{ "type": "Feature", "properties": { "15380279.394525": 15414681.561549, "5025475.223726": 4985895.2129720002 }, "geometry": { "type": "Point", "coordinates": [ 15414681.561549, 4985895.21297200024128 ] } },
{ "type": "Feature", "properties": { "15380279.394525": 15415057.550547, "5025475.223726": 4985790.6112289997 }, "geometry": { "type": "Point", "coordinates": [ 15415057.550547, 4985790.611228999681771 ] } },
{ "type": "Feature", "properties": { "15380279.394525": 15415439.496780001, "5025475.223726": 4985702.3567979997 }, "geometry": { "type": "Point", "coordinates": [ 15415439.49678, 4985702.356797999702394 ] } },
{ "type": "Feature", "properties": { "15380279.394525": 15415826.422498001, "5025475.223726": 4985627.7112349998 }, "geometry": { "type": "Point", "coordinates": [ 15415826.422498, 4985627.71123499982059 ] } },
{ "type": "Feature", "properties": { "15380279.394525": 15416217.349951999, "5025475.223726": 4985563.936098 }, "geometry": { "type": "Point", "coordinates": [ 15416217.349952, 4985563.936098 ] } },
{ "type": "Feature", "properties": { "15380279.394525": 15416611.301391, "5025475.223726": 4985508.2929440001 }, "geometry": { "type": "Point", "coordinates": [ 15416611.301391, 4985508.29294400010258 ] } },
{ "type": "Feature", "properties": { "15380279.394525": 15417007.299064999, "5025475.223726": 4985458.0433289995 }, "geometry": { "type": "Point", "coordinates": [ 15417007.299065, 4985458.0433289995417 ] } },
{ "type": "Feature", "properties": { "15380279.394525": 15417404.365224, "5025475.223726": 4985410.4488110002 }, "geometry": { "type": "Point", "coordinates": [ 15417404.365224, 4985410.448811000213027 ] } },
{ "type": "Feature", "properties": { "15380279.394525": 15410780.88539, "5025475.223726": 4985473.2790900003 }, "geometry": { "type": "Point", "coordinates": [ 15410780.88539, 4985473.279090000316501 ] } },
{ "type": "Feature", "properties": { "15380279.394525": 15411126.185286, "5025475.223726": 4988269.2265299996 }, "geometry": { "type": "Point", "coordinates": [ 15411126.185286, 4988269.226529999636114 ] } },
{ "type": "Feature", "properties": { "15380279.394525": 15420637.627892001, "5025475.223726": 5014013.9335679999 }, "geometry": { "type": "Point", "coordinates": [ 15420637.627892, 5014013.933567999862134 ] } },
{ "type": "Feature", "properties": { "15380279.394525": 15420527.402011, "5025475.223726": 5014584.9035329996 }, "geometry": { "type": "Point", "coordinates": [ 15420527.402011, 5014584.903532999567688 ] } },
{ "type": "Feature", "properties": { "15380279.394525": 15420420.034319, "5025475.223726": 5015155.8773649996 }, "geometry": { "type": "Point", "coordinates": [ 15420420.034319, 5015155.877364999614656 ] } },
{ "type": "Feature", "properties": { "15380279.394525": 15420318.365865, "5025475.223726": 5015727.099618 }, "geometry": { "type": "Point", "coordinates": [ 15420318.365865, 5015727.099618 ] } },
{ "type": "Feature", "properties": { "15380279.394525": 15420225.237694001, "5025475.223726": 5016298.8148450004 }, "geometry": { "type": "Point", "coordinates": [ 15420225.237694, 5016298.814845000393689 ] } },
{ "type": "Feature", "properties": { "15380279.394525": 15420143.490853, "5025475.223726": 5016871.2675970001 }, "geometry": { "type": "Point", "coordinates": [ 15420143.490853, 5016871.26759700011462 ] } },
{ "type": "Feature", "properties": { "15380279.394525": 15420075.966389, "5025475.223726": 5017444.7024269998 }, "geometry": { "type": "Point", "coordinates": [ 15420075.966389, 5017444.702426999807358 ] } },
{ "type": "Feature", "properties": { "15380279.394525": 15420025.505348001, "5025475.223726": 5018019.3638880001 }, "geometry": { "type": "Point", "coordinates": [ 15420025.505348, 5018019.363888000138104 ] } },
{ "type": "Feature", "properties": { "15380279.394525": 15419995.026502, "5025475.223726": 5018571.69967 }, "geometry": { "type": "Point", "coordinates": [ 15419995.026502, 5018571.69967 ] } },
{ "type": "Feature", "properties": { "15380279.394525": 15419980.849733001, "5025475.223726": 5019124.9021110004 }, "geometry": { "type": "Point", "coordinates": [ 15419980.849733, 5019124.90211100038141 ] } },
{ "type": "Feature", "properties": { "15380279.394525": 15419980.935682001, "5025475.223726": 5019678.8853249997 }, "geometry": { "type": "Point", "coordinates": [ 15419980.935682, 5019678.885324999690056 ] } },
{ "type": "Feature", "properties": { "15380279.394525": 15419993.244991999, "5025475.223726": 5020233.563422 }, "geometry": { "type": "Point", "coordinates": [ 15419993.244992, 5020233.563422 ] } },
{ "type": "Feature", "properties": { "15380279.394525": 15420015.738302, "5025475.223726": 5020788.8505170001 }, "geometry": { "type": "Point", "coordinates": [ 15420015.738302, 5020788.850517 ] } },
{ "type": "Feature", "properties": { "15380279.394525": 15420046.376257, "5025475.223726": 5021344.6607210003 }, "geometry": { "type": "Point", "coordinates": [ 15420046.376257, 5021344.660721000283957 ] } },
{ "type": "Feature", "properties": { "15380279.394525": 15420083.119496001, "5025475.223726": 5021900.9081459995 }, "geometry": { "type": "Point", "coordinates": [ 15420083.119496, 5021900.908145999535918 ] } },
{ "type": "Feature", "properties": { "15380279.394525": 15420123.928662, "5025475.223726": 5022457.506906 }, "geometry": { "type": "Point", "coordinates": [ 15420123.928662, 5022457.506906 ] } },
{ "type": "Feature", "properties": { "15380279.394525": 15420166.764397001, "5025475.223726": 5023014.371111 }, "geometry": { "type": "Point", "coordinates": [ 15420166.764397, 5023014.371111 ] } },
{ "type": "Feature", "properties": { "15380279.394525": 15421459.023101, "5025475.223726": 5008521.5199659998 }, "geometry": { "type": "Point", "coordinates": [ 15421459.023101, 5008521.519965999759734 ] } },
{ "type": "Feature", "properties": { "15380279.394525": 15423133.204418, "5025475.223726": 5007264.9143749997 }, "geometry": { "type": "Point", "coordinates": [ 15423133.204418, 5007264.914374999701977 ] } },
{ "type": "Feature", "properties": { "15380279.394525": 15423407.612506, "5025475.223726": 5007059.5365469996 }, "geometry": { "type": "Point", "coordinates": [ 15423407.612506, 5007059.536546999588609 ] } },
{ "type": "Feature", "properties": { "15380279.394525": 15423670.549039001, "5025475.223726": 5006846.3168200003 }, "geometry": { "type": "Point", "coordinates": [ 15423670.549039, 5006846.316820000298321 ] } },
{ "type": "Feature", "properties": { "15380279.394525": 15423910.708643001, "5025475.223726": 5006617.2540349998 }, "geometry": { "type": "Point", "coordinates": [ 15423910.708643, 5006617.254034999758005 ] } },
{ "type": "Feature", "properties": { "15380279.394525": 15424116.785940999, "5025475.223726": 5006364.3470350001 }, "geometry": { "type": "Point", "coordinates": [ 15424116.785941, 5006364.347035000100732 ] } },
{ "type": "Feature", "properties": { "15380279.394525": 15424251.489894999, "5025475.223726": 5006141.5483820001 }, "geometry": { "type": "Point", "coordinates": [ 15424251.489895, 5006141.548382 ] } },
{ "type": "Feature", "properties": { "15380279.394525": 15424365.148433, "5025475.223726": 5005903.6630380005 }, "geometry": { "type": "Point", "coordinates": [ 15424365.148433, 5005903.663038000464439 ] } },
{ "type": "Feature", "properties": { "15380279.394525": 15424465.865886999, "5025475.223726": 5005655.705147 }, "geometry": { "type": "Point", "coordinates": [ 15424465.865887, 5005655.705147 ] } },
{ "type": "Feature", "properties": { "15380279.394525": 15424561.746588999, "5025475.223726": 5005402.6888520001 }, "geometry": { "type": "Point", "coordinates": [ 15424561.746589, 5005402.688852 ] } },
{ "type": "Feature", "properties": { "15380279.394525": 15424660.894869, "5025475.223726": 5005149.6282970002 }, "geometry": { "type": "Point", "coordinates": [ 15424660.894869, 5005149.628297000192106 ] } },
{ "type": "Feature", "properties": { "15380279.394525": 15424776.074292, "5025475.223726": 5004889.4892450003 }, "geometry": { "type": "Point", "coordinates": [ 15424776.074292, 5004889.489245000295341 ] } },
{ "type": "Feature", "properties": { "15380279.394525": 15424906.583342001, "5025475.223726": 5004639.3442670004 }, "geometry": { "type": "Point", "coordinates": [ 15424906.583342, 5004639.344267000444233 ] } },
{ "type": "Feature", "properties": { "15380279.394525": 15425055.507204, "5025475.223726": 5004403.4918989995 }, "geometry": { "type": "Point", "coordinates": [ 15425055.507204, 5004403.491898999549448 ] } },
{ "type": "Feature", "properties": { "15380279.394525": 15425225.931063, "5025475.223726": 5004186.2306779996 }, "geometry": { "type": "Point", "coordinates": [ 15425225.931063, 5004186.230677999556065 ] } },
{ "type": "Feature", "properties": { "15380279.394525": 15425471.895869, "5025475.223726": 5003941.9179189997 }, "geometry": { "type": "Point", "coordinates": [ 15425471.895869, 5003941.917918999679387 ] } },
{ "type": "Feature", "properties": { "15380279.394525": 15425741.797708999, "5025475.223726": 5003717.2040379997 }, "geometry": { "type": "Point", "coordinates": [ 15425741.797709, 5003717.204037999734282 ] } },
{ "type": "Feature", "properties": { "15380279.394525": 15426021.167189, "5025475.223726": 5003495.0976029998 }, "geometry": { "type": "Point", "coordinates": [ 15426021.167189, 5003495.097602999769151 ] } },
{ "type": "Feature", "properties": { "15380279.394525": 15426243.946359999, "5025475.223726": 5003313.4030889999 }, "geometry": { "type": "Point", "coordinates": [ 15426243.94636, 5003313.403089 ] } },
{ "type": "Feature", "properties": { "15380279.394525": 15426471.397962, "5025475.223726": 5003145.3206639998 }, "geometry": { "type": "Point", "coordinates": [ 15426471.397962, 5003145.320663999766111 ] } },
{ "type": "Feature", "properties": { "15380279.394525": 15426711.766982, "5025475.223726": 5003013.3987929998 }, "geometry": { "type": "Point", "coordinates": [ 15426711.766982, 5003013.398792999796569 ] } },
{ "type": "Feature", "properties": { "15380279.394525": 15426939.513658, "5025475.223726": 5002941.1971209999 }, "geometry": { "type": "Point", "coordinates": [ 15426939.513658, 5002941.197121 ] } },
{ "type": "Feature", "properties": { "15380279.394525": 15427179.935585, "5025475.223726": 5002906.9854929997 }, "geometry": { "type": "Point", "coordinates": [ 15427179.935585, 5002906.985492999665439 ] } },
{ "type": "Feature", "properties": { "15380279.394525": 15427429.494119, "5025475.223726": 5002902.8847049996 }, "geometry": { "type": "Point", "coordinates": [ 15427429.494119, 5002902.884704999625683 ] } },
{ "type": "Feature", "properties": { "15380279.394525": 15427684.650613001, "5025475.223726": 5002921.0155560002 }, "geometry": { "type": "Point", "coordinates": [ 15427684.650613, 5002921.015556000173092 ] } },
{ "type": "Feature", "properties": { "15380279.394525": 15427941.866421999, "5025475.223726": 5002953.4988439996 }, "geometry": { "type": "Point", "coordinates": [ 15427941.866422, 5002953.498843999579549 ] } },
{ "type": "Feature", "properties": { "15380279.394525": 15428197.602901001, "5025475.223726": 5002992.4553669998 }, "geometry": { "type": "Point", "coordinates": [ 15428197.602901, 5002992.455366999842227 ] } },
{ "type": "Feature", "properties": { "15380279.394525": 15428442.349967999, "5025475.223726": 5003030.2513640001 }, "geometry": { "type": "Point", "coordinates": [ 15428442.349968, 5003030.251364000141621 ] } },
{ "type": "Feature", "properties": { "15380279.394525": 15428683.316606, "5025475.223726": 5003066.280944 }, "geometry": { "type": "Point", "coordinates": [ 15428683.316606, 5003066.280944 ] } },
{ "type": "Feature", "properties": { "15380279.394525": 15428921.655409999, "5025475.223726": 5003100.0285949996 }, "geometry": { "type": "Point", "coordinates": [ 15428921.65541, 5003100.028594999574125 ] } },
{ "type": "Feature", "properties": { "15380279.394525": 15429158.518976999, "5025475.223726": 5003130.9788030004 }, "geometry": { "type": "Point", "coordinates": [ 15429158.518977, 5003130.978803000412881 ] } },
{ "type": "Feature", "properties": { "15380279.394525": 15429395.059903, "5025475.223726": 5003158.6160540003 }, "geometry": { "type": "Point", "coordinates": [ 15429395.059903, 5003158.616054000332952 ] } },
{ "type": "Feature", "properties": { "15380279.394525": 15429632.430784, "5025475.223726": 5003182.4248350002 }, "geometry": { "type": "Point", "coordinates": [ 15429632.430784, 5003182.424835000187159 ] } },
{ "type": "Feature", "properties": { "15380279.394525": 15429871.784218, "5025475.223726": 5003201.8896319997 }, "geometry": { "type": "Point", "coordinates": [ 15429871.784218, 5003201.889631999656558 ] } },
{ "type": "Feature", "properties": { "15380279.394525": 15430102.916929999, "5025475.223726": 5003215.5126630003 }, "geometry": { "type": "Point", "coordinates": [ 15430102.91693, 5003215.512663000263274 ] } },
{ "type": "Feature", "properties": { "15380279.394525": 15430335.148176, "5025475.223726": 5003221.4484820003 }, "geometry": { "type": "Point", "coordinates": [ 15430335.148176, 5003221.448482000268996 ] } },
{ "type": "Feature", "properties": { "15380279.394525": 15430566.913032001, "5025475.223726": 5003216.3840990001 }, "geometry": { "type": "Point", "coordinates": [ 15430566.913032, 5003216.384099000133574 ] } },
{ "type": "Feature", "properties": { "15380279.394525": 15430796.646571999, "5025475.223726": 5003197.0065280003 }, "geometry": { "type": "Point", "coordinates": [ 15430796.646572, 5003197.006528000347316 ] } },
{ "type": "Feature", "properties": { "15380279.394525": 15431022.783872999, "5025475.223726": 5003160.0027790004 }, "geometry": { "type": "Point", "coordinates": [ 15431022.783873, 5003160.00277900043875 ] } },
{ "type": "Feature", "properties": { "15380279.394525": 15431279.363933001, "5025475.223726": 5003092.4722520001 }, "geometry": { "type": "Point", "coordinates": [ 15431279.363933, 5003092.472252000123262 ] } },
{ "type": "Feature", "properties": { "15380279.394525": 15431530.271854, "5025475.223726": 5003003.0667620003 }, "geometry": { "type": "Point", "coordinates": [ 15431530.271854, 5003003.066762000322342 ] } },
{ "type": "Feature", "properties": { "15380279.394525": 15431777.079519, "5025475.223726": 5002898.0837200005 }, "geometry": { "type": "Point", "coordinates": [ 15431777.079519, 5002898.083720000460744 ] } },
{ "type": "Feature", "properties": { "15380279.394525": 15432021.358809, "5025475.223726": 5002783.8205399998 }, "geometry": { "type": "Point", "coordinates": [ 15432021.358809, 5002783.820539999753237 ] } },
{ "type": "Feature", "properties": { "15380279.394525": 15432264.681606, "5025475.223726": 5002666.5746320002 }, "geometry": { "type": "Point", "coordinates": [ 15432264.681606, 5002666.574632000178099 ] } },
{ "type": "Feature", "properties": { "15380279.394525": 15432508.619790999, "5025475.223726": 5002552.64341 }, "geometry": { "type": "Point", "coordinates": [ 15432508.619791, 5002552.64341 ] } },
{ "type": "Feature", "properties": { "15380279.394525": 15432747.697349001, "5025475.223726": 5002449.3179190001 }, "geometry": { "type": "Point", "coordinates": [ 15432747.697349, 5002449.317919 ] } },
{ "type": "Feature", "properties": { "15380279.394525": 15432988.121436, "5025475.223726": 5002351.1927650003 }, "geometry": { "type": "Point", "coordinates": [ 15432988.121436, 5002351.192765000276268 ] } },
{ "type": "Feature", "properties": { "15380279.394525": 15433229.458264999, "5025475.223726": 5002254.3116589999 }, "geometry": { "type": "Point", "coordinates": [ 15433229.458265, 5002254.311658999882638 ] } },
{ "type": "Feature", "properties": { "15380279.394525": 15433471.274049001, "5025475.223726": 5002154.7183060003 }, "geometry": { "type": "Point", "coordinates": [ 15433471.274049, 5002154.718306000344455 ] } },
{ "type": "Feature", "properties": { "15380279.394525": 15433728.1392, "5025475.223726": 5002044.6271120002 }, "geometry": { "type": "Point", "coordinates": [ 15433728.1392, 5002044.627112000249326 ] } },
{ "type": "Feature", "properties": { "15380279.394525": 15433986.758755, "5025475.223726": 5001939.9864659999 }, "geometry": { "type": "Point", "coordinates": [ 15433986.758755, 5001939.986465999856591 ] } },
{ "type": "Feature", "properties": { "15380279.394525": 15434249.226787001, "5025475.223726": 5001853.7021770002 }, "geometry": { "type": "Point", "coordinates": [ 15434249.226787, 5001853.702177000232041 ] } },
{ "type": "Feature", "properties": { "15380279.394525": 15434517.637372, "5025475.223726": 5001798.6800560001 }, "geometry": { "type": "Point", "coordinates": [ 15434517.637372, 5001798.680056000128388 ] } },
{ "type": "Feature", "properties": { "15380279.394525": 15434758.345032001, "5025475.223726": 5001784.2206030004 }, "geometry": { "type": "Point", "coordinates": [ 15434758.345032, 5001784.220603000372648 ] } },
{ "type": "Feature", "properties": { "15380279.394525": 15435001.376713, "5025475.223726": 5001799.589474 }, "geometry": { "type": "Point", "coordinates": [ 15435001.376713, 5001799.589474 ] } },
{ "type": "Feature", "properties": { "15380279.394525": 15435243.202288, "5025475.223726": 5001840.6829190003 }, "geometry": { "type": "Point", "coordinates": [ 15435243.202288, 5001840.682919000275433 ] } },
{ "type": "Feature", "properties": { "15380279.394525": 15435480.291629, "5025475.223726": 5001903.3971880004 }, "geometry": { "type": "Point", "coordinates": [ 15435480.291629, 5001903.397188000380993 ] } },
{ "type": "Feature", "properties": { "15380279.394525": 15435736.086137, "5025475.223726": 5001994.411506 }, "geometry": { "type": "Point", "coordinates": [ 15435736.086137, 5001994.411506 ] } },
{ "type": "Feature", "properties": { "15380279.394525": 15435982.786139, "5025475.223726": 5002104.1814010004 }, "geometry": { "type": "Point", "coordinates": [ 15435982.786139, 5002104.181401000358164 ] } },
{ "type": "Feature", "properties": { "15380279.394525": 15436221.925266, "5025475.223726": 5002229.5795419998 }, "geometry": { "type": "Point", "coordinates": [ 15436221.925266, 5002229.579541999846697 ] } },
{ "type": "Feature", "properties": { "15380279.394525": 15436455.037152, "5025475.223726": 5002367.4785979996 }, "geometry": { "type": "Point", "coordinates": [ 15436455.037152, 5002367.478597999550402 ] } },
{ "type": "Feature", "properties": { "15380279.394525": 15436683.655428, "5025475.223726": 5002514.7512389999 }, "geometry": { "type": "Point", "coordinates": [ 15436683.655428, 5002514.751238999888301 ] } },
{ "type": "Feature", "properties": { "15380279.394525": 15436909.313726, "5025475.223726": 5002668.2701350003 }, "geometry": { "type": "Point", "coordinates": [ 15436909.313726, 5002668.270135000348091 ] } },
{ "type": "Feature", "properties": { "15380279.394525": 15437133.545678999, "5025475.223726": 5002824.9079550002 }, "geometry": { "type": "Point", "coordinates": [ 15437133.545679, 5002824.907955000177026 ] } },
{ "type": "Feature", "properties": { "15380279.394525": 15437342.818344001, "5025475.223726": 4999704.3374049999 }, "geometry": { "type": "Point", "coordinates": [ 15437342.818344, 4999704.337404999881983 ] } },
{ "type": "Feature", "properties": { "15380279.394525": 15435940.691491, "5025475.223726": 5002050.0011740001 }, "geometry": { "type": "Point", "coordinates": [ 15435940.691491, 5002050.001174 ] } },
{ "type": "Feature", "properties": { "15380279.394525": 15419031.460191, "5025475.223726": 5004144.3438250003 }, "geometry": { "type": "Point", "coordinates": [ 15419031.460191, 5004144.343825000338256 ] } },
{ "type": "Feature", "properties": { "15380279.394525": 15419270.938593, "5025475.223726": 5004126.649948 }, "geometry": { "type": "Point", "coordinates": [ 15419270.938593, 5004126.649948 ] } },
{ "type": "Feature", "properties": { "15380279.394525": 15419510.473445, "5025475.223726": 5004109.3836850002 }, "geometry": { "type": "Point", "coordinates": [ 15419510.473445, 5004109.383685000240803 ] } },
{ "type": "Feature", "properties": { "15380279.394525": 15419750.205831001, "5025475.223726": 5004092.9889759999 }, "geometry": { "type": "Point", "coordinates": [ 15419750.205831, 5004092.988975999876857 ] } },
{ "type": "Feature", "properties": { "15380279.394525": 15419990.276834, "5025475.223726": 5004077.909763 }, "geometry": { "type": "Point", "coordinates": [ 15419990.276834, 5004077.909763 ] } },
{ "type": "Feature", "properties": { "15380279.394525": 15420230.827540001, "5025475.223726": 5004064.5899870005 }, "geometry": { "type": "Point", "coordinates": [ 15420230.82754, 5004064.589987000450492 ] } },
{ "type": "Feature", "properties": { "15380279.394525": 15420471.999031, "5025475.223726": 5004053.4735899996 }, "geometry": { "type": "Point", "coordinates": [ 15420471.999031, 5004053.473589999601245 ] } },
{ "type": "Feature", "properties": { "15380279.394525": 15420713.932391001, "5025475.223726": 5004045.0045109997 }, "geometry": { "type": "Point", "coordinates": [ 15420713.932391, 5004045.004510999657214 ] } },
{ "type": "Feature", "properties": { "15380279.394525": 15420956.768705999, "5025475.223726": 5004039.6266919998 }, "geometry": { "type": "Point", "coordinates": [ 15420956.768706, 5004039.626691999845207 ] } },
{ "type": "Feature", "properties": { "15380279.394525": 15421217.202289, "5025475.223726": 5004037.8907789998 }, "geometry": { "type": "Point", "coordinates": [ 15421217.202289, 5004037.890778999775648 ] } },
{ "type": "Feature", "properties": { "15380279.394525": 15421477.997344, "5025475.223726": 5004041.355951 }, "geometry": { "type": "Point", "coordinates": [ 15421477.997344, 5004041.355951 ] } },
{ "type": "Feature", "properties": { "15380279.394525": 15421738.50011, "5025475.223726": 5004051.2204059996 }, "geometry": { "type": "Point", "coordinates": [ 15421738.50011, 5004051.220405999571085 ] } },
{ "type": "Feature", "properties": { "15380279.394525": 15421998.056825999, "5025475.223726": 5004068.6823450001 }, "geometry": { "type": "Point", "coordinates": [ 15421998.056826, 5004068.682345 ] } },
{ "type": "Feature", "properties": { "15380279.394525": 15422256.013730001, "5025475.223726": 5004094.9399640001 }, "geometry": { "type": "Point", "coordinates": [ 15422256.01373, 5004094.93996400013566 ] } },
{ "type": "Feature", "properties": { "15380279.394525": 15422511.717063, "5025475.223726": 5004131.1914640004 }, "geometry": { "type": "Point", "coordinates": [ 15422511.717063, 5004131.191464000381529 ] } },
{ "type": "Feature", "properties": { "15380279.394525": 15422764.513062, "5025475.223726": 5004178.6350440001 }, "geometry": { "type": "Point", "coordinates": [ 15422764.513062, 5004178.63504400011152 ] } },
{ "type": "Feature", "properties": { "15380279.394525": 15423013.747966999, "5025475.223726": 5004238.4689020002 }, "geometry": { "type": "Point", "coordinates": [ 15423013.747967, 5004238.46890200022608 ] } },
{ "type": "Feature", "properties": { "15380279.394525": 15423258.768015999, "5025475.223726": 5004311.891237 }, "geometry": { "type": "Point", "coordinates": [ 15423258.768016, 5004311.891237 ] } },
{ "type": "Feature", "properties": { "15380279.394525": 15423507.614723001, "5025475.223726": 5004402.8766590003 }, "geometry": { "type": "Point", "coordinates": [ 15423507.614723, 5004402.87665900029242 ] } },
{ "type": "Feature", "properties": { "15380279.394525": 15423751.952481, "5025475.223726": 5004507.0551389996 }, "geometry": { "type": "Point", "coordinates": [ 15423751.952481, 5004507.055138999596238 ] } },
{ "type": "Feature", "properties": { "15380279.394525": 15423992.708059, "5025475.223726": 5004621.7929100003 }, "geometry": { "type": "Point", "coordinates": [ 15423992.708059, 5004621.792910000309348 ] } },
{ "type": "Feature", "properties": { "15380279.394525": 15424230.808227001, "5025475.223726": 5004744.4562069997 }, "geometry": { "type": "Point", "coordinates": [ 15424230.808227, 5004744.456206999719143 ] } },
{ "type": "Feature", "properties": { "15380279.394525": 15424467.179750999, "5025475.223726": 5004872.4112630002 }, "geometry": { "type": "Point", "coordinates": [ 15424467.179751, 5004872.41126300022006 ] } },
{ "type": "Feature", "properties": { "15380279.394525": 15424702.749402, "5025475.223726": 5005003.0243119998 }, "geometry": { "type": "Point", "coordinates": [ 15424702.749402, 5005003.02431199979037 ] } },
{ "type": "Feature", "properties": { "15380279.394525": 15420705.641508, "5025475.223726": 5004039.6266919998 }, "geometry": { "type": "Point", "coordinates": [ 15420705.641508, 5004039.626691999845207 ] } },
{ "type": "Feature", "properties": { "15380279.394525": 15420810.277841, "5025475.223726": 5003097.1724990001 }, "geometry": { "type": "Point", "coordinates": [ 15420810.277841, 5003097.172499 ] } },
{ "type": "Feature", "properties": { "15380279.394525": 15420705.641508, "5025475.223726": 5005694.1573869996 }, "geometry": { "type": "Point", "coordinates": [ 15420705.641508, 5005694.157386999577284 ] } },
{ "type": "Feature", "properties": { "15380279.394525": 15420810.277841, "5025475.223726": 5004060.570119 }, "geometry": { "type": "Point", "coordinates": [ 15420810.277841, 5004060.570119 ] } },
{ "type": "Feature", "properties": { "15380279.394525": 15421207.895903001, "5025475.223726": 5008961.3319220003 }, "geometry": { "type": "Point", "coordinates": [ 15421207.895903, 5008961.331922000274062 ] } },
{ "type": "Feature", "properties": { "15380279.394525": 15421259.258489, "5025475.223726": 5008748.375643 }, "geometry": { "type": "Point", "coordinates": [ 15421259.258489, 5008748.375643 ] } },
{ "type": "Feature", "properties": { "15380279.394525": 15421309.280179, "5025475.223726": 5008535.3157179998 }, "geometry": { "type": "Point", "coordinates": [ 15421309.280179, 5008535.315717999823391 ] } },
{ "type": "Feature", "properties": { "15380279.394525": 15421356.640571, "5025475.223726": 5008321.9224579995 }, "geometry": { "type": "Point", "coordinates": [ 15421356.640571, 5008321.922457999549806 ] } },
{ "type": "Feature", "properties": { "15380279.394525": 15421400.019257, "5025475.223726": 5008107.9661720004 }, "geometry": { "type": "Point", "coordinates": [ 15421400.019257, 5008107.966172000393271 ] } },
{ "type": "Feature", "properties": { "15380279.394525": 15421438.095834, "5025475.223726": 5007893.2171700001 }, "geometry": { "type": "Point", "coordinates": [ 15421438.095834, 5007893.21717 ] } },
{ "type": "Feature", "properties": { "15380279.394525": 15421473.849713, "5025475.223726": 5007647.0802699998 }, "geometry": { "type": "Point", "coordinates": [ 15421473.849713, 5007647.080269999802113 ] } },
{ "type": "Feature", "properties": { "15380279.394525": 15421501.903289, "5025475.223726": 5007399.9678610004 }, "geometry": { "type": "Point", "coordinates": [ 15421501.903289, 5007399.967861000448465 ] } },
{ "type": "Feature", "properties": { "15380279.394525": 15421523.220725, "5025475.223726": 5007151.9918940002 }, "geometry": { "type": "Point", "coordinates": [ 15421523.220725, 5007151.991894000209868 ] } },
{ "type": "Feature", "properties": { "15380279.394525": 15421538.766181, "5025475.223726": 5006903.2643179996 }, "geometry": { "type": "Point", "coordinates": [ 15421538.766181, 5006903.264317999593914 ] } },
{ "type": "Feature", "properties": { "15380279.394525": 15421549.50382, "5025475.223726": 5006653.8970830003 }, "geometry": { "type": "Point", "coordinates": [ 15421549.50382, 5006653.897083000279963 ] } },
{ "type": "Feature", "properties": { "15380279.394525": 15421556.397803999, "5025475.223726": 5006404.002138 }, "geometry": { "type": "Point", "coordinates": [ 15421556.397804, 5006404.002138 ] } },
{ "type": "Feature", "properties": { "15380279.394525": 15421560.412292, "5025475.223726": 5006153.6914309999 }, "geometry": { "type": "Point", "coordinates": [ 15421560.412292, 5006153.69143099989742 ] } },
{ "type": "Feature", "properties": { "15380279.394525": 15421562.511448, "5025475.223726": 5005903.0769140003 }, "geometry": { "type": "Point", "coordinates": [ 15421562.511448, 5005903.076914000324905 ] } },
{ "type": "Feature", "properties": { "15380279.394525": 15421563.659433, "5025475.223726": 5005652.2705340004 }, "geometry": { "type": "Point", "coordinates": [ 15421563.659433, 5005652.270534000359476 ] } },
{ "type": "Feature", "properties": { "15380279.394525": 15420056.896248, "5025475.223726": 5005338.1191360001 }, "geometry": { "type": "Point", "coordinates": [ 15420056.896248, 5005338.119136 ] } },
{ "type": "Feature", "properties": { "15380279.394525": 15420293.854279, "5025475.223726": 5005481.244554 }, "geometry": { "type": "Point", "coordinates": [ 15420293.854279, 5005481.244554 ] } },
{ "type": "Feature", "properties": { "15380279.394525": 15420528.045826999, "5025475.223726": 5005627.8057909999 }, "geometry": { "type": "Point", "coordinates": [ 15420528.045827, 5005627.805791 ] } },
{ "type": "Feature", "properties": { "15380279.394525": 15420756.862516999, "5025475.223726": 5005781.3635430001 }, "geometry": { "type": "Point", "coordinates": [ 15420756.862517, 5005781.363543 ] } },
{ "type": "Feature", "properties": { "15380279.394525": 15420977.695971999, "5025475.223726": 5005945.4785049995 }, "geometry": { "type": "Point", "coordinates": [ 15420977.695972, 5005945.478504999540746 ] } },
{ "type": "Feature", "properties": { "15380279.394525": 15421171.053114999, "5025475.223726": 5006106.5468549998 }, "geometry": { "type": "Point", "coordinates": [ 15421171.053115, 5006106.54685499984771 ] } },
{ "type": "Feature", "properties": { "15380279.394525": 15421358.357623, "5025475.223726": 5006275.3596390001 }, "geometry": { "type": "Point", "coordinates": [ 15421358.357623, 5006275.359639000147581 ] } },
{ "type": "Feature", "properties": { "15380279.394525": 15421542.732167, "5025475.223726": 5006448.1207410004 }, "geometry": { "type": "Point", "coordinates": [ 15421542.732167, 5006448.120741000398993 ] } },
{ "type": "Feature", "properties": { "15380279.394525": 15422735.586355001, "5025475.223726": 5007537.1789199999 }, "geometry": { "type": "Point", "coordinates": [ 15422735.586355, 5007537.178919999860227 ] } },
{ "type": "Feature", "properties": { "15380279.394525": 15422653.331900001, "5025475.223726": 5007318.3941580001 }, "geometry": { "type": "Point", "coordinates": [ 15422653.3319, 5007318.394158000126481 ] } },
{ "type": "Feature", "properties": { "15380279.394525": 15422572.605891, "5025475.223726": 5007099.2268390004 }, "geometry": { "type": "Point", "coordinates": [ 15422572.605891, 5007099.226839000359178 ] } },
{ "type": "Feature", "properties": { "15380279.394525": 15422494.892865, "5025475.223726": 5006879.1295830002 }, "geometry": { "type": "Point", "coordinates": [ 15422494.892865, 5006879.129583000205457 ] } },
{ "type": "Feature", "properties": { "15380279.394525": 15422421.677358, "5025475.223726": 5006657.5550060002 }, "geometry": { "type": "Point", "coordinates": [ 15422421.677358, 5006657.555006000213325 ] } },
{ "type": "Feature", "properties": { "15380279.394525": 15422345.886867, "5025475.223726": 5006407.1794050001 }, "geometry": { "type": "Point", "coordinates": [ 15422345.886867, 5006407.179405 ] } },
{ "type": "Feature", "properties": { "15380279.394525": 15422274.163906001, "5025475.223726": 5006155.5643809997 }, "geometry": { "type": "Point", "coordinates": [ 15422274.163906, 5006155.564380999654531 ] } },
{ "type": "Feature", "properties": { "15380279.394525": 15422202.952238999, "5025475.223726": 5005903.6235509999 }, "geometry": { "type": "Point", "coordinates": [ 15422202.952239, 5005903.623551 ] } },
{ "type": "Feature", "properties": { "15380279.394525": 15422128.695627, "5025475.223726": 5005652.2705340004 }, "geometry": { "type": "Point", "coordinates": [ 15422128.695627, 5005652.270534000359476 ] } },
{ "type": "Feature", "properties": { "15380279.394525": 15422056.183567001, "5025475.223726": 5005422.7554120002 }, "geometry": { "type": "Point", "coordinates": [ 15422056.183567, 5005422.755412000231445 ] } },
{ "type": "Feature", "properties": { "15380279.394525": 15421983.281876, "5025475.223726": 5005193.5311049996 }, "geometry": { "type": "Point", "coordinates": [ 15421983.281876, 5005193.53110499959439 ] } },
{ "type": "Feature", "properties": { "15380279.394525": 15421915.073444, "5025475.223726": 5004963.2988210004 }, "geometry": { "type": "Point", "coordinates": [ 15421915.073444, 5004963.298821000382304 ] } },
{ "type": "Feature", "properties": { "15380279.394525": 15421856.641163001, "5025475.223726": 5004730.7597669996 }, "geometry": { "type": "Point", "coordinates": [ 15421856.641163, 5004730.75976699963212 ] } },
{ "type": "Feature", "properties": { "15380279.394525": 15421814.861207001, "5025475.223726": 5004515.9110009996 }, "geometry": { "type": "Point", "coordinates": [ 15421814.861207, 5004515.911000999622047 ] } },
{ "type": "Feature", "properties": { "15380279.394525": 15421781.373423001, "5025475.223726": 5004299.2235899996 }, "geometry": { "type": "Point", "coordinates": [ 15421781.373423, 5004299.223589999601245 ] } },
{ "type": "Feature", "properties": { "15380279.394525": 15421752.004830999, "5025475.223726": 5004081.513545 }, "geometry": { "type": "Point", "coordinates": [ 15421752.004831, 5004081.513545 ] } },
{ "type": "Feature", "properties": { "15380279.394525": 15421542.732167, "5025475.223726": 5006636.6115800003 }, "geometry": { "type": "Point", "coordinates": [ 15421542.732167, 5006636.611580000258982 ] } },
{ "type": "Feature", "properties": { "15380279.394525": 15421798.916781001, "5025475.223726": 5006787.4746510005 }, "geometry": { "type": "Point", "coordinates": [ 15421798.916781, 5006787.474651000462472 ] } },
{ "type": "Feature", "properties": { "15380279.394525": 15422065.913828, "5025475.223726": 5006908.8761240002 }, "geometry": { "type": "Point", "coordinates": [ 15422065.913828, 5006908.876124000176787 ] } },
{ "type": "Feature", "properties": { "15380279.394525": 15422292.648937, "5025475.223726": 5006970.6755980002 }, "geometry": { "type": "Point", "coordinates": [ 15422292.648937, 5006970.675598000176251 ] } },
{ "type": "Feature", "properties": { "15380279.394525": 15422526.313689999, "5025475.223726": 5007013.5932569997 }, "geometry": { "type": "Point", "coordinates": [ 15422526.31369, 5007013.593256999738514 ] } },
{ "type": "Feature", "properties": { "15380279.394525": 15422484.459156999, "5025475.223726": 5006217.7430499997 }, "geometry": { "type": "Point", "coordinates": [ 15422484.459157, 5006217.743049999698997 ] } },
{ "type": "Feature", "properties": { "15380279.394525": 15423823.804211, "5025475.223726": 5006720.3852859996 }, "geometry": { "type": "Point", "coordinates": [ 15423823.804211, 5006720.385285999625921 ] } },
{ "type": "Feature", "properties": { "15380279.394525": 15429704.366086001, "5025475.223726": 5011055.6745739998 }, "geometry": { "type": "Point", "coordinates": [ 15429704.366086, 5011055.67457399982959 ] } },
{ "type": "Feature", "properties": { "15380279.394525": 15429525.338521, "5025475.223726": 5010805.461871 }, "geometry": { "type": "Point", "coordinates": [ 15429525.338521, 5010805.461871 ] } },
{ "type": "Feature", "properties": { "15380279.394525": 15429346.541841, "5025475.223726": 5010555.1738259997 }, "geometry": { "type": "Point", "coordinates": [ 15429346.541841, 5010555.173825999721885 ] } },
{ "type": "Feature", "properties": { "15380279.394525": 15429168.159525, "5025475.223726": 5010304.6773859998 }, "geometry": { "type": "Point", "coordinates": [ 15429168.159525, 5010304.677385999821126 ] } },
{ "type": "Feature", "properties": { "15380279.394525": 15428990.375056, "5025475.223726": 5010053.8394950004 }, "geometry": { "type": "Point", "coordinates": [ 15428990.375056, 5010053.839495000429451 ] } },
{ "type": "Feature", "properties": { "15380279.394525": 15428813.371913999, "5025475.223726": 5009802.5271020001 }, "geometry": { "type": "Point", "coordinates": [ 15428813.371914, 5009802.527102 ] } },
{ "type": "Feature", "properties": { "15380279.394525": 15428637.333579, "5025475.223726": 5009550.6071509998 }, "geometry": { "type": "Point", "coordinates": [ 15428637.333579, 5009550.607150999829173 ] } },
{ "type": "Feature", "properties": { "15380279.394525": 15428462.443531999, "5025475.223726": 5009297.9465880003 }, "geometry": { "type": "Point", "coordinates": [ 15428462.443532, 5009297.946588000282645 ] } },
{ "type": "Feature", "properties": { "15380279.394525": 15428288.885252999, "5025475.223726": 5009044.4123609997 }, "geometry": { "type": "Point", "coordinates": [ 15428288.885253, 5009044.41236099973321 ] } },
{ "type": "Feature", "properties": { "15380279.394525": 15428116.842224, "5025475.223726": 5008789.8714159997 }, "geometry": { "type": "Point", "coordinates": [ 15428116.842224, 5008789.87141599971801 ] } },
{ "type": "Feature", "properties": { "15380279.394525": 15427946.497925, "5025475.223726": 5008534.1906979997 }, "geometry": { "type": "Point", "coordinates": [ 15427946.497925, 5008534.190697999671102 ] } },
{ "type": "Feature", "properties": { "15380279.394525": 15427778.035837, "5025475.223726": 5008277.2371540004 }, "geometry": { "type": "Point", "coordinates": [ 15427778.035837, 5008277.23715400043875 ] } },
{ "type": "Feature", "properties": { "15380279.394525": 15427611.63944, "5025475.223726": 5008018.8777289996 }, "geometry": { "type": "Point", "coordinates": [ 15427611.63944, 5008018.877728999592364 ] } },
{ "type": "Feature", "properties": { "15380279.394525": 15427463.011325, "5025475.223726": 5007784.1986410003 }, "geometry": { "type": "Point", "coordinates": [ 15427463.011325, 5007784.198641000315547 ] } },
{ "type": "Feature", "properties": { "15380279.394525": 15427315.273135001, "5025475.223726": 5007549.0264480002 }, "geometry": { "type": "Point", "coordinates": [ 15427315.273135, 5007549.026448000222445 ] } },
{ "type": "Feature", "properties": { "15380279.394525": 15427167.352237999, "5025475.223726": 5007313.974227 }, "geometry": { "type": "Point", "coordinates": [ 15427167.352238, 5007313.974227 ] } },
{ "type": "Feature", "properties": { "15380279.394525": 15427018.176000999, "5025475.223726": 5007079.655053 }, "geometry": { "type": "Point", "coordinates": [ 15427018.176001, 5007079.655053 ] } },
{ "type": "Feature", "properties": { "15380279.394525": 15426866.671793999, "5025475.223726": 5006846.6820029998 }, "geometry": { "type": "Point", "coordinates": [ 15426866.671794, 5006846.682002999819815 ] } },
{ "type": "Feature", "properties": { "15380279.394525": 15426711.766982, "5025475.223726": 5006615.6681530001 }, "geometry": { "type": "Point", "coordinates": [ 15426711.766982, 5006615.668153 ] } },
{ "type": "Feature", "properties": { "15380279.394525": 15426518.200340001, "5025475.223726": 5006339.2798720002 }, "geometry": { "type": "Point", "coordinates": [ 15426518.20034, 5006339.279872000217438 ] } },
{ "type": "Feature", "properties": { "15380279.394525": 15426317.545977, "5025475.223726": 5006068.0592339998 }, "geometry": { "type": "Point", "coordinates": [ 15426317.545977, 5006068.059233999811113 ] } },
{ "type": "Feature", "properties": { "15380279.394525": 15426109.038603, "5025475.223726": 5005803.0891500004 }, "geometry": { "type": "Point", "coordinates": [ 15426109.038603, 5005803.089150000363588 ] } },
{ "type": "Feature", "properties": { "15380279.394525": 15425891.912927, "5025475.223726": 5005545.4525300004 }, "geometry": { "type": "Point", "coordinates": [ 15425891.912927, 5005545.45253000035882 ] } },
{ "type": "Feature", "properties": { "15380279.394525": 15425665.403658999, "5025475.223726": 5005296.2322829999 }, "geometry": { "type": "Point", "coordinates": [ 15425665.403659, 5005296.232283 ] } },
{ "type": "Feature", "properties": { "15380279.394525": 15425426.921146, "5025475.223726": 5005053.3646029998 }, "geometry": { "type": "Point", "coordinates": [ 15425426.921146, 5005053.364602999761701 ] } },
{ "type": "Feature", "properties": { "15380279.394525": 15425181.678131999, "5025475.223726": 5004817.1585330004 }, "geometry": { "type": "Point", "coordinates": [ 15425181.678132, 5004817.158533000387251 ] } },
{ "type": "Feature", "properties": { "15380279.394525": 15424932.949333001, "5025475.223726": 5004584.1557820002 }, "geometry": { "type": "Point", "coordinates": [ 15424932.949333, 5004584.155782000161707 ] } },
{ "type": "Feature", "properties": { "15380279.394525": 15423761.022411, "5025475.223726": 5012940.5829600003 }, "geometry": { "type": "Point", "coordinates": [ 15423761.022411, 5012940.582960000261664 ] } },
{ "type": "Feature", "properties": { "15380279.394525": 15423662.670946, "5025475.223726": 5012697.8893 }, "geometry": { "type": "Point", "coordinates": [ 15423662.670946, 5012697.8893 ] } },
{ "type": "Feature", "properties": { "15380279.394525": 15423563.564618999, "5025475.223726": 5012455.6740300003 }, "geometry": { "type": "Point", "coordinates": [ 15423563.564619, 5012455.674030000343919 ] } },
{ "type": "Feature", "properties": { "15380279.394525": 15423462.899373, "5025475.223726": 5012214.318159 }, "geometry": { "type": "Point", "coordinates": [ 15423462.899373, 5012214.318159 ] } },
{ "type": "Feature", "properties": { "15380279.394525": 15423359.871153001, "5025475.223726": 5011974.2026960002 }, "geometry": { "type": "Point", "coordinates": [ 15423359.871153, 5011974.202696000225842 ] } },
{ "type": "Feature", "properties": { "15380279.394525": 15423253.675902, "5025475.223726": 5011735.7086490002 }, "geometry": { "type": "Point", "coordinates": [ 15423253.675902, 5011735.708649000152946 ] } },
{ "type": "Feature", "properties": { "15380279.394525": 15423143.509564999, "5025475.223726": 5011499.2170270002 }, "geometry": { "type": "Point", "coordinates": [ 15423143.509565, 5011499.217027000151575 ] } },
{ "type": "Feature", "properties": { "15380279.394525": 15423028.568085, "5025475.223726": 5011265.1088389996 }, "geometry": { "type": "Point", "coordinates": [ 15423028.568085, 5011265.108838999643922 ] } },
{ "type": "Feature", "properties": { "15380279.394525": 15422885.860675, "5025475.223726": 5010991.8601489998 }, "geometry": { "type": "Point", "coordinates": [ 15422885.860675, 5010991.860148999840021 ] } },
{ "type": "Feature", "properties": { "15380279.394525": 15422736.428422, "5025475.223726": 5010722.1869270001 }, "geometry": { "type": "Point", "coordinates": [ 15422736.428422, 5010722.186927 ] } },
{ "type": "Feature", "properties": { "15380279.394525": 15422581.224747, "5025475.223726": 5010455.5639979998 }, "geometry": { "type": "Point", "coordinates": [ 15422581.224747, 5010455.563997999764979 ] } },
{ "type": "Feature", "properties": { "15380279.394525": 15422421.203074001, "5025475.223726": 5010191.4661929999 }, "geometry": { "type": "Point", "coordinates": [ 15422421.203074, 5010191.466192999854684 ] } },
{ "type": "Feature", "properties": { "15380279.394525": 15422257.316823, "5025475.223726": 5009929.368338 }, "geometry": { "type": "Point", "coordinates": [ 15422257.316823, 5009929.368338 ] } },
{ "type": "Feature", "properties": { "15380279.394525": 15422090.519417999, "5025475.223726": 5009668.7452619998 }, "geometry": { "type": "Point", "coordinates": [ 15422090.519418, 5009668.74526199977845 ] } },
{ "type": "Feature", "properties": { "15380279.394525": 15421921.764280001, "5025475.223726": 5009409.0717940005 }, "geometry": { "type": "Point", "coordinates": [ 15421921.76428, 5009409.071794000454247 ] } },
{ "type": "Feature", "properties": { "15380279.394525": 15421752.004830999, "5025475.223726": 5009149.8227610001 }, "geometry": { "type": "Point", "coordinates": [ 15421752.004831, 5009149.822761000134051 ] } },
{ "type": "Feature", "properties": { "15380279.394525": 15426439.712517999, "5025475.223726": 5012416.9972970001 }, "geometry": { "type": "Point", "coordinates": [ 15426439.712518, 5012416.997297000139952 ] } },
{ "type": "Feature", "properties": { "15380279.394525": 15426210.217673, "5025475.223726": 5012156.5883290004 }, "geometry": { "type": "Point", "coordinates": [ 15426210.217673, 5012156.588329000398517 ] } },
{ "type": "Feature", "properties": { "15380279.394525": 15425981.663187001, "5025475.223726": 5011895.3829370001 }, "geometry": { "type": "Point", "coordinates": [ 15425981.663187, 5011895.382937000133097 ] } },
{ "type": "Feature", "properties": { "15380279.394525": 15425754.848884, "5025475.223726": 5011632.4384430004 }, "geometry": { "type": "Point", "coordinates": [ 15425754.848884, 5011632.438443000428379 ] } },
{ "type": "Feature", "properties": { "15380279.394525": 15425530.574589999, "5025475.223726": 5011366.8121659998 }, "geometry": { "type": "Point", "coordinates": [ 15425530.57459, 5011366.812165999785066 ] } },
{ "type": "Feature", "properties": { "15380279.394525": 15425309.640129, "5025475.223726": 5011097.561427 }, "geometry": { "type": "Point", "coordinates": [ 15425309.640129, 5011097.561427 ] } },
{ "type": "Feature", "properties": { "15380279.394525": 15425118.018118, "5025475.223726": 5010857.8301480003 }, "geometry": { "type": "Point", "coordinates": [ 15425118.018118, 5010857.830148000270128 ] } },
{ "type": "Feature", "properties": { "15380279.394525": 15424925.794472, "5025475.223726": 5010618.79067 }, "geometry": { "type": "Point", "coordinates": [ 15424925.794472, 5010618.79067 ] } },
{ "type": "Feature", "properties": { "15380279.394525": 15424728.930953, "5025475.223726": 5010384.4279850004 }, "geometry": { "type": "Point", "coordinates": [ 15424728.930953, 5010384.427985000424087 ] } },
{ "type": "Feature", "properties": { "15380279.394525": 15424523.389320999, "5025475.223726": 5010158.7270870004 }, "geometry": { "type": "Point", "coordinates": [ 15424523.389321, 5010158.727087000384927 ] } },
{ "type": "Feature", "properties": { "15380279.394525": 15424305.131339001, "5025475.223726": 5009945.6729690004 }, "geometry": { "type": "Point", "coordinates": [ 15424305.131339, 5009945.672969000414014 ] } },
{ "type": "Feature", "properties": { "15380279.394525": 15424083.352929, "5025475.223726": 5009755.3921760004 }, "geometry": { "type": "Point", "coordinates": [ 15424083.352929, 5009755.392176000401378 ] } },
{ "type": "Feature", "properties": { "15380279.394525": 15423856.741187001, "5025475.223726": 5009570.3329100003 }, "geometry": { "type": "Point", "coordinates": [ 15423856.741187, 5009570.332910000346601 ] } },
{ "type": "Feature", "properties": { "15380279.394525": 15423635.458813, "5025475.223726": 5009380.2004530001 }, "geometry": { "type": "Point", "coordinates": [ 15423635.458813, 5009380.20045300014317 ] } },
{ "type": "Feature", "properties": { "15380279.394525": 15423397.957265001, "5025475.223726": 5009145.4441200001 }, "geometry": { "type": "Point", "coordinates": [ 15423397.957265, 5009145.444120000116527 ] } },
{ "type": "Feature", "properties": { "15380279.394525": 15423177.796963001, "5025475.223726": 5008894.0794399995 }, "geometry": { "type": "Point", "coordinates": [ 15423177.796963, 5008894.07943999953568 ] } },
{ "type": "Feature", "properties": { "15380279.394525": 15422971.487001, "5025475.223726": 5008629.4045519996 }, "geometry": { "type": "Point", "coordinates": [ 15422971.487001, 5008629.404551999643445 ] } },
{ "type": "Feature", "properties": { "15380279.394525": 15422775.536472, "5025475.223726": 5008354.7175960001 }, "geometry": { "type": "Point", "coordinates": [ 15422775.536472, 5008354.717596 ] } },
{ "type": "Feature", "properties": { "15380279.394525": 15422586.454471, "5025475.223726": 5008073.3167120004 }, "geometry": { "type": "Point", "coordinates": [ 15422586.454471, 5008073.316712000407279 ] } },
{ "type": "Feature", "properties": { "15380279.394525": 15422400.750091, "5025475.223726": 5007788.5000379998 }, "geometry": { "type": "Point", "coordinates": [ 15422400.750091, 5007788.500037999823689 ] } },
{ "type": "Feature", "properties": { "15380279.394525": 15423907.513277, "5025475.223726": 5007369.6315080002 }, "geometry": { "type": "Point", "coordinates": [ 15423907.513277, 5007369.631508000195026 ] } },
{ "type": "Feature", "properties": { "15380279.394525": 15424153.070636, "5025475.223726": 5007453.3581309998 }, "geometry": { "type": "Point", "coordinates": [ 15424153.070636, 5007453.358130999840796 ] } },
{ "type": "Feature", "properties": { "15380279.394525": 15424398.320482999, "5025475.223726": 5007537.6642850004 }, "geometry": { "type": "Point", "coordinates": [ 15424398.320483, 5007537.664285000413656 ] } },
{ "type": "Feature", "properties": { "15380279.394525": 15424643.071675999, "5025475.223726": 5007623.1766170003 }, "geometry": { "type": "Point", "coordinates": [ 15424643.071676, 5007623.176617000252008 ] } },
{ "type": "Feature", "properties": { "15380279.394525": 15424887.133075001, "5025475.223726": 5007710.5217770003 }, "geometry": { "type": "Point", "coordinates": [ 15424887.133075, 5007710.521777000278234 ] } },
{ "type": "Feature", "properties": { "15380279.394525": 15425130.313539, "5025475.223726": 5007800.3264119998 }, "geometry": { "type": "Point", "coordinates": [ 15425130.313539, 5007800.326411999762058 ] } },
{ "type": "Feature", "properties": { "15380279.394525": 15425372.421929, "5025475.223726": 5007893.2171700001 }, "geometry": { "type": "Point", "coordinates": [ 15425372.421929, 5007893.21717 ] } },
{ "type": "Feature", "properties": { "15380279.394525": 15425635.090468001, "5025475.223726": 5007999.2810199996 }, "geometry": { "type": "Point", "coordinates": [ 15425635.090468, 5007999.28101999964565 ] } },
{ "type": "Feature", "properties": { "15380279.394525": 15425894.500426, "5025475.223726": 5008112.8080179999 }, "geometry": { "type": "Point", "coordinates": [ 15425894.500426, 5008112.808017999865115 ] } },
{ "type": "Feature", "properties": { "15380279.394525": 15426149.230149001, "5025475.223726": 5008236.9642949998 }, "geometry": { "type": "Point", "coordinates": [ 15426149.230149, 5008236.964294999837875 ] } },
{ "type": "Feature", "properties": { "15380279.394525": 15426397.857984999, "5025475.223726": 5008374.91598 }, "geometry": { "type": "Point", "coordinates": [ 15426397.857985, 5008374.91598 ] } },
{ "type": "Feature", "properties": { "15380279.394525": 15426659.866947999, "5025475.223726": 5008538.8095450001 }, "geometry": { "type": "Point", "coordinates": [ 15426659.866948, 5008538.809545 ] } },
{ "type": "Feature", "properties": { "15380279.394525": 15426921.853173001, "5025475.223726": 5008699.8823999995 }, "geometry": { "type": "Point", "coordinates": [ 15426921.853173, 5008699.882399999536574 ] } },
{ "type": "Feature", "properties": { "15380279.394525": 15427193.094110999, "5025475.223726": 5008835.6713629998 }, "geometry": { "type": "Point", "coordinates": [ 15427193.094111, 5008835.67136299982667 ] } },
{ "type": "Feature", "properties": { "15380279.394525": 15427399.318644, "5025475.223726": 5008907.6359310001 }, "geometry": { "type": "Point", "coordinates": [ 15427399.318644, 5008907.635931000113487 ] } },
{ "type": "Feature", "properties": { "15380279.394525": 15427613.116079001, "5025475.223726": 5008959.5325969998 }, "geometry": { "type": "Point", "coordinates": [ 15427613.116079, 5008959.532596999779344 ] } },
{ "type": "Feature", "properties": { "15380279.394525": 15427832.623033, "5025475.223726": 5008996.3904060004 }, "geometry": { "type": "Point", "coordinates": [ 15427832.623033, 5008996.390406000427902 ] } },
{ "type": "Feature", "properties": { "15380279.394525": 15428055.976124, "5025475.223726": 5009023.2384019997 }, "geometry": { "type": "Point", "coordinates": [ 15428055.976124, 5009023.238401999697089 ] } },
{ "type": "Feature", "properties": { "15380279.394525": 15428281.311967, "5025475.223726": 5009045.1056289999 }, "geometry": { "type": "Point", "coordinates": [ 15428281.311967, 5009045.105628999881446 ] } },
{ "type": "Feature", "properties": { "15380279.394525": 15426607.130650001, "5025475.223726": 5011914.3550610002 }, "geometry": { "type": "Point", "coordinates": [ 15426607.13065, 5011914.355061000213027 ] } },
{ "type": "Feature", "properties": { "15380279.394525": 15426568.877222, "5025475.223726": 5011649.0033750003 }, "geometry": { "type": "Point", "coordinates": [ 15426568.877222, 5011649.003375000320375 ] } },
{ "type": "Feature", "properties": { "15380279.394525": 15426529.437949, "5025475.223726": 5011383.978437 }, "geometry": { "type": "Point", "coordinates": [ 15426529.437949, 5011383.978437 ] } },
{ "type": "Feature", "properties": { "15380279.394525": 15426487.608271001, "5025475.223726": 5011119.4967759997 }, "geometry": { "type": "Point", "coordinates": [ 15426487.608271, 5011119.49677599966526 ] } },
{ "type": "Feature", "properties": { "15380279.394525": 15426442.183634, "5025475.223726": 5010855.7749239998 }, "geometry": { "type": "Point", "coordinates": [ 15426442.183634, 5010855.774923999793828 ] } },
{ "type": "Feature", "properties": { "15380279.394525": 15426391.959478, "5025475.223726": 5010593.0294110002 }, "geometry": { "type": "Point", "coordinates": [ 15426391.959478, 5010593.029411000199616 ] } },
{ "type": "Feature", "properties": { "15380279.394525": 15426335.731248001, "5025475.223726": 5010331.4767680001 }, "geometry": { "type": "Point", "coordinates": [ 15426335.731248, 5010331.476768 ] } },
{ "type": "Feature", "properties": { "15380279.394525": 15426272.294385999, "5025475.223726": 5010071.3335279999 }, "geometry": { "type": "Point", "coordinates": [ 15426272.294386, 5010071.333528 ] } },
{ "type": "Feature", "properties": { "15380279.394525": 15426206.129794, "5025475.223726": 5009828.8071210003 }, "geometry": { "type": "Point", "coordinates": [ 15426206.129794, 5009828.807121000252664 ] } },
{ "type": "Feature", "properties": { "15380279.394525": 15426137.132696999, "5025475.223726": 5009587.0119890003 }, "geometry": { "type": "Point", "coordinates": [ 15426137.132697, 5009587.011989000253379 ] } },
{ "type": "Feature", "properties": { "15380279.394525": 15426069.826995, "5025475.223726": 5009345.0081879999 }, "geometry": { "type": "Point", "coordinates": [ 15426069.826995, 5009345.008188 ] } },
{ "type": "Feature", "properties": { "15380279.394525": 15426008.736592, "5025475.223726": 5009101.8557700003 }, "geometry": { "type": "Point", "coordinates": [ 15426008.736592, 5009101.855770000256598 ] } },
{ "type": "Feature", "properties": { "15380279.394525": 15425958.38539, "5025475.223726": 5008856.61479 }, "geometry": { "type": "Point", "coordinates": [ 15425958.38539, 5008856.61479 ] } },
{ "type": "Feature", "properties": { "15380279.394525": 15425922.319653001, "5025475.223726": 5008613.7875030003 }, "geometry": { "type": "Point", "coordinates": [ 15425922.319653, 5008613.787503000348806 ] } },
{ "type": "Feature", "properties": { "15380279.394525": 15425896.057195, "5025475.223726": 5008369.1922589997 }, "geometry": { "type": "Point", "coordinates": [ 15425896.057195, 5008369.192258999682963 ] } },
{ "type": "Feature", "properties": { "15380279.394525": 15425874.676324001, "5025475.223726": 5008123.5948620001 }, "geometry": { "type": "Point", "coordinates": [ 15425874.676324, 5008123.594862 ] } },
{ "type": "Feature", "properties": { "15380279.394525": 15423802.876944, "5025475.223726": 5007767.5566109996 }, "geometry": { "type": "Point", "coordinates": [ 15423802.876944, 5007767.556610999628901 ] } },
{ "type": "Feature", "properties": { "15380279.394525": 15423844.731477, "5025475.223726": 5009568.6912909998 }, "geometry": { "type": "Point", "coordinates": [ 15423844.731477, 5009568.691290999762714 ] } },
{ "type": "Feature", "properties": { "15380279.394525": 15424556.258537, "5025475.223726": 5006427.1773150004 }, "geometry": { "type": "Point", "coordinates": [ 15424556.258537, 5006427.177315000444651 ] } },
{ "type": "Feature", "properties": { "15380279.394525": 15424812.221550999, "5025475.223726": 5006480.7047349997 }, "geometry": { "type": "Point", "coordinates": [ 15424812.221551, 5006480.70473499968648 ] } },
{ "type": "Feature", "properties": { "15380279.394525": 15425068.259586001, "5025475.223726": 5006532.7723420002 }, "geometry": { "type": "Point", "coordinates": [ 15425068.259586, 5006532.772342000156641 ] } },
{ "type": "Feature", "properties": { "15380279.394525": 15425324.556307999, "5025475.223726": 5006581.9279100001 }, "geometry": { "type": "Point", "coordinates": [ 15425324.556308, 5006581.92791 ] } },
{ "type": "Feature", "properties": { "15380279.394525": 15425581.295387, "5025475.223726": 5006626.7192129996 }, "geometry": { "type": "Point", "coordinates": [ 15425581.295387, 5006626.719212999567389 ] } },
{ "type": "Feature", "properties": { "15380279.394525": 15425838.660491999, "5025475.223726": 5006665.6940270001 }, "geometry": { "type": "Point", "coordinates": [ 15425838.660492, 5006665.694027000106871 ] } },
{ "type": "Feature", "properties": { "15380279.394525": 15426096.83529, "5025475.223726": 5006697.4001259999 }, "geometry": { "type": "Point", "coordinates": [ 15426096.83529, 5006697.400126 ] } },
{ "type": "Feature", "properties": { "15380279.394525": 15426356.003451999, "5025475.223726": 5006720.3852859996 }, "geometry": { "type": "Point", "coordinates": [ 15426356.003452, 5006720.385285999625921 ] } },
{ "type": "Feature", "properties": { "15380279.394525": 15426575.549269, "5025475.223726": 5006732.672123 }, "geometry": { "type": "Point", "coordinates": [ 15426575.549269, 5006732.672123 ] } },
{ "type": "Feature", "properties": { "15380279.394525": 15426795.476048, "5025475.223726": 5006741.3287119996 }, "geometry": { "type": "Point", "coordinates": [ 15426795.476048, 5006741.328711999580264 ] } },
{ "type": "Feature", "properties": { "15380279.394525": 15426962.89418, "5025475.223726": 5006825.1024179999 }, "geometry": { "type": "Point", "coordinates": [ 15426962.89418, 5006825.102417999878526 ] } },
{ "type": "Feature", "properties": { "15380279.394525": 15427187.553761, "5025475.223726": 5006791.6404910004 }, "geometry": { "type": "Point", "coordinates": [ 15427187.553761, 5006791.640491000376642 ] } },
{ "type": "Feature", "properties": { "15380279.394525": 15427411.912332, "5025475.223726": 5006757.3596120002 }, "geometry": { "type": "Point", "coordinates": [ 15427411.912332, 5006757.35961200017482 ] } },
{ "type": "Feature", "properties": { "15380279.394525": 15427635.765028, "5025475.223726": 5006721.393689 }, "geometry": { "type": "Point", "coordinates": [ 15427635.765028, 5006721.393689 ] } },
{ "type": "Feature", "properties": { "15380279.394525": 15427858.906987, "5025475.223726": 5006682.8766280003 }, "geometry": { "type": "Point", "coordinates": [ 15427858.906987, 5006682.876628000289202 ] } },
{ "type": "Feature", "properties": { "15380279.394525": 15428081.133343, "5025475.223726": 5006640.9423380001 }, "geometry": { "type": "Point", "coordinates": [ 15428081.133343, 5006640.942338 ] } },
{ "type": "Feature", "properties": { "15380279.394525": 15428302.239233, "5025475.223726": 5006594.7247270001 }, "geometry": { "type": "Point", "coordinates": [ 15428302.239233, 5006594.724727000109851 ] } },
{ "type": "Feature", "properties": { "15380279.394525": 15428537.306434, "5025475.223726": 5006539.9190440001 }, "geometry": { "type": "Point", "coordinates": [ 15428537.306434, 5006539.919044 ] } },
{ "type": "Feature", "properties": { "15380279.394525": 15428771.067826999, "5025475.223726": 5006480.114995 }, "geometry": { "type": "Point", "coordinates": [ 15428771.067827, 5006480.114995 ] } },
{ "type": "Feature", "properties": { "15380279.394525": 15429003.931364, "5025475.223726": 5006416.1082950002 }, "geometry": { "type": "Point", "coordinates": [ 15429003.931364, 5006416.10829500015825 ] } },
{ "type": "Feature", "properties": { "15380279.394525": 15429236.304997999, "5025475.223726": 5006348.6946630003 }, "geometry": { "type": "Point", "coordinates": [ 15429236.304998, 5006348.694663000293076 ] } },
{ "type": "Feature", "properties": { "15380279.394525": 15429468.596682999, "5025475.223726": 5006278.6698160004 }, "geometry": { "type": "Point", "coordinates": [ 15429468.596683, 5006278.669816000387073 ] } },
{ "type": "Feature", "properties": { "15380279.394525": 15429701.214370999, "5025475.223726": 5006206.8294700002 }, "geometry": { "type": "Point", "coordinates": [ 15429701.214371, 5006206.829470000229776 ] } },
{ "type": "Feature", "properties": { "15380279.394525": 15429934.566017, "5025475.223726": 5006133.9693440003 }, "geometry": { "type": "Point", "coordinates": [ 15429934.566017, 5006133.969344000332057 ] } },
{ "type": "Feature", "properties": { "15380279.394525": 15430200.951652, "5025475.223726": 5006049.7913159998 }, "geometry": { "type": "Point", "coordinates": [ 15430200.951652, 5006049.791315999813378 ] } },
{ "type": "Feature", "properties": { "15380279.394525": 15430465.185267, "5025475.223726": 5005960.4013510002 }, "geometry": { "type": "Point", "coordinates": [ 15430465.185267, 5005960.401351000182331 ] } },
{ "type": "Feature", "properties": { "15380279.394525": 15430723.88239, "5025475.223726": 5005860.7418330004 }, "geometry": { "type": "Point", "coordinates": [ 15430723.88239, 5005860.741833000443876 ] } },
{ "type": "Feature", "properties": { "15380279.394525": 15430973.658547999, "5025475.223726": 5005745.7551469998 }, "geometry": { "type": "Point", "coordinates": [ 15430973.658548, 5005745.755146999843419 ] } },
{ "type": "Feature", "properties": { "15380279.394525": 15431211.129271001, "5025475.223726": 5005610.3836810002 }, "geometry": { "type": "Point", "coordinates": [ 15431211.129271, 5005610.383681000210345 ] } },
{ "type": "Feature", "properties": { "15380279.394525": 15431463.877309, "5025475.223726": 5005427.17509 }, "geometry": { "type": "Point", "coordinates": [ 15431463.877309, 5005427.17509 ] } },
{ "type": "Feature", "properties": { "15380279.394525": 15431699.294551, "5025475.223726": 5005218.2290540002 }, "geometry": { "type": "Point", "coordinates": [ 15431699.294551, 5005218.229054000228643 ] } },
{ "type": "Feature", "properties": { "15380279.394525": 15431920.829082999, "5025475.223726": 5004990.6902099997 }, "geometry": { "type": "Point", "coordinates": [ 15431920.829083, 5004990.690209999680519 ] } },
{ "type": "Feature", "properties": { "15380279.394525": 15432131.928995, "5025475.223726": 5004751.7031939998 }, "geometry": { "type": "Point", "coordinates": [ 15432131.928995, 5004751.703193999826908 ] } },
{ "type": "Feature", "properties": { "15380279.394525": 15432331.587443, "5025475.223726": 5004512.6604840001 }, "geometry": { "type": "Point", "coordinates": [ 15432331.587443, 5004512.660484000109136 ] } },
{ "type": "Feature", "properties": { "15380279.394525": 15432526.516848, "5025475.223726": 5004271.311303 }, "geometry": { "type": "Point", "coordinates": [ 15432526.516848, 5004271.311303 ] } },
{ "type": "Feature", "properties": { "15380279.394525": 15432718.960387001, "5025475.223726": 5004029.2987660002 }, "geometry": { "type": "Point", "coordinates": [ 15432718.960387, 5004029.298766000196338 ] } },
{ "type": "Feature", "properties": { "15380279.394525": 15432911.161234999, "5025475.223726": 5003788.2659900002 }, "geometry": { "type": "Point", "coordinates": [ 15432911.161235, 5003788.265990000218153 ] } },
{ "type": "Feature", "properties": { "15380279.394525": 15433105.362570001, "5025475.223726": 5003549.8560899999 }, "geometry": { "type": "Point", "coordinates": [ 15433105.36257, 5003549.856089999899268 ] } },
{ "type": "Feature", "properties": { "15380279.394525": 15433303.807566, "5025475.223726": 5003315.7121820003 }, "geometry": { "type": "Point", "coordinates": [ 15433303.807566, 5003315.712182000279427 ] } },
{ "type": "Feature", "properties": { "15380279.394525": 15433508.739398999, "5025475.223726": 5003087.4773829998 }, "geometry": { "type": "Point", "coordinates": [ 15433508.739399, 5003087.477382999844849 ] } },
{ "type": "Feature", "properties": { "15380279.394525": 15433722.401246, "5025475.223726": 5002866.7948080003 }, "geometry": { "type": "Point", "coordinates": [ 15433722.401246, 5002866.794808000326157 ] } },
{ "type": "Feature", "properties": { "15380279.394525": 15433898.573359, "5025475.223726": 5002697.7927360004 }, "geometry": { "type": "Point", "coordinates": [ 15433898.573359, 5002697.79273600038141 ] } },
{ "type": "Feature", "properties": { "15380279.394525": 15434078.164775999, "5025475.223726": 5002531.6999840001 }, "geometry": { "type": "Point", "coordinates": [ 15434078.164776, 5002531.699984 ] } },
{ "type": "Feature", "properties": { "15380279.394525": 15429474.166154999, "5025475.223726": 5010322.6546459999 }, "geometry": { "type": "Point", "coordinates": [ 15429474.166155, 5010322.654645999893546 ] } },
{ "type": "Feature", "properties": { "15380279.394525": 15429486.654081, "5025475.223726": 5010068.806384 }, "geometry": { "type": "Point", "coordinates": [ 15429486.654081, 5010068.806384 ] } },
{ "type": "Feature", "properties": { "15380279.394525": 15429500.433374999, "5025475.223726": 5009815.2594550001 }, "geometry": { "type": "Point", "coordinates": [ 15429500.433375, 5009815.259455 ] } },
{ "type": "Feature", "properties": { "15380279.394525": 15429516.811373999, "5025475.223726": 5009562.2242120001 }, "geometry": { "type": "Point", "coordinates": [ 15429516.811374, 5009562.224212000146508 ] } },
{ "type": "Feature", "properties": { "15380279.394525": 15429537.095418001, "5025475.223726": 5009309.9110089997 }, "geometry": { "type": "Point", "coordinates": [ 15429537.095418, 5009309.911008999682963 ] } },
{ "type": "Feature", "properties": { "15380279.394525": 15429562.592846001, "5025475.223726": 5009058.5302029997 }, "geometry": { "type": "Point", "coordinates": [ 15429562.592846, 5009058.530202999711037 ] } },
{ "type": "Feature", "properties": { "15380279.394525": 15429594.610996, "5025475.223726": 5008808.2921460001 }, "geometry": { "type": "Point", "coordinates": [ 15429594.610996, 5008808.292146 ] } },
{ "type": "Feature", "properties": { "15380279.394525": 15429634.457208, "5025475.223726": 5008559.4071939997 }, "geometry": { "type": "Point", "coordinates": [ 15429634.457208, 5008559.407193999737501 ] } },
{ "type": "Feature", "properties": { "15380279.394525": 15429683.438819, "5025475.223726": 5008312.0857009999 }, "geometry": { "type": "Point", "coordinates": [ 15429683.438819, 5008312.085701 ] } },
{ "type": "Feature", "properties": { "15380279.394525": 15429734.945728, "5025475.223726": 5008093.7853039997 }, "geometry": { "type": "Point", "coordinates": [ 15429734.945728, 5008093.78530399966985 ] } },
{ "type": "Feature", "properties": { "15380279.394525": 15429791.282885, "5025475.223726": 5007876.4078259999 }, "geometry": { "type": "Point", "coordinates": [ 15429791.282885, 5007876.407825999893248 ] } },
{ "type": "Feature", "properties": { "15380279.394525": 15429849.072033999, "5025475.223726": 5007659.2747280002 }, "geometry": { "type": "Point", "coordinates": [ 15429849.072034, 5007659.274728000164032 ] } },
{ "type": "Feature", "properties": { "15380279.394525": 15429904.934917999, "5025475.223726": 5007441.7074729996 }, "geometry": { "type": "Point", "coordinates": [ 15429904.934918, 5007441.707472999580204 ] } },
{ "type": "Feature", "properties": { "15380279.394525": 15429955.493283, "5025475.223726": 5007223.0275219996 }, "geometry": { "type": "Point", "coordinates": [ 15429955.493283, 5007223.027521999552846 ] } },
{ "type": "Feature", "properties": { "15380279.394525": 15430001.033865999, "5025475.223726": 5006986.5167490002 }, "geometry": { "type": "Point", "coordinates": [ 15430001.033866, 5006986.516749000176787 ] } },
{ "type": "Feature", "properties": { "15380279.394525": 15430039.474834001, "5025475.223726": 5006741.3645740002 }, "geometry": { "type": "Point", "coordinates": [ 15430039.474834, 5006741.364574000239372 ] } },
{ "type": "Feature", "properties": { "15380279.394525": 15430039.568395, "5025475.223726": 5006740.653682 }, "geometry": { "type": "Point", "coordinates": [ 15430039.568395, 5006740.653682 ] } },
{ "type": "Feature", "properties": { "15380279.394525": 15430051.569763999, "5025475.223726": 5006532.348278 }, "geometry": { "type": "Point", "coordinates": [ 15430051.569764, 5006532.348278 ] } },
{ "type": "Feature", "properties": { "15380279.394525": 15430040.646838, "5025475.223726": 5006322.9987880001 }, "geometry": { "type": "Point", "coordinates": [ 15430040.646838, 5006322.998788 ] } },
{ "type": "Feature", "properties": { "15380279.394525": 15430018.275083, "5025475.223726": 5006113.0259170001 }, "geometry": { "type": "Point", "coordinates": [ 15430018.275083, 5006113.025917000137269 ] } },
{ "type": "Feature", "properties": { "15380279.394525": 15429348.602556, "5025475.223726": 5008144.5382890003 }, "geometry": { "type": "Point", "coordinates": [ 15429348.602556, 5008144.538289000280201 ] } },
{ "type": "Feature", "properties": { "15380279.394525": 15428741.711828999, "5025475.223726": 5006531.8944469998 }, "geometry": { "type": "Point", "coordinates": [ 15428741.711829, 5006531.894446999765933 ] } },
{ "type": "Feature", "properties": { "15380279.394525": 15428406.875565, "5025475.223726": 5005568.4968280001 }, "geometry": { "type": "Point", "coordinates": [ 15428406.875565, 5005568.496828 ] } },
{ "type": "Feature", "properties": { "15380279.394525": 15428595.220962999, "5025475.223726": 5006490.0075939996 }, "geometry": { "type": "Point", "coordinates": [ 15428595.220963, 5006490.007593999616802 ] } },
{ "type": "Feature", "properties": { "15380279.394525": 15430918.147541, "5025475.223726": 5010846.2403079998 }, "geometry": { "type": "Point", "coordinates": [ 15430918.147541, 5010846.240307999774814 ] } },
{ "type": "Feature", "properties": { "15380279.394525": 15430880.015959, "5025475.223726": 5010613.3693500003 }, "geometry": { "type": "Point", "coordinates": [ 15430880.015959, 5010613.369350000284612 ] } },
{ "type": "Feature", "properties": { "15380279.394525": 15430842.913124001, "5025475.223726": 5010380.4972379999 }, "geometry": { "type": "Point", "coordinates": [ 15430842.913124, 5010380.497238 ] } },
{ "type": "Feature", "properties": { "15380279.394525": 15430807.868884001, "5025475.223726": 5010147.5249349996 }, "geometry": { "type": "Point", "coordinates": [ 15430807.868884, 5010147.524934999644756 ] } },
{ "type": "Feature", "properties": { "15380279.394525": 15430775.913089, "5025475.223726": 5009914.3534019999 }, "geometry": { "type": "Point", "coordinates": [ 15430775.913089, 5009914.353402 ] } },
{ "type": "Feature", "properties": { "15380279.394525": 15430748.075588999, "5025475.223726": 5009680.8836009996 }, "geometry": { "type": "Point", "coordinates": [ 15430748.075589, 5009680.883600999601185 ] } },
{ "type": "Feature", "properties": { "15380279.394525": 15430725.386235001, "5025475.223726": 5009447.0164930001 }, "geometry": { "type": "Point", "coordinates": [ 15430725.386235, 5009447.016493 ] } },
{ "type": "Feature", "properties": { "15380279.394525": 15430708.874876, "5025475.223726": 5009212.6530409995 }, "geometry": { "type": "Point", "coordinates": [ 15430708.874876, 5009212.653040999546647 ] } },
{ "type": "Feature", "properties": { "15380279.394525": 15430698.891527999, "5025475.223726": 5008961.6383140003 }, "geometry": { "type": "Point", "coordinates": [ 15430698.891528, 5008961.638314000330865 ] } },
{ "type": "Feature", "properties": { "15380279.394525": 15430696.422481, "5025475.223726": 5008710.2954390002 }, "geometry": { "type": "Point", "coordinates": [ 15430696.422481, 5008710.295439000241458 ] } },
{ "type": "Feature", "properties": { "15380279.394525": 15430700.749591, "5025475.223726": 5008458.7600250002 }, "geometry": { "type": "Point", "coordinates": [ 15430700.749591, 5008458.760025000199676 ] } },
{ "type": "Feature", "properties": { "15380279.394525": 15430711.154711001, "5025475.223726": 5008207.1676850002 }, "geometry": { "type": "Point", "coordinates": [ 15430711.154711, 5008207.167685000225902 ] } },
{ "type": "Feature", "properties": { "15380279.394525": 15430726.919694999, "5025475.223726": 5007955.6540289996 }, "geometry": { "type": "Point", "coordinates": [ 15430726.919695, 5007955.654028999619186 ] } },
{ "type": "Feature", "properties": { "15380279.394525": 15430747.326399, "5025475.223726": 5007704.3546679998 }, "geometry": { "type": "Point", "coordinates": [ 15430747.326399, 5007704.354667999781668 ] } },
{ "type": "Feature", "properties": { "15380279.394525": 15430771.656675, "5025475.223726": 5007453.4052139996 }, "geometry": { "type": "Point", "coordinates": [ 15430771.656675, 5007453.405213999561965 ] } },
{ "type": "Feature", "properties": { "15380279.394525": 15430798.777937001, "5025475.223726": 5007206.9325449998 }, "geometry": { "type": "Point", "coordinates": [ 15430798.777937, 5007206.932544999755919 ] } },
{ "type": "Feature", "properties": { "15380279.394525": 15430828.559257001, "5025475.223726": 5006961.0235099997 }, "geometry": { "type": "Point", "coordinates": [ 15430828.559257, 5006961.023509999737144 ] } },
{ "type": "Feature", "properties": { "15380279.394525": 15430860.557489, "5025475.223726": 5006715.5670060003 }, "geometry": { "type": "Point", "coordinates": [ 15430860.557489, 5006715.567006000317633 ] } },
{ "type": "Feature", "properties": { "15380279.394525": 15430894.329487, "5025475.223726": 5006470.4519300004 }, "geometry": { "type": "Point", "coordinates": [ 15430894.329487, 5006470.451930000446737 ] } },
{ "type": "Feature", "properties": { "15380279.394525": 15430929.432104001, "5025475.223726": 5006225.567179 }, "geometry": { "type": "Point", "coordinates": [ 15430929.432104, 5006225.567179 ] } },
{ "type": "Feature", "properties": { "15380279.394525": 15430965.422193, "5025475.223726": 5005980.8016499998 }, "geometry": { "type": "Point", "coordinates": [ 15430965.422193, 5005980.801649999804795 ] } },
{ "type": "Feature", "properties": { "15380279.394525": 15431001.856605999, "5025475.223726": 5005736.0442399997 }, "geometry": { "type": "Point", "coordinates": [ 15431001.856606, 5005736.044239999726415 ] } },
{ "type": "Feature", "properties": { "15380279.394525": 15430290.329546999, "5025475.223726": 5007746.6131849997 }, "geometry": { "type": "Point", "coordinates": [ 15430290.329547, 5007746.613184999674559 ] } },
{ "type": "Feature", "properties": { "15380279.394525": 15430457.747678, "5025475.223726": 5005987.3653579997 }, "geometry": { "type": "Point", "coordinates": [ 15430457.747678, 5005987.365357999689877 ] } },
{ "type": "Feature", "properties": { "15380279.394525": 15430604.238544, "5025475.223726": 5005819.817946 }, "geometry": { "type": "Point", "coordinates": [ 15430604.238544, 5005819.817946 ] } },
{ "type": "Feature", "properties": { "15380279.394525": 15430583.311277, "5025475.223726": 5004374.7215170003 }, "geometry": { "type": "Point", "coordinates": [ 15430583.311277, 5004374.721517000347376 ] } },
{ "type": "Feature", "properties": { "15380279.394525": 15431085.565672001, "5025475.223726": 5004982.0808849996 }, "geometry": { "type": "Point", "coordinates": [ 15431085.565672, 5004982.080884999595582 ] } },
{ "type": "Feature", "properties": { "15380279.394525": 15430913.429367, "5025475.223726": 5004767.5690310001 }, "geometry": { "type": "Point", "coordinates": [ 15430913.429367, 5004767.569031000137329 ] } },
{ "type": "Feature", "properties": { "15380279.394525": 15430742.518796001, "5025475.223726": 5004552.2980899997 }, "geometry": { "type": "Point", "coordinates": [ 15430742.518796, 5004552.298089999705553 ] } },
{ "type": "Feature", "properties": { "15380279.394525": 15430573.967312001, "5025475.223726": 5004335.377258 }, "geometry": { "type": "Point", "coordinates": [ 15430573.967312, 5004335.377258 ] } },
{ "type": "Feature", "properties": { "15380279.394525": 15430408.908267001, "5025475.223726": 5004115.9157309998 }, "geometry": { "type": "Point", "coordinates": [ 15430408.908267, 5004115.915730999782681 ] } },
{ "type": "Feature", "properties": { "15380279.394525": 15430248.475013999, "5025475.223726": 5003893.0227070004 }, "geometry": { "type": "Point", "coordinates": [ 15430248.475014, 5003893.022707000374794 ] } },
{ "type": "Feature", "properties": { "15380279.394525": 15430106.216460001, "5025475.223726": 5003685.519599 }, "geometry": { "type": "Point", "coordinates": [ 15430106.21646, 5003685.519599 ] } },
{ "type": "Feature", "properties": { "15380279.394525": 15429967.278247001, "5025475.223726": 5003475.7393209999 }, "geometry": { "type": "Point", "coordinates": [ 15429967.278247, 5003475.739321 ] } },
{ "type": "Feature", "properties": { "15380279.394525": 15429829.929685, "5025475.223726": 5003264.719912 }, "geometry": { "type": "Point", "coordinates": [ 15429829.929685, 5003264.719912 ] } },
{ "type": "Feature", "properties": { "15380279.394525": 15427067.530512, "5025475.223726": 5006762.2721389998 }, "geometry": { "type": "Point", "coordinates": [ 15427067.530512, 5006762.272138999775052 ] } },
{ "type": "Feature", "properties": { "15380279.394525": 15427171.489112001, "5025475.223726": 5006496.0780870002 }, "geometry": { "type": "Point", "coordinates": [ 15427171.489112, 5006496.078087000176311 ] } },
{ "type": "Feature", "properties": { "15380279.394525": 15427276.628642, "5025475.223726": 5006230.5366939995 }, "geometry": { "type": "Point", "coordinates": [ 15427276.628642, 5006230.536693999543786 ] } },
{ "type": "Feature", "properties": { "15380279.394525": 15427384.199764, "5025475.223726": 5005966.1487400001 }, "geometry": { "type": "Point", "coordinates": [ 15427384.199764, 5005966.14874 ] } },
{ "type": "Feature", "properties": { "15380279.394525": 15427495.453143001, "5025475.223726": 5005703.4150050003 }, "geometry": { "type": "Point", "coordinates": [ 15427495.453143, 5005703.415005000308156 ] } },
{ "type": "Feature", "properties": { "15380279.394525": 15427611.63944, "5025475.223726": 5005442.8362689996 }, "geometry": { "type": "Point", "coordinates": [ 15427611.63944, 5005442.836268999613822 ] } },
{ "type": "Feature", "properties": { "15380279.394525": 15427734.022118, "5025475.223726": 5005183.8697610004 }, "geometry": { "type": "Point", "coordinates": [ 15427734.022118, 5005183.869761000387371 ] } },
{ "type": "Feature", "properties": { "15380279.394525": 15427861.292376, "5025475.223726": 5004927.2585479999 }, "geometry": { "type": "Point", "coordinates": [ 15427861.292376, 5004927.258547999896109 ] } },
{ "type": "Feature", "properties": { "15380279.394525": 15427992.245820999, "5025475.223726": 5004672.3756870003 }, "geometry": { "type": "Point", "coordinates": [ 15427992.245821, 5004672.375687000341713 ] } },
{ "type": "Feature", "properties": { "15380279.394525": 15428125.678060999, "5025475.223726": 5004418.5942360004 }, "geometry": { "type": "Point", "coordinates": [ 15428125.678061, 5004418.594236000441015 ] } },
{ "type": "Feature", "properties": { "15380279.394525": 15428260.3847, "5025475.223726": 5004165.2872510003 }, "geometry": { "type": "Point", "coordinates": [ 15428260.3847, 5004165.287251000292599 ] } },
{ "type": "Feature", "properties": { "15380279.394525": 15434705.98277, "5025475.223726": 5010741.5231760005 }, "geometry": { "type": "Point", "coordinates": [ 15434705.98277, 5010741.523176000453532 ] } },
{ "type": "Feature", "properties": { "15380279.394525": 15434523.157573, "5025475.223726": 5010501.209338 }, "geometry": { "type": "Point", "coordinates": [ 15434523.157573, 5010501.209338 ] } },
{ "type": "Feature", "properties": { "15380279.394525": 15434341.080231, "5025475.223726": 5010260.4135029996 }, "geometry": { "type": "Point", "coordinates": [ 15434341.080231, 5010260.413502999581397 ] } },
{ "type": "Feature", "properties": { "15380279.394525": 15434160.456722001, "5025475.223726": 5010018.5521799996 }, "geometry": { "type": "Point", "coordinates": [ 15434160.456722, 5010018.552179999649525 ] } },
{ "type": "Feature", "properties": { "15380279.394525": 15433981.993023001, "5025475.223726": 5009775.0418779999 }, "geometry": { "type": "Point", "coordinates": [ 15433981.993023, 5009775.041878 ] } },
{ "type": "Feature", "properties": { "15380279.394525": 15433806.395114999, "5025475.223726": 5009529.2991079995 }, "geometry": { "type": "Point", "coordinates": [ 15433806.395115, 5009529.299107999540865 ] } },
{ "type": "Feature", "properties": { "15380279.394525": 15433634.368976001, "5025475.223726": 5009280.7403790001 }, "geometry": { "type": "Point", "coordinates": [ 15433634.368976, 5009280.740379 ] } },
{ "type": "Feature", "properties": { "15380279.394525": 15433466.620583, "5025475.223726": 5009028.7822009996 }, "geometry": { "type": "Point", "coordinates": [ 15433466.620583, 5009028.782200999557972 ] } },
{ "type": "Feature", "properties": { "15380279.394525": 15433303.855916999, "5025475.223726": 5008772.8410839997 }, "geometry": { "type": "Point", "coordinates": [ 15433303.855917, 5008772.841083999723196 ] } },
{ "type": "Feature", "properties": { "15380279.394525": 15433172.227608999, "5025475.223726": 5008555.2485499997 }, "geometry": { "type": "Point", "coordinates": [ 15433172.227609, 5008555.248549999669194 ] } },
{ "type": "Feature", "properties": { "15380279.394525": 15433046.351348, "5025475.223726": 5008334.3402859997 }, "geometry": { "type": "Point", "coordinates": [ 15433046.351348, 5008334.340285999700427 ] } },
{ "type": "Feature", "properties": { "15380279.394525": 15432927.917964, "5025475.223726": 5008109.8147130003 }, "geometry": { "type": "Point", "coordinates": [ 15432927.917964, 5008109.814713000319898 ] } },
{ "type": "Feature", "properties": { "15380279.394525": 15432818.618288999, "5025475.223726": 5007881.3702539997 }, "geometry": { "type": "Point", "coordinates": [ 15432818.618289, 5007881.370253999717534 ] } },
{ "type": "Feature", "properties": { "15380279.394525": 15432720.143154001, "5025475.223726": 5007648.705329 }, "geometry": { "type": "Point", "coordinates": [ 15432720.143154, 5007648.705329 ] } },
{ "type": "Feature", "properties": { "15380279.394525": 15432634.183390001, "5025475.223726": 5007411.5183610003 }, "geometry": { "type": "Point", "coordinates": [ 15432634.18339, 5007411.518361000344157 ] } },
{ "type": "Feature", "properties": { "15380279.394525": 15432557.360130001, "5025475.223726": 5007155.1503860001 }, "geometry": { "type": "Point", "coordinates": [ 15432557.36013, 5007155.150386 ] } },
{ "type": "Feature", "properties": { "15380279.394525": 15432491.047696, "5025475.223726": 5006895.3723759996 }, "geometry": { "type": "Point", "coordinates": [ 15432491.047696, 5006895.372375999577343 ] } },
{ "type": "Feature", "properties": { "15380279.394525": 15432429.663264999, "5025475.223726": 5006633.9291099999 }, "geometry": { "type": "Point", "coordinates": [ 15432429.663265, 5006633.92911 ] } },
{ "type": "Feature", "properties": { "15380279.394525": 15432367.624016, "5025475.223726": 5006372.5653640004 }, "geometry": { "type": "Point", "coordinates": [ 15432367.624016, 5006372.56536400038749 ] } },
{ "type": "Feature", "properties": { "15380279.394525": 15432299.347127, "5025475.223726": 5006113.0259170001 }, "geometry": { "type": "Point", "coordinates": [ 15432299.347127, 5006113.025917000137269 ] } },
{ "type": "Feature", "properties": { "15380279.394525": 15432230.714149, "5025475.223726": 5005887.5297659999 }, "geometry": { "type": "Point", "coordinates": [ 15432230.714149, 5005887.529765999875963 ] } },
{ "type": "Feature", "properties": { "15380279.394525": 15432154.838003, "5025475.223726": 5005664.406498 }, "geometry": { "type": "Point", "coordinates": [ 15432154.838003, 5005664.406498 ] } },
{ "type": "Feature", "properties": { "15380279.394525": 15432073.51654, "5025475.223726": 5005443.0311439997 }, "geometry": { "type": "Point", "coordinates": [ 15432073.51654, 5005443.031143999658525 ] } },
{ "type": "Feature", "properties": { "15380279.394525": 15431988.54761, "5025475.223726": 5005222.7787370002 }, "geometry": { "type": "Point", "coordinates": [ 15431988.54761, 5005222.778737000189722 ] } },
{ "type": "Feature", "properties": { "15380279.394525": 15431901.729064001, "5025475.223726": 5005003.0243119998 }, "geometry": { "type": "Point", "coordinates": [ 15431901.729064, 5005003.02431199979037 ] } },
{ "type": "Feature", "properties": { "15380279.394525": 15429453.238887999, "5025475.223726": 5004165.2872510003 }, "geometry": { "type": "Point", "coordinates": [ 15429453.238888, 5004165.287251000292599 ] } },
{ "type": "Feature", "properties": { "15380279.394525": 15429507.348532001, "5025475.223726": 5004373.7938989997 }, "geometry": { "type": "Point", "coordinates": [ 15429507.348532, 5004373.79389899969101 ] } },
{ "type": "Feature", "properties": { "15380279.394525": 15429558.639449, "5025475.223726": 5004582.6096320003 }, "geometry": { "type": "Point", "coordinates": [ 15429558.639449, 5004582.60963200032711 ] } },
{ "type": "Feature", "properties": { "15380279.394525": 15429604.316435, "5025475.223726": 5004792.1984390002 }, "geometry": { "type": "Point", "coordinates": [ 15429604.316435, 5004792.198439000174403 ] } },
{ "type": "Feature", "properties": { "15380279.394525": 15429641.584286001, "5025475.223726": 5005003.0243119998 }, "geometry": { "type": "Point", "coordinates": [ 15429641.584286, 5005003.02431199979037 ] } },
{ "type": "Feature", "properties": { "15380279.394525": 15429670.862709001, "5025475.223726": 5005239.533 }, "geometry": { "type": "Point", "coordinates": [ 15429670.862709, 5005239.532999999821186 ] } },
{ "type": "Feature", "properties": { "15380279.394525": 15429688.986103, "5025475.223726": 5005477.4932629997 }, "geometry": { "type": "Point", "coordinates": [ 15429688.986103, 5005477.493262999691069 ] } },
{ "type": "Feature", "properties": { "15380279.394525": 15429698.748467, "5025475.223726": 5005716.5767139997 }, "geometry": { "type": "Point", "coordinates": [ 15429698.748467, 5005716.576713999733329 ] } },
{ "type": "Feature", "properties": { "15380279.394525": 15429702.943794999, "5025475.223726": 5005956.4549629996 }, "geometry": { "type": "Point", "coordinates": [ 15429702.943795, 5005956.454962999559939 ] } },
{ "type": "Feature", "properties": { "15380279.394525": 15429704.366086001, "5025475.223726": 5006196.7996230004 }, "geometry": { "type": "Point", "coordinates": [ 15429704.366086, 5006196.799623000435531 ] } },
{ "type": "Feature", "properties": { "15380279.394525": 15430039.202349, "5025475.223726": 5004395.6649430003 }, "geometry": { "type": "Point", "coordinates": [ 15430039.202349, 5004395.664943000301719 ] } },
{ "type": "Feature", "properties": { "15380279.394525": 15430050.907814, "5025475.223726": 5004599.8534939997 }, "geometry": { "type": "Point", "coordinates": [ 15430050.907814, 5004599.853493999689817 ] } },
{ "type": "Feature", "properties": { "15380279.394525": 15430062.114255, "5025475.223726": 5004803.9861350004 }, "geometry": { "type": "Point", "coordinates": [ 15430062.114255, 5004803.986135000362992 ] } },
{ "type": "Feature", "properties": { "15380279.394525": 15430072.328376999, "5025475.223726": 5005008.1565889996 }, "geometry": { "type": "Point", "coordinates": [ 15430072.328377, 5005008.156588999554515 ] } },
{ "type": "Feature", "properties": { "15380279.394525": 15430081.056882, "5025475.223726": 5005212.4585769996 }, "geometry": { "type": "Point", "coordinates": [ 15430081.056882, 5005212.458576999604702 ] } },
{ "type": "Feature", "properties": { "15380279.394525": 15430088.113274001, "5025475.223726": 5005421.8617019998 }, "geometry": { "type": "Point", "coordinates": [ 15430088.113274, 5005421.861701999790967 ] } },
{ "type": "Feature", "properties": { "15380279.394525": 15430093.604068, "5025475.223726": 5005631.2477129996 }, "geometry": { "type": "Point", "coordinates": [ 15430093.604068, 5005631.247712999582291 ] } },
{ "type": "Feature", "properties": { "15380279.394525": 15430098.053086, "5025475.223726": 5005840.6734220004 }, "geometry": { "type": "Point", "coordinates": [ 15430098.053086, 5005840.67342200037092 ] } },
{ "type": "Feature", "properties": { "15380279.394525": 15430101.984149, "5025475.223726": 5006050.1956369998 }, "geometry": { "type": "Point", "coordinates": [ 15430101.984149, 5006050.195636999793351 ] } },
{ "type": "Feature", "properties": { "15380279.394525": 15431964.510863001, "5025475.223726": 5009673.4084240003 }, "geometry": { "type": "Point", "coordinates": [ 15431964.510863, 5009673.408424000255764 ] } },
{ "type": "Feature", "properties": { "15380279.394525": 15431960.540382, "5025475.223726": 5009431.9841280002 }, "geometry": { "type": "Point", "coordinates": [ 15431960.540382, 5009431.984128000214696 ] } },
{ "type": "Feature", "properties": { "15380279.394525": 15431957.843703, "5025475.223726": 5009190.7253689999 }, "geometry": { "type": "Point", "coordinates": [ 15431957.843703, 5009190.725368999876082 ] } },
{ "type": "Feature", "properties": { "15380279.394525": 15431957.702981999, "5025475.223726": 5008949.680462 }, "geometry": { "type": "Point", "coordinates": [ 15431957.702982, 5008949.680462 ] } },
{ "type": "Feature", "properties": { "15380279.394525": 15431961.400374999, "5025475.223726": 5008708.897721 }, "geometry": { "type": "Point", "coordinates": [ 15431961.400375, 5008708.897721 ] } },
{ "type": "Feature", "properties": { "15380279.394525": 15431970.218039, "5025475.223726": 5008468.4254599996 }, "geometry": { "type": "Point", "coordinates": [ 15431970.218039, 5008468.425459999591112 ] } },
{ "type": "Feature", "properties": { "15380279.394525": 15431985.438130001, "5025475.223726": 5008228.3119949996 }, "geometry": { "type": "Point", "coordinates": [ 15431985.43813, 5008228.311994999647141 ] } },
{ "type": "Feature", "properties": { "15380279.394525": 15432009.001211001, "5025475.223726": 5007976.6122519998 }, "geometry": { "type": "Point", "coordinates": [ 15432009.001211, 5007976.612251999787986 ] } },
{ "type": "Feature", "properties": { "15380279.394525": 15432038.227827, "5025475.223726": 5007725.370325 }, "geometry": { "type": "Point", "coordinates": [ 15432038.227827, 5007725.370325 ] } },
{ "type": "Feature", "properties": { "15380279.394525": 15432070.321989, "5025475.223726": 5007474.3177089998 }, "geometry": { "type": "Point", "coordinates": [ 15432070.321989, 5007474.317708999849856 ] } },
{ "type": "Feature", "properties": { "15380279.394525": 15432102.487708, "5025475.223726": 5007223.1859029997 }, "geometry": { "type": "Point", "coordinates": [ 15432102.487708, 5007223.185902999714017 ] } },
{ "type": "Feature", "properties": { "15380279.394525": 15432131.928995, "5025475.223726": 5006971.7064039996 }, "geometry": { "type": "Point", "coordinates": [ 15432131.928995, 5006971.706403999589384 ] } },
{ "type": "Feature", "properties": { "15380279.394525": 15432153.812948, "5025475.223726": 5006750.0892679999 }, "geometry": { "type": "Point", "coordinates": [ 15432153.812948, 5006750.089267999865115 ] } },
{ "type": "Feature", "properties": { "15380279.394525": 15432172.265718, "5025475.223726": 5006528.2600130001 }, "geometry": { "type": "Point", "coordinates": [ 15432172.265718, 5006528.260013000108302 ] } },
{ "type": "Feature", "properties": { "15380279.394525": 15432188.147418, "5025475.223726": 5006306.2391649997 }, "geometry": { "type": "Point", "coordinates": [ 15432188.147418, 5006306.239164999686182 ] } },
{ "type": "Feature", "properties": { "15380279.394525": 15432202.318162, "5025475.223726": 5006084.0472520003 }, "geometry": { "type": "Point", "coordinates": [ 15432202.318162, 5006084.047252000309527 ] } },
{ "type": "Feature", "properties": { "15380279.394525": 15432215.638061, "5025475.223726": 5005861.7047990002 }, "geometry": { "type": "Point", "coordinates": [ 15432215.638061, 5005861.704799000173807 ] } },
{ "type": "Feature", "properties": { "15380279.394525": 15433010.874186, "5025475.223726": 5007683.7829050003 }, "geometry": { "type": "Point", "coordinates": [ 15433010.874186, 5007683.782905000261962 ] } },
{ "type": "Feature", "properties": { "15380279.394525": 15432976.450608, "5025475.223726": 5007432.5302619999 }, "geometry": { "type": "Point", "coordinates": [ 15432976.450608, 5007432.530262 ] } },
{ "type": "Feature", "properties": { "15380279.394525": 15432942.270141, "5025475.223726": 5007181.3343200004 }, "geometry": { "type": "Point", "coordinates": [ 15432942.270141, 5007181.334320000372827 ] } },
{ "type": "Feature", "properties": { "15380279.394525": 15432908.55965, "5025475.223726": 5006930.1041400004 }, "geometry": { "type": "Point", "coordinates": [ 15432908.55965, 5006930.104140000417829 ] } },
{ "type": "Feature", "properties": { "15380279.394525": 15432875.546, "5025475.223726": 5006678.7487840001 }, "geometry": { "type": "Point", "coordinates": [ 15432875.546, 5006678.748784 ] } },
{ "type": "Feature", "properties": { "15380279.394525": 15432843.456055, "5025475.223726": 5006427.1773150004 }, "geometry": { "type": "Point", "coordinates": [ 15432843.456055, 5006427.177315000444651 ] } },
{ "type": "Feature", "properties": { "15380279.394525": 15432815.143364999, "5025475.223726": 5006196.9956379998 }, "geometry": { "type": "Point", "coordinates": [ 15432815.143365, 5006196.995637999847531 ] } },
{ "type": "Feature", "properties": { "15380279.394525": 15432788.089856001, "5025475.223726": 5005966.7497370001 }, "geometry": { "type": "Point", "coordinates": [ 15432788.089856, 5005966.749737 ] } },
{ "type": "Feature", "properties": { "15380279.394525": 15432762.560362, "5025475.223726": 5005736.3399329996 }, "geometry": { "type": "Point", "coordinates": [ 15432762.560362, 5005736.339932999573648 ] } },
{ "type": "Feature", "properties": { "15380279.394525": 15432738.819723001, "5025475.223726": 5005505.6665479997 }, "geometry": { "type": "Point", "coordinates": [ 15432738.819723, 5005505.666547999717295 ] } },
{ "type": "Feature", "properties": { "15380279.394525": 15432714.845698999, "5025475.223726": 5005250.3823690005 }, "geometry": { "type": "Point", "coordinates": [ 15432714.845699, 5005250.382369000464678 ] } },
{ "type": "Feature", "properties": { "15380279.394525": 15432692.908322999, "5025475.223726": 5004994.9975349996 }, "geometry": { "type": "Point", "coordinates": [ 15432692.908323, 5004994.997534999623895 ] } },
{ "type": "Feature", "properties": { "15380279.394525": 15432672.494325001, "5025475.223726": 5004739.4998890003 }, "geometry": { "type": "Point", "coordinates": [ 15432672.494325, 5004739.499889000318944 ] } },
{ "type": "Feature", "properties": { "15380279.394525": 15432653.090437001, "5025475.223726": 5004483.8772729998 }, "geometry": { "type": "Point", "coordinates": [ 15432653.090437, 5004483.877272999845445 ] } },
{ "type": "Feature", "properties": { "15380279.394525": 15432634.183390001, "5025475.223726": 5004228.1175309997 }, "geometry": { "type": "Point", "coordinates": [ 15432634.18339, 5004228.117530999705195 ] } },
{ "type": "Feature", "properties": { "15380279.394525": 15432801.601522001, "5025475.223726": 5005798.8745189998 }, "geometry": { "type": "Point", "coordinates": [ 15432801.601522, 5005798.874518999829888 ] } },
{ "type": "Feature", "properties": { "15380279.394525": 15433042.291056, "5025475.223726": 5005691.8785929997 }, "geometry": { "type": "Point", "coordinates": [ 15433042.291056, 5005691.878592999652028 ] } },
{ "type": "Feature", "properties": { "15380279.394525": 15433285.515109001, "5025475.223726": 5005597.0752109997 }, "geometry": { "type": "Point", "coordinates": [ 15433285.515109, 5005597.075210999697447 ] } },
{ "type": "Feature", "properties": { "15380279.394525": 15433534.055848001, "5025475.223726": 5005526.6099749999 }, "geometry": { "type": "Point", "coordinates": [ 15433534.055848, 5005526.609975 ] } },
{ "type": "Feature", "properties": { "15380279.394525": 15433749.746680001, "5025475.223726": 5005492.4256109996 }, "geometry": { "type": "Point", "coordinates": [ 15433749.74668, 5005492.425610999576747 ] } },
{ "type": "Feature", "properties": { "15380279.394525": 15433969.239262, "5025475.223726": 5005476.0960929999 }, "geometry": { "type": "Point", "coordinates": [ 15433969.239262, 5005476.096093 ] } },
{ "type": "Feature", "properties": { "15380279.394525": 15434190.876435, "5025475.223726": 5005469.3159450004 }, "geometry": { "type": "Point", "coordinates": [ 15434190.876435, 5005469.315945000387728 ] } },
{ "type": "Feature", "properties": { "15380279.394525": 15434413.001039, "5025475.223726": 5005463.7796949996 }, "geometry": { "type": "Point", "coordinates": [ 15434413.001039, 5005463.779694999568164 ] } },
{ "type": "Feature", "properties": { "15380279.394525": 15434645.006648, "5025475.223726": 5005452.1163879996 }, "geometry": { "type": "Point", "coordinates": [ 15434645.006648, 5005452.116387999616563 ] } },
{ "type": "Feature", "properties": { "15380279.394525": 15434875.764517, "5025475.223726": 5005434.2746620001 }, "geometry": { "type": "Point", "coordinates": [ 15434875.764517, 5005434.274662000127137 ] } },
{ "type": "Feature", "properties": { "15380279.394525": 15435105.619547, "5025475.223726": 5005411.7928759996 }, "geometry": { "type": "Point", "coordinates": [ 15435105.619547, 5005411.792875999584794 ] } },
{ "type": "Feature", "properties": { "15380279.394525": 15435334.916639, "5025475.223726": 5005386.2093900004 }, "geometry": { "type": "Point", "coordinates": [ 15435334.916639, 5005386.20939000044018 ] } },
{ "type": "Feature", "properties": { "15380279.394525": 15435564.000694999, "5025475.223726": 5005359.0625630002 }, "geometry": { "type": "Point", "coordinates": [ 15435564.000695, 5005359.062563000246882 ] } },
{ "type": "Feature", "properties": { "15380279.394525": 15435647.709760001, "5025475.223726": 5010971.9008680005 }, "geometry": { "type": "Point", "coordinates": [ 15435647.70976, 5010971.900868000462651 ] } },
{ "type": "Feature", "properties": { "15380279.394525": 15435567.282773999, "5025475.223726": 5010724.2696399996 }, "geometry": { "type": "Point", "coordinates": [ 15435567.282774, 5010724.269639999605715 ] } },
{ "type": "Feature", "properties": { "15380279.394525": 15435485.402117001, "5025475.223726": 5010477.2909709997 }, "geometry": { "type": "Point", "coordinates": [ 15435485.402117, 5010477.290970999747515 ] } },
{ "type": "Feature", "properties": { "15380279.394525": 15435400.595202001, "5025475.223726": 5010231.536479 }, "geometry": { "type": "Point", "coordinates": [ 15435400.595202, 5010231.536479 ] } },
{ "type": "Feature", "properties": { "15380279.394525": 15435311.389439, "5025475.223726": 5009987.5777850002 }, "geometry": { "type": "Point", "coordinates": [ 15435311.389439, 5009987.57778500020504 ] } },
{ "type": "Feature", "properties": { "15380279.394525": 15435216.312239001, "5025475.223726": 5009745.9865060002 }, "geometry": { "type": "Point", "coordinates": [ 15435216.312239, 5009745.986506000161171 ] } },
{ "type": "Feature", "properties": { "15380279.394525": 15435113.891015001, "5025475.223726": 5009507.3342629997 }, "geometry": { "type": "Point", "coordinates": [ 15435113.891015, 5009507.33426299970597 ] } },
{ "type": "Feature", "properties": { "15380279.394525": 15435002.653176, "5025475.223726": 5009272.1926739998 }, "geometry": { "type": "Point", "coordinates": [ 15435002.653176, 5009272.192673999816179 ] } },
{ "type": "Feature", "properties": { "15380279.394525": 15434881.126134999, "5025475.223726": 5009041.1333590001 }, "geometry": { "type": "Point", "coordinates": [ 15434881.126135, 5009041.133359 ] } },
{ "type": "Feature", "properties": { "15380279.394525": 15434747.837303, "5025475.223726": 5008814.7279369999 }, "geometry": { "type": "Point", "coordinates": [ 15434747.837303, 5008814.727936999872327 ] } },
{ "type": "Feature", "properties": { "15380279.394525": 15434595.292134, "5025475.223726": 5008581.0361590004 }, "geometry": { "type": "Point", "coordinates": [ 15434595.292134, 5008581.036159000359476 ] } },
{ "type": "Feature", "properties": { "15380279.394525": 15434440.07535, "5025475.223726": 5008349.1034890004 }, "geometry": { "type": "Point", "coordinates": [ 15434440.07535, 5008349.103489000350237 ] } },
{ "type": "Feature", "properties": { "15380279.394525": 15434294.163897, "5025475.223726": 5008114.6391770002 }, "geometry": { "type": "Point", "coordinates": [ 15434294.163897, 5008114.639177000150084 ] } },
{ "type": "Feature", "properties": { "15380279.394525": 15434169.534723001, "5025475.223726": 5007873.3524719998 }, "geometry": { "type": "Point", "coordinates": [ 15434169.534723, 5007873.352471999824047 ] } },
{ "type": "Feature", "properties": { "15380279.394525": 15434078.164775999, "5025475.223726": 5007620.9526260002 }, "geometry": { "type": "Point", "coordinates": [ 15434078.164776, 5007620.952626000158489 ] } },
{ "type": "Feature", "properties": { "15380279.394525": 15434030.766311999, "5025475.223726": 5007382.6497330004 }, "geometry": { "type": "Point", "coordinates": [ 15434030.766312, 5007382.649733000434935 ] } },
{ "type": "Feature", "properties": { "15380279.394525": 15434007.136685001, "5025475.223726": 5007136.7996939998 }, "geometry": { "type": "Point", "coordinates": [ 15434007.136685, 5007136.799693999812007 ] } },
{ "type": "Feature", "properties": { "15380279.394525": 15433994.455709999, "5025475.223726": 5006887.9326980002 }, "geometry": { "type": "Point", "coordinates": [ 15433994.45571, 5006887.932698000222445 ] } },
{ "type": "Feature", "properties": { "15380279.394525": 15433982.936783001, "5025475.223726": 5006655.1492990004 }, "geometry": { "type": "Point", "coordinates": [ 15433982.936783, 5006655.149299000389874 ] } },
{ "type": "Feature", "properties": { "15380279.394525": 15433970.100072, "5025475.223726": 5006423.7173650004 }, "geometry": { "type": "Point", "coordinates": [ 15433970.100072, 5006423.717365000396967 ] } },
{ "type": "Feature", "properties": { "15380279.394525": 15433956.204141, "5025475.223726": 5006193.3450100003 }, "geometry": { "type": "Point", "coordinates": [ 15433956.204141, 5006193.345010000281036 ] } },
{ "type": "Feature", "properties": { "15380279.394525": 15433941.507551, "5025475.223726": 5005963.7403469998 }, "geometry": { "type": "Point", "coordinates": [ 15433941.507551, 5005963.740346999838948 ] } },
{ "type": "Feature", "properties": { "15380279.394525": 15433926.268864, "5025475.223726": 5005734.6114889998 }, "geometry": { "type": "Point", "coordinates": [ 15433926.268864, 5005734.611488999798894 ] } },
{ "type": "Feature", "properties": { "15380279.394525": 15433910.746644, "5025475.223726": 5005505.6665479997 }, "geometry": { "type": "Point", "coordinates": [ 15433910.746644, 5005505.666547999717295 ] } },
{ "type": "Feature", "properties": { "15380279.394525": 15433408.492249001, "5025475.223726": 5003201.8896319997 }, "geometry": { "type": "Point", "coordinates": [ 15433408.492249, 5003201.889631999656558 ] } },
{ "type": "Feature", "properties": { "15380279.394525": 15433417.404801, "5025475.223726": 5003459.3536329996 }, "geometry": { "type": "Point", "coordinates": [ 15433417.404801, 5003459.353632999584079 ] } },
{ "type": "Feature", "properties": { "15380279.394525": 15433429.021671001, "5025475.223726": 5003716.380198 }, "geometry": { "type": "Point", "coordinates": [ 15433429.021671, 5003716.380198 ] } },
{ "type": "Feature", "properties": { "15380279.394525": 15433446.06928, "5025475.223726": 5003972.7184549998 }, "geometry": { "type": "Point", "coordinates": [ 15433446.06928, 5003972.7184549998492 ] } },
{ "type": "Feature", "properties": { "15380279.394525": 15433471.274049001, "5025475.223726": 5004228.1175309997 }, "geometry": { "type": "Point", "coordinates": [ 15433471.274049, 5004228.117530999705195 ] } },
{ "type": "Feature", "properties": { "15380279.394525": 15433507.703987001, "5025475.223726": 5004489.6268619997 }, "geometry": { "type": "Point", "coordinates": [ 15433507.703987, 5004489.626861999742687 ] } },
{ "type": "Feature", "properties": { "15380279.394525": 15433553.324860999, "5025475.223726": 5004749.8777670003 }, "geometry": { "type": "Point", "coordinates": [ 15433553.324861, 5004749.877767000347376 ] } },
{ "type": "Feature", "properties": { "15380279.394525": 15433605.843485, "5025475.223726": 5005009.2232520003 }, "geometry": { "type": "Point", "coordinates": [ 15433605.843485, 5005009.223252000287175 ] } },
{ "type": "Feature", "properties": { "15380279.394525": 15433662.966675, "5025475.223726": 5005268.0163200004 }, "geometry": { "type": "Point", "coordinates": [ 15433662.966675, 5005268.016320000402629 ] } },
{ "type": "Feature", "properties": { "15380279.394525": 15433722.401246, "5025475.223726": 5005526.6099749999 }, "geometry": { "type": "Point", "coordinates": [ 15433722.401246, 5005526.609975 ] } },
{ "type": "Feature", "properties": { "15380279.394525": 15431880.801797999, "5025475.223726": 5004437.5517960005 }, "geometry": { "type": "Point", "coordinates": [ 15431880.801798, 5004437.55179600045085 ] } },
{ "type": "Feature", "properties": { "15380279.394525": 15431830.786239, "5025475.223726": 5004181.4819069998 }, "geometry": { "type": "Point", "coordinates": [ 15431830.786239, 5004181.481906999833882 ] } },
{ "type": "Feature", "properties": { "15380279.394525": 15431771.218344999, "5025475.223726": 5003929.0323599996 }, "geometry": { "type": "Point", "coordinates": [ 15431771.218345, 5003929.032359999604523 ] } },
{ "type": "Feature", "properties": { "15380279.394525": 15431692.4564, "5025475.223726": 5003683.5884419996 }, "geometry": { "type": "Point", "coordinates": [ 15431692.4564, 5003683.58844199962914 ] } },
{ "type": "Feature", "properties": { "15380279.394525": 15431606.150845001, "5025475.223726": 5003483.8940019999 }, "geometry": { "type": "Point", "coordinates": [ 15431606.150845, 5003483.894001999869943 ] } },
{ "type": "Feature", "properties": { "15380279.394525": 15431506.234343, "5025475.223726": 5003289.3061680002 }, "geometry": { "type": "Point", "coordinates": [ 15431506.234343, 5003289.306168000213802 ] } },
{ "type": "Feature", "properties": { "15380279.394525": 15431399.474669, "5025475.223726": 5003097.1724990001 }, "geometry": { "type": "Point", "coordinates": [ 15431399.474669, 5003097.172499 ] } },
{ "type": "Feature", "properties": { "15380279.394525": 15432194.710795, "5025475.223726": 5004081.513545 }, "geometry": { "type": "Point", "coordinates": [ 15432194.710795, 5004081.513545 ] } },
{ "type": "Feature", "properties": { "15380279.394525": 15432320.274393, "5025475.223726": 5002594.5302630002 }, "geometry": { "type": "Point", "coordinates": [ 15432320.274393, 5002594.530263000167906 ] } },
{ "type": "Feature", "properties": { "15380279.394525": 15428469.657365, "5025475.223726": 4998761.8832120001 }, "geometry": { "type": "Point", "coordinates": [ 15428469.657365, 4998761.883212000131607 ] } },
{ "type": "Feature", "properties": { "15380279.394525": 15428726.343893001, "5025475.223726": 4998744.1550340001 }, "geometry": { "type": "Point", "coordinates": [ 15428726.343893, 4998744.155034 ] } },
{ "type": "Feature", "properties": { "15380279.394525": 15428982.93708, "5025475.223726": 4998727.1142030004 }, "geometry": { "type": "Point", "coordinates": [ 15428982.93708, 4998727.114203000441194 ] } },
{ "type": "Feature", "properties": { "15380279.394525": 15429239.436809, "5025475.223726": 4998711.4536830001 }, "geometry": { "type": "Point", "coordinates": [ 15429239.436809, 4998711.453683 ] } },
{ "type": "Feature", "properties": { "15380279.394525": 15429495.842962001, "5025475.223726": 4998697.8664380005 }, "geometry": { "type": "Point", "coordinates": [ 15429495.842962, 4998697.866438000462949 ] } },
{ "type": "Feature", "properties": { "15380279.394525": 15429752.155423, "5025475.223726": 4998687.0454329997 }, "geometry": { "type": "Point", "coordinates": [ 15429752.155423, 4998687.04543299973011 ] } },
{ "type": "Feature", "properties": { "15380279.394525": 15430008.374074001, "5025475.223726": 4998679.6836320003 }, "geometry": { "type": "Point", "coordinates": [ 15430008.374074, 4998679.683632000349462 ] } },
{ "type": "Feature", "properties": { "15380279.394525": 15430264.498798, "5025475.223726": 4998676.4740019999 }, "geometry": { "type": "Point", "coordinates": [ 15430264.498798, 4998676.474002 ] } },
{ "type": "Feature", "properties": { "15380279.394525": 15430520.529478, "5025475.223726": 4998678.1095059998 }, "geometry": { "type": "Point", "coordinates": [ 15430520.529478, 4998678.109505999833345 ] } },
{ "type": "Feature", "properties": { "15380279.394525": 15430771.669198001, "5025475.223726": 4998684.8628449999 }, "geometry": { "type": "Point", "coordinates": [ 15430771.669198, 4998684.862844999879599 ] } },
{ "type": "Feature", "properties": { "15380279.394525": 15431022.623442, "5025475.223726": 4998696.2233790001 }, "geometry": { "type": "Point", "coordinates": [ 15431022.623442, 4998696.223379 ] } },
{ "type": "Feature", "properties": { "15380279.394525": 15431273.460721999, "5025475.223726": 4998711.4713880001 }, "geometry": { "type": "Point", "coordinates": [ 15431273.460722, 4998711.471388 ] } },
{ "type": "Feature", "properties": { "15380279.394525": 15431524.249545, "5025475.223726": 4998729.8871539999 }, "geometry": { "type": "Point", "coordinates": [ 15431524.249545, 4998729.887153999879956 ] } },
{ "type": "Feature", "properties": { "15380279.394525": 15431775.058422999, "5025475.223726": 4998750.7509570001 }, "geometry": { "type": "Point", "coordinates": [ 15431775.058423, 4998750.750957 ] } },
{ "type": "Feature", "properties": { "15380279.394525": 15432025.955863999, "5025475.223726": 4998773.3430770002 }, "geometry": { "type": "Point", "coordinates": [ 15432025.955864, 4998773.343077000230551 ] } },
{ "type": "Feature", "properties": { "15380279.394525": 15432277.010377999, "5025475.223726": 4998796.9437960004 }, "geometry": { "type": "Point", "coordinates": [ 15432277.010378, 4998796.943796000443399 ] } },
{ "type": "Feature", "properties": { "15380279.394525": 15432528.290473999, "5025475.223726": 4998820.8333930001 }, "geometry": { "type": "Point", "coordinates": [ 15432528.290474, 4998820.833393 ] } },
{ "type": "Feature", "properties": { "15380279.394525": 15432779.864662999, "5025475.223726": 4998844.2921479996 }, "geometry": { "type": "Point", "coordinates": [ 15432779.864663, 4998844.292147999629378 ] } },
{ "type": "Feature", "properties": { "15380279.394525": 15433031.801453, "5025475.223726": 4998866.6003440004 }, "geometry": { "type": "Point", "coordinates": [ 15433031.801453, 4998866.600344000384212 ] } },
{ "type": "Feature", "properties": { "15380279.394525": 15433274.873251, "5025475.223726": 4998886.717716 }, "geometry": { "type": "Point", "coordinates": [ 15433274.873251, 4998886.717716 ] } },
{ "type": "Feature", "properties": { "15380279.394525": 15433517.878487, "5025475.223726": 4998906.7472120002 }, "geometry": { "type": "Point", "coordinates": [ 15433517.878487, 4998906.747212000191212 ] } },
{ "type": "Feature", "properties": { "15380279.394525": 15433760.506407, "5025475.223726": 4998928.3467359999 }, "geometry": { "type": "Point", "coordinates": [ 15433760.506407, 4998928.346736 ] } },
{ "type": "Feature", "properties": { "15380279.394525": 15434002.446261, "5025475.223726": 4998953.1741939997 }, "geometry": { "type": "Point", "coordinates": [ 15434002.446261, 4998953.174193999730051 ] } },
{ "type": "Feature", "properties": { "15380279.394525": 15434243.387295, "5025475.223726": 4998982.8874899996 }, "geometry": { "type": "Point", "coordinates": [ 15434243.387295, 4998982.887489999644458 ] } },
{ "type": "Feature", "properties": { "15380279.394525": 15434483.018758999, "5025475.223726": 4999019.1445310004 }, "geometry": { "type": "Point", "coordinates": [ 15434483.018759, 4999019.14453100040555 ] } },
{ "type": "Feature", "properties": { "15380279.394525": 15434721.029899999, "5025475.223726": 4999063.6032199999 }, "geometry": { "type": "Point", "coordinates": [ 15434721.0299, 4999063.60322 ] } },
{ "type": "Feature", "properties": { "15380279.394525": 15434957.109967001, "5025475.223726": 4999117.9214620003 }, "geometry": { "type": "Point", "coordinates": [ 15434957.109967, 4999117.921462000347674 ] } },
{ "type": "Feature", "properties": { "15380279.394525": 15435197.723587999, "5025475.223726": 4999184.6355219996 }, "geometry": { "type": "Point", "coordinates": [ 15435197.723588, 4999184.635521999560297 ] } },
{ "type": "Feature", "properties": { "15380279.394525": 15435436.868006, "5025475.223726": 4999258.2386109997 }, "geometry": { "type": "Point", "coordinates": [ 15435436.868006, 4999258.238610999658704 ] } },
{ "type": "Feature", "properties": { "15380279.394525": 15435675.660104999, "5025475.223726": 4999333.4459950002 }, "geometry": { "type": "Point", "coordinates": [ 15435675.660105, 4999333.445995000191033 ] } },
{ "type": "Feature", "properties": { "15380279.394525": 15435915.216773, "5025475.223726": 4999404.9729399998 }, "geometry": { "type": "Point", "coordinates": [ 15435915.216773, 4999404.972939999774098 ] } },
{ "type": "Feature", "properties": { "15380279.394525": 15436156.654893, "5025475.223726": 4999467.5347079998 }, "geometry": { "type": "Point", "coordinates": [ 15436156.654893, 4999467.534707999788225 ] } },
{ "type": "Feature", "properties": { "15380279.394525": 15436401.091352999, "5025475.223726": 4999515.846566 }, "geometry": { "type": "Point", "coordinates": [ 15436401.091353, 4999515.846566 ] } },
{ "type": "Feature", "properties": { "15380279.394525": 15436602.227017, "5025475.223726": 4999541.5638560001 }, "geometry": { "type": "Point", "coordinates": [ 15436602.227017, 4999541.563856 ] } },
{ "type": "Feature", "properties": { "15380279.394525": 15436804.843319001, "5025475.223726": 4999555.2392060002 }, "geometry": { "type": "Point", "coordinates": [ 15436804.843319, 4999555.239206000231206 ] } },
{ "type": "Feature", "properties": { "15380279.394525": 15437007.98208, "5025475.223726": 4999557.7334190002 }, "geometry": { "type": "Point", "coordinates": [ 15437007.98208, 4999557.733419000171125 ] } },
{ "type": "Feature", "properties": { "15380279.394525": 15437217.653096, "5025475.223726": 4999549.9120380003 }, "geometry": { "type": "Point", "coordinates": [ 15437217.653096, 4999549.912038000300527 ] } },
{ "type": "Feature", "properties": { "15380279.394525": 15437426.805403, "5025475.223726": 4999534.7196970005 }, "geometry": { "type": "Point", "coordinates": [ 15437426.805403, 4999534.719697000458837 ] } },
{ "type": "Feature", "properties": { "15380279.394525": 15437635.800074, "5025475.223726": 4999515.846566 }, "geometry": { "type": "Point", "coordinates": [ 15437635.800074, 4999515.846566 ] } },
{ "type": "Feature", "properties": { "15380279.394525": 15433303.855916999, "5025475.223726": 5002175.6617329996 }, "geometry": { "type": "Point", "coordinates": [ 15433303.855917, 5002175.661732999607921 ] } },
{ "type": "Feature", "properties": { "15380279.394525": 15433328.890657, "5025475.223726": 5001929.254892 }, "geometry": { "type": "Point", "coordinates": [ 15433328.890657, 5001929.254892 ] } },
{ "type": "Feature", "properties": { "15380279.394525": 15433352.611393999, "5025475.223726": 5001682.6713629998 }, "geometry": { "type": "Point", "coordinates": [ 15433352.611394, 5001682.67136299982667 ] } },
{ "type": "Feature", "properties": { "15380279.394525": 15433373.725025, "5025475.223726": 5001435.6165500004 }, "geometry": { "type": "Point", "coordinates": [ 15433373.725025, 5001435.61655000038445 ] } },
{ "type": "Feature", "properties": { "15380279.394525": 15433390.938446, "5025475.223726": 5001187.7958580004 }, "geometry": { "type": "Point", "coordinates": [ 15433390.938446, 5001187.795858000405133 ] } },
{ "type": "Feature", "properties": { "15380279.394525": 15433402.958555, "5025475.223726": 5000938.91469 }, "geometry": { "type": "Point", "coordinates": [ 15433402.958555, 5000938.91469 ] } },
{ "type": "Feature", "properties": { "15380279.394525": 15433408.492249001, "5025475.223726": 5000688.6784509998 }, "geometry": { "type": "Point", "coordinates": [ 15433408.492249, 5000688.678450999781489 ] } },
{ "type": "Feature", "properties": { "15380279.394525": 15433408.822064999, "5025475.223726": 5000420.1281390004 }, "geometry": { "type": "Point", "coordinates": [ 15433408.822065, 5000420.128139000386 ] } },
{ "type": "Feature", "properties": { "15380279.394525": 15433417.127398999, "5025475.223726": 5000153.6532260003 }, "geometry": { "type": "Point", "coordinates": [ 15433417.127399, 5000153.653226000256836 ] } },
{ "type": "Feature", "properties": { "15380279.394525": 15433450.346782001, "5025475.223726": 4999892.8282430004 }, "geometry": { "type": "Point", "coordinates": [ 15433450.346782, 4999892.828243000432849 ] } },
{ "type": "Feature", "properties": { "15380279.394525": 15433513.653966, "5025475.223726": 4999660.644932 }, "geometry": { "type": "Point", "coordinates": [ 15433513.653966, 4999660.644932 ] } },
{ "type": "Feature", "properties": { "15380279.394525": 15433603.408507001, "5025475.223726": 4999434.546809 }, "geometry": { "type": "Point", "coordinates": [ 15433603.408507, 4999434.546809 ] } },
{ "type": "Feature", "properties": { "15380279.394525": 15433710.804884, "5025475.223726": 4999212.4475680003 }, "geometry": { "type": "Point", "coordinates": [ 15433710.804884, 4999212.447568000294268 ] } },
{ "type": "Feature", "properties": { "15380279.394525": 15433827.037578, "5025475.223726": 4998992.2609029999 }, "geometry": { "type": "Point", "coordinates": [ 15433827.037578, 4998992.260903 ] } },
{ "type": "Feature", "properties": { "15380279.394525": 15432257.492594, "5025475.223726": 5002615.4736900004 }, "geometry": { "type": "Point", "coordinates": [ 15432257.492594, 5002615.473690000362694 ] } },
{ "type": "Feature", "properties": { "15380279.394525": 15432246.103398999, "5025475.223726": 5002363.5101410002 }, "geometry": { "type": "Point", "coordinates": [ 15432246.103399, 5002363.510141000151634 ] } },
{ "type": "Feature", "properties": { "15380279.394525": 15432233.379829001, "5025475.223726": 5002111.7807480004 }, "geometry": { "type": "Point", "coordinates": [ 15432233.379829, 5002111.780748000368476 ] } },
{ "type": "Feature", "properties": { "15380279.394525": 15432217.97995, "5025475.223726": 5001860.3725699997 }, "geometry": { "type": "Point", "coordinates": [ 15432217.97995, 5001860.372569999657571 ] } },
{ "type": "Feature", "properties": { "15380279.394525": 15432198.561828, "5025475.223726": 5001609.3726669997 }, "geometry": { "type": "Point", "coordinates": [ 15432198.561828, 5001609.372666999697685 ] } },
{ "type": "Feature", "properties": { "15380279.394525": 15432173.783528, "5025475.223726": 5001358.8680990003 }, "geometry": { "type": "Point", "coordinates": [ 15432173.783528, 5001358.868099000304937 ] } },
{ "type": "Feature", "properties": { "15380279.394525": 15432146.681368001, "5025475.223726": 5001136.7111900002 }, "geometry": { "type": "Point", "coordinates": [ 15432146.681368, 5001136.71119000017643 ] } },
{ "type": "Feature", "properties": { "15380279.394525": 15432116.387961, "5025475.223726": 5000914.9470990002 }, "geometry": { "type": "Point", "coordinates": [ 15432116.387961, 5000914.94709900021553 ] } },
{ "type": "Feature", "properties": { "15380279.394525": 15432084.996548001, "5025475.223726": 5000693.2613019999 }, "geometry": { "type": "Point", "coordinates": [ 15432084.996548, 5000693.261302 ] } },
{ "type": "Feature", "properties": { "15380279.394525": 15432054.600368001, "5025475.223726": 5000471.3392749997 }, "geometry": { "type": "Point", "coordinates": [ 15432054.600368, 5000471.339274999685585 ] } },
{ "type": "Feature", "properties": { "15380279.394525": 15432027.292663001, "5025475.223726": 5000248.866494 }, "geometry": { "type": "Point", "coordinates": [ 15432027.292663, 5000248.866494 ] } },
{ "type": "Feature", "properties": { "15380279.394525": 15432006.974266, "5025475.223726": 5000046.7151119998 }, "geometry": { "type": "Point", "coordinates": [ 15432006.974266, 5000046.715111999772489 ] } },
{ "type": "Feature", "properties": { "15380279.394525": 15431992.498809, "5025475.223726": 4999844.2359959995 }, "geometry": { "type": "Point", "coordinates": [ 15431992.498809, 4999844.235995999537408 ] } },
{ "type": "Feature", "properties": { "15380279.394525": 15431985.438130001, "5025475.223726": 4999641.5071249995 }, "geometry": { "type": "Point", "coordinates": [ 15431985.43813, 4999641.507124999538064 ] } },
{ "type": "Feature", "properties": { "15380279.394525": 15431987.069994999, "5025475.223726": 4999426.772504 }, "geometry": { "type": "Point", "coordinates": [ 15431987.069995, 4999426.772504 ] } },
{ "type": "Feature", "properties": { "15380279.394525": 15431996.274184, "5025475.223726": 4999212.1379979998 }, "geometry": { "type": "Point", "coordinates": [ 15431996.274184, 4999212.137997999787331 ] } },
{ "type": "Feature", "properties": { "15380279.394525": 15432010.523979001, "5025475.223726": 4998997.5179340001 }, "geometry": { "type": "Point", "coordinates": [ 15432010.523979, 4998997.517934000119567 ] } },
{ "type": "Feature", "properties": { "15380279.394525": 15432027.292663001, "5025475.223726": 4998782.8266380001 }, "geometry": { "type": "Point", "coordinates": [ 15432027.292663, 4998782.826638 ] } },
{ "type": "Feature", "properties": { "15380279.394525": 15417922.315068999, "5025475.223726": 4991766.7787570003 }, "geometry": { "type": "Point", "coordinates": [ 15417922.315069, 4991766.778757000342011 ] } },
{ "type": "Feature", "properties": { "15380279.394525": 15418141.575647, "5025475.223726": 4991859.7823930001 }, "geometry": { "type": "Point", "coordinates": [ 15418141.575647, 4991859.782393 ] } },
{ "type": "Feature", "properties": { "15380279.394525": 15418361.456404001, "5025475.223726": 4991952.3739550002 }, "geometry": { "type": "Point", "coordinates": [ 15418361.456404, 4991952.373955000191927 ] } },
{ "type": "Feature", "properties": { "15380279.394525": 15418582.681284999, "5025475.223726": 4992044.1878629997 }, "geometry": { "type": "Point", "coordinates": [ 15418582.681285, 4992044.187862999737263 ] } },
{ "type": "Feature", "properties": { "15380279.394525": 15418805.974235, "5025475.223726": 4992134.8585350001 }, "geometry": { "type": "Point", "coordinates": [ 15418805.974235, 4992134.858535000123084 ] } },
{ "type": "Feature", "properties": { "15380279.394525": 15419032.059199, "5025475.223726": 4992224.0203900002 }, "geometry": { "type": "Point", "coordinates": [ 15419032.059199, 4992224.020390000194311 ] } },
{ "type": "Feature", "properties": { "15380279.394525": 15419261.660122, "5025475.223726": 4992311.3078460004 }, "geometry": { "type": "Point", "coordinates": [ 15419261.660122, 4992311.307846000418067 ] } },
{ "type": "Feature", "properties": { "15380279.394525": 15419549.120067, "5025475.223726": 4992420.9009849997 }, "geometry": { "type": "Point", "coordinates": [ 15419549.120067, 4992420.900984999723732 ] } },
{ "type": "Feature", "properties": { "15380279.394525": 15419821.329229999, "5025475.223726": 4992552.1026050001 }, "geometry": { "type": "Point", "coordinates": [ 15419821.32923, 4992552.102605000138283 ] } },
{ "type": "Feature", "properties": { "15380279.394525": 15420056.896248, "5025475.223726": 4992730.1763770003 }, "geometry": { "type": "Point", "coordinates": [ 15420056.896248, 4992730.176377000287175 ] } },
{ "type": "Feature", "properties": { "15380279.394525": 15420228.071107, "5025475.223726": 4992947.7121310001 }, "geometry": { "type": "Point", "coordinates": [ 15420228.071107, 4992947.712131000123918 ] } },
{ "type": "Feature", "properties": { "15380279.394525": 15420370.69671, "5025475.223726": 4993197.527454 }, "geometry": { "type": "Point", "coordinates": [ 15420370.69671, 4993197.527454 ] } },
{ "type": "Feature", "properties": { "15380279.394525": 15420505.165769, "5025475.223726": 4993451.6694029998 }, "geometry": { "type": "Point", "coordinates": [ 15420505.165769, 4993451.669402999803424 ] } },
{ "type": "Feature", "properties": { "15380279.394525": 15420651.870998001, "5025475.223726": 4993682.1850349996 }, "geometry": { "type": "Point", "coordinates": [ 15420651.870998, 4993682.185034999623895 ] } },
{ "type": "Feature", "properties": { "15380279.394525": 15420831.205107, "5025475.223726": 4993861.1214079997 }, "geometry": { "type": "Point", "coordinates": [ 15420831.205107, 4993861.121407999657094 ] } },
{ "type": "Feature", "properties": { "15380279.394525": 15421035.193201, "5025475.223726": 4993961.6529550003 }, "geometry": { "type": "Point", "coordinates": [ 15421035.193201, 4993961.652955000288785 ] } },
{ "type": "Feature", "properties": { "15380279.394525": 15421271.705767, "5025475.223726": 4994012.512298 }, "geometry": { "type": "Point", "coordinates": [ 15421271.705767, 4994012.512298 ] } },
{ "type": "Feature", "properties": { "15380279.394525": 15421529.695157999, "5025475.223726": 4994029.8606099999 }, "geometry": { "type": "Point", "coordinates": [ 15421529.695158, 4994029.860609999857843 ] } },
{ "type": "Feature", "properties": { "15380279.394525": 15421798.113727, "5025475.223726": 4994029.8590599997 }, "geometry": { "type": "Point", "coordinates": [ 15421798.113727, 4994029.85905999969691 ] } },
{ "type": "Feature", "properties": { "15380279.394525": 15422065.913828, "5025475.223726": 4994028.6688200003 }, "geometry": { "type": "Point", "coordinates": [ 15422065.913828, 4994028.668820000253618 ] } },
{ "type": "Feature", "properties": { "15380279.394525": 15422335.300376, "5025475.223726": 4994041.2968269996 }, "geometry": { "type": "Point", "coordinates": [ 15422335.300376, 4994041.296826999634504 ] } },
{ "type": "Feature", "properties": { "15380279.394525": 15422592.945529999, "5025475.223726": 4994074.6852630004 }, "geometry": { "type": "Point", "coordinates": [ 15422592.94553, 4994074.685263000428677 ] } },
{ "type": "Feature", "properties": { "15380279.394525": 15422840.222687, "5025475.223726": 4994133.3859529998 }, "geometry": { "type": "Point", "coordinates": [ 15422840.222687, 4994133.385952999815345 ] } },
{ "type": "Feature", "properties": { "15380279.394525": 15423097.118361, "5025475.223726": 4994228.2223629998 }, "geometry": { "type": "Point", "coordinates": [ 15423097.118361, 4994228.222362999804318 ] } },
{ "type": "Feature", "properties": { "15380279.394525": 15423345.610733001, "5025475.223726": 4994350.5526959999 }, "geometry": { "type": "Point", "coordinates": [ 15423345.610733, 4994350.552695999853313 ] } },
{ "type": "Feature", "properties": { "15380279.394525": 15423588.17901, "5025475.223726": 4994493.1924409997 }, "geometry": { "type": "Point", "coordinates": [ 15423588.17901, 4994493.192440999671817 ] } },
{ "type": "Feature", "properties": { "15380279.394525": 15423827.302399, "5025475.223726": 4994648.9570840001 }, "geometry": { "type": "Point", "coordinates": [ 15423827.302399, 4994648.957084000110626 ] } },
{ "type": "Feature", "properties": { "15380279.394525": 15424065.460106, "5025475.223726": 4994810.6621120004 }, "geometry": { "type": "Point", "coordinates": [ 15424065.460106, 4994810.662112000398338 ] } },
{ "type": "Feature", "properties": { "15380279.394525": 15424305.131339001, "5025475.223726": 4994971.123013 }, "geometry": { "type": "Point", "coordinates": [ 15424305.131339, 4994971.123013 ] } },
{ "type": "Feature", "properties": { "15380279.394525": 15424535.84369, "5025475.223726": 4995116.5997780003 }, "geometry": { "type": "Point", "coordinates": [ 15424535.84369, 4995116.59977800026536 ] } },
{ "type": "Feature", "properties": { "15380279.394525": 15424770.01705, "5025475.223726": 4995253.5808410002 }, "geometry": { "type": "Point", "coordinates": [ 15424770.01705, 4995253.580841000191867 ] } },
{ "type": "Feature", "properties": { "15380279.394525": 15425007.716218, "5025475.223726": 4995381.2392279999 }, "geometry": { "type": "Point", "coordinates": [ 15425007.716218, 4995381.239228 ] } },
{ "type": "Feature", "properties": { "15380279.394525": 15425249.005992001, "5025475.223726": 4995498.7479649996 }, "geometry": { "type": "Point", "coordinates": [ 15425249.005992, 4995498.747964999638498 ] } },
{ "type": "Feature", "properties": { "15380279.394525": 15425493.951171, "5025475.223726": 4995605.2800770001 }, "geometry": { "type": "Point", "coordinates": [ 15425493.951171, 4995605.280077000148594 ] } },
{ "type": "Feature", "properties": { "15380279.394525": 15425742.616552999, "5025475.223726": 4995700.0085899998 }, "geometry": { "type": "Point", "coordinates": [ 15425742.616553, 4995700.008589999750257 ] } },
{ "type": "Feature", "properties": { "15380279.394525": 15425995.066935999, "5025475.223726": 4995782.106532 }, "geometry": { "type": "Point", "coordinates": [ 15425995.066936, 4995782.106532 ] } },
{ "type": "Feature", "properties": { "15380279.394525": 15426251.36712, "5025475.223726": 4995850.7469269997 }, "geometry": { "type": "Point", "coordinates": [ 15426251.36712, 4995850.746926999650896 ] } },
{ "type": "Feature", "properties": { "15380279.394525": 15426494.349873001, "5025475.223726": 4995902.4178809999 }, "geometry": { "type": "Point", "coordinates": [ 15426494.349873, 4995902.417880999855697 ] } },
{ "type": "Feature", "properties": { "15380279.394525": 15426739.977443, "5025475.223726": 4995943.4418449998 }, "geometry": { "type": "Point", "coordinates": [ 15426739.977443, 4995943.441844999790192 ] } },
{ "type": "Feature", "properties": { "15380279.394525": 15426987.663189, "5025475.223726": 4995975.7273169998 }, "geometry": { "type": "Point", "coordinates": [ 15426987.663189, 4995975.727316999807954 ] } },
{ "type": "Feature", "properties": { "15380279.394525": 15427236.820466001, "5025475.223726": 4996001.1827959996 }, "geometry": { "type": "Point", "coordinates": [ 15427236.820466, 4996001.182795999571681 ] } },
{ "type": "Feature", "properties": { "15380279.394525": 15427486.86263, "5025475.223726": 4996021.7167790001 }, "geometry": { "type": "Point", "coordinates": [ 15427486.86263, 4996021.716779000125825 ] } },
{ "type": "Feature", "properties": { "15380279.394525": 15427737.203039, "5025475.223726": 4996039.2377650002 }, "geometry": { "type": "Point", "coordinates": [ 15427737.203039, 4996039.237765000201762 ] } },
{ "type": "Feature", "properties": { "15380279.394525": 15427992.626727, "5025475.223726": 4996055.8376110001 }, "geometry": { "type": "Point", "coordinates": [ 15427992.626727, 4996055.837611 ] } },
{ "type": "Feature", "properties": { "15380279.394525": 15428247.556973999, "5025475.223726": 4996072.4312000005 }, "geometry": { "type": "Point", "coordinates": [ 15428247.556974, 4996072.431200000457466 ] } },
{ "type": "Feature", "properties": { "15380279.394525": 15428501.994052, "5025475.223726": 4996090.2345759999 }, "geometry": { "type": "Point", "coordinates": [ 15428501.994052, 4996090.234576 ] } },
{ "type": "Feature", "properties": { "15380279.394525": 15428755.93823, "5025475.223726": 4996110.4637850001 }, "geometry": { "type": "Point", "coordinates": [ 15428755.93823, 4996110.463785000145435 ] } },
{ "type": "Feature", "properties": { "15380279.394525": 15429009.389779, "5025475.223726": 4996134.3348709997 }, "geometry": { "type": "Point", "coordinates": [ 15429009.389779, 4996134.334870999678969 ] } },
{ "type": "Feature", "properties": { "15380279.394525": 15429262.348967999, "5025475.223726": 4996163.063879 }, "geometry": { "type": "Point", "coordinates": [ 15429262.348968, 4996163.063879 ] } },
{ "type": "Feature", "properties": { "15380279.394525": 15429514.816067999, "5025475.223726": 4996197.8668539999 }, "geometry": { "type": "Point", "coordinates": [ 15429514.816068, 4996197.866854 ] } },
{ "type": "Feature", "properties": { "15380279.394525": 15429766.79135, "5025475.223726": 4996239.9598399997 }, "geometry": { "type": "Point", "coordinates": [ 15429766.79135, 4996239.959839999675751 ] } },
{ "type": "Feature", "properties": { "15380279.394525": 15430018.275083, "5025475.223726": 4996290.5588830002 }, "geometry": { "type": "Point", "coordinates": [ 15430018.275083, 4996290.558883000165224 ] } },
{ "type": "Feature", "properties": { "15380279.394525": 15430249.594968, "5025475.223726": 4996347.3077309998 }, "geometry": { "type": "Point", "coordinates": [ 15430249.594968, 4996347.307730999775231 ] } },
{ "type": "Feature", "properties": { "15380279.394525": 15430474.668377999, "5025475.223726": 4996421.147078 }, "geometry": { "type": "Point", "coordinates": [ 15430474.668378, 4996421.147078 ] } },
{ "type": "Feature", "properties": { "15380279.394525": 15430687.947609, "5025475.223726": 4996520.9365750002 }, "geometry": { "type": "Point", "coordinates": [ 15430687.947609, 4996520.936575000174344 ] } },
{ "type": "Feature", "properties": { "15380279.394525": 15430894.240193, "5025475.223726": 4996656.0779980002 }, "geometry": { "type": "Point", "coordinates": [ 15430894.240193, 4996656.077998000197113 ] } },
{ "type": "Feature", "properties": { "15380279.394525": 15431092.723029001, "5025475.223726": 4996803.9737400003 }, "geometry": { "type": "Point", "coordinates": [ 15431092.723029, 4996803.973740000277758 ] } },
{ "type": "Feature", "properties": { "15380279.394525": 15431294.838337, "5025475.223726": 4996939.8051049998 }, "geometry": { "type": "Point", "coordinates": [ 15431294.838337, 4996939.805104999803007 ] } },
{ "type": "Feature", "properties": { "15380279.394525": 15431519.047395, "5025475.223726": 4997047.3458420001 }, "geometry": { "type": "Point", "coordinates": [ 15431519.047395, 4997047.345842 ] } },
{ "type": "Feature", "properties": { "15380279.394525": 15431757.022182001, "5025475.223726": 4997120.4278750001 }, "geometry": { "type": "Point", "coordinates": [ 15431757.022182, 4997120.427875 ] } },
{ "type": "Feature", "properties": { "15380279.394525": 15432006.48481, "5025475.223726": 4997164.8004989997 }, "geometry": { "type": "Point", "coordinates": [ 15432006.48481, 4997164.800498999655247 ] } },
{ "type": "Feature", "properties": { "15380279.394525": 15432265.157392999, "5025475.223726": 4997186.2130089998 }, "geometry": { "type": "Point", "coordinates": [ 15432265.157393, 4997186.213008999824524 ] } },
{ "type": "Feature", "properties": { "15380279.394525": 15432530.762041001, "5025475.223726": 4997190.4146990003 }, "geometry": { "type": "Point", "coordinates": [ 15432530.762041, 4997190.414699000306427 ] } },
{ "type": "Feature", "properties": { "15380279.394525": 15432801.020868, "5025475.223726": 4997183.1548629999 }, "geometry": { "type": "Point", "coordinates": [ 15432801.020868, 4997183.154863 ] } },
{ "type": "Feature", "properties": { "15380279.394525": 15433073.655986, "5025475.223726": 4997170.1827969998 }, "geometry": { "type": "Point", "coordinates": [ 15433073.655986, 4997170.182796999812126 ] } },
{ "type": "Feature", "properties": { "15380279.394525": 15432320.274393, "5025475.223726": 4996143.9548979998 }, "geometry": { "type": "Point", "coordinates": [ 15432320.274393, 4996143.954897999763489 ] } },
{ "type": "Feature", "properties": { "15380279.394525": 15432566.672698, "5025475.223726": 4996157.1082530003 }, "geometry": { "type": "Point", "coordinates": [ 15432566.672698, 4996157.108253000304103 ] } },
{ "type": "Feature", "properties": { "15380279.394525": 15432812.967243001, "5025475.223726": 4996171.232299 }, "geometry": { "type": "Point", "coordinates": [ 15432812.967243, 4996171.232299 ] } },
{ "type": "Feature", "properties": { "15380279.394525": 15433059.13806, "5025475.223726": 4996187.3285480002 }, "geometry": { "type": "Point", "coordinates": [ 15433059.13806, 4996187.328548000194132 ] } },
{ "type": "Feature", "properties": { "15380279.394525": 15433305.165185001, "5025475.223726": 4996206.3985120002 }, "geometry": { "type": "Point", "coordinates": [ 15433305.165185, 4996206.398512000218034 ] } },
{ "type": "Feature", "properties": { "15380279.394525": 15433551.028650999, "5025475.223726": 4996229.443701 }, "geometry": { "type": "Point", "coordinates": [ 15433551.028651, 4996229.443701 ] } },
{ "type": "Feature", "properties": { "15380279.394525": 15433796.708493, "5025475.223726": 4996257.465628 }, "geometry": { "type": "Point", "coordinates": [ 15433796.708493, 4996257.465628 ] } },
{ "type": "Feature", "properties": { "15380279.394525": 15434042.184745001, "5025475.223726": 4996291.4658019999 }, "geometry": { "type": "Point", "coordinates": [ 15434042.184745, 4996291.465802 ] } },
{ "type": "Feature", "properties": { "15380279.394525": 15434287.437441001, "5025475.223726": 4996332.4457360003 }, "geometry": { "type": "Point", "coordinates": [ 15434287.437441, 4996332.445736000314355 ] } },
{ "type": "Feature", "properties": { "15380279.394525": 15434524.977402, "5025475.223726": 4996380.3111159997 }, "geometry": { "type": "Point", "coordinates": [ 15434524.977402, 4996380.311115999706089 ] } },
{ "type": "Feature", "properties": { "15380279.394525": 15434759.392653, "5025475.223726": 4996439.2359079998 }, "geometry": { "type": "Point", "coordinates": [ 15434759.392653, 4996439.235907999798656 ] } },
{ "type": "Feature", "properties": { "15380279.394525": 15434988.030229, "5025475.223726": 4996512.8317499999 }, "geometry": { "type": "Point", "coordinates": [ 15434988.030229, 4996512.831749999895692 ] } },
{ "type": "Feature", "properties": { "15380279.394525": 15435208.237165, "5025475.223726": 4996604.7102809995 }, "geometry": { "type": "Point", "coordinates": [ 15435208.237165, 4996604.710280999541283 ] } },
{ "type": "Feature", "properties": { "15380279.394525": 15435446.950773999, "5025475.223726": 4996734.167444 }, "geometry": { "type": "Point", "coordinates": [ 15435446.950774, 4996734.167444 ] } },
{ "type": "Feature", "properties": { "15380279.394525": 15435675.173594, "5025475.223726": 4996883.9702209998 }, "geometry": { "type": "Point", "coordinates": [ 15435675.173594, 4996883.970220999792218 ] } },
{ "type": "Feature", "properties": { "15380279.394525": 15435897.173250001, "5025475.223726": 4997046.09779 }, "geometry": { "type": "Point", "coordinates": [ 15435897.17325, 4997046.09779 ] } },
{ "type": "Feature", "properties": { "15380279.394525": 15436117.217367001, "5025475.223726": 4997212.5293319998 }, "geometry": { "type": "Point", "coordinates": [ 15436117.217367, 4997212.529331999830902 ] } },
{ "type": "Feature", "properties": { "15380279.394525": 15436339.57357, "5025475.223726": 4997375.2440250004 }, "geometry": { "type": "Point", "coordinates": [ 15436339.57357, 4997375.244025000371039 ] } },
{ "type": "Feature", "properties": { "15380279.394525": 15436568.509485001, "5025475.223726": 4997526.2210480003 }, "geometry": { "type": "Point", "coordinates": [ 15436568.509485, 4997526.221048000268638 ] } },
{ "type": "Feature", "properties": { "15380279.394525": 15436780.212543, "5025475.223726": 4997645.5674489997 }, "geometry": { "type": "Point", "coordinates": [ 15436780.212543, 4997645.567448999732733 ] } },
{ "type": "Feature", "properties": { "15380279.394525": 15436998.622304, "5025475.223726": 4997752.3520240001 }, "geometry": { "type": "Point", "coordinates": [ 15436998.622304, 4997752.352024000138044 ] } },
{ "type": "Feature", "properties": { "15380279.394525": 15437222.095047001, "5025475.223726": 4997849.7276219996 }, "geometry": { "type": "Point", "coordinates": [ 15437222.095047, 4997849.727621999569237 ] } },
{ "type": "Feature", "properties": { "15380279.394525": 15437448.987054, "5025475.223726": 4997940.8470919998 }, "geometry": { "type": "Point", "coordinates": [ 15437448.987054, 4997940.847091999836266 ] } },
{ "type": "Feature", "properties": { "15380279.394525": 15437677.654607, "5025475.223726": 4998028.8632840002 }, "geometry": { "type": "Point", "coordinates": [ 15437677.654607, 4998028.863284000195563 ] } },
{ "type": "Feature", "properties": { "15380279.394525": 15429348.602556, "5025475.223726": 4998678.1095059998 }, "geometry": { "type": "Point", "coordinates": [ 15429348.602556, 4998678.109505999833345 ] } },
{ "type": "Feature", "properties": { "15380279.394525": 15429587.333952, "5025475.223726": 4998565.7414859999 }, "geometry": { "type": "Point", "coordinates": [ 15429587.333952, 4998565.741485999897122 ] } },
{ "type": "Feature", "properties": { "15380279.394525": 15429825.953864001, "5025475.223726": 4998453.2208540002 }, "geometry": { "type": "Point", "coordinates": [ 15429825.953864, 4998453.22085400018841 ] } },
{ "type": "Feature", "properties": { "15380279.394525": 15430064.493497999, "5025475.223726": 4998340.3369810004 }, "geometry": { "type": "Point", "coordinates": [ 15430064.493498, 4998340.336981000378728 ] } },
{ "type": "Feature", "properties": { "15380279.394525": 15430302.984056, "5025475.223726": 4998226.8792359997 }, "geometry": { "type": "Point", "coordinates": [ 15430302.984056, 4998226.879235999658704 ] } },
{ "type": "Feature", "properties": { "15380279.394525": 15430541.456744, "5025475.223726": 4998112.6369899996 }, "geometry": { "type": "Point", "coordinates": [ 15430541.456744, 4998112.636989999562502 ] } },
{ "type": "Feature", "properties": { "15380279.394525": 15430767.371849, "5025475.223726": 4998003.955848 }, "geometry": { "type": "Point", "coordinates": [ 15430767.371849, 4998003.955848 ] } },
{ "type": "Feature", "properties": { "15380279.394525": 15430993.8904, "5025475.223726": 4997896.6955819996 }, "geometry": { "type": "Point", "coordinates": [ 15430993.8904, 4997896.695581999607384 ] } },
{ "type": "Feature", "properties": { "15380279.394525": 15431221.84526, "5025475.223726": 4997793.0740790004 }, "geometry": { "type": "Point", "coordinates": [ 15431221.84526, 4997793.074079000391066 ] } },
{ "type": "Feature", "properties": { "15380279.394525": 15431452.069292, "5025475.223726": 4997695.3092299998 }, "geometry": { "type": "Point", "coordinates": [ 15431452.069292, 4997695.309229999780655 ] } },
{ "type": "Feature", "properties": { "15380279.394525": 15431685.395361001, "5025475.223726": 4997605.6189230001 }, "geometry": { "type": "Point", "coordinates": [ 15431685.395361, 4997605.618923 ] } },
{ "type": "Feature", "properties": { "15380279.394525": 15431922.656331001, "5025475.223726": 4997526.2210480003 }, "geometry": { "type": "Point", "coordinates": [ 15431922.656331, 4997526.221048000268638 ] } },
{ "type": "Feature", "properties": { "15380279.394525": 15432182.750053, "5025475.223726": 4997453.2171360003 }, "geometry": { "type": "Point", "coordinates": [ 15432182.750053, 4997453.217136000283062 ] } },
{ "type": "Feature", "properties": { "15380279.394525": 15432445.516941, "5025475.223726": 4997387.9094460001 }, "geometry": { "type": "Point", "coordinates": [ 15432445.516941, 4997387.909446000121534 ] } },
{ "type": "Feature", "properties": { "15380279.394525": 15432708.35489, "5025475.223726": 4997323.3892139997 }, "geometry": { "type": "Point", "coordinates": [ 15432708.35489, 4997323.389213999733329 ] } },
{ "type": "Feature", "properties": { "15380279.394525": 15432968.661793999, "5025475.223726": 4997252.7476810003 }, "geometry": { "type": "Point", "coordinates": [ 15432968.661794, 4997252.747681000269949 ] } },
{ "type": "Feature", "properties": { "15380279.394525": 15433223.835548, "5025475.223726": 4997169.0760850003 }, "geometry": { "type": "Point", "coordinates": [ 15433223.835548, 4997169.076085000298917 ] } },
{ "type": "Feature", "properties": { "15380279.394525": 15433471.274049001, "5025475.223726": 4997065.4656640003 }, "geometry": { "type": "Point", "coordinates": [ 15433471.274049, 4997065.465664000250399 ] } },
{ "type": "Feature", "properties": { "15380279.394525": 15433687.373079, "5025475.223726": 4996952.6829030002 }, "geometry": { "type": "Point", "coordinates": [ 15433687.373079, 4996952.682903000153601 ] } },
{ "type": "Feature", "properties": { "15380279.394525": 15433901.392981, "5025475.223726": 4996835.2615670003 }, "geometry": { "type": "Point", "coordinates": [ 15433901.392981, 4996835.261567000299692 ] } },
{ "type": "Feature", "properties": { "15380279.394525": 15434120.019308999, "5025475.223726": 4996730.37084 }, "geometry": { "type": "Point", "coordinates": [ 15434120.019309, 4996730.37084 ] } },
{ "type": "Feature", "properties": { "15380279.394525": 15434336.302107001, "5025475.223726": 4996654.5258830003 }, "geometry": { "type": "Point", "coordinates": [ 15434336.302107, 4996654.525883000344038 ] } },
{ "type": "Feature", "properties": { "15380279.394525": 15434559.984673001, "5025475.223726": 4996598.8295790004 }, "geometry": { "type": "Point", "coordinates": [ 15434559.984673, 4996598.829579000361264 ] } },
{ "type": "Feature", "properties": { "15380279.394525": 15434788.652672, "5025475.223726": 4996556.5453399997 }, "geometry": { "type": "Point", "coordinates": [ 15434788.652672, 4996556.545339999720454 ] } },
{ "type": "Feature", "properties": { "15380279.394525": 15435019.891767001, "5025475.223726": 4996520.9365750002 }, "geometry": { "type": "Point", "coordinates": [ 15435019.891767, 4996520.936575000174344 ] } },
{ "type": "Feature", "properties": { "15380279.394525": 15433136.437785, "5025475.223726": 4998803.7700650003 }, "geometry": { "type": "Point", "coordinates": [ 15433136.437785, 4998803.770065000280738 ] } },
{ "type": "Feature", "properties": { "15380279.394525": 15432696.965190001, "5025475.223726": 4997295.8433560003 }, "geometry": { "type": "Point", "coordinates": [ 15432696.96519, 4997295.843356000259519 ] } },
{ "type": "Feature", "properties": { "15380279.394525": 15425351.494662, "5025475.223726": 5003976.7964129997 }, "geometry": { "type": "Point", "coordinates": [ 15425351.494662, 5003976.796412999741733 ] } },
{ "type": "Feature", "properties": { "15380279.394525": 15425159.547109, "5025475.223726": 5003739.1490749996 }, "geometry": { "type": "Point", "coordinates": [ 15425159.547109, 5003739.14907499961555 ] } },
{ "type": "Feature", "properties": { "15380279.394525": 15424973.275722001, "5025475.223726": 5003498.1992960004 }, "geometry": { "type": "Point", "coordinates": [ 15424973.275722, 5003498.199296000413597 ] } },
{ "type": "Feature", "properties": { "15380279.394525": 15424798.232040999, "5025475.223726": 5003250.4628149997 }, "geometry": { "type": "Point", "coordinates": [ 15424798.232041, 5003250.462814999744296 ] } },
{ "type": "Feature", "properties": { "15380279.394525": 15424639.967603, "5025475.223726": 5002992.4553669998 }, "geometry": { "type": "Point", "coordinates": [ 15424639.967603, 5002992.455366999842227 ] } },
{ "type": "Feature", "properties": { "15380279.394525": 15424508.09165, "5025475.223726": 5002736.1787080001 }, "geometry": { "type": "Point", "coordinates": [ 15424508.09165, 5002736.1787080001086 ] } },
{ "type": "Feature", "properties": { "15380279.394525": 15424387.973851001, "5025475.223726": 5002472.9910850003 }, "geometry": { "type": "Point", "coordinates": [ 15424387.973851, 5002472.99108500033617 ] } },
{ "type": "Feature", "properties": { "15380279.394525": 15424271.01223, "5025475.223726": 5002208.0925460001 }, "geometry": { "type": "Point", "coordinates": [ 15424271.01223, 5002208.092546000145376 ] } },
{ "type": "Feature", "properties": { "15380279.394525": 15424148.604808001, "5025475.223726": 5001946.6831419999 }, "geometry": { "type": "Point", "coordinates": [ 15424148.604808, 5001946.683141999877989 ] } },
{ "type": "Feature", "properties": { "15380279.394525": 15424012.149608999, "5025475.223726": 5001693.9629229996 }, "geometry": { "type": "Point", "coordinates": [ 15424012.149609, 5001693.962922999635339 ] } },
{ "type": "Feature", "properties": { "15380279.394525": 15423840.002911, "5025475.223726": 5001433.2763759997 }, "geometry": { "type": "Point", "coordinates": [ 15423840.002911, 5001433.276375999674201 ] } },
{ "type": "Feature", "properties": { "15380279.394525": 15423645.232713999, "5025475.223726": 5001187.525 }, "geometry": { "type": "Point", "coordinates": [ 15423645.232714, 5001187.525000000372529 ] } },
{ "type": "Feature", "properties": { "15380279.394525": 15423431.899534, "5025475.223726": 5000954.8337080004 }, "geometry": { "type": "Point", "coordinates": [ 15423431.899534, 5000954.83370800036937 ] } },
{ "type": "Feature", "properties": { "15380279.394525": 15423204.063886, "5025475.223726": 5000733.327416 }, "geometry": { "type": "Point", "coordinates": [ 15423204.063886, 5000733.327416 ] } },
{ "type": "Feature", "properties": { "15380279.394525": 15422965.786286, "5025475.223726": 5000521.1310390001 }, "geometry": { "type": "Point", "coordinates": [ 15422965.786286, 5000521.131039000116289 ] } },
{ "type": "Feature", "properties": { "15380279.394525": 15422704.428173, "5025475.223726": 5000300.8888349999 }, "geometry": { "type": "Point", "coordinates": [ 15422704.428173, 5000300.888834999874234 ] } },
{ "type": "Feature", "properties": { "15380279.394525": 15422446.423025999, "5025475.223726": 5000080.1608640002 }, "geometry": { "type": "Point", "coordinates": [ 15422446.423026, 5000080.160864000208676 ] } },
{ "type": "Feature", "properties": { "15380279.394525": 15422202.204127001, "5025475.223726": 4999849.5402889997 }, "geometry": { "type": "Point", "coordinates": [ 15422202.204127, 4999849.540288999676704 ] } },
{ "type": "Feature", "properties": { "15380279.394525": 15421982.204762001, "5025475.223726": 4999599.6202720003 }, "geometry": { "type": "Point", "coordinates": [ 15421982.204762, 4999599.620272000320256 ] } },
{ "type": "Feature", "properties": { "15380279.394525": 15421812.819754001, "5025475.223726": 4999355.5853559999 }, "geometry": { "type": "Point", "coordinates": [ 15421812.819754, 4999355.585355999879539 ] } },
{ "type": "Feature", "properties": { "15380279.394525": 15421663.669624001, "5025475.223726": 4999095.4836219996 }, "geometry": { "type": "Point", "coordinates": [ 15421663.669624, 4999095.483621999621391 ] } },
{ "type": "Feature", "properties": { "15380279.394525": 15421527.296197001, "5025475.223726": 4998825.657381 }, "geometry": { "type": "Point", "coordinates": [ 15421527.296197, 4998825.657381 ] } },
{ "type": "Feature", "properties": { "15380279.394525": 15421396.241301, "5025475.223726": 4998552.4489470003 }, "geometry": { "type": "Point", "coordinates": [ 15421396.241301, 4998552.448947000317276 ] } },
{ "type": "Feature", "properties": { "15380279.394525": 15421283.688291, "5025475.223726": 4998320.2066909997 }, "geometry": { "type": "Point", "coordinates": [ 15421283.688291, 4998320.206690999679267 ] } },
{ "type": "Feature", "properties": { "15380279.394525": 15421170.322450001, "5025475.223726": 4998089.6433239998 }, "geometry": { "type": "Point", "coordinates": [ 15421170.32245, 4998089.64332399982959 ] } },
{ "type": "Feature", "properties": { "15380279.394525": 15421056.729495, "5025475.223726": 4997860.0122389998 }, "geometry": { "type": "Point", "coordinates": [ 15421056.729495, 4997860.012238999828696 ] } },
{ "type": "Feature", "properties": { "15380279.394525": 15420943.495142, "5025475.223726": 4997630.5668289997 }, "geometry": { "type": "Point", "coordinates": [ 15420943.495142, 4997630.56682899966836 ] } },
{ "type": "Feature", "properties": { "15380279.394525": 15420831.205107, "5025475.223726": 4997400.5604879996 }, "geometry": { "type": "Point", "coordinates": [ 15420831.205107, 4997400.560487999580801 ] } },
{ "type": "Feature", "properties": { "15380279.394525": 15420705.783314001, "5025475.223726": 4997139.1465490004 }, "geometry": { "type": "Point", "coordinates": [ 15420705.783314, 4997139.146549000404775 ] } },
{ "type": "Feature", "properties": { "15380279.394525": 15420581.298092, "5025475.223726": 4996876.9911219999 }, "geometry": { "type": "Point", "coordinates": [ 15420581.298092, 4996876.991122 ] } },
{ "type": "Feature", "properties": { "15380279.394525": 15420456.561215, "5025475.223726": 4996614.7625120003 }, "geometry": { "type": "Point", "coordinates": [ 15420456.561215, 4996614.762512000277638 ] } },
{ "type": "Feature", "properties": { "15380279.394525": 15420330.384458, "5025475.223726": 4996353.1290269997 }, "geometry": { "type": "Point", "coordinates": [ 15420330.384458, 4996353.129026999697089 ] } },
{ "type": "Feature", "properties": { "15380279.394525": 15420201.579595, "5025475.223726": 4996092.7589720003 }, "geometry": { "type": "Point", "coordinates": [ 15420201.579595, 4996092.758972000330687 ] } },
{ "type": "Feature", "properties": { "15380279.394525": 15420068.958401, "5025475.223726": 4995834.3206550004 }, "geometry": { "type": "Point", "coordinates": [ 15420068.958401, 4995834.320655000396073 ] } },
{ "type": "Feature", "properties": { "15380279.394525": 15419931.332649, "5025475.223726": 4995578.4823820004 }, "geometry": { "type": "Point", "coordinates": [ 15419931.332649, 4995578.482382000423968 ] } },
{ "type": "Feature", "properties": { "15380279.394525": 15419813.170724001, "5025475.223726": 4995369.7695359997 }, "geometry": { "type": "Point", "coordinates": [ 15419813.170724, 4995369.769535999745131 ] } },
{ "type": "Feature", "properties": { "15380279.394525": 15419690.412908999, "5025475.223726": 4995163.8414850002 }, "geometry": { "type": "Point", "coordinates": [ 15419690.412909, 4995163.841485000215471 ] } },
{ "type": "Feature", "properties": { "15380279.394525": 15419562.551364999, "5025475.223726": 4994961.0354749998 }, "geometry": { "type": "Point", "coordinates": [ 15419562.551365, 4994961.035474999807775 ] } },
{ "type": "Feature", "properties": { "15380279.394525": 15419429.078253999, "5025475.223726": 4994761.6887480002 }, "geometry": { "type": "Point", "coordinates": [ 15419429.078254, 4994761.688748000189662 ] } },
{ "type": "Feature", "properties": { "15380279.394525": 15419261.454891, "5025475.223726": 4994526.7031110004 }, "geometry": { "type": "Point", "coordinates": [ 15419261.454891, 4994526.703111000359058 ] } },
{ "type": "Feature", "properties": { "15380279.394525": 15419089.569557, "5025475.223726": 4994294.7458640002 }, "geometry": { "type": "Point", "coordinates": [ 15419089.569557, 4994294.745864000171423 ] } },
{ "type": "Feature", "properties": { "15380279.394525": 15418917.786838001, "5025475.223726": 4994062.9982479997 }, "geometry": { "type": "Point", "coordinates": [ 15418917.786838, 4994062.998247999697924 ] } },
{ "type": "Feature", "properties": { "15380279.394525": 15418750.471322, "5025475.223726": 4993828.6415010002 }, "geometry": { "type": "Point", "coordinates": [ 15418750.471322, 4993828.641501000151038 ] } },
{ "type": "Feature", "properties": { "15380279.394525": 15418591.987596, "5025475.223726": 4993588.8568630004 }, "geometry": { "type": "Point", "coordinates": [ 15418591.987596, 4993588.856863000430167 ] } },
{ "type": "Feature", "properties": { "15380279.394525": 15418460.645713, "5025475.223726": 4993368.305257 }, "geometry": { "type": "Point", "coordinates": [ 15418460.645713, 4993368.305257 ] } },
{ "type": "Feature", "properties": { "15380279.394525": 15418338.186403999, "5025475.223726": 4993142.4330979995 }, "geometry": { "type": "Point", "coordinates": [ 15418338.186404, 4993142.433097999542952 ] } },
{ "type": "Feature", "properties": { "15380279.394525": 15418222.820313999, "5025475.223726": 4992912.2829769999 }, "geometry": { "type": "Point", "coordinates": [ 15418222.820314, 4992912.282976999878883 ] } },
{ "type": "Feature", "properties": { "15380279.394525": 15418112.758088, "5025475.223726": 4992678.8974799998 }, "geometry": { "type": "Point", "coordinates": [ 15418112.758088, 4992678.897479999810457 ] } },
{ "type": "Feature", "properties": { "15380279.394525": 15418006.210369, "5025475.223726": 4992443.3191959998 }, "geometry": { "type": "Point", "coordinates": [ 15418006.210369, 4992443.319195999763906 ] } },
{ "type": "Feature", "properties": { "15380279.394525": 15417901.387802999, "5025475.223726": 4992206.5907140002 }, "geometry": { "type": "Point", "coordinates": [ 15417901.387803, 4992206.590714000165462 ] } },
{ "type": "Feature", "properties": { "15380279.394525": 15423488.967947001, "5025475.223726": 5000981.8864219999 }, "geometry": { "type": "Point", "coordinates": [ 15423488.967947, 5000981.886421999894083 ] } },
{ "type": "Feature", "properties": { "15380279.394525": 15423728.246678, "5025475.223726": 5000969.5536439996 }, "geometry": { "type": "Point", "coordinates": [ 15423728.246678, 5000969.553643999621272 ] } },
{ "type": "Feature", "properties": { "15380279.394525": 15423967.363667, "5025475.223726": 5000957.1776440004 }, "geometry": { "type": "Point", "coordinates": [ 15423967.363667, 5000957.177644000388682 ] } },
{ "type": "Feature", "properties": { "15380279.394525": 15424206.223918, "5025475.223726": 5000944.67191 }, "geometry": { "type": "Point", "coordinates": [ 15424206.223918, 5000944.67191 ] } },
{ "type": "Feature", "properties": { "15380279.394525": 15424444.732433001, "5025475.223726": 5000931.9499300001 }, "geometry": { "type": "Point", "coordinates": [ 15424444.732433, 5000931.949930000118911 ] } },
{ "type": "Feature", "properties": { "15380279.394525": 15424682.794216, "5025475.223726": 5000918.9251899999 }, "geometry": { "type": "Point", "coordinates": [ 15424682.794216, 5000918.925189999863505 ] } },
{ "type": "Feature", "properties": { "15380279.394525": 15424920.314268, "5025475.223726": 5000905.5111790001 }, "geometry": { "type": "Point", "coordinates": [ 15424920.314268, 5000905.511179000139236 ] } },
{ "type": "Feature", "properties": { "15380279.394525": 15425157.197594, "5025475.223726": 5000891.6213819999 }, "geometry": { "type": "Point", "coordinates": [ 15425157.197594, 5000891.621382 ] } },
{ "type": "Feature", "properties": { "15380279.394525": 15425393.349195, "5025475.223726": 5000877.1692890003 }, "geometry": { "type": "Point", "coordinates": [ 15425393.349195, 5000877.169289000332355 ] } },
{ "type": "Feature", "properties": { "15380279.394525": 15425642.514163001, "5025475.223726": 5000861.1330329999 }, "geometry": { "type": "Point", "coordinates": [ 15425642.514163, 5000861.133033 ] } },
{ "type": "Feature", "properties": { "15380279.394525": 15425891.081596, "5025475.223726": 5000843.934049 }, "geometry": { "type": "Point", "coordinates": [ 15425891.081596, 5000843.934049 ] } },
{ "type": "Feature", "properties": { "15380279.394525": 15426139.517818, "5025475.223726": 5000825.046228 }, "geometry": { "type": "Point", "coordinates": [ 15426139.517818, 5000825.046228 ] } },
{ "type": "Feature", "properties": { "15380279.394525": 15426388.289156999, "5025475.223726": 5000803.943461 }, "geometry": { "type": "Point", "coordinates": [ 15426388.289157, 5000803.943461 ] } },
{ "type": "Feature", "properties": { "15380279.394525": 15426637.861935999, "5025475.223726": 5000780.0996380001 }, "geometry": { "type": "Point", "coordinates": [ 15426637.861936, 5000780.099638000130653 ] } },
{ "type": "Feature", "properties": { "15380279.394525": 15426888.702482, "5025475.223726": 5000752.9886499997 }, "geometry": { "type": "Point", "coordinates": [ 15426888.702482, 5000752.988649999722838 ] } },
{ "type": "Feature", "properties": { "15380279.394525": 15427141.277119, "5025475.223726": 5000722.0843869997 }, "geometry": { "type": "Point", "coordinates": [ 15427141.277119, 5000722.084386999718845 ] } },
{ "type": "Feature", "properties": { "15380279.394525": 15427396.052175, "5025475.223726": 5000686.8607390001 }, "geometry": { "type": "Point", "coordinates": [ 15427396.052175, 5000686.860739000141621 ] } },
{ "type": "Feature", "properties": { "15380279.394525": 15427653.493973, "5025475.223726": 5000646.7915979996 }, "geometry": { "type": "Point", "coordinates": [ 15427653.493973, 5000646.791597999632359 ] } },
{ "type": "Feature", "properties": { "15380279.394525": 15427899.55844, "5025475.223726": 5000602.8371569999 }, "geometry": { "type": "Point", "coordinates": [ 15427899.55844, 5000602.837156999856234 ] } },
{ "type": "Feature", "properties": { "15380279.394525": 15428141.943198999, "5025475.223726": 5000547.6134160003 }, "geometry": { "type": "Point", "coordinates": [ 15428141.943199, 5000547.613416000269353 ] } },
{ "type": "Feature", "properties": { "15380279.394525": 15428374.302964, "5025475.223726": 5000474.5743840002 }, "geometry": { "type": "Point", "coordinates": [ 15428374.302964, 5000474.574384000152349 ] } },
{ "type": "Feature", "properties": { "15380279.394525": 15428590.292447999, "5025475.223726": 5000377.1740730004 }, "geometry": { "type": "Point", "coordinates": [ 15428590.292448, 5000377.174073000438511 ] } },
{ "type": "Feature", "properties": { "15380279.394525": 15428783.566361999, "5025475.223726": 5000248.866494 }, "geometry": { "type": "Point", "coordinates": [ 15428783.566362, 5000248.866494 ] } },
{ "type": "Feature", "properties": { "15380279.394525": 15428964.759976, "5025475.223726": 5000068.5213249996 }, "geometry": { "type": "Point", "coordinates": [ 15428964.759976, 5000068.521324999630451 ] } },
{ "type": "Feature", "properties": { "15380279.394525": 15429120.070812, "5025475.223726": 4999856.497978 }, "geometry": { "type": "Point", "coordinates": [ 15429120.070812, 4999856.497978 ] } },
{ "type": "Feature", "properties": { "15380279.394525": 15429258.852104001, "5025475.223726": 4999625.9887680002 }, "geometry": { "type": "Point", "coordinates": [ 15429258.852104, 4999625.988768000155687 ] } },
{ "type": "Feature", "properties": { "15380279.394525": 15429390.457088999, "5025475.223726": 4999390.1860069996 }, "geometry": { "type": "Point", "coordinates": [ 15429390.457089, 4999390.186006999574602 ] } },
{ "type": "Feature", "properties": { "15380279.394525": 15429508.160364, "5025475.223726": 4999184.1726160003 }, "geometry": { "type": "Point", "coordinates": [ 15429508.160364, 4999184.172616000287235 ] } },
{ "type": "Feature", "properties": { "15380279.394525": 15429626.892952999, "5025475.223726": 4998982.4589269999 }, "geometry": { "type": "Point", "coordinates": [ 15429626.892953, 4998982.458927 ] } },
{ "type": "Feature", "properties": { "15380279.394525": 15429746.220619, "5025475.223726": 4998782.8266380001 }, "geometry": { "type": "Point", "coordinates": [ 15429746.220619, 4998782.826638 ] } },
{ "type": "Feature", "properties": { "15380279.394525": 15431169.274738001, "5025475.223726": 5001316.9812460002 }, "geometry": { "type": "Point", "coordinates": [ 15431169.274738, 5001316.981246000155807 ] } },
{ "type": "Feature", "properties": { "15380279.394525": 15431147.297222, "5025475.223726": 5001075.7713339999 }, "geometry": { "type": "Point", "coordinates": [ 15431147.297222, 5001075.771334 ] } },
{ "type": "Feature", "properties": { "15380279.394525": 15431124.910041999, "5025475.223726": 5000834.6902559996 }, "geometry": { "type": "Point", "coordinates": [ 15431124.910042, 5000834.690255999565125 ] } },
{ "type": "Feature", "properties": { "15380279.394525": 15431101.689158, "5025475.223726": 5000593.7495370004 }, "geometry": { "type": "Point", "coordinates": [ 15431101.689158, 5000593.749537000432611 ] } },
{ "type": "Feature", "properties": { "15380279.394525": 15431077.21053, "5025475.223726": 5000352.9607060002 }, "geometry": { "type": "Point", "coordinates": [ 15431077.21053, 5000352.960706000216305 ] } },
{ "type": "Feature", "properties": { "15380279.394525": 15431051.050115, "5025475.223726": 5000112.3352899998 }, "geometry": { "type": "Point", "coordinates": [ 15431051.050115, 5000112.335289999842644 ] } },
{ "type": "Feature", "properties": { "15380279.394525": 15431022.783872999, "5025475.223726": 4999871.8848169995 }, "geometry": { "type": "Point", "coordinates": [ 15431022.783873, 4999871.884816999547184 ] } },
{ "type": "Feature", "properties": { "15380279.394525": 15430992.287269, "5025475.223726": 4999632.7121299999 }, "geometry": { "type": "Point", "coordinates": [ 15430992.287269, 4999632.712129999883473 ] } },
{ "type": "Feature", "properties": { "15380279.394525": 15430959.805043999, "5025475.223726": 4999393.8645900004 }, "geometry": { "type": "Point", "coordinates": [ 15430959.805044, 4999393.864590000361204 ] } },
{ "type": "Feature", "properties": { "15380279.394525": 15430925.829307999, "5025475.223726": 4999155.2258620001 }, "geometry": { "type": "Point", "coordinates": [ 15430925.829308, 4999155.225862000137568 ] } },
{ "type": "Feature", "properties": { "15380279.394525": 15430890.852171, "5025475.223726": 4998916.6796119995 }, "geometry": { "type": "Point", "coordinates": [ 15430890.852171, 4998916.679611999541521 ] } },
{ "type": "Feature", "properties": { "15380279.394525": 15430855.365741, "5025475.223726": 4998678.1095059998 }, "geometry": { "type": "Point", "coordinates": [ 15430855.365741, 4998678.109505999833345 ] } },
{ "type": "Feature", "properties": { "15380279.394525": 15417964.169601999, "5025475.223726": 4998719.996359 }, "geometry": { "type": "Point", "coordinates": [ 15417964.169602, 4998719.996359 ] } },
{ "type": "Feature", "properties": { "15380279.394525": 15418228.488553001, "5025475.223726": 4998732.569987 }, "geometry": { "type": "Point", "coordinates": [ 15418228.488553, 4998732.569987 ] } },
{ "type": "Feature", "properties": { "15380279.394525": 15418492.732326999, "5025475.223726": 4998745.1893060002 }, "geometry": { "type": "Point", "coordinates": [ 15418492.732327, 4998745.189306000247598 ] } },
{ "type": "Feature", "properties": { "15380279.394525": 15418756.922483001, "5025475.223726": 4998757.9051860003 }, "geometry": { "type": "Point", "coordinates": [ 15418756.922483, 4998757.905186000280082 ] } },
{ "type": "Feature", "properties": { "15380279.394525": 15419021.080577999, "5025475.223726": 4998770.7684979998 }, "geometry": { "type": "Point", "coordinates": [ 15419021.080578, 4998770.768497999757528 ] } },
{ "type": "Feature", "properties": { "15380279.394525": 15419285.228171, "5025475.223726": 4998783.8301139995 }, "geometry": { "type": "Point", "coordinates": [ 15419285.228171, 4998783.830113999545574 ] } },
{ "type": "Feature", "properties": { "15380279.394525": 15419549.386818999, "5025475.223726": 4998797.140904 }, "geometry": { "type": "Point", "coordinates": [ 15419549.386819, 4998797.140904 ] } },
{ "type": "Feature", "properties": { "15380279.394525": 15419813.578081001, "5025475.223726": 4998810.751739 }, "geometry": { "type": "Point", "coordinates": [ 15419813.578081, 4998810.751739 ] } },
{ "type": "Feature", "properties": { "15380279.394525": 15420077.823514, "5025475.223726": 4998824.7134910002 }, "geometry": { "type": "Point", "coordinates": [ 15420077.823514, 4998824.713491000235081 ] } },
{ "type": "Feature", "properties": { "15380279.394525": 15420325.558234001, "5025475.223726": 4998838.1466709999 }, "geometry": { "type": "Point", "coordinates": [ 15420325.558234, 4998838.146671 ] } },
{ "type": "Feature", "properties": { "15380279.394525": 15420573.196939999, "5025475.223726": 4998851.8660970004 }, "geometry": { "type": "Point", "coordinates": [ 15420573.19694, 4998851.866097000427544 ] } },
{ "type": "Feature", "properties": { "15380279.394525": 15420820.783024, "5025475.223726": 4998865.8158179997 }, "geometry": { "type": "Point", "coordinates": [ 15420820.783024, 4998865.815817999653518 ] } },
{ "type": "Feature", "properties": { "15380279.394525": 15421068.359874001, "5025475.223726": 4998879.9398769997 }, "geometry": { "type": "Point", "coordinates": [ 15421068.359874, 4998879.93987699970603 ] } },
{ "type": "Feature", "properties": { "15380279.394525": 15421315.97088, "5025475.223726": 4998894.1823220002 }, "geometry": { "type": "Point", "coordinates": [ 15421315.97088, 4998894.182322000153363 ] } },
{ "type": "Feature", "properties": { "15380279.394525": 15421563.659433, "5025475.223726": 4998908.4871969996 }, "geometry": { "type": "Point", "coordinates": [ 15421563.659433, 4998908.48719699960202 ] } },
{ "type": "Feature", "properties": { "15380279.394525": 15426544.348850001, "5025475.223726": 4999746.224258 }, "geometry": { "type": "Point", "coordinates": [ 15426544.34885, 4999746.224258 ] } },
{ "type": "Feature", "properties": { "15380279.394525": 15426298.056967, "5025475.223726": 4999725.5152179999 }, "geometry": { "type": "Point", "coordinates": [ 15426298.056967, 4999725.515218 ] } },
{ "type": "Feature", "properties": { "15380279.394525": 15426051.862811999, "5025475.223726": 4999704.5408760002 }, "geometry": { "type": "Point", "coordinates": [ 15426051.862812, 4999704.540876000188291 ] } },
{ "type": "Feature", "properties": { "15380279.394525": 15425805.774164001, "5025475.223726": 4999683.0264079999 }, "geometry": { "type": "Point", "coordinates": [ 15425805.774164, 4999683.026408 ] } },
{ "type": "Feature", "properties": { "15380279.394525": 15425559.798803, "5025475.223726": 4999660.6969940001 }, "geometry": { "type": "Point", "coordinates": [ 15425559.798803, 4999660.696994000114501 ] } },
{ "type": "Feature", "properties": { "15380279.394525": 15425313.944506999, "5025475.223726": 4999637.2778099999 }, "geometry": { "type": "Point", "coordinates": [ 15425313.944507, 4999637.277809999883175 ] } },
{ "type": "Feature", "properties": { "15380279.394525": 15425068.219055999, "5025475.223726": 4999612.4940339997 }, "geometry": { "type": "Point", "coordinates": [ 15425068.219056, 4999612.494033999741077 ] } },
{ "type": "Feature", "properties": { "15380279.394525": 15424822.630228, "5025475.223726": 4999586.0708450004 }, "geometry": { "type": "Point", "coordinates": [ 15424822.630228, 4999586.070845000445843 ] } },
{ "type": "Feature", "properties": { "15380279.394525": 15424577.185803, "5025475.223726": 4999557.7334190002 }, "geometry": { "type": "Point", "coordinates": [ 15424577.185803, 4999557.733419000171125 ] } },
{ "type": "Feature", "properties": { "15380279.394525": 15424329.393463001, "5025475.223726": 4999527.067888 }, "geometry": { "type": "Point", "coordinates": [ 15424329.393463, 4999527.067888 ] } },
{ "type": "Feature", "properties": { "15380279.394525": 15424081.837901, "5025475.223726": 4999495.0093499999 }, "geometry": { "type": "Point", "coordinates": [ 15424081.837901, 4999495.00935 ] } },
{ "type": "Feature", "properties": { "15380279.394525": 15423834.387438999, "5025475.223726": 4999462.3776789997 }, "geometry": { "type": "Point", "coordinates": [ 15423834.387439, 4999462.3776789996773 ] } },
{ "type": "Feature", "properties": { "15380279.394525": 15423586.910401, "5025475.223726": 4999429.9927449999 }, "geometry": { "type": "Point", "coordinates": [ 15423586.910401, 4999429.992745 ] } },
{ "type": "Feature", "properties": { "15380279.394525": 15423339.275109001, "5025475.223726": 4999398.6744210003 }, "geometry": { "type": "Point", "coordinates": [ 15423339.275109, 4999398.674421000294387 ] } },
{ "type": "Feature", "properties": { "15380279.394525": 15423091.349885, "5025475.223726": 4999369.2425800003 }, "geometry": { "type": "Point", "coordinates": [ 15423091.349885, 4999369.242580000311136 ] } },
{ "type": "Feature", "properties": { "15380279.394525": 15422868.435484, "5025475.223726": 4999344.941447 }, "geometry": { "type": "Point", "coordinates": [ 15422868.435484, 4999344.941447 ] } },
{ "type": "Feature", "properties": { "15380279.394525": 15422645.391698999, "5025475.223726": 4999322.4759799996 }, "geometry": { "type": "Point", "coordinates": [ 15422645.391699, 4999322.475979999639094 ] } },
{ "type": "Feature", "properties": { "15380279.394525": 15422422.222634999, "5025475.223726": 4999301.4767410001 }, "geometry": { "type": "Point", "coordinates": [ 15422422.222635, 4999301.476741 ] } },
{ "type": "Feature", "properties": { "15380279.394525": 15422198.932398001, "5025475.223726": 4999281.5742929997 }, "geometry": { "type": "Point", "coordinates": [ 15422198.932398, 4999281.574292999692261 ] } },
{ "type": "Feature", "properties": { "15380279.394525": 15421975.525095001, "5025475.223726": 4999262.3991980003 }, "geometry": { "type": "Point", "coordinates": [ 15421975.525095, 4999262.399198000319302 ] } },
{ "type": "Feature", "properties": { "15380279.394525": 15421752.004830999, "5025475.223726": 4999243.5820209999 }, "geometry": { "type": "Point", "coordinates": [ 15421752.004831, 4999243.582020999863744 ] } },
{ "type": "Feature", "properties": { "15380279.394525": 15419177.951057, "5025475.223726": 5000814.3390100002 }, "geometry": { "type": "Point", "coordinates": [ 15419177.951057, 5000814.339010000228882 ] } },
{ "type": "Feature", "properties": { "15380279.394525": 15419063.91588, "5025475.223726": 5000566.2019779999 }, "geometry": { "type": "Point", "coordinates": [ 15419063.91588, 5000566.20197799988091 ] } },
{ "type": "Feature", "properties": { "15380279.394525": 15418962.176503999, "5025475.223726": 5000315.740003 }, "geometry": { "type": "Point", "coordinates": [ 15418962.176504, 5000315.740003 ] } },
{ "type": "Feature", "properties": { "15380279.394525": 15418884.969326001, "5025475.223726": 5000060.3756550001 }, "geometry": { "type": "Point", "coordinates": [ 15418884.969326, 5000060.375655 ] } },
{ "type": "Feature", "properties": { "15380279.394525": 15418843.633562, "5025475.223726": 4999820.4756770004 }, "geometry": { "type": "Point", "coordinates": [ 15418843.633562, 4999820.475677000358701 ] } },
{ "type": "Feature", "properties": { "15380279.394525": 15418827.075563001, "5025475.223726": 4999575.8003529999 }, "geometry": { "type": "Point", "coordinates": [ 15418827.075563, 4999575.800353 ] } },
{ "type": "Feature", "properties": { "15380279.394525": 15418829.09272, "5025475.223726": 4999327.5088020004 }, "geometry": { "type": "Point", "coordinates": [ 15418829.09272, 4999327.508802000433207 ] } },
{ "type": "Feature", "properties": { "15380279.394525": 15418843.482422, "5025475.223726": 4999076.7601420004 }, "geometry": { "type": "Point", "coordinates": [ 15418843.482422, 4999076.760142000392079 ] } },
{ "type": "Feature", "properties": { "15380279.394525": 15418864.042060001, "5025475.223726": 4998824.7134910002 }, "geometry": { "type": "Point", "coordinates": [ 15418864.04206, 4998824.713491000235081 ] } },
{ "type": "Feature", "properties": { "15380279.394525": 15421312.532236001, "5025475.223726": 5002343.2091450002 }, "geometry": { "type": "Point", "coordinates": [ 15421312.532236, 5002343.209145000204444 ] } },
{ "type": "Feature", "properties": { "15380279.394525": 15421175.136335, "5025475.223726": 5002124.4823510004 }, "geometry": { "type": "Point", "coordinates": [ 15421175.136335, 5002124.482351000420749 ] } },
{ "type": "Feature", "properties": { "15380279.394525": 15421043.851352001, "5025475.223726": 5001903.9620059999 }, "geometry": { "type": "Point", "coordinates": [ 15421043.851352, 5001903.962005999870598 ] } },
{ "type": "Feature", "properties": { "15380279.394525": 15420924.7607, "5025475.223726": 5001679.7105559995 }, "geometry": { "type": "Point", "coordinates": [ 15420924.7607, 5001679.710555999539793 ] } },
{ "type": "Feature", "properties": { "15380279.394525": 15420823.947792999, "5025475.223726": 5001449.7904439997 }, "geometry": { "type": "Point", "coordinates": [ 15420823.947793, 5001449.790443999692798 ] } },
{ "type": "Feature", "properties": { "15380279.394525": 15420747.496041, "5025475.223726": 5001212.2641129997 }, "geometry": { "type": "Point", "coordinates": [ 15420747.496041, 5001212.264112999662757 ] } },
{ "type": "Feature", "properties": { "15380279.394525": 15420705.935939999, "5025475.223726": 5001012.5187010001 }, "geometry": { "type": "Point", "coordinates": [ 15420705.93594, 5001012.518701000139117 ] } },
{ "type": "Feature", "properties": { "15380279.394525": 15420678.627552001, "5025475.223726": 5000808.5582320001 }, "geometry": { "type": "Point", "coordinates": [ 15420678.627552, 5000808.558232 ] } },
{ "type": "Feature", "properties": { "15380279.394525": 15420659.594325, "5025475.223726": 5000602.2522949995 }, "geometry": { "type": "Point", "coordinates": [ 15420659.594325, 5000602.252294999547303 ] } },
{ "type": "Feature", "properties": { "15380279.394525": 15420642.859709, "5025475.223726": 5000395.4704799997 }, "geometry": { "type": "Point", "coordinates": [ 15420642.859709, 5000395.470479999668896 ] } },
{ "type": "Feature", "properties": { "15380279.394525": 15420623.910349, "5025475.223726": 5000192.1594860004 }, "geometry": { "type": "Point", "coordinates": [ 15420623.910349, 5000192.159486000426114 ] } },
{ "type": "Feature", "properties": { "15380279.394525": 15420602.594877999, "5025475.223726": 4999989.9165780004 }, "geometry": { "type": "Point", "coordinates": [ 15420602.594878, 4999989.916578000411391 ] } },
{ "type": "Feature", "properties": { "15380279.394525": 15420580.077909, "5025475.223726": 4999788.1111110002 }, "geometry": { "type": "Point", "coordinates": [ 15420580.077909, 4999788.111111000180244 ] } },
{ "type": "Feature", "properties": { "15380279.394525": 15422923.931753, "5025475.223726": 5001631.1326440005 }, "geometry": { "type": "Point", "coordinates": [ 15422923.931753, 5001631.132644000463188 ] } },
{ "type": "Feature", "properties": { "15380279.394525": 15422995.120322, "5025475.223726": 5001855.8259260003 }, "geometry": { "type": "Point", "coordinates": [ 15422995.120322, 5001855.825926000252366 ] } },
{ "type": "Feature", "properties": { "15380279.394525": 15423064.19393, "5025475.223726": 5002080.8259269996 }, "geometry": { "type": "Point", "coordinates": [ 15423064.19393, 5002080.825926999561489 ] } },
{ "type": "Feature", "properties": { "15380279.394525": 15423129.064153001, "5025475.223726": 5002306.5737899998 }, "geometry": { "type": "Point", "coordinates": [ 15423129.064153, 5002306.573789999820292 ] } },
{ "type": "Feature", "properties": { "15380279.394525": 15423187.642568, "5025475.223726": 5002533.5106579997 }, "geometry": { "type": "Point", "coordinates": [ 15423187.642568, 5002533.510657999664545 ] } },
{ "type": "Feature", "properties": { "15380279.394525": 15423237.84075, "5025475.223726": 5002762.0776749998 }, "geometry": { "type": "Point", "coordinates": [ 15423237.84075, 5002762.077674999833107 ] } },
{ "type": "Feature", "properties": { "15380279.394525": 15423281.857674001, "5025475.223726": 5003016.833757 }, "geometry": { "type": "Point", "coordinates": [ 15423281.857674, 5003016.833757 ] } },
{ "type": "Feature", "properties": { "15380279.394525": 15423315.173830001, "5025475.223726": 5003273.4790939996 }, "geometry": { "type": "Point", "coordinates": [ 15423315.17383, 5003273.479093999601901 ] } },
{ "type": "Feature", "properties": { "15380279.394525": 15423339.93426, "5025475.223726": 5003531.6606000001 }, "geometry": { "type": "Point", "coordinates": [ 15423339.93426, 5003531.6606 ] } },
{ "type": "Feature", "properties": { "15380279.394525": 15423358.284006, "5025475.223726": 5003791.0251839999 }, "geometry": { "type": "Point", "coordinates": [ 15423358.284006, 5003791.025184 ] } },
{ "type": "Feature", "properties": { "15380279.394525": 15423372.368110999, "5025475.223726": 5004051.2197599998 }, "geometry": { "type": "Point", "coordinates": [ 15423372.368111, 5004051.219759999774396 ] } },
{ "type": "Feature", "properties": { "15380279.394525": 15423384.331614999, "5025475.223726": 5004311.891237 }, "geometry": { "type": "Point", "coordinates": [ 15423384.331615, 5004311.891237 ] } },
{ "type": "Feature", "properties": { "15380279.394525": 15425246.85833, "5025475.223726": 5003851.1358540002 }, "geometry": { "type": "Point", "coordinates": [ 15425246.85833, 5003851.135854000225663 ] } },
{ "type": "Feature", "properties": { "15380279.394525": 15425271.513948999, "5025475.223726": 5003620.7875429997 }, "geometry": { "type": "Point", "coordinates": [ 15425271.513949, 5003620.787542999722064 ] } },
{ "type": "Feature", "properties": { "15380279.394525": 15425296.767295999, "5025475.223726": 5003390.4950569998 }, "geometry": { "type": "Point", "coordinates": [ 15425296.767296, 5003390.495056999847293 ] } },
{ "type": "Feature", "properties": { "15380279.394525": 15425323.225243, "5025475.223726": 5003160.1452780003 }, "geometry": { "type": "Point", "coordinates": [ 15425323.225243, 5003160.14527800027281 ] } },
{ "type": "Feature", "properties": { "15380279.394525": 15425351.494662, "5025475.223726": 5002929.6250870004 }, "geometry": { "type": "Point", "coordinates": [ 15425351.494662, 5002929.62508700042963 ] } },
{ "type": "Feature", "properties": { "15380279.394525": 15425378.545632999, "5025475.223726": 5002720.2691700002 }, "geometry": { "type": "Point", "coordinates": [ 15425378.545633, 5002720.269170000217855 ] } },
{ "type": "Feature", "properties": { "15380279.394525": 15425403.937945999, "5025475.223726": 5002510.9054880003 }, "geometry": { "type": "Point", "coordinates": [ 15425403.937946, 5002510.905488000251353 ] } },
{ "type": "Feature", "properties": { "15380279.394525": 15425424.035884, "5025475.223726": 5002301.4673410002 }, "geometry": { "type": "Point", "coordinates": [ 15425424.035884, 5002301.467341000214219 ] } },
{ "type": "Feature", "properties": { "15380279.394525": 15425435.203728, "5025475.223726": 5002091.8880270002 }, "geometry": { "type": "Point", "coordinates": [ 15425435.203728, 5002091.888027000240982 ] } },
{ "type": "Feature", "properties": { "15380279.394525": 15425433.844366999, "5025475.223726": 5001853.1618860001 }, "geometry": { "type": "Point", "coordinates": [ 15425433.844367, 5001853.161886 ] } },
{ "type": "Feature", "properties": { "15380279.394525": 15425419.437216001, "5025475.223726": 5001614.4630340002 }, "geometry": { "type": "Point", "coordinates": [ 15425419.437216, 5001614.463034000247717 ] } },
{ "type": "Feature", "properties": { "15380279.394525": 15425395.246113, "5025475.223726": 5001375.749721 }, "geometry": { "type": "Point", "coordinates": [ 15425395.246113, 5001375.749721 ] } },
{ "type": "Feature", "properties": { "15380279.394525": 15425364.534894001, "5025475.223726": 5001136.9801979996 }, "geometry": { "type": "Point", "coordinates": [ 15425364.534894, 5001136.980197999626398 ] } },
{ "type": "Feature", "properties": { "15380279.394525": 15425330.567396, "5025475.223726": 5000898.1127159996 }, "geometry": { "type": "Point", "coordinates": [ 15425330.567396, 5000898.112715999595821 ] } },
{ "type": "Feature", "properties": { "15380279.394525": 15426272.294385999, "5025475.223726": 5003285.663338 }, "geometry": { "type": "Point", "coordinates": [ 15426272.294386, 5003285.663338 ] } },
{ "type": "Feature", "properties": { "15380279.394525": 15426268.152801, "5025475.223726": 5003034.2611450003 }, "geometry": { "type": "Point", "coordinates": [ 15426268.152801, 5003034.261145000346005 ] } },
{ "type": "Feature", "properties": { "15380279.394525": 15426263.577338001, "5025475.223726": 5002782.964989 }, "geometry": { "type": "Point", "coordinates": [ 15426263.577338, 5002782.964989 ] } },
{ "type": "Feature", "properties": { "15380279.394525": 15426258.128582001, "5025475.223726": 5002531.6968900003 }, "geometry": { "type": "Point", "coordinates": [ 15426258.128582, 5002531.696890000253916 ] } },
{ "type": "Feature", "properties": { "15380279.394525": 15426251.36712, "5025475.223726": 5002280.3788649999 }, "geometry": { "type": "Point", "coordinates": [ 15426251.36712, 5002280.378864999860525 ] } },
{ "type": "Feature", "properties": { "15380279.394525": 15426243.355741, "5025475.223726": 5002039.3852519998 }, "geometry": { "type": "Point", "coordinates": [ 15426243.355741, 5002039.38525199983269 ] } },
{ "type": "Feature", "properties": { "15380279.394525": 15426234.008056, "5025475.223726": 5001798.5130799999 }, "geometry": { "type": "Point", "coordinates": [ 15426234.008056, 5001798.51308 ] } },
{ "type": "Feature", "properties": { "15380279.394525": 15426223.590619, "5025475.223726": 5001557.714532 }, "geometry": { "type": "Point", "coordinates": [ 15426223.590619, 5001557.714532 ] } },
{ "type": "Feature", "properties": { "15380279.394525": 15426212.369982, "5025475.223726": 5001316.9417869998 }, "geometry": { "type": "Point", "coordinates": [ 15426212.369982, 5001316.941786999814212 ] } },
{ "type": "Feature", "properties": { "15380279.394525": 15426200.612698, "5025475.223726": 5001076.1470290003 }, "geometry": { "type": "Point", "coordinates": [ 15426200.612698, 5001076.147029000334442 ] } },
{ "type": "Feature", "properties": { "15380279.394525": 15426188.585321, "5025475.223726": 5000835.2824360002 }, "geometry": { "type": "Point", "coordinates": [ 15426188.585321, 5000835.282436000183225 ] } },
{ "type": "Feature", "properties": { "15380279.394525": 15430227.547746999, "5025475.223726": 5002636.4171160003 }, "geometry": { "type": "Point", "coordinates": [ 15430227.547747, 5002636.417116000317037 ] } },
{ "type": "Feature", "properties": { "15380279.394525": 15430069.211593, "5025475.223726": 5002427.4783079997 }, "geometry": { "type": "Point", "coordinates": [ 15430069.211593, 5002427.478307999670506 ] } },
{ "type": "Feature", "properties": { "15380279.394525": 15429912.829885, "5025475.223726": 5002217.4339389997 }, "geometry": { "type": "Point", "coordinates": [ 15429912.829885, 5002217.433938999660313 ] } },
{ "type": "Feature", "properties": { "15380279.394525": 15429760.278094999, "5025475.223726": 5002005.0475000003 }, "geometry": { "type": "Point", "coordinates": [ 15429760.278095, 5002005.047500000335276 ] } },
{ "type": "Feature", "properties": { "15380279.394525": 15429613.431693999, "5025475.223726": 5001789.0824790001 }, "geometry": { "type": "Point", "coordinates": [ 15429613.431694, 5001789.082479 ] } },
{ "type": "Feature", "properties": { "15380279.394525": 15429474.166154999, "5025475.223726": 5001568.3023640001 }, "geometry": { "type": "Point", "coordinates": [ 15429474.166155, 5001568.302364000119269 ] } },
{ "type": "Feature", "properties": { "15380279.394525": 15429335.621579999, "5025475.223726": 5001327.6557010002 }, "geometry": { "type": "Point", "coordinates": [ 15429335.62158, 5001327.655701000243425 ] } },
{ "type": "Feature", "properties": { "15380279.394525": 15429204.311262, "5025475.223726": 5001082.6234769998 }, "geometry": { "type": "Point", "coordinates": [ 15429204.311262, 5001082.623476999811828 ] } },
{ "type": "Feature", "properties": { "15380279.394525": 15429076.548092, "5025475.223726": 5000835.2824360002 }, "geometry": { "type": "Point", "coordinates": [ 15429076.548092, 5000835.282436000183225 ] } },
{ "type": "Feature", "properties": { "15380279.394525": 15418131.587734001, "5025475.223726": 4998028.8632840002 }, "geometry": { "type": "Point", "coordinates": [ 15418131.587734, 4998028.863284000195563 ] } },
{ "type": "Feature", "properties": { "15380279.394525": 15418361.367185, "5025475.223726": 4998017.3286739998 }, "geometry": { "type": "Point", "coordinates": [ 15418361.367185, 4998017.328673999756575 ] } },
{ "type": "Feature", "properties": { "15380279.394525": 15418590.559265999, "5025475.223726": 4998003.5969700003 }, "geometry": { "type": "Point", "coordinates": [ 15418590.559266, 4998003.596970000304282 ] } },
{ "type": "Feature", "properties": { "15380279.394525": 15418818.684285, "5025475.223726": 4997985.4461759999 }, "geometry": { "type": "Point", "coordinates": [ 15418818.684285, 4997985.446176 ] } },
{ "type": "Feature", "properties": { "15380279.394525": 15419045.262551, "5025475.223726": 4997960.6542969998 }, "geometry": { "type": "Point", "coordinates": [ 15419045.262551, 4997960.654296999797225 ] } },
{ "type": "Feature", "properties": { "15380279.394525": 15419269.814370999, "5025475.223726": 4997926.9993359996 }, "geometry": { "type": "Point", "coordinates": [ 15419269.814371, 4997926.999335999600589 ] } },
{ "type": "Feature", "properties": { "15380279.394525": 15419491.860053999, "5025475.223726": 4997882.2592979996 }, "geometry": { "type": "Point", "coordinates": [ 15419491.860054, 4997882.259297999553382 ] } },
{ "type": "Feature", "properties": { "15380279.394525": 15419761.233907999, "5025475.223726": 4997810.0632649995 }, "geometry": { "type": "Point", "coordinates": [ 15419761.233908, 4997810.06326499953866 ] } },
{ "type": "Feature", "properties": { "15380279.394525": 15420026.761204001, "5025475.223726": 4997721.7836750001 }, "geometry": { "type": "Point", "coordinates": [ 15420026.761204, 4997721.783675 ] } },
{ "type": "Feature", "properties": { "15380279.394525": 15420289.443352001, "5025475.223726": 4997621.4322210001 }, "geometry": { "type": "Point", "coordinates": [ 15420289.443352, 4997621.432221 ] } },
{ "type": "Feature", "properties": { "15380279.394525": 15420550.281761, "5025475.223726": 4997513.0205950001 }, "geometry": { "type": "Point", "coordinates": [ 15420550.281761, 4997513.020595000125468 ] } },
{ "type": "Feature", "properties": { "15380279.394525": 15420810.277841, "5025475.223726": 4997400.5604879996 }, "geometry": { "type": "Point", "coordinates": [ 15420810.277841, 4997400.560487999580801 ] } },
{ "type": "Feature", "properties": { "15380279.394525": 15421082.332304001, "5025475.223726": 4997756.598739 }, "geometry": { "type": "Point", "coordinates": [ 15421082.332304, 4997756.598739 ] } },
{ "type": "Feature", "properties": { "15380279.394525": 15421070.418826999, "5025475.223726": 4997500.4351430004 }, "geometry": { "type": "Point", "coordinates": [ 15421070.418827, 4997500.43514300044626 ] } },
{ "type": "Feature", "properties": { "15380279.394525": 15421056.2838, "5025475.223726": 4997244.500062 }, "geometry": { "type": "Point", "coordinates": [ 15421056.2838, 4997244.500062 ] } },
{ "type": "Feature", "properties": { "15380279.394525": 15421037.641878, "5025475.223726": 4996988.8918770002 }, "geometry": { "type": "Point", "coordinates": [ 15421037.641878, 4996988.89187700022012 ] } },
{ "type": "Feature", "properties": { "15380279.394525": 15421012.207718, "5025475.223726": 4996733.70897 }, "geometry": { "type": "Point", "coordinates": [ 15421012.207718, 4996733.70897 ] } },
{ "type": "Feature", "properties": { "15380279.394525": 15420977.695971999, "5025475.223726": 4996479.049722 }, "geometry": { "type": "Point", "coordinates": [ 15420977.695972, 4996479.049722 ] } },
{ "type": "Feature", "properties": { "15380279.394525": 15420928.808343999, "5025475.223726": 4996210.2022259999 }, "geometry": { "type": "Point", "coordinates": [ 15420928.808344, 4996210.202226 ] } },
{ "type": "Feature", "properties": { "15380279.394525": 15420865.130240999, "5025475.223726": 4995944.5834560003 }, "geometry": { "type": "Point", "coordinates": [ 15420865.130241, 4995944.583456000313163 ] } },
{ "type": "Feature", "properties": { "15380279.394525": 15420784.489572, "5025475.223726": 4995684.4049869999 }, "geometry": { "type": "Point", "coordinates": [ 15420784.489572, 4995684.404987 ] } },
{ "type": "Feature", "properties": { "15380279.394525": 15420684.714242, "5025475.223726": 4995431.8783959998 }, "geometry": { "type": "Point", "coordinates": [ 15420684.714242, 4995431.878395999781787 ] } },
{ "type": "Feature", "properties": { "15380279.394525": 15420560.03197, "5025475.223726": 4995179.8744900003 }, "geometry": { "type": "Point", "coordinates": [ 15420560.03197, 4995179.87449000030756 ] } },
{ "type": "Feature", "properties": { "15380279.394525": 15420417.535498001, "5025475.223726": 4994936.7194440002 }, "geometry": { "type": "Point", "coordinates": [ 15420417.535498, 4994936.719444000162184 ] } },
{ "type": "Feature", "properties": { "15380279.394525": 15420262.137531999, "5025475.223726": 4994700.2944700001 }, "geometry": { "type": "Point", "coordinates": [ 15420262.137532, 4994700.29447 ] } },
{ "type": "Feature", "properties": { "15380279.394525": 15420098.750781, "5025475.223726": 4994468.4807770001 }, "geometry": { "type": "Point", "coordinates": [ 15420098.750781, 4994468.480777 ] } },
{ "type": "Feature", "properties": { "15380279.394525": 15419912.38703, "5025475.223726": 4994215.4388800003 }, "geometry": { "type": "Point", "coordinates": [ 15419912.38703, 4994215.438880000263453 ] } },
{ "type": "Feature", "properties": { "15380279.394525": 15419718.421738001, "5025475.223726": 4993969.8099159999 }, "geometry": { "type": "Point", "coordinates": [ 15419718.421738, 4993969.809915999881923 ] } },
{ "type": "Feature", "properties": { "15380279.394525": 15419512.787319999, "5025475.223726": 4993735.4608490001 }, "geometry": { "type": "Point", "coordinates": [ 15419512.78732, 4993735.460849000141025 ] } },
{ "type": "Feature", "properties": { "15380279.394525": 15419271.438596999, "5025475.223726": 4993495.4820879996 }, "geometry": { "type": "Point", "coordinates": [ 15419271.438597, 4993495.482087999582291 ] } },
{ "type": "Feature", "properties": { "15380279.394525": 15419015.231077, "5025475.223726": 4993270.3379239999 }, "geometry": { "type": "Point", "coordinates": [ 15419015.231077, 4993270.337923999875784 ] } },
{ "type": "Feature", "properties": { "15380279.394525": 15418747.856139001, "5025475.223726": 4993056.2773230001 }, "geometry": { "type": "Point", "coordinates": [ 15418747.856139, 4993056.277323000133038 ] } },
{ "type": "Feature", "properties": { "15380279.394525": 15418473.005163999, "5025475.223726": 4992849.5492500002 }, "geometry": { "type": "Point", "coordinates": [ 15418473.005164, 4992849.549250000156462 ] } },
{ "type": "Feature", "properties": { "15380279.394525": 15418194.369533001, "5025475.223726": 4992646.4026699997 }, "geometry": { "type": "Point", "coordinates": [ 15418194.369533, 4992646.402669999748468 ] } },
{ "type": "Feature", "properties": { "15380279.394525": 15417901.387802999, "5025475.223726": 4989902.8137980001 }, "geometry": { "type": "Point", "coordinates": [ 15417901.387803, 4989902.813798000104725 ] } },
{ "type": "Feature", "properties": { "15380279.394525": 15418139.074178001, "5025475.223726": 4990139.1919940002 }, "geometry": { "type": "Point", "coordinates": [ 15418139.074178, 4990139.191994000226259 ] } },
{ "type": "Feature", "properties": { "15380279.394525": 15418379.584895, "5025475.223726": 4990371.5019979998 }, "geometry": { "type": "Point", "coordinates": [ 15418379.584895, 4990371.501997999846935 ] } },
{ "type": "Feature", "properties": { "15380279.394525": 15418625.880308, "5025475.223726": 4990595.7589459997 }, "geometry": { "type": "Point", "coordinates": [ 15418625.880308, 4990595.758945999667048 ] } },
{ "type": "Feature", "properties": { "15380279.394525": 15418880.920770001, "5025475.223726": 4990807.9779749997 }, "geometry": { "type": "Point", "coordinates": [ 15418880.92077, 4990807.977974999696016 ] } },
{ "type": "Feature", "properties": { "15380279.394525": 15419147.666634001, "5025475.223726": 4991004.1742190002 }, "geometry": { "type": "Point", "coordinates": [ 15419147.666634, 4991004.174219000153244 ] } },
{ "type": "Feature", "properties": { "15380279.394525": 15419429.078253999, "5025475.223726": 4991180.3628150001 }, "geometry": { "type": "Point", "coordinates": [ 15419429.078254, 4991180.362815000116825 ] } },
{ "type": "Feature", "properties": { "15380279.394525": 15419688.116417, "5025475.223726": 4991317.4525730005 }, "geometry": { "type": "Point", "coordinates": [ 15419688.116417, 4991317.452573000453413 ] } },
{ "type": "Feature", "properties": { "15380279.394525": 15419951.818453999, "5025475.223726": 4991447.6362889996 }, "geometry": { "type": "Point", "coordinates": [ 15419951.818454, 4991447.636288999579847 ] } },
{ "type": "Feature", "properties": { "15380279.394525": 15420211.565008, "5025475.223726": 4991582.5771169998 }, "geometry": { "type": "Point", "coordinates": [ 15420211.565008, 4991582.577116999775171 ] } },
{ "type": "Feature", "properties": { "15380279.394525": 15420458.736723, "5025475.223726": 4991733.9382170001 }, "geometry": { "type": "Point", "coordinates": [ 15420458.736723, 4991733.938217000104487 ] } },
{ "type": "Feature", "properties": { "15380279.394525": 15420684.714242, "5025475.223726": 4991913.3827430001 }, "geometry": { "type": "Point", "coordinates": [ 15420684.714242, 4991913.382743 ] } },
{ "type": "Feature", "properties": { "15380279.394525": 15420898.087903, "5025475.223726": 4992142.8276960002 }, "geometry": { "type": "Point", "coordinates": [ 15420898.087903, 4992142.827696000225842 ] } },
{ "type": "Feature", "properties": { "15380279.394525": 15421096.016210999, "5025475.223726": 4992390.7741069999 }, "geometry": { "type": "Point", "coordinates": [ 15421096.016211, 4992390.774106999859214 ] } },
{ "type": "Feature", "properties": { "15380279.394525": 15421297.566199001, "5025475.223726": 4992630.4025269998 }, "geometry": { "type": "Point", "coordinates": [ 15421297.566199, 4992630.402526999823749 ] } },
{ "type": "Feature", "properties": { "15380279.394525": 15421521.8049, "5025475.223726": 4992834.8935089996 }, "geometry": { "type": "Point", "coordinates": [ 15421521.8049, 4992834.893508999608457 ] } },
{ "type": "Feature", "properties": { "15380279.394525": 15421716.332428001, "5025475.223726": 4992953.3691100003 }, "geometry": { "type": "Point", "coordinates": [ 15421716.332428, 4992953.369110000319779 ] } },
{ "type": "Feature", "properties": { "15380279.394525": 15421929.385867, "5025475.223726": 4993044.2624810003 }, "geometry": { "type": "Point", "coordinates": [ 15421929.385867, 4993044.26248100027442 ] } },
{ "type": "Feature", "properties": { "15380279.394525": 15422155.679777, "5025475.223726": 4993115.7553829998 }, "geometry": { "type": "Point", "coordinates": [ 15422155.679777, 4993115.755382999777794 ] } },
{ "type": "Feature", "properties": { "15380279.394525": 15422389.928719999, "5025475.223726": 4993176.0295780003 }, "geometry": { "type": "Point", "coordinates": [ 15422389.92872, 4993176.029578000307083 ] } },
{ "type": "Feature", "properties": { "15380279.394525": 15422626.847259, "5025475.223726": 4993233.2668270003 }, "geometry": { "type": "Point", "coordinates": [ 15422626.847259, 4993233.266827000305057 ] } },
{ "type": "Feature", "properties": { "15380279.394525": 15422861.149954, "5025475.223726": 4993295.6488920003 }, "geometry": { "type": "Point", "coordinates": [ 15422861.149954, 4993295.648892000317574 ] } },
{ "type": "Feature", "properties": { "15380279.394525": 15423106.996125, "5025475.223726": 4993376.3662780002 }, "geometry": { "type": "Point", "coordinates": [ 15423106.996125, 4993376.366278000175953 ] } },
{ "type": "Feature", "properties": { "15380279.394525": 15423344.860546, "5025475.223726": 4993470.7765210001 }, "geometry": { "type": "Point", "coordinates": [ 15423344.860546, 4993470.776521 ] } },
{ "type": "Feature", "properties": { "15380279.394525": 15423576.301418999, "5025475.223726": 4993577.1042259997 }, "geometry": { "type": "Point", "coordinates": [ 15423576.301419, 4993577.104225999675691 ] } },
{ "type": "Feature", "properties": { "15380279.394525": 15423802.876944, "5025475.223726": 4993693.573996 }, "geometry": { "type": "Point", "coordinates": [ 15423802.876944, 4993693.573996 ] } },
{ "type": "Feature", "properties": { "15380279.394525": 15424028.660661999, "5025475.223726": 4993819.4422580004 }, "geometry": { "type": "Point", "coordinates": [ 15424028.660662, 4993819.44225800037384 ] } },
{ "type": "Feature", "properties": { "15380279.394525": 15424252.659701001, "5025475.223726": 4993949.4619420003 }, "geometry": { "type": "Point", "coordinates": [ 15424252.659701, 4993949.461942000314593 ] } },
{ "type": "Feature", "properties": { "15380279.394525": 15424476.774119001, "5025475.223726": 4994079.3777750004 }, "geometry": { "type": "Point", "coordinates": [ 15424476.774119, 4994079.377775000408292 ] } },
{ "type": "Feature", "properties": { "15380279.394525": 15424702.903976001, "5025475.223726": 4994204.9344819998 }, "geometry": { "type": "Point", "coordinates": [ 15424702.903976, 4994204.934481999836862 ] } },
{ "type": "Feature", "properties": { "15380279.394525": 15424932.949333001, "5025475.223726": 4994321.8767910004 }, "geometry": { "type": "Point", "coordinates": [ 15424932.949333, 4994321.876791000366211 ] } },
{ "type": "Feature", "properties": { "15380279.394525": 15425153.892273, "5025475.223726": 4994420.9185070004 }, "geometry": { "type": "Point", "coordinates": [ 15425153.892273, 4994420.918507000431418 ] } },
{ "type": "Feature", "properties": { "15380279.394525": 15425379.073208001, "5025475.223726": 4994510.1341930004 }, "geometry": { "type": "Point", "coordinates": [ 15425379.073208, 4994510.134193000383675 ] } },
{ "type": "Feature", "properties": { "15380279.394525": 15425607.80074, "5025475.223726": 4994591.1690999996 }, "geometry": { "type": "Point", "coordinates": [ 15425607.80074, 4994591.169099999591708 ] } },
{ "type": "Feature", "properties": { "15380279.394525": 15425839.383469, "5025475.223726": 4994665.6684729997 }, "geometry": { "type": "Point", "coordinates": [ 15425839.383469, 4994665.668472999706864 ] } },
{ "type": "Feature", "properties": { "15380279.394525": 15426073.129997, "5025475.223726": 4994735.2775630001 }, "geometry": { "type": "Point", "coordinates": [ 15426073.129997, 4994735.277563 ] } },
{ "type": "Feature", "properties": { "15380279.394525": 15426308.348924, "5025475.223726": 4994801.6416159999 }, "geometry": { "type": "Point", "coordinates": [ 15426308.348924, 4994801.641615999862552 ] } },
{ "type": "Feature", "properties": { "15380279.394525": 15426544.348850001, "5025475.223726": 4994866.4058809998 }, "geometry": { "type": "Point", "coordinates": [ 15426544.34885, 4994866.405880999751389 ] } },
{ "type": "Feature", "properties": { "15380279.394525": 15421375.314035, "5025475.223726": 4997191.1262229998 }, "geometry": { "type": "Point", "coordinates": [ 15421375.314035, 4997191.126222999766469 ] } },
{ "type": "Feature", "properties": { "15380279.394525": 15421481.775571, "5025475.223726": 4996932.4373009996 }, "geometry": { "type": "Point", "coordinates": [ 15421481.775571, 4996932.437300999648869 ] } },
{ "type": "Feature", "properties": { "15380279.394525": 15421593.749988999, "5025475.223726": 4996676.7683089999 }, "geometry": { "type": "Point", "coordinates": [ 15421593.749989, 4996676.768309 ] } },
{ "type": "Feature", "properties": { "15380279.394525": 15421716.838212, "5025475.223726": 4996426.9571559997 }, "geometry": { "type": "Point", "coordinates": [ 15421716.838212, 4996426.957155999727547 ] } },
{ "type": "Feature", "properties": { "15380279.394525": 15421856.641163001, "5025475.223726": 4996185.8417509999 }, "geometry": { "type": "Point", "coordinates": [ 15421856.641163, 4996185.841751 ] } },
{ "type": "Feature", "properties": { "15380279.394525": 15422028.428801, "5025475.223726": 4995935.4174680002 }, "geometry": { "type": "Point", "coordinates": [ 15422028.428801, 4995935.417468000203371 ] } },
{ "type": "Feature", "properties": { "15380279.394525": 15422203.434127999, "5025475.223726": 4995687.8263520002 }, "geometry": { "type": "Point", "coordinates": [ 15422203.434128, 4995687.826352000236511 ] } },
{ "type": "Feature", "properties": { "15380279.394525": 15422358.895559, "5025475.223726": 4995431.8783959998 }, "geometry": { "type": "Point", "coordinates": [ 15422358.895559, 4995431.878395999781787 ] } },
{ "type": "Feature", "properties": { "15380279.394525": 15422467.277992999, "5025475.223726": 4995186.7432080004 }, "geometry": { "type": "Point", "coordinates": [ 15422467.277993, 4995186.743208000436425 ] } },
{ "type": "Feature", "properties": { "15380279.394525": 15422548.027367, "5025475.223726": 4994929.1541210003 }, "geometry": { "type": "Point", "coordinates": [ 15422548.027367, 4994929.154121000319719 ] } },
{ "type": "Feature", "properties": { "15380279.394525": 15422608.069150999, "5025475.223726": 4994662.1890430003 }, "geometry": { "type": "Point", "coordinates": [ 15422608.069151, 4994662.189043000340462 ] } },
{ "type": "Feature", "properties": { "15380279.394525": 15422654.328813, "5025475.223726": 4994388.925876 }, "geometry": { "type": "Point", "coordinates": [ 15422654.328813, 4994388.925876 ] } },
{ "type": "Feature", "properties": { "15380279.394525": 15422693.731822001, "5025475.223726": 4994112.4425259996 }, "geometry": { "type": "Point", "coordinates": [ 15422693.731822, 4994112.442525999620557 ] } },
{ "type": "Feature", "properties": { "15380279.394525": 15421145.114104001, "5025475.223726": 4997463.3907679999 }, "geometry": { "type": "Point", "coordinates": [ 15421145.114104, 4997463.390768 ] } },
{ "type": "Feature", "properties": { "15380279.394525": 15421380.949907999, "5025475.223726": 4997464.0544429999 }, "geometry": { "type": "Point", "coordinates": [ 15421380.949908, 4997464.054442999884486 ] } },
{ "type": "Feature", "properties": { "15380279.394525": 15421616.695922, "5025475.223726": 4997464.6736249998 }, "geometry": { "type": "Point", "coordinates": [ 15421616.695922, 4997464.673624999821186 ] } },
{ "type": "Feature", "properties": { "15380279.394525": 15421852.339318, "5025475.223726": 4997465.1757490002 }, "geometry": { "type": "Point", "coordinates": [ 15421852.339318, 4997465.175749000161886 ] } },
{ "type": "Feature", "properties": { "15380279.394525": 15422087.867269, "5025475.223726": 4997465.488252 }, "geometry": { "type": "Point", "coordinates": [ 15422087.867269, 4997465.488252 ] } },
{ "type": "Feature", "properties": { "15380279.394525": 15422323.266948, "5025475.223726": 4997465.5385689996 }, "geometry": { "type": "Point", "coordinates": [ 15422323.266948, 4997465.538568999618292 ] } },
{ "type": "Feature", "properties": { "15380279.394525": 15422558.525528001, "5025475.223726": 4997465.2541359998 }, "geometry": { "type": "Point", "coordinates": [ 15422558.525528, 4997465.254135999828577 ] } },
{ "type": "Feature", "properties": { "15380279.394525": 15422793.630183, "5025475.223726": 4997464.5623909999 }, "geometry": { "type": "Point", "coordinates": [ 15422793.630183, 4997464.562390999868512 ] } },
{ "type": "Feature", "properties": { "15380279.394525": 15423028.568085, "5025475.223726": 4997463.3907679999 }, "geometry": { "type": "Point", "coordinates": [ 15423028.568085, 4997463.390768 ] } },
{ "type": "Feature", "properties": { "15380279.394525": 15423274.815884, "5025475.223726": 4997461.4572029999 }, "geometry": { "type": "Point", "coordinates": [ 15423274.815884, 4997461.457202999852598 ] } },
{ "type": "Feature", "properties": { "15380279.394525": 15423520.832994999, "5025475.223726": 4997458.0615919996 }, "geometry": { "type": "Point", "coordinates": [ 15423520.832995, 4997458.061591999605298 ] } },
{ "type": "Feature", "properties": { "15380279.394525": 15423766.742808999, "5025475.223726": 4997452.292409 }, "geometry": { "type": "Point", "coordinates": [ 15423766.742809, 4997452.292409 ] } },
{ "type": "Feature", "properties": { "15380279.394525": 15424012.668717001, "5025475.223726": 4997443.2381260004 }, "geometry": { "type": "Point", "coordinates": [ 15424012.668717, 4997443.238126000389457 ] } },
{ "type": "Feature", "properties": { "15380279.394525": 15424258.734108999, "5025475.223726": 4997429.9872169998 }, "geometry": { "type": "Point", "coordinates": [ 15424258.734109, 4997429.98721699975431 ] } },
{ "type": "Feature", "properties": { "15380279.394525": 15424505.062376, "5025475.223726": 4997411.6281549996 }, "geometry": { "type": "Point", "coordinates": [ 15424505.062376, 4997411.628154999576509 ] } },
{ "type": "Feature", "properties": { "15380279.394525": 15424751.776908001, "5025475.223726": 4997387.2494130004 }, "geometry": { "type": "Point", "coordinates": [ 15424751.776908, 4997387.249413000419736 ] } },
{ "type": "Feature", "properties": { "15380279.394525": 15424999.001096001, "5025475.223726": 4997355.9394640001 }, "geometry": { "type": "Point", "coordinates": [ 15424999.001096, 4997355.939464 ] } },
{ "type": "Feature", "properties": { "15380279.394525": 15425246.85833, "5025475.223726": 4997316.7867820002 }, "geometry": { "type": "Point", "coordinates": [ 15425246.85833, 4997316.786782000213861 ] } },
{ "type": "Feature", "properties": { "15380279.394525": 15425481.942648999, "5025475.223726": 4997271.1510349996 }, "geometry": { "type": "Point", "coordinates": [ 15425481.942649, 4997271.151034999638796 ] } },
{ "type": "Feature", "properties": { "15380279.394525": 15425713.960325999, "5025475.223726": 4997214.1727400003 }, "geometry": { "type": "Point", "coordinates": [ 15425713.960326, 4997214.172740000300109 ] } },
{ "type": "Feature", "properties": { "15380279.394525": 15425939.350356, "5025475.223726": 4997142.3141519995 }, "geometry": { "type": "Point", "coordinates": [ 15425939.350356, 4997142.314151999540627 ] } },
{ "type": "Feature", "properties": { "15380279.394525": 15426154.551732, "5025475.223726": 4997052.0375229996 }, "geometry": { "type": "Point", "coordinates": [ 15426154.551732, 4997052.037522999569774 ] } },
{ "type": "Feature", "properties": { "15380279.394525": 15426356.003451999, "5025475.223726": 4996939.8051049998 }, "geometry": { "type": "Point", "coordinates": [ 15426356.003452, 4996939.805104999803007 ] } },
{ "type": "Feature", "properties": { "15380279.394525": 15426590.299648, "5025475.223726": 4996761.5728789996 }, "geometry": { "type": "Point", "coordinates": [ 15426590.299648, 4996761.572878999635577 ] } },
{ "type": "Feature", "properties": { "15380279.394525": 15426803.091538999, "5025475.223726": 4996552.1298139999 }, "geometry": { "type": "Point", "coordinates": [ 15426803.091539, 4996552.129813999868929 ] } },
{ "type": "Feature", "properties": { "15380279.394525": 15427001.612050001, "5025475.223726": 4996321.8542729998 }, "geometry": { "type": "Point", "coordinates": [ 15427001.61205, 4996321.854272999800742 ] } },
{ "type": "Feature", "properties": { "15380279.394525": 15427193.094110999, "5025475.223726": 4996081.1246180004 }, "geometry": { "type": "Point", "coordinates": [ 15427193.094111, 4996081.124618000350893 ] } },
{ "type": "Feature", "properties": { "15380279.394525": 15417713.042404, "5025475.223726": 4987745.6408670004 }, "geometry": { "type": "Point", "coordinates": [ 15417713.042404, 4987745.640867000445724 ] } },
{ "type": "Feature", "properties": { "15380279.394525": 15417958.193271, "5025475.223726": 4987861.4312260002 }, "geometry": { "type": "Point", "coordinates": [ 15417958.193271, 4987861.431226000189781 ] } },
{ "type": "Feature", "properties": { "15380279.394525": 15418203.740913, "5025475.223726": 4987977.5387300001 }, "geometry": { "type": "Point", "coordinates": [ 15418203.740913, 4987977.538730000145733 ] } },
{ "type": "Feature", "properties": { "15380279.394525": 15418450.183993001, "5025475.223726": 4988094.3926489996 }, "geometry": { "type": "Point", "coordinates": [ 15418450.183993, 4988094.392648999579251 ] } },
{ "type": "Feature", "properties": { "15380279.394525": 15418698.021175001, "5025475.223726": 4988212.4222510001 }, "geometry": { "type": "Point", "coordinates": [ 15418698.021175, 4988212.422251 ] } },
{ "type": "Feature", "properties": { "15380279.394525": 15418947.751126001, "5025475.223726": 4988332.0568089997 }, "geometry": { "type": "Point", "coordinates": [ 15418947.751126, 4988332.056808999739587 ] } },
{ "type": "Feature", "properties": { "15380279.394525": 15419219.206953, "5025475.223726": 4988465.1441249996 }, "geometry": { "type": "Point", "coordinates": [ 15419219.206953, 4988465.144124999642372 ] } },
{ "type": "Feature", "properties": { "15380279.394525": 15419483.554245999, "5025475.223726": 4988608.6662010001 }, "geometry": { "type": "Point", "coordinates": [ 15419483.554246, 4988608.666201000101864 ] } },
{ "type": "Feature", "properties": { "15380279.394525": 15419731.127176, "5025475.223726": 4988770.9592800001 }, "geometry": { "type": "Point", "coordinates": [ 15419731.127176, 4988770.95928 ] } },
{ "type": "Feature", "properties": { "15380279.394525": 15419952.259916, "5025475.223726": 4988960.3596050004 }, "geometry": { "type": "Point", "coordinates": [ 15419952.259916, 4988960.35960500035435 ] } },
{ "type": "Feature", "properties": { "15380279.394525": 15420129.388861001, "5025475.223726": 4989166.0300009996 }, "geometry": { "type": "Point", "coordinates": [ 15420129.388861, 4989166.030000999569893 ] } },
{ "type": "Feature", "properties": { "15380279.394525": 15420286.160248, "5025475.223726": 4989392.145397 }, "geometry": { "type": "Point", "coordinates": [ 15420286.160248, 4989392.145397 ] } },
{ "type": "Feature", "properties": { "15380279.394525": 15420433.890774, "5025475.223726": 4989628.5200990001 }, "geometry": { "type": "Point", "coordinates": [ 15420433.890774, 4989628.520099 ] } },
{ "type": "Feature", "properties": { "15380279.394525": 15420583.897139, "5025475.223726": 4989864.9684100002 }, "geometry": { "type": "Point", "coordinates": [ 15420583.897139, 4989864.96841000020504 ] } },
{ "type": "Feature", "properties": { "15380279.394525": 15420747.496041, "5025475.223726": 4990091.3046359997 }, "geometry": { "type": "Point", "coordinates": [ 15420747.496041, 4990091.304635999724269 ] } },
{ "type": "Feature", "properties": { "15380279.394525": 15420955.055086, "5025475.223726": 4990327.3845650004 }, "geometry": { "type": "Point", "coordinates": [ 15420955.055086, 4990327.384565000422299 ] } },
{ "type": "Feature", "properties": { "15380279.394525": 15421166.518331001, "5025475.223726": 4990557.8710989999 }, "geometry": { "type": "Point", "coordinates": [ 15421166.518331, 4990557.871098999865353 ] } },
{ "type": "Feature", "properties": { "15380279.394525": 15421354.386768, "5025475.223726": 4990803.3811370004 }, "geometry": { "type": "Point", "coordinates": [ 15421354.386768, 4990803.381137000396848 ] } },
{ "type": "Feature", "properties": { "15380279.394525": 15421483.16138, "5025475.223726": 4991045.8184439996 }, "geometry": { "type": "Point", "coordinates": [ 15421483.16138, 4991045.818443999625742 ] } },
{ "type": "Feature", "properties": { "15380279.394525": 15421578.518461, "5025475.223726": 4991307.0406259997 }, "geometry": { "type": "Point", "coordinates": [ 15421578.518461, 4991307.040625999681652 ] } },
{ "type": "Feature", "properties": { "15380279.394525": 15421647.368499, "5025475.223726": 4991578.2879179996 }, "geometry": { "type": "Point", "coordinates": [ 15421647.368499, 4991578.2879179995507 ] } },
{ "type": "Feature", "properties": { "15380279.394525": 15421688.235064, "5025475.223726": 4991800.670469 }, "geometry": { "type": "Point", "coordinates": [ 15421688.235064, 4991800.670469 ] } },
{ "type": "Feature", "properties": { "15380279.394525": 15421718.205545001, "5025475.223726": 4992023.5741309999 }, "geometry": { "type": "Point", "coordinates": [ 15421718.205545, 4992023.574130999855697 ] } },
{ "type": "Feature", "properties": { "15380279.394525": 15421739.470215, "5025475.223726": 4992246.9122710004 }, "geometry": { "type": "Point", "coordinates": [ 15421739.470215, 4992246.912271000444889 ] } },
{ "type": "Feature", "properties": { "15380279.394525": 15421754.219349001, "5025475.223726": 4992470.5982539998 }, "geometry": { "type": "Point", "coordinates": [ 15421754.219349, 4992470.598253999836743 ] } },
{ "type": "Feature", "properties": { "15380279.394525": 15421764.643217999, "5025475.223726": 4992694.5454460001 }, "geometry": { "type": "Point", "coordinates": [ 15421764.643218, 4992694.545446 ] } },
{ "type": "Feature", "properties": { "15380279.394525": 15421772.932097999, "5025475.223726": 4992918.6672149999 }, "geometry": { "type": "Point", "coordinates": [ 15421772.932098, 4992918.667215 ] } },
{ "type": "Feature", "properties": { "15380279.394525": 15423049.495352, "5025475.223726": 4992395.0815519998 }, "geometry": { "type": "Point", "coordinates": [ 15423049.495352, 4992395.081551999785006 ] } },
{ "type": "Feature", "properties": { "15380279.394525": 15423197.011848001, "5025475.223726": 4992603.7537639998 }, "geometry": { "type": "Point", "coordinates": [ 15423197.011848, 4992603.753763999789953 ] } },
{ "type": "Feature", "properties": { "15380279.394525": 15423339.899955001, "5025475.223726": 4992814.7584729996 }, "geometry": { "type": "Point", "coordinates": [ 15423339.899955, 4992814.758472999557853 ] } },
{ "type": "Feature", "properties": { "15380279.394525": 15423473.612993, "5025475.223726": 4993030.5948440004 }, "geometry": { "type": "Point", "coordinates": [ 15423473.612993, 4993030.594844000414014 ] } },
{ "type": "Feature", "properties": { "15380279.394525": 15423593.604280001, "5025475.223726": 4993253.7620390002 }, "geometry": { "type": "Point", "coordinates": [ 15423593.60428, 4993253.762039000168443 ] } },
{ "type": "Feature", "properties": { "15380279.394525": 15423691.841771999, "5025475.223726": 4993471.5274670003 }, "geometry": { "type": "Point", "coordinates": [ 15423691.841772, 4993471.527467000298202 ] } },
{ "type": "Feature", "properties": { "15380279.394525": 15423781.949678, "5025475.223726": 4993693.573996 }, "geometry": { "type": "Point", "coordinates": [ 15423781.949678, 4993693.573996 ] } },
{ "type": "Feature", "properties": { "15380279.394525": 15423886.58601, "5025475.223726": 4992311.3078460004 }, "geometry": { "type": "Point", "coordinates": [ 15423886.58601, 4992311.307846000418067 ] } },
{ "type": "Feature", "properties": { "15380279.394525": 15423971.397783, "5025475.223726": 4992530.8531550001 }, "geometry": { "type": "Point", "coordinates": [ 15423971.397783, 4992530.853155000135303 ] } },
{ "type": "Feature", "properties": { "15380279.394525": 15424055.74463, "5025475.223726": 4992750.4780559996 }, "geometry": { "type": "Point", "coordinates": [ 15424055.74463, 4992750.478055999614298 ] } },
{ "type": "Feature", "properties": { "15380279.394525": 15424139.221232001, "5025475.223726": 4992970.4238299998 }, "geometry": { "type": "Point", "coordinates": [ 15424139.221232, 4992970.423829999752343 ] } },
{ "type": "Feature", "properties": { "15380279.394525": 15424221.422273001, "5025475.223726": 4993190.9317600001 }, "geometry": { "type": "Point", "coordinates": [ 15424221.422273, 4993190.93176 ] } },
{ "type": "Feature", "properties": { "15380279.394525": 15424301.413897, "5025475.223726": 4993410.3249270003 }, "geometry": { "type": "Point", "coordinates": [ 15424301.413897, 4993410.324927000328898 ] } },
{ "type": "Feature", "properties": { "15380279.394525": 15424380.090585001, "5025475.223726": 4993630.1118040001 }, "geometry": { "type": "Point", "coordinates": [ 15424380.090585, 4993630.111804000101984 ] } },
{ "type": "Feature", "properties": { "15380279.394525": 15424457.910366001, "5025475.223726": 4993850.2146380004 }, "geometry": { "type": "Point", "coordinates": [ 15424457.910366, 4993850.214638000354171 ] } },
{ "type": "Feature", "properties": { "15380279.394525": 15424535.33127, "5025475.223726": 4994070.5556730004 }, "geometry": { "type": "Point", "coordinates": [ 15424535.33127, 4994070.555673000402749 ] } },
{ "type": "Feature", "properties": { "15380279.394525": 15421459.023101, "5025475.223726": 4997756.598739 }, "geometry": { "type": "Point", "coordinates": [ 15421459.023101, 4997756.598739 ] } },
{ "type": "Feature", "properties": { "15380279.394525": 15421637.879335999, "5025475.223726": 4998016.8814439997 }, "geometry": { "type": "Point", "coordinates": [ 15421637.879336, 4998016.881443999707699 ] } },
{ "type": "Feature", "properties": { "15380279.394525": 15421823.801235, "5025475.223726": 4998270.3865099996 }, "geometry": { "type": "Point", "coordinates": [ 15421823.801235, 4998270.386509999632835 ] } },
{ "type": "Feature", "properties": { "15380279.394525": 15422024.059295001, "5025475.223726": 4998510.5620940002 }, "geometry": { "type": "Point", "coordinates": [ 15422024.059295, 4998510.562094000168145 ] } },
{ "type": "Feature", "properties": { "15380279.394525": 15422250.18712, "5025475.223726": 4998738.6487250002 }, "geometry": { "type": "Point", "coordinates": [ 15422250.18712, 4998738.648725000210106 ] } },
{ "type": "Feature", "properties": { "15380279.394525": 15422493.213424001, "5025475.223726": 4998950.6978529999 }, "geometry": { "type": "Point", "coordinates": [ 15422493.213424, 4998950.697853 ] } },
{ "type": "Feature", "properties": { "15380279.394525": 15422747.558044, "5025475.223726": 4999152.1133660004 }, "geometry": { "type": "Point", "coordinates": [ 15422747.558044, 4999152.11336600035429 ] } },
{ "type": "Feature", "properties": { "15380279.394525": 15423007.640819, "5025475.223726": 4999348.2991540004 }, "geometry": { "type": "Point", "coordinates": [ 15423007.640819, 4999348.299154000356793 ] } },
{ "type": "Feature", "properties": { "15380279.394525": 15425832.821791001, "5025475.223726": 4998301.1278280001 }, "geometry": { "type": "Point", "coordinates": [ 15425832.821791, 4998301.127828000113368 ] } },
{ "type": "Feature", "properties": { "15380279.394525": 15426272.294385999, "5025475.223726": 4996918.8616789998 }, "geometry": { "type": "Point", "coordinates": [ 15426272.294386, 4996918.861678999848664 ] } },
{ "type": "Feature", "properties": { "15380279.394525": 15426921.039647, "5025475.223726": 4998489.618667 }, "geometry": { "type": "Point", "coordinates": [ 15426921.039647, 4998489.618667 ] } },
{ "type": "Feature", "properties": { "15380279.394525": 15426809.530384, "5025475.223726": 4998706.3169480003 }, "geometry": { "type": "Point", "coordinates": [ 15426809.530384, 4998706.316948000341654 ] } },
{ "type": "Feature", "properties": { "15380279.394525": 15426687.518754, "5025475.223726": 4998912.289748 }, "geometry": { "type": "Point", "coordinates": [ 15426687.518754, 4998912.289748 ] } },
{ "type": "Feature", "properties": { "15380279.394525": 15426544.348850001, "5025475.223726": 4999096.9780360004 }, "geometry": { "type": "Point", "coordinates": [ 15426544.34885, 4999096.978036000393331 ] } },
{ "type": "Feature", "properties": { "15380279.394525": 15426353.099539001, "5025475.223726": 4999267.2677480001 }, "geometry": { "type": "Point", "coordinates": [ 15426353.099539, 4999267.267748000100255 ] } },
{ "type": "Feature", "properties": { "15380279.394525": 15426132.984711999, "5025475.223726": 4999408.2402860001 }, "geometry": { "type": "Point", "coordinates": [ 15426132.984712, 4999408.240286 ] } },
{ "type": "Feature", "properties": { "15380279.394525": 15425893.583838999, "5025475.223726": 4999529.7139710002 }, "geometry": { "type": "Point", "coordinates": [ 15425893.583839, 4999529.713971000164747 ] } },
{ "type": "Feature", "properties": { "15380279.394525": 15425644.476392999, "5025475.223726": 4999641.5071249995 }, "geometry": { "type": "Point", "coordinates": [ 15425644.476393, 4999641.507124999538064 ] } },
{ "type": "Feature", "properties": { "15380279.394525": 15427779.057572, "5025475.223726": 4999473.9597129999 }, "geometry": { "type": "Point", "coordinates": [ 15427779.057572, 4999473.959712999872863 ] } },
{ "type": "Feature", "properties": { "15380279.394525": 15426858.257847, "5025475.223726": 5000206.9796409998 }, "geometry": { "type": "Point", "coordinates": [ 15426858.257847, 5000206.979640999808908 ] } },
{ "type": "Feature", "properties": { "15380279.394525": 15426732.694249, "5025475.223726": 4994175.272806 }, "geometry": { "type": "Point", "coordinates": [ 15426732.694249, 4994175.272806 ] } },
{ "type": "Feature", "properties": { "15380279.394525": 15426988.024489, "5025475.223726": 4994172.366618 }, "geometry": { "type": "Point", "coordinates": [ 15426988.024489, 4994172.366618 ] } },
{ "type": "Feature", "properties": { "15380279.394525": 15427243.277278, "5025475.223726": 4994169.7965749996 }, "geometry": { "type": "Point", "coordinates": [ 15427243.277278, 4994169.796574999578297 ] } },
{ "type": "Feature", "properties": { "15380279.394525": 15427498.43684, "5025475.223726": 4994167.9059429998 }, "geometry": { "type": "Point", "coordinates": [ 15427498.43684, 4994167.905942999757826 ] } },
{ "type": "Feature", "properties": { "15380279.394525": 15427753.487404, "5025475.223726": 4994167.0379919996 }, "geometry": { "type": "Point", "coordinates": [ 15427753.487404, 4994167.037991999648511 ] } },
{ "type": "Feature", "properties": { "15380279.394525": 15428008.413194999, "5025475.223726": 4994167.5359899998 }, "geometry": { "type": "Point", "coordinates": [ 15428008.413195, 4994167.535989999771118 ] } },
{ "type": "Feature", "properties": { "15380279.394525": 15428263.198441001, "5025475.223726": 4994169.743206 }, "geometry": { "type": "Point", "coordinates": [ 15428263.198441, 4994169.743206 ] } },
{ "type": "Feature", "properties": { "15380279.394525": 15428517.827367, "5025475.223726": 4994174.0029060002 }, "geometry": { "type": "Point", "coordinates": [ 15428517.827367, 4994174.002906000241637 ] } },
{ "type": "Feature", "properties": { "15380279.394525": 15428772.284202, "5025475.223726": 4994180.658361 }, "geometry": { "type": "Point", "coordinates": [ 15428772.284202, 4994180.658361 ] } },
{ "type": "Feature", "properties": { "15380279.394525": 15429026.553171, "5025475.223726": 4994190.0528379995 }, "geometry": { "type": "Point", "coordinates": [ 15429026.553171, 4994190.052837999537587 ] } },
{ "type": "Feature", "properties": { "15380279.394525": 15429280.618501, "5025475.223726": 4994202.5296050003 }, "geometry": { "type": "Point", "coordinates": [ 15429280.618501, 4994202.529605000279844 ] } },
{ "type": "Feature", "properties": { "15380279.394525": 15429534.464419, "5025475.223726": 4994218.4319320004 }, "geometry": { "type": "Point", "coordinates": [ 15429534.464419, 4994218.431932000443339 ] } },
{ "type": "Feature", "properties": { "15380279.394525": 15429788.075152, "5025475.223726": 4994238.1030850001 }, "geometry": { "type": "Point", "coordinates": [ 15429788.075152, 4994238.103085 ] } },
{ "type": "Feature", "properties": { "15380279.394525": 15430050.132138001, "5025475.223726": 4994262.5851299996 }, "geometry": { "type": "Point", "coordinates": [ 15430050.132138, 4994262.585129999555647 ] } },
{ "type": "Feature", "properties": { "15380279.394525": 15430311.861819001, "5025475.223726": 4994290.67631 }, "geometry": { "type": "Point", "coordinates": [ 15430311.861819, 4994290.67631 ] } },
{ "type": "Feature", "properties": { "15380279.394525": 15430573.348089, "5025475.223726": 4994321.6009579999 }, "geometry": { "type": "Point", "coordinates": [ 15430573.348089, 4994321.600958 ] } },
{ "type": "Feature", "properties": { "15380279.394525": 15430834.67484, "5025475.223726": 4994354.5834060004 }, "geometry": { "type": "Point", "coordinates": [ 15430834.67484, 4994354.583406000398099 ] } },
{ "type": "Feature", "properties": { "15380279.394525": 15431095.925965, "5025475.223726": 4994388.8479869999 }, "geometry": { "type": "Point", "coordinates": [ 15431095.925965, 4994388.847986999899149 ] } },
{ "type": "Feature", "properties": { "15380279.394525": 15431357.185357001, "5025475.223726": 4994423.6190299997 }, "geometry": { "type": "Point", "coordinates": [ 15431357.185357, 4994423.619029999710619 ] } },
{ "type": "Feature", "properties": { "15380279.394525": 15431618.536908999, "5025475.223726": 4994458.1208699998 }, "geometry": { "type": "Point", "coordinates": [ 15431618.536909, 4994458.120869999751449 ] } },
{ "type": "Feature", "properties": { "15380279.394525": 15431880.064515, "5025475.223726": 4994491.5778379999 }, "geometry": { "type": "Point", "coordinates": [ 15431880.064515, 4994491.577838 ] } },
{ "type": "Feature", "properties": { "15380279.394525": 15432141.852066999, "5025475.223726": 4994523.2142639998 }, "geometry": { "type": "Point", "coordinates": [ 15432141.852067, 4994523.214263999834657 ] } },
{ "type": "Feature", "properties": { "15380279.394525": 15432403.983459, "5025475.223726": 4994552.2544830004 }, "geometry": { "type": "Point", "coordinates": [ 15432403.983459, 4994552.25448300037533 ] } },
{ "type": "Feature", "properties": { "15380279.394525": 15432642.246637, "5025475.223726": 4994575.9619779997 }, "geometry": { "type": "Point", "coordinates": [ 15432642.246637, 4994575.961977999657393 ] } },
{ "type": "Feature", "properties": { "15380279.394525": 15432880.624348, "5025475.223726": 4994597.7908490002 }, "geometry": { "type": "Point", "coordinates": [ 15432880.624348, 4994597.79084900021553 ] } },
{ "type": "Feature", "properties": { "15380279.394525": 15433119.028534999, "5025475.223726": 4994618.6595329996 }, "geometry": { "type": "Point", "coordinates": [ 15433119.028535, 4994618.659532999619842 ] } },
{ "type": "Feature", "properties": { "15380279.394525": 15433357.371144, "5025475.223726": 4994639.4864619998 }, "geometry": { "type": "Point", "coordinates": [ 15433357.371144, 4994639.486461999826133 ] } },
{ "type": "Feature", "properties": { "15380279.394525": 15433595.564121, "5025475.223726": 4994661.190072 }, "geometry": { "type": "Point", "coordinates": [ 15433595.564121, 4994661.190072 ] } },
{ "type": "Feature", "properties": { "15380279.394525": 15433833.519409999, "5025475.223726": 4994684.6887950003 }, "geometry": { "type": "Point", "coordinates": [ 15433833.51941, 4994684.688795000314713 ] } },
{ "type": "Feature", "properties": { "15380279.394525": 15434071.148956999, "5025475.223726": 4994710.9010669999 }, "geometry": { "type": "Point", "coordinates": [ 15434071.148957, 4994710.90106699988246 ] } },
{ "type": "Feature", "properties": { "15380279.394525": 15434308.364707001, "5025475.223726": 4994740.7453220002 }, "geometry": { "type": "Point", "coordinates": [ 15434308.364707, 4994740.745322000235319 ] } },
{ "type": "Feature", "properties": { "15380279.394525": 15434532.45624, "5025475.223726": 4994772.9298949996 }, "geometry": { "type": "Point", "coordinates": [ 15434532.45624, 4994772.929894999600947 ] } },
{ "type": "Feature", "properties": { "15380279.394525": 15434756.034783, "5025475.223726": 4994808.4979689997 }, "geometry": { "type": "Point", "coordinates": [ 15434756.034783, 4994808.497968999668956 ] } },
{ "type": "Feature", "properties": { "15380279.394525": 15434979.22487, "5025475.223726": 4994846.7754300004 }, "geometry": { "type": "Point", "coordinates": [ 15434979.22487, 4994846.775430000387132 ] } },
{ "type": "Feature", "properties": { "15380279.394525": 15435202.151038, "5025475.223726": 4994887.0881660003 }, "geometry": { "type": "Point", "coordinates": [ 15435202.151038, 4994887.088166000321507 ] } },
{ "type": "Feature", "properties": { "15380279.394525": 15435424.937822999, "5025475.223726": 4994928.7620649999 }, "geometry": { "type": "Point", "coordinates": [ 15435424.937823, 4994928.762065 ] } },
{ "type": "Feature", "properties": { "15380279.394525": 15435647.709760001, "5025475.223726": 4994971.123013 }, "geometry": { "type": "Point", "coordinates": [ 15435647.70976, 4994971.123013 ] } },
{ "type": "Feature", "properties": { "15380279.394525": 15431232.056537, "5025475.223726": 4996876.9748259997 }, "geometry": { "type": "Point", "coordinates": [ 15431232.056537, 4996876.974825999699533 ] } },
{ "type": "Feature", "properties": { "15380279.394525": 15431291.71748, "5025475.223726": 4996669.6142389998 }, "geometry": { "type": "Point", "coordinates": [ 15431291.71748, 4996669.614238999783993 ] } },
{ "type": "Feature", "properties": { "15380279.394525": 15431358.924625, "5025475.223726": 4996465.9782170001 }, "geometry": { "type": "Point", "coordinates": [ 15431358.924625, 4996465.97821700014174 ] } },
{ "type": "Feature", "properties": { "15380279.394525": 15431441.329202, "5025475.223726": 4996269.6154570002 }, "geometry": { "type": "Point", "coordinates": [ 15431441.329202, 4996269.615457000210881 ] } },
{ "type": "Feature", "properties": { "15380279.394525": 15431593.651859, "5025475.223726": 4996008.0021740003 }, "geometry": { "type": "Point", "coordinates": [ 15431593.651859, 4996008.002174000255764 ] } },
{ "type": "Feature", "properties": { "15380279.394525": 15431779.204644, "5025475.223726": 4995764.9586399999 }, "geometry": { "type": "Point", "coordinates": [ 15431779.204644, 4995764.958639999851584 ] } },
{ "type": "Feature", "properties": { "15380279.394525": 15431985.438130001, "5025475.223726": 4995536.5955290003 }, "geometry": { "type": "Point", "coordinates": [ 15431985.43813, 4995536.595529000274837 ] } },
{ "type": "Feature", "properties": { "15380279.394525": 15432227.836745, "5025475.223726": 4995294.0483109998 }, "geometry": { "type": "Point", "coordinates": [ 15432227.836745, 4995294.048310999758542 ] } },
{ "type": "Feature", "properties": { "15380279.394525": 15432477.681173, "5025475.223726": 4995061.9920849996 }, "geometry": { "type": "Point", "coordinates": [ 15432477.681173, 4995061.99208499956876 ] } },
{ "type": "Feature", "properties": { "15380279.394525": 15432732.531277999, "5025475.223726": 4994836.8598889997 }, "geometry": { "type": "Point", "coordinates": [ 15432732.531278, 4994836.859888999722898 ] } },
{ "type": "Feature", "properties": { "15380279.394525": 15432989.94692, "5025475.223726": 4994615.0847619995 }, "geometry": { "type": "Point", "coordinates": [ 15432989.94692, 4994615.084761999547482 ] } },
{ "type": "Feature", "properties": { "15380279.394525": 15434057.237508999, "5025475.223726": 4996290.5588830002 }, "geometry": { "type": "Point", "coordinates": [ 15434057.237509, 4996290.558883000165224 ] } },
{ "type": "Feature", "properties": { "15380279.394525": 15433638.69218, "5025475.223726": 4994656.9716159999 }, "geometry": { "type": "Point", "coordinates": [ 15433638.69218, 4994656.971616 ] } },
{ "type": "Feature", "properties": { "15380279.394525": 15433220.146850999, "5025475.223726": 4994615.0847619995 }, "geometry": { "type": "Point", "coordinates": [ 15433220.146851, 4994615.084761999547482 ] } },
{ "type": "Feature", "properties": { "15380279.394525": 15433108.965239, "5025475.223726": 4994372.1030540001 }, "geometry": { "type": "Point", "coordinates": [ 15433108.965239, 4994372.103054 ] } },
{ "type": "Feature", "properties": { "15380279.394525": 15432997.934907001, "5025475.223726": 4994129.1348160002 }, "geometry": { "type": "Point", "coordinates": [ 15432997.934907, 4994129.134816000238061 ] } },
{ "type": "Feature", "properties": { "15380279.394525": 15432887.167853, "5025475.223726": 4993886.1039380003 }, "geometry": { "type": "Point", "coordinates": [ 15432887.167853, 4993886.103938000276685 ] } },
{ "type": "Feature", "properties": { "15380279.394525": 15432776.776075, "5025475.223726": 4993642.9343100004 }, "geometry": { "type": "Point", "coordinates": [ 15432776.776075, 4993642.934310000389814 ] } },
{ "type": "Feature", "properties": { "15380279.394525": 15432666.871569, "5025475.223726": 4993399.5498219999 }, "geometry": { "type": "Point", "coordinates": [ 15432666.871569, 4993399.54982199985534 ] } },
{ "type": "Feature", "properties": { "15380279.394525": 15432557.566333, "5025475.223726": 4993155.8743629996 }, "geometry": { "type": "Point", "coordinates": [ 15432557.566333, 4993155.87436299957335 ] } },
{ "type": "Feature", "properties": { "15380279.394525": 15432448.972363999, "5025475.223726": 4992911.8318250002 }, "geometry": { "type": "Point", "coordinates": [ 15432448.972364, 4992911.831825000233948 ] } },
{ "type": "Feature", "properties": { "15380279.394525": 15432341.20166, "5025475.223726": 4992667.3460969999 }, "geometry": { "type": "Point", "coordinates": [ 15432341.20166, 4992667.346097 ] } },
{ "type": "Feature", "properties": { "15380279.394525": 15432235.393545, "5025475.223726": 4992424.8512859996 }, "geometry": { "type": "Point", "coordinates": [ 15432235.393545, 4992424.851285999640822 ] } },
{ "type": "Feature", "properties": { "15380279.394525": 15432130.387366001, "5025475.223726": 4992182.1044969996 }, "geometry": { "type": "Point", "coordinates": [ 15432130.387366, 4992182.104496999643743 ] } },
{ "type": "Feature", "properties": { "15380279.394525": 15432025.967079001, "5025475.223726": 4991939.1332400003 }, "geometry": { "type": "Point", "coordinates": [ 15432025.967079, 4991939.133240000344813 ] } },
{ "type": "Feature", "properties": { "15380279.394525": 15431921.916638, "5025475.223726": 4991695.965024 }, "geometry": { "type": "Point", "coordinates": [ 15431921.916638, 4991695.965024 ] } },
{ "type": "Feature", "properties": { "15380279.394525": 15431818.019997999, "5025475.223726": 4991452.627359 }, "geometry": { "type": "Point", "coordinates": [ 15431818.019998, 4991452.627359 ] } },
{ "type": "Feature", "properties": { "15380279.394525": 15423781.949678, "5025475.223726": 4990049.4177829996 }, "geometry": { "type": "Point", "coordinates": [ 15423781.949678, 4990049.417782999575138 ] } },
{ "type": "Feature", "properties": { "15380279.394525": 15423909.167068999, "5025475.223726": 4989795.9328950001 }, "geometry": { "type": "Point", "coordinates": [ 15423909.167069, 4989795.932895 ] } },
{ "type": "Feature", "properties": { "15380279.394525": 15424037.775099, "5025475.223726": 4989543.3858209997 }, "geometry": { "type": "Point", "coordinates": [ 15424037.775099, 4989543.385820999741554 ] } },
{ "type": "Feature", "properties": { "15380279.394525": 15424169.265834, "5025475.223726": 4989292.533609 }, "geometry": { "type": "Point", "coordinates": [ 15424169.265834, 4989292.533609 ] } },
{ "type": "Feature", "properties": { "15380279.394525": 15424305.131339001, "5025475.223726": 4989044.1333109997 }, "geometry": { "type": "Point", "coordinates": [ 15424305.131339, 4989044.133310999721289 ] } },
{ "type": "Feature", "properties": { "15380279.394525": 15424448.381095, "5025475.223726": 4988795.5939849997 }, "geometry": { "type": "Point", "coordinates": [ 15424448.381095, 4988795.59398499969393 ] } },
{ "type": "Feature", "properties": { "15380279.394525": 15424596.859345, "5025475.223726": 4988550.2129309997 }, "geometry": { "type": "Point", "coordinates": [ 15424596.859345, 4988550.212930999696255 ] } },
{ "type": "Feature", "properties": { "15380279.394525": 15424749.918238999, "5025475.223726": 4988307.5851880005 }, "geometry": { "type": "Point", "coordinates": [ 15424749.918239, 4988307.585188000462949 ] } },
{ "type": "Feature", "properties": { "15380279.394525": 15424906.909925001, "5025475.223726": 4988067.3057930004 }, "geometry": { "type": "Point", "coordinates": [ 15424906.909925, 4988067.305793000385165 ] } },
{ "type": "Feature", "properties": { "15380279.394525": 15425067.186551999, "5025475.223726": 4987828.9697850002 }, "geometry": { "type": "Point", "coordinates": [ 15425067.186552, 4987828.969785000197589 ] } },
{ "type": "Feature", "properties": { "15380279.394525": 15425230.100269999, "5025475.223726": 4987592.1722010002 }, "geometry": { "type": "Point", "coordinates": [ 15425230.10027, 4987592.172201000154018 ] } },
{ "type": "Feature", "properties": { "15380279.394525": 15425395.003226999, "5025475.223726": 4987356.5080810003 }, "geometry": { "type": "Point", "coordinates": [ 15425395.003227, 4987356.508081000298262 ] } },
{ "type": "Feature", "properties": { "15380279.394525": 15425561.247574, "5025475.223726": 4987121.5724609997 }, "geometry": { "type": "Point", "coordinates": [ 15425561.247574, 4987121.572460999712348 ] } },
{ "type": "Feature", "properties": { "15380279.394525": 15425728.185458999, "5025475.223726": 4986886.9603800001 }, "geometry": { "type": "Point", "coordinates": [ 15425728.185459, 4986886.96038 ] } },
{ "type": "Feature", "properties": { "15380279.394525": 15425163.149264, "5025475.223726": 4987808.4711459996 }, "geometry": { "type": "Point", "coordinates": [ 15425163.149264, 4987808.471145999617875 ] } },
{ "type": "Feature", "properties": { "15380279.394525": 15425373.776524, "5025475.223726": 4987791.8558080001 }, "geometry": { "type": "Point", "coordinates": [ 15425373.776524, 4987791.855808 ] } },
{ "type": "Feature", "properties": { "15380279.394525": 15425583.802540001, "5025475.223726": 4987779.7820979999 }, "geometry": { "type": "Point", "coordinates": [ 15425583.80254, 4987779.782098 ] } },
{ "type": "Feature", "properties": { "15380279.394525": 15425792.774583001, "5025475.223726": 4987776.8170560002 }, "geometry": { "type": "Point", "coordinates": [ 15425792.774583, 4987776.817056000232697 ] } },
{ "type": "Feature", "properties": { "15380279.394525": 15426000.239922, "5025475.223726": 4987787.5277199997 }, "geometry": { "type": "Point", "coordinates": [ 15426000.239922, 4987787.527719999663532 ] } },
{ "type": "Feature", "properties": { "15380279.394525": 15426266.254657, "5025475.223726": 4987826.6892 }, "geometry": { "type": "Point", "coordinates": [ 15426266.254657, 4987826.6892 ] } },
{ "type": "Feature", "properties": { "15380279.394525": 15426528.791313, "5025475.223726": 4987891.2564340001 }, "geometry": { "type": "Point", "coordinates": [ 15426528.791313, 4987891.256434 ] } },
{ "type": "Feature", "properties": { "15380279.394525": 15426788.069653001, "5025475.223726": 4987976.0354380002 }, "geometry": { "type": "Point", "coordinates": [ 15426788.069653, 4987976.035438000224531 ] } },
{ "type": "Feature", "properties": { "15380279.394525": 15427044.309442, "5025475.223726": 4988075.8322289996 }, "geometry": { "type": "Point", "coordinates": [ 15427044.309442, 4988075.832228999584913 ] } },
{ "type": "Feature", "properties": { "15380279.394525": 15427297.730443001, "5025475.223726": 4988185.4528240003 }, "geometry": { "type": "Point", "coordinates": [ 15427297.730443, 4988185.452824000269175 ] } },
{ "type": "Feature", "properties": { "15380279.394525": 15427545.947067, "5025475.223726": 4988299.1351650003 }, "geometry": { "type": "Point", "coordinates": [ 15427545.947067, 4988299.135165000334382 ] } },
{ "type": "Feature", "properties": { "15380279.394525": 15427791.944207, "5025475.223726": 4988416.0434330003 }, "geometry": { "type": "Point", "coordinates": [ 15427791.944207, 4988416.043433000333607 ] } },
{ "type": "Feature", "properties": { "15380279.394525": 15428036.261095, "5025475.223726": 4988534.9112320002 }, "geometry": { "type": "Point", "coordinates": [ 15428036.261095, 4988534.911232000216842 ] } },
{ "type": "Feature", "properties": { "15380279.394525": 15428279.436964, "5025475.223726": 4988654.4721689997 }, "geometry": { "type": "Point", "coordinates": [ 15428279.436964, 4988654.47216899972409 ] } },
{ "type": "Feature", "properties": { "15380279.394525": 15428522.011042999, "5025475.223726": 4988773.459849 }, "geometry": { "type": "Point", "coordinates": [ 15428522.011043, 4988773.459849 ] } },
{ "type": "Feature", "properties": { "15380279.394525": 15428764.522567, "5025475.223726": 4988890.607876 }, "geometry": { "type": "Point", "coordinates": [ 15428764.522567, 4988890.607876 ] } },
{ "type": "Feature", "properties": { "15380279.394525": 15429007.510766, "5025475.223726": 4989004.6498579998 }, "geometry": { "type": "Point", "coordinates": [ 15429007.510766, 4989004.649857999756932 ] } },
{ "type": "Feature", "properties": { "15380279.394525": 15429251.514873, "5025475.223726": 4989114.3193990001 }, "geometry": { "type": "Point", "coordinates": [ 15429251.514873, 4989114.319399000145495 ] } },
{ "type": "Feature", "properties": { "15380279.394525": 15429497.074119, "5025475.223726": 4989218.3501049997 }, "geometry": { "type": "Point", "coordinates": [ 15429497.074119, 4989218.350104999728501 ] } },
{ "type": "Feature", "properties": { "15380279.394525": 15429744.727737, "5025475.223726": 4989315.4755819999 }, "geometry": { "type": "Point", "coordinates": [ 15429744.727737, 4989315.475581999868155 ] } },
{ "type": "Feature", "properties": { "15380279.394525": 15429995.014958, "5025475.223726": 4989404.4294339996 }, "geometry": { "type": "Point", "coordinates": [ 15429995.014958, 4989404.429433999583125 ] } },
{ "type": "Feature", "properties": { "15380279.394525": 15430248.475013999, "5025475.223726": 4989483.9452670002 }, "geometry": { "type": "Point", "coordinates": [ 15430248.475014, 4989483.945267000235617 ] } },
{ "type": "Feature", "properties": { "15380279.394525": 15430483.889924999, "5025475.223726": 4989547.778403 }, "geometry": { "type": "Point", "coordinates": [ 15430483.889925, 4989547.778403 ] } },
{ "type": "Feature", "properties": { "15380279.394525": 15430722.004373999, "5025475.223726": 4989603.5938680004 }, "geometry": { "type": "Point", "coordinates": [ 15430722.004374, 4989603.593868000432849 ] } },
{ "type": "Feature", "properties": { "15380279.394525": 15430962.547331, "5025475.223726": 4989652.4113910003 }, "geometry": { "type": "Point", "coordinates": [ 15430962.547331, 4989652.411391000263393 ] } },
{ "type": "Feature", "properties": { "15380279.394525": 15431205.247763, "5025475.223726": 4989695.2507030005 }, "geometry": { "type": "Point", "coordinates": [ 15431205.247763, 4989695.250703000463545 ] } },
{ "type": "Feature", "properties": { "15380279.394525": 15431449.834639, "5025475.223726": 4989733.1315329997 }, "geometry": { "type": "Point", "coordinates": [ 15431449.834639, 4989733.131532999686897 ] } },
{ "type": "Feature", "properties": { "15380279.394525": 15431696.036928, "5025475.223726": 4989767.0736100003 }, "geometry": { "type": "Point", "coordinates": [ 15431696.036928, 4989767.073610000312328 ] } },
{ "type": "Feature", "properties": { "15380279.394525": 15431943.583597001, "5025475.223726": 4989798.0966649996 }, "geometry": { "type": "Point", "coordinates": [ 15431943.583597, 4989798.096664999611676 ] } },
{ "type": "Feature", "properties": { "15380279.394525": 15432168.84732, "5025475.223726": 4989825.561094 }, "geometry": { "type": "Point", "coordinates": [ 15432168.84732, 4989825.561094 ] } },
{ "type": "Feature", "properties": { "15380279.394525": 15432392.162076, "5025475.223726": 4989858.1367110005 }, "geometry": { "type": "Point", "coordinates": [ 15432392.162076, 4989858.136711000464857 ] } },
{ "type": "Feature", "properties": { "15380279.394525": 15432610.923891, "5025475.223726": 4989902.579159 }, "geometry": { "type": "Point", "coordinates": [ 15432610.923891, 4989902.579159 ] } },
{ "type": "Feature", "properties": { "15380279.394525": 15432822.528788, "5025475.223726": 4989965.6440770002 }, "geometry": { "type": "Point", "coordinates": [ 15432822.528788, 4989965.644077000208199 ] } },
{ "type": "Feature", "properties": { "15380279.394525": 15433073.282033, "5025475.223726": 4990076.0729769999 }, "geometry": { "type": "Point", "coordinates": [ 15433073.282033, 4990076.072977 ] } },
{ "type": "Feature", "properties": { "15380279.394525": 15433313.471793, "5025475.223726": 4990213.8682610001 }, "geometry": { "type": "Point", "coordinates": [ 15433313.471793, 4990213.868261000141501 ] } },
{ "type": "Feature", "properties": { "15380279.394525": 15433547.993779, "5025475.223726": 4990367.2633239999 }, "geometry": { "type": "Point", "coordinates": [ 15433547.993779, 4990367.263324 ] } },
{ "type": "Feature", "properties": { "15380279.394525": 15433781.743698001, "5025475.223726": 4990524.4915610002 }, "geometry": { "type": "Point", "coordinates": [ 15433781.743698, 4990524.491561000235379 ] } },
{ "type": "Feature", "properties": { "15380279.394525": 15434019.61726, "5025475.223726": 4990673.7863670001 }, "geometry": { "type": "Point", "coordinates": [ 15434019.61726, 4990673.786367 ] } },
{ "type": "Feature", "properties": { "15380279.394525": 15434266.510174001, "5025475.223726": 4990803.3811370004 }, "geometry": { "type": "Point", "coordinates": [ 15434266.510174, 4990803.381137000396848 ] } },
{ "type": "Feature", "properties": { "15380279.394525": 15434512.7085, "5025475.223726": 4990900.9399119997 }, "geometry": { "type": "Point", "coordinates": [ 15434512.7085, 4990900.939911999739707 ] } },
{ "type": "Feature", "properties": { "15380279.394525": 15434766.820201, "5025475.223726": 4990979.8025799999 }, "geometry": { "type": "Point", "coordinates": [ 15434766.820201, 4990979.80258 ] } },
{ "type": "Feature", "properties": { "15380279.394525": 15435024.388908001, "5025475.223726": 4991049.8557010004 }, "geometry": { "type": "Point", "coordinates": [ 15435024.388908, 4991049.85570100042969 ] } },
{ "type": "Feature", "properties": { "15380279.394525": 15435280.958249999, "5025475.223726": 4991120.9858349999 }, "geometry": { "type": "Point", "coordinates": [ 15435280.95825, 4991120.985835 ] } },
{ "type": "Feature", "properties": { "15380279.394525": 15435532.071857, "5025475.223726": 4991203.0795390001 }, "geometry": { "type": "Point", "coordinates": [ 15435532.071857, 4991203.079539 ] } },
{ "type": "Feature", "properties": { "15380279.394525": 15435773.273359001, "5025475.223726": 4991306.0233739996 }, "geometry": { "type": "Point", "coordinates": [ 15435773.273359, 4991306.023373999632895 ] } },
{ "type": "Feature", "properties": { "15380279.394525": 15436019.660589, "5025475.223726": 4991447.9915079996 }, "geometry": { "type": "Point", "coordinates": [ 15436019.660589, 4991447.99150799959898 ] } },
{ "type": "Feature", "properties": { "15380279.394525": 15436254.839083999, "5025475.223726": 4991612.8570189998 }, "geometry": { "type": "Point", "coordinates": [ 15436254.839084, 4991612.857018999755383 ] } },
{ "type": "Feature", "properties": { "15380279.394525": 15436484.800419001, "5025475.223726": 4991787.7221839996 }, "geometry": { "type": "Point", "coordinates": [ 15436484.800419, 4991787.722183999605477 ] } },
{ "type": "Feature", "properties": { "15380279.394525": 15436710.263808999, "5025475.223726": 4991958.7899949998 }, "geometry": { "type": "Point", "coordinates": [ 15436710.263809, 4991958.78999499976635 ] } },
{ "type": "Feature", "properties": { "15380279.394525": 15436936.046404, "5025475.223726": 4992127.4863369996 }, "geometry": { "type": "Point", "coordinates": [ 15436936.046404, 4992127.486336999572814 ] } },
{ "type": "Feature", "properties": { "15380279.394525": 15437162.104543, "5025475.223726": 4992294.4224789999 }, "geometry": { "type": "Point", "coordinates": [ 15437162.104543, 4992294.422479 ] } },
{ "type": "Feature", "properties": { "15380279.394525": 15437388.394564001, "5025475.223726": 4992460.2096920004 }, "geometry": { "type": "Point", "coordinates": [ 15437388.394564, 4992460.209692000411451 ] } },
{ "type": "Feature", "properties": { "15380279.394525": 15437614.872808, "5025475.223726": 4992625.4592439998 }, "geometry": { "type": "Point", "coordinates": [ 15437614.872808, 4992625.459243999794126 ] } },
{ "type": "Feature", "properties": { "15380279.394525": 15434998.964500001, "5025475.223726": 4994196.2162319999 }, "geometry": { "type": "Point", "coordinates": [ 15434998.9645, 4994196.216232 ] } },
{ "type": "Feature", "properties": { "15380279.394525": 15435234.301433001, "5025475.223726": 4993981.3550859997 }, "geometry": { "type": "Point", "coordinates": [ 15435234.301433, 4993981.355085999704897 ] } },
{ "type": "Feature", "properties": { "15380279.394525": 15435469.607231, "5025475.223726": 4993766.6331460001 }, "geometry": { "type": "Point", "coordinates": [ 15435469.607231, 4993766.633146 ] } },
{ "type": "Feature", "properties": { "15380279.394525": 15435705.023411, "5025475.223726": 4993552.0326269995 }, "geometry": { "type": "Point", "coordinates": [ 15435705.023411, 4993552.032626999542117 ] } },
{ "type": "Feature", "properties": { "15380279.394525": 15435940.691491, "5025475.223726": 4993337.5357449995 }, "geometry": { "type": "Point", "coordinates": [ 15435940.691491, 4993337.535744999535382 ] } },
{ "type": "Feature", "properties": { "15380279.394525": 15436162.338515, "5025475.223726": 4993136.1743350001 }, "geometry": { "type": "Point", "coordinates": [ 15436162.338515, 4993136.174335000105202 ] } },
{ "type": "Feature", "properties": { "15380279.394525": 15436384.063610001, "5025475.223726": 4992935.0552740004 }, "geometry": { "type": "Point", "coordinates": [ 15436384.06361, 4992935.055274000391364 ] } },
{ "type": "Feature", "properties": { "15380279.394525": 15436605.879705001, "5025475.223726": 4992734.0884710001 }, "geometry": { "type": "Point", "coordinates": [ 15436605.879705, 4992734.088471 ] } },
{ "type": "Feature", "properties": { "15380279.394525": 15436827.799729999, "5025475.223726": 4992533.1838339996 }, "geometry": { "type": "Point", "coordinates": [ 15436827.79973, 4992533.183833999559283 ] } },
{ "type": "Feature", "properties": { "15380279.394525": 15437049.836612999, "5025475.223726": 4992332.2512729997 }, "geometry": { "type": "Point", "coordinates": [ 15437049.836613, 4992332.251272999681532 ] } },
{ "type": "Feature", "properties": { "15380279.394525": 15433471.274049001, "5025475.223726": 4992122.8170079999 }, "geometry": { "type": "Point", "coordinates": [ 15433471.274049, 4992122.817007999867201 ] } },
{ "type": "Feature", "properties": { "15380279.394525": 15433734.155044001, "5025475.223726": 4992079.3481689999 }, "geometry": { "type": "Point", "coordinates": [ 15433734.155044, 4992079.348168999888003 ] } },
{ "type": "Feature", "properties": { "15380279.394525": 15433996.74258, "5025475.223726": 4992034.9705050001 }, "geometry": { "type": "Point", "coordinates": [ 15433996.74258, 4992034.970505 ] } },
{ "type": "Feature", "properties": { "15380279.394525": 15434258.869702, "5025475.223726": 4991988.7458870001 }, "geometry": { "type": "Point", "coordinates": [ 15434258.869702, 4991988.745887000113726 ] } },
{ "type": "Feature", "properties": { "15380279.394525": 15434520.369454, "5025475.223726": 4991939.7361869998 }, "geometry": { "type": "Point", "coordinates": [ 15434520.369454, 4991939.736186999827623 ] } },
{ "type": "Feature", "properties": { "15380279.394525": 15434781.074883001, "5025475.223726": 4991887.0032799998 }, "geometry": { "type": "Point", "coordinates": [ 15434781.074883, 4991887.003279999829829 ] } },
{ "type": "Feature", "properties": { "15380279.394525": 15435040.819033001, "5025475.223726": 4991829.6090369998 }, "geometry": { "type": "Point", "coordinates": [ 15435040.819033, 4991829.609036999754608 ] } },
{ "type": "Feature", "properties": { "15380279.394525": 15435263.81976, "5025475.223726": 4991775.9244370004 }, "geometry": { "type": "Point", "coordinates": [ 15435263.81976, 4991775.924437000416219 ] } },
{ "type": "Feature", "properties": { "15380279.394525": 15435485.995723, "5025475.223726": 4991718.9452799996 }, "geometry": { "type": "Point", "coordinates": [ 15435485.995723, 4991718.945279999636114 ] } },
{ "type": "Feature", "properties": { "15380279.394525": 15435707.585834, "5025475.223726": 4991659.4876250001 }, "geometry": { "type": "Point", "coordinates": [ 15435707.585834, 4991659.487625 ] } },
{ "type": "Feature", "properties": { "15380279.394525": 15435928.829007, "5025475.223726": 4991598.3675340004 }, "geometry": { "type": "Point", "coordinates": [ 15435928.829007, 4991598.367534000426531 ] } },
{ "type": "Feature", "properties": { "15380279.394525": 15436149.964155, "5025475.223726": 4991536.4010650003 }, "geometry": { "type": "Point", "coordinates": [ 15436149.964155, 4991536.401065000332892 ] } },
{ "type": "Feature", "properties": { "15380279.394525": 15432320.274393, "5025475.223726": 4991347.9102269998 }, "geometry": { "type": "Point", "coordinates": [ 15432320.274393, 4991347.910226999782026 ] } },
{ "type": "Feature", "properties": { "15380279.394525": 15432717.892456001, "5025475.223726": 4989944.7006510003 }, "geometry": { "type": "Point", "coordinates": [ 15432717.892456, 4989944.700651000253856 ] } },
{ "type": "Feature", "properties": { "15380279.394525": 15432383.056193, "5025475.223726": 4989860.926945 }, "geometry": { "type": "Point", "coordinates": [ 15432383.056193, 4989860.926945 ] } },
{ "type": "Feature", "properties": { "15380279.394525": 15432780.674255, "5025475.223726": 4987242.9986309996 }, "geometry": { "type": "Point", "coordinates": [ 15432780.674255, 4987242.998630999587476 ] } },
{ "type": "Feature", "properties": { "15380279.394525": 15426272.294385999, "5025475.223726": 4993400.3660249999 }, "geometry": { "type": "Point", "coordinates": [ 15426272.294386, 4993400.366024999879301 ] } },
{ "type": "Feature", "properties": { "15380279.394525": 15426536.878203001, "5025475.223726": 4993145.5103420001 }, "geometry": { "type": "Point", "coordinates": [ 15426536.878203, 4993145.510342 ] } },
{ "type": "Feature", "properties": { "15380279.394525": 15426791.31277, "5025475.223726": 4992882.9009990003 }, "geometry": { "type": "Point", "coordinates": [ 15426791.31277, 4992882.900999000295997 ] } },
{ "type": "Feature", "properties": { "15380279.394525": 15427025.675979, "5025475.223726": 4992604.5158169996 }, "geometry": { "type": "Point", "coordinates": [ 15427025.675979, 4992604.515816999599338 ] } },
{ "type": "Feature", "properties": { "15380279.394525": 15427194.333651001, "5025475.223726": 4992362.1141799996 }, "geometry": { "type": "Point", "coordinates": [ 15427194.333651, 4992362.114179999567568 ] } },
{ "type": "Feature", "properties": { "15380279.394525": 15427339.584976001, "5025475.223726": 4992101.8735809997 }, "geometry": { "type": "Point", "coordinates": [ 15427339.584976, 4992101.873580999672413 ] } },
{ "type": "Feature", "properties": { "15380279.394525": 15427444.549046, "5025475.223726": 4991873.294431 }, "geometry": { "type": "Point", "coordinates": [ 15427444.549046, 4991873.294431 ] } },
{ "type": "Feature", "properties": { "15380279.394525": 15427555.022626, "5025475.223726": 4991650.3809420001 }, "geometry": { "type": "Point", "coordinates": [ 15427555.022626, 4991650.380942 ] } },
{ "type": "Feature", "properties": { "15380279.394525": 15427695.348506, "5025475.223726": 4991452.627359 }, "geometry": { "type": "Point", "coordinates": [ 15427695.348506, 4991452.627359 ] } },
{ "type": "Feature", "properties": { "15380279.394525": 15427843.334803, "5025475.223726": 4991319.5263639996 }, "geometry": { "type": "Point", "coordinates": [ 15427843.334803, 4991319.526363999582827 ] } },
{ "type": "Feature", "properties": { "15380279.394525": 15428009.257502999, "5025475.223726": 4991201.3062410001 }, "geometry": { "type": "Point", "coordinates": [ 15428009.257503, 4991201.306241 ] } },
{ "type": "Feature", "properties": { "15380279.394525": 15424346.985872, "5025475.223726": 4991557.3444919996 }, "geometry": { "type": "Point", "coordinates": [ 15424346.985872, 4991557.344491999596357 ] } },
{ "type": "Feature", "properties": { "15380279.394525": 15424134.973563001, "5025475.223726": 4991364.0641069999 }, "geometry": { "type": "Point", "coordinates": [ 15424134.973563, 4991364.064106999896467 ] } },
{ "type": "Feature", "properties": { "15380279.394525": 15423930.282864001, "5025475.223726": 4991163.9629380004 }, "geometry": { "type": "Point", "coordinates": [ 15423930.282864, 4991163.962938000448048 ] } },
{ "type": "Feature", "properties": { "15380279.394525": 15423740.095145, "5025475.223726": 4990949.9851230001 }, "geometry": { "type": "Point", "coordinates": [ 15423740.095145, 4990949.985123000107706 ] } },
{ "type": "Feature", "properties": { "15380279.394525": 15423612.28046, "5025475.223726": 4990778.2957300004 }, "geometry": { "type": "Point", "coordinates": [ 15423612.28046, 4990778.2957300003618 ] } },
{ "type": "Feature", "properties": { "15380279.394525": 15423499.668138999, "5025475.223726": 4990596.4167440003 }, "geometry": { "type": "Point", "coordinates": [ 15423499.668139, 4990596.416744000278413 ] } },
{ "type": "Feature", "properties": { "15380279.394525": 15423405.258881999, "5025475.223726": 4990405.456034 }, "geometry": { "type": "Point", "coordinates": [ 15423405.258882, 4990405.456034 ] } },
{ "type": "Feature", "properties": { "15380279.394525": 15423326.469590001, "5025475.223726": 4990193.281037 }, "geometry": { "type": "Point", "coordinates": [ 15423326.46959, 4990193.281037 ] } },
{ "type": "Feature", "properties": { "15380279.394525": 15423265.909287, "5025475.223726": 4989974.5194950001 }, "geometry": { "type": "Point", "coordinates": [ 15423265.909287, 4989974.519495000131428 ] } },
{ "type": "Feature", "properties": { "15380279.394525": 15423217.473797999, "5025475.223726": 4989751.3202430001 }, "geometry": { "type": "Point", "coordinates": [ 15423217.473798, 4989751.320243 ] } },
{ "type": "Feature", "properties": { "15380279.394525": 15423175.05895, "5025475.223726": 4989525.8321200004 }, "geometry": { "type": "Point", "coordinates": [ 15423175.05895, 4989525.832120000384748 ] } },
{ "type": "Feature", "properties": { "15380279.394525": 15424054.004141999, "5025475.223726": 4991180.3628150001 }, "geometry": { "type": "Point", "coordinates": [ 15424054.004142, 4991180.362815000116825 ] } },
{ "type": "Feature", "properties": { "15380279.394525": 15424765.531200999, "5025475.223726": 4990489.2297400003 }, "geometry": { "type": "Point", "coordinates": [ 15424765.531201, 4990489.229740000329912 ] } },
{ "type": "Feature", "properties": { "15380279.394525": 15422212.404693, "5025475.223726": 4991662.0616239998 }, "geometry": { "type": "Point", "coordinates": [ 15422212.404693, 4991662.061623999848962 ] } },
{ "type": "Feature", "properties": { "15380279.394525": 15422392.116645001, "5025475.223726": 4991423.2313069999 }, "geometry": { "type": "Point", "coordinates": [ 15422392.116645, 4991423.231307 ] } },
{ "type": "Feature", "properties": { "15380279.394525": 15422578.252944, "5025475.223726": 4991190.7920730002 }, "geometry": { "type": "Point", "coordinates": [ 15422578.252944, 4991190.792073000222445 ] } },
{ "type": "Feature", "properties": { "15380279.394525": 15422777.440888001, "5025475.223726": 4990970.9285500003 }, "geometry": { "type": "Point", "coordinates": [ 15422777.440888, 4990970.928550000302494 ] } },
{ "type": "Feature", "properties": { "15380279.394525": 15422971.035334, "5025475.223726": 4990787.8847439997 }, "geometry": { "type": "Point", "coordinates": [ 15422971.035334, 4990787.884743999689817 ] } },
{ "type": "Feature", "properties": { "15380279.394525": 15423175.036291, "5025475.223726": 4990615.096314 }, "geometry": { "type": "Point", "coordinates": [ 15423175.036291, 4990615.096314 ] } },
{ "type": "Feature", "properties": { "15380279.394525": 15423384.331614999, "5025475.223726": 4990447.3428870002 }, "geometry": { "type": "Point", "coordinates": [ 15423384.331615, 4990447.342887000180781 ] } },
{ "type": "Feature", "properties": { "15380279.394525": 15417880.460535999, "5025475.223726": 4983138.0870340001 }, "geometry": { "type": "Point", "coordinates": [ 15417880.460536, 4983138.087034 ] } },
{ "type": "Feature", "properties": { "15380279.394525": 15417983.000548, "5025475.223726": 4983382.4088080004 }, "geometry": { "type": "Point", "coordinates": [ 15417983.000548, 4983382.408808000385761 ] } },
{ "type": "Feature", "properties": { "15380279.394525": 15418082.904948, "5025475.223726": 4983627.3590930002 }, "geometry": { "type": "Point", "coordinates": [ 15418082.904948, 4983627.359093000181019 ] } },
{ "type": "Feature", "properties": { "15380279.394525": 15418177.579328001, "5025475.223726": 4983873.7147070002 }, "geometry": { "type": "Point", "coordinates": [ 15418177.579328, 4983873.714707000181079 ] } },
{ "type": "Feature", "properties": { "15380279.394525": 15418264.429281, "5025475.223726": 4984122.2524690004 }, "geometry": { "type": "Point", "coordinates": [ 15418264.429281, 4984122.252469000406563 ] } },
{ "type": "Feature", "properties": { "15380279.394525": 15418340.860398, "5025475.223726": 4984373.7491990002 }, "geometry": { "type": "Point", "coordinates": [ 15418340.860398, 4984373.749199000187218 ] } },
{ "type": "Feature", "properties": { "15380279.394525": 15418398.453074001, "5025475.223726": 4984599.8675229996 }, "geometry": { "type": "Point", "coordinates": [ 15418398.453074, 4984599.867522999644279 ] } },
{ "type": "Feature", "properties": { "15380279.394525": 15418447.450222, "5025475.223726": 4984828.2692379998 }, "geometry": { "type": "Point", "coordinates": [ 15418447.450222, 4984828.269237999804318 ] } },
{ "type": "Feature", "properties": { "15380279.394525": 15418489.577045999, "5025475.223726": 4985058.5196099998 }, "geometry": { "type": "Point", "coordinates": [ 15418489.577046, 4985058.519609999842942 ] } },
{ "type": "Feature", "properties": { "15380279.394525": 15418526.558747999, "5025475.223726": 4985290.1839079997 }, "geometry": { "type": "Point", "coordinates": [ 15418526.558748, 4985290.183907999657094 ] } },
{ "type": "Feature", "properties": { "15380279.394525": 15418560.12053, "5025475.223726": 4985522.8273980003 }, "geometry": { "type": "Point", "coordinates": [ 15418560.12053, 4985522.827398000285029 ] } },
{ "type": "Feature", "properties": { "15380279.394525": 15418591.987596, "5025475.223726": 4985756.0153480005 }, "geometry": { "type": "Point", "coordinates": [ 15418591.987596, 4985756.015348000451922 ] } },
{ "type": "Feature", "properties": { "15380279.394525": 15417754.896937, "5025475.223726": 4989672.4361060001 }, "geometry": { "type": "Point", "coordinates": [ 15417754.896937, 4989672.436106 ] } },
{ "type": "Feature", "properties": { "15380279.394525": 15418173.442267001, "5025475.223726": 4987996.9619850004 }, "geometry": { "type": "Point", "coordinates": [ 15418173.442267, 4987996.961985000409186 ] } },
{ "type": "Feature", "properties": { "15380279.394525": 15418403.642198, "5025475.223726": 4988101.679118 }, "geometry": { "type": "Point", "coordinates": [ 15418403.642198, 4988101.679118 ] } },
{ "type": "Feature", "properties": { "15380279.394525": 15418515.59881, "5025475.223726": 4987875.5775880003 }, "geometry": { "type": "Point", "coordinates": [ 15418515.59881, 4987875.577588000334799 ] } },
{ "type": "Feature", "properties": { "15380279.394525": 15418628.787472, "5025475.223726": 4987649.9290589998 }, "geometry": { "type": "Point", "coordinates": [ 15418628.787472, 4987649.929058999754488 ] } },
{ "type": "Feature", "properties": { "15380279.394525": 15418744.503463, "5025475.223726": 4987425.0137250004 }, "geometry": { "type": "Point", "coordinates": [ 15418744.503463, 4987425.013725000433624 ] } },
{ "type": "Feature", "properties": { "15380279.394525": 15418864.042060001, "5025475.223726": 4987201.1117780004 }, "geometry": { "type": "Point", "coordinates": [ 15418864.04206, 4987201.111778000369668 ] } },
{ "type": "Feature", "properties": { "15380279.394525": 15418980.159215, "5025475.223726": 4986988.881457 }, "geometry": { "type": "Point", "coordinates": [ 15418980.159215, 4986988.881457 ] } },
{ "type": "Feature", "properties": { "15380279.394525": 15419088.78779, "5025475.223726": 4986773.8984059999 }, "geometry": { "type": "Point", "coordinates": [ 15419088.78779, 4986773.898405999876559 ] } },
{ "type": "Feature", "properties": { "15380279.394525": 15419177.951057, "5025475.223726": 4986551.8655559998 }, "geometry": { "type": "Point", "coordinates": [ 15419177.951057, 4986551.865555999800563 ] } },
{ "type": "Feature", "properties": { "15380279.394525": 15419237.237585999, "5025475.223726": 4986334.4195189998 }, "geometry": { "type": "Point", "coordinates": [ 15419237.237586, 4986334.419518999755383 ] } },
{ "type": "Feature", "properties": { "15380279.394525": 15419282.587389, "5025475.223726": 4986112.053599 }, "geometry": { "type": "Point", "coordinates": [ 15419282.587389, 4986112.053599 ] } },
{ "type": "Feature", "properties": { "15380279.394525": 15419617.423652001, "5025475.223726": 4988709.0384860002 }, "geometry": { "type": "Point", "coordinates": [ 15419617.423652, 4988709.038486000150442 ] } },
{ "type": "Feature", "properties": { "15380279.394525": 15419757.370769, "5025475.223726": 4988456.4716499997 }, "geometry": { "type": "Point", "coordinates": [ 15419757.370769, 4988456.471649999730289 ] } },
{ "type": "Feature", "properties": { "15380279.394525": 15419876.057539999, "5025475.223726": 4988199.670194 }, "geometry": { "type": "Point", "coordinates": [ 15419876.05754, 4988199.670194 ] } },
{ "type": "Feature", "properties": { "15380279.394525": 15419952.259916, "5025475.223726": 4987934.1317050001 }, "geometry": { "type": "Point", "coordinates": [ 15419952.259916, 4987934.131705 ] } },
{ "type": "Feature", "properties": { "15380279.394525": 15419973.315889001, "5025475.223726": 4987687.3618059997 }, "geometry": { "type": "Point", "coordinates": [ 15419973.315889, 4987687.361805999651551 ] } },
{ "type": "Feature", "properties": { "15380279.394525": 15419965.858966, "5025475.223726": 4987434.6513109999 }, "geometry": { "type": "Point", "coordinates": [ 15419965.858966, 4987434.651310999877751 ] } },
{ "type": "Feature", "properties": { "15380279.394525": 15419952.259916, "5025475.223726": 4987180.1683510002 }, "geometry": { "type": "Point", "coordinates": [ 15419952.259916, 4987180.16835100017488 ] } },
{ "type": "Feature", "properties": { "15380279.394525": 15419950.234440001, "5025475.223726": 4986927.3557160003 }, "geometry": { "type": "Point", "coordinates": [ 15419950.23444, 4986927.355716000311077 ] } },
{ "type": "Feature", "properties": { "15380279.394525": 15419959.003962001, "5025475.223726": 4986676.3807570003 }, "geometry": { "type": "Point", "coordinates": [ 15419959.003962, 4986676.380757000297308 ] } },
{ "type": "Feature", "properties": { "15380279.394525": 15419973.187182, "5025475.223726": 4986426.2049970003 }, "geometry": { "type": "Point", "coordinates": [ 15419973.187182, 4986426.204997000284493 ] } },
{ "type": "Feature", "properties": { "15380279.394525": 15427088.457777999, "5025475.223726": 4984122.4280810002 }, "geometry": { "type": "Point", "coordinates": [ 15427088.457778, 4984122.428081000223756 ] } },
{ "type": "Feature", "properties": { "15380279.394525": 15427170.495059, "5025475.223726": 4984384.2487509996 }, "geometry": { "type": "Point", "coordinates": [ 15427170.495059, 4984384.248750999569893 ] } },
{ "type": "Feature", "properties": { "15380279.394525": 15427256.041030001, "5025475.223726": 4984644.4317359999 }, "geometry": { "type": "Point", "coordinates": [ 15427256.04103, 4984644.431735999882221 ] } },
{ "type": "Feature", "properties": { "15380279.394525": 15427348.701072, "5025475.223726": 4984901.4592869999 }, "geometry": { "type": "Point", "coordinates": [ 15427348.701072, 4984901.459286999888718 ] } },
{ "type": "Feature", "properties": { "15380279.394525": 15427452.080569999, "5025475.223726": 4985153.8136569997 }, "geometry": { "type": "Point", "coordinates": [ 15427452.08057, 4985153.813656999729574 ] } },
{ "type": "Feature", "properties": { "15380279.394525": 15427569.784907, "5025475.223726": 4985399.9770980002 }, "geometry": { "type": "Point", "coordinates": [ 15427569.784907, 4985399.977098000235856 ] } },
{ "type": "Feature", "properties": { "15380279.394525": 15427741.255353, "5025475.223726": 4985697.2778439997 }, "geometry": { "type": "Point", "coordinates": [ 15427741.255353, 4985697.277843999676406 ] } },
{ "type": "Feature", "properties": { "15380279.394525": 15427938.202788999, "5025475.223726": 4985980.0068410002 }, "geometry": { "type": "Point", "coordinates": [ 15427938.202789, 4985980.006841000169516 ] } },
{ "type": "Feature", "properties": { "15380279.394525": 15428158.236788001, "5025475.223726": 4986246.0290510003 }, "geometry": { "type": "Point", "coordinates": [ 15428158.236788, 4986246.029051000252366 ] } },
{ "type": "Feature", "properties": { "15380279.394525": 15428398.966921, "5025475.223726": 4986493.2094390001 }, "geometry": { "type": "Point", "coordinates": [ 15428398.966921, 4986493.209439000114799 ] } },
{ "type": "Feature", "properties": { "15380279.394525": 15428658.002762999, "5025475.223726": 4986719.4129680004 }, "geometry": { "type": "Point", "coordinates": [ 15428658.002763, 4986719.412968000397086 ] } },
{ "type": "Feature", "properties": { "15380279.394525": 15428891.217342, "5025475.223726": 4986894.724254 }, "geometry": { "type": "Point", "coordinates": [ 15428891.217342, 4986894.724254 ] } },
{ "type": "Feature", "properties": { "15380279.394525": 15429133.548912, "5025475.223726": 4987056.4395960001 }, "geometry": { "type": "Point", "coordinates": [ 15429133.548912, 4987056.439596000127494 ] } },
{ "type": "Feature", "properties": { "15380279.394525": 15429382.744062999, "5025475.223726": 4987207.989972 }, "geometry": { "type": "Point", "coordinates": [ 15429382.744063, 4987207.989972 ] } },
{ "type": "Feature", "properties": { "15380279.394525": 15429636.549389999, "5025475.223726": 4987352.8063629996 }, "geometry": { "type": "Point", "coordinates": [ 15429636.54939, 4987352.806362999603152 ] } },
{ "type": "Feature", "properties": { "15380279.394525": 15429892.711484, "5025475.223726": 4987494.3197489996 }, "geometry": { "type": "Point", "coordinates": [ 15429892.711484, 4987494.319748999550939 ] } },
{ "type": "Feature", "properties": { "15380279.394525": 15431671.529132999, "5025475.223726": 4981713.9340319997 }, "geometry": { "type": "Point", "coordinates": [ 15431671.529133, 4981713.934031999669969 ] } },
{ "type": "Feature", "properties": { "15380279.394525": 15431792.785247, "5025475.223726": 4981955.9928470002 }, "geometry": { "type": "Point", "coordinates": [ 15431792.785247, 4981955.99284700024873 ] } },
{ "type": "Feature", "properties": { "15380279.394525": 15431915.921217, "5025475.223726": 4982197.1961449999 }, "geometry": { "type": "Point", "coordinates": [ 15431915.921217, 4982197.196145 ] } },
{ "type": "Feature", "properties": { "15380279.394525": 15432042.912124, "5025475.223726": 4982436.7755709998 }, "geometry": { "type": "Point", "coordinates": [ 15432042.912124, 4982436.775570999830961 ] } },
{ "type": "Feature", "properties": { "15380279.394525": 15432175.733046999, "5025475.223726": 4982673.9627649998 }, "geometry": { "type": "Point", "coordinates": [ 15432175.733047, 4982673.962764999829233 ] } },
{ "type": "Feature", "properties": { "15380279.394525": 15432316.359065, "5025475.223726": 4982907.9893720001 }, "geometry": { "type": "Point", "coordinates": [ 15432316.359065, 4982907.989372 ] } },
{ "type": "Feature", "properties": { "15380279.394525": 15432466.765259, "5025475.223726": 4983138.0870340001 }, "geometry": { "type": "Point", "coordinates": [ 15432466.765259, 4983138.087034 ] } },
{ "type": "Feature", "properties": { "15380279.394525": 15432691.297098, "5025475.223726": 4983440.304056 }, "geometry": { "type": "Point", "coordinates": [ 15432691.297098, 4983440.304056 ] } },
{ "type": "Feature", "properties": { "15380279.394525": 15432946.345651001, "5025475.223726": 4983712.5445090001 }, "geometry": { "type": "Point", "coordinates": [ 15432946.345651, 4983712.544509000144899 ] } },
{ "type": "Feature", "properties": { "15380279.394525": 15433241.074118, "5025475.223726": 4983933.9372420004 }, "geometry": { "type": "Point", "coordinates": [ 15433241.074118, 4983933.937242000363767 ] } },
{ "type": "Feature", "properties": { "15380279.394525": 15433483.926085999, "5025475.223726": 4984057.3902270002 }, "geometry": { "type": "Point", "coordinates": [ 15433483.926086, 4984057.390227000229061 ] } },
{ "type": "Feature", "properties": { "15380279.394525": 15433734.238911999, "5025475.223726": 4984167.5424619997 }, "geometry": { "type": "Point", "coordinates": [ 15433734.238912, 4984167.542461999692023 ] } },
{ "type": "Feature", "properties": { "15380279.394525": 15433973.528444, "5025475.223726": 4984289.9754929999 }, "geometry": { "type": "Point", "coordinates": [ 15433973.528444, 4984289.975492999888957 ] } },
{ "type": "Feature", "properties": { "15380279.394525": 15434232.686620999, "5025475.223726": 4984485.3658210002 }, "geometry": { "type": "Point", "coordinates": [ 15434232.686621, 4984485.365821000188589 ] } },
{ "type": "Feature", "properties": { "15380279.394525": 15434455.750572, "5025475.223726": 4984726.3779589999 }, "geometry": { "type": "Point", "coordinates": [ 15434455.750572, 4984726.377959 ] } },
{ "type": "Feature", "properties": { "15380279.394525": 15434651.779039999, "5025475.223726": 4985001.6385199996 }, "geometry": { "type": "Point", "coordinates": [ 15434651.77904, 4985001.638519999571145 ] } },
{ "type": "Feature", "properties": { "15380279.394525": 15434829.830768, "5025475.223726": 4985299.7741170004 }, "geometry": { "type": "Point", "coordinates": [ 15434829.830768, 4985299.77411700040102 ] } },
{ "type": "Feature", "properties": { "15380279.394525": 15434998.964500001, "5025475.223726": 4985609.4113630001 }, "geometry": { "type": "Point", "coordinates": [ 15434998.9645, 4985609.411363 ] } },
{ "type": "Feature", "properties": { "15380279.394525": 15433554.983114, "5025475.223726": 4983159.0304610003 }, "geometry": { "type": "Point", "coordinates": [ 15433554.983114, 4983159.030461000278592 ] } },
{ "type": "Feature", "properties": { "15380279.394525": 15433806.945289001, "5025475.223726": 4983174.5525869997 }, "geometry": { "type": "Point", "coordinates": [ 15433806.945289, 4983174.552586999721825 ] } },
{ "type": "Feature", "properties": { "15380279.394525": 15434058.694695, "5025475.223726": 4983190.9951179996 }, "geometry": { "type": "Point", "coordinates": [ 15434058.694695, 4983190.995117999613285 ] } },
{ "type": "Feature", "properties": { "15380279.394525": 15434310.140417, "5025475.223726": 4983209.2941410001 }, "geometry": { "type": "Point", "coordinates": [ 15434310.140417, 4983209.294141000136733 ] } },
{ "type": "Feature", "properties": { "15380279.394525": 15434561.191537, "5025475.223726": 4983230.3857420003 }, "geometry": { "type": "Point", "coordinates": [ 15434561.191537, 4983230.385742000304163 ] } },
{ "type": "Feature", "properties": { "15380279.394525": 15434811.757137001, "5025475.223726": 4983255.2060059998 }, "geometry": { "type": "Point", "coordinates": [ 15434811.757137, 4983255.206005999818444 ] } },
{ "type": "Feature", "properties": { "15380279.394525": 15435061.746300001, "5025475.223726": 4983284.6910199998 }, "geometry": { "type": "Point", "coordinates": [ 15435061.7463, 4983284.691019999794662 ] } },
{ "type": "Feature", "properties": { "15380279.394525": 15435319.740917001, "5025475.223726": 4983320.82541 }, "geometry": { "type": "Point", "coordinates": [ 15435319.740917, 4983320.82541 ] } },
{ "type": "Feature", "properties": { "15380279.394525": 15435576.918470001, "5025475.223726": 4983362.2708689999 }, "geometry": { "type": "Point", "coordinates": [ 15435576.91847, 4983362.270868999883533 ] } },
{ "type": "Feature", "properties": { "15380279.394525": 15435833.391601, "5025475.223726": 4983408.3648650004 }, "geometry": { "type": "Point", "coordinates": [ 15435833.391601, 4983408.364865000359714 ] } },
{ "type": "Feature", "properties": { "15380279.394525": 15436089.272956001, "5025475.223726": 4983458.4448690005 }, "geometry": { "type": "Point", "coordinates": [ 15436089.272956, 4983458.444869000464678 ] } },
{ "type": "Feature", "properties": { "15380279.394525": 15436344.675177, "5025475.223726": 4983511.8483480001 }, "geometry": { "type": "Point", "coordinates": [ 15436344.675177, 4983511.848348 ] } },
{ "type": "Feature", "properties": { "15380279.394525": 15436599.710909, "5025475.223726": 4983567.9127719998 }, "geometry": { "type": "Point", "coordinates": [ 15436599.710909, 4983567.912771999835968 ] } },
{ "type": "Feature", "properties": { "15380279.394525": 15436854.492796, "5025475.223726": 4983625.9756100001 }, "geometry": { "type": "Point", "coordinates": [ 15436854.492796, 4983625.97561 ] } },
{ "type": "Feature", "properties": { "15380279.394525": 15437109.133482, "5025475.223726": 4983685.3743310003 }, "geometry": { "type": "Point", "coordinates": [ 15437109.133482, 4983685.374331000261009 ] } },
{ "type": "Feature", "properties": { "15380279.394525": 15437363.745610001, "5025475.223726": 4983745.4464029996 }, "geometry": { "type": "Point", "coordinates": [ 15437363.74561, 4983745.446402999572456 ] } },
{ "type": "Feature", "properties": { "15380279.394525": 15428658.002762999, "5025475.223726": 4984604.12689 }, "geometry": { "type": "Point", "coordinates": [ 15428658.002763, 4984604.12689 ] } },
{ "type": "Feature", "properties": { "15380279.394525": 15428812.006522, "5025475.223726": 4984355.9757660003 }, "geometry": { "type": "Point", "coordinates": [ 15428812.006522, 4984355.975766000337899 ] } },
{ "type": "Feature", "properties": { "15380279.394525": 15428970.789100001, "5025475.223726": 4984110.7323310003 }, "geometry": { "type": "Point", "coordinates": [ 15428970.7891, 4984110.732331000268459 ] } },
{ "type": "Feature", "properties": { "15380279.394525": 15429139.329891, "5025475.223726": 4983871.106962 }, "geometry": { "type": "Point", "coordinates": [ 15429139.329891, 4983871.106962 ] } },
{ "type": "Feature", "properties": { "15380279.394525": 15429299.105464, "5025475.223726": 4983668.1932009999 }, "geometry": { "type": "Point", "coordinates": [ 15429299.105464, 4983668.193200999870896 ] } },
{ "type": "Feature", "properties": { "15380279.394525": 15429472.605487, "5025475.223726": 4983477.7849169997 }, "geometry": { "type": "Point", "coordinates": [ 15429472.605487, 4983477.784916999749839 ] } },
{ "type": "Feature", "properties": { "15380279.394525": 15429662.511553001, "5025475.223726": 4983305.634447 }, "geometry": { "type": "Point", "coordinates": [ 15429662.511553, 4983305.634447 ] } },
{ "type": "Feature", "properties": { "15380279.394525": 15429836.412589001, "5025475.223726": 4983177.3669600002 }, "geometry": { "type": "Point", "coordinates": [ 15429836.412589, 4983177.366960000246763 ] } },
{ "type": "Feature", "properties": { "15380279.394525": 15430019.246200001, "5025475.223726": 4983060.634412 }, "geometry": { "type": "Point", "coordinates": [ 15430019.2462, 4983060.634412 ] } },
{ "type": "Feature", "properties": { "15380279.394525": 15430206.620480999, "5025475.223726": 4982949.5961960005 }, "geometry": { "type": "Point", "coordinates": [ 15430206.620481, 4982949.596196000464261 ] } },
{ "type": "Feature", "properties": { "15380279.394525": 15420621.932442, "5025475.223726": 4986656.5826880001 }, "geometry": { "type": "Point", "coordinates": [ 15420621.932442, 4986656.582688 ] } },
{ "type": "Feature", "properties": { "15380279.394525": 15420850.856098, "5025475.223726": 4986461.3594260002 }, "geometry": { "type": "Point", "coordinates": [ 15420850.856098, 4986461.359426000155509 ] } },
{ "type": "Feature", "properties": { "15380279.394525": 15421085.904828001, "5025475.223726": 4986276.4543610001 }, "geometry": { "type": "Point", "coordinates": [ 15421085.904828, 4986276.454361 ] } },
{ "type": "Feature", "properties": { "15380279.394525": 15421333.459502, "5025475.223726": 4986112.053599 }, "geometry": { "type": "Point", "coordinates": [ 15421333.459502, 4986112.053599 ] } },
{ "type": "Feature", "properties": { "15380279.394525": 15421537.611342, "5025475.223726": 4986003.6090360004 }, "geometry": { "type": "Point", "coordinates": [ 15421537.611342, 4986003.609036000445485 ] } },
{ "type": "Feature", "properties": { "15380279.394525": 15421750.350769, "5025475.223726": 4985910.4241920002 }, "geometry": { "type": "Point", "coordinates": [ 15421750.350769, 4985910.424192000180483 ] } },
{ "type": "Feature", "properties": { "15380279.394525": 15421969.149044, "5025475.223726": 4985829.0444879998 }, "geometry": { "type": "Point", "coordinates": [ 15421969.149044, 4985829.044487999752164 ] } },
{ "type": "Feature", "properties": { "15380279.394525": 15422191.477427, "5025475.223726": 4985756.0153480005 }, "geometry": { "type": "Point", "coordinates": [ 15422191.477427, 4985756.015348000451922 ] } },
{ "type": "Feature", "properties": { "15380279.394525": 15422433.196420001, "5025475.223726": 4985683.1723610004 }, "geometry": { "type": "Point", "coordinates": [ 15422433.19642, 4985683.172361000441015 ] } },
{ "type": "Feature", "properties": { "15380279.394525": 15422675.744418999, "5025475.223726": 4985615.5211279998 }, "geometry": { "type": "Point", "coordinates": [ 15422675.744419, 4985615.521127999760211 ] } },
{ "type": "Feature", "properties": { "15380279.394525": 15422919.026756, "5025475.223726": 4985552.4080560002 }, "geometry": { "type": "Point", "coordinates": [ 15422919.026756, 4985552.408056000247598 ] } },
{ "type": "Feature", "properties": { "15380279.394525": 15423162.948760999, "5025475.223726": 4985493.179548 }, "geometry": { "type": "Point", "coordinates": [ 15423162.948761, 4985493.179548 ] } },
{ "type": "Feature", "properties": { "15380279.394525": 15423407.415765001, "5025475.223726": 4985437.1820109999 }, "geometry": { "type": "Point", "coordinates": [ 15423407.415765, 4985437.182010999880731 ] } },
{ "type": "Feature", "properties": { "15380279.394525": 15423652.333101001, "5025475.223726": 4985383.7618509997 }, "geometry": { "type": "Point", "coordinates": [ 15423652.333101, 4985383.761850999668241 ] } },
{ "type": "Feature", "properties": { "15380279.394525": 15423897.606098, "5025475.223726": 4985332.2654729998 }, "geometry": { "type": "Point", "coordinates": [ 15423897.606098, 4985332.26547299977392 ] } },
{ "type": "Feature", "properties": { "15380279.394525": 15424143.140089, "5025475.223726": 4985282.0392829999 }, "geometry": { "type": "Point", "coordinates": [ 15424143.140089, 4985282.039283 ] } },
{ "type": "Feature", "properties": { "15380279.394525": 15424388.840405, "5025475.223726": 4985232.4296859996 }, "geometry": { "type": "Point", "coordinates": [ 15424388.840405, 4985232.429685999639332 ] } },
{ "type": "Feature", "properties": { "15380279.394525": 15422798.368154, "5025475.223726": 4987724.6974400003 }, "geometry": { "type": "Point", "coordinates": [ 15422798.368154, 4987724.697440000250936 ] } },
{ "type": "Feature", "properties": { "15380279.394525": 15422669.260158001, "5025475.223726": 4987493.1434110003 }, "geometry": { "type": "Point", "coordinates": [ 15422669.260158, 4987493.143411000259221 ] } },
{ "type": "Feature", "properties": { "15380279.394525": 15422532.386236001, "5025475.223726": 4987267.758107 }, "geometry": { "type": "Point", "coordinates": [ 15422532.386236, 4987267.758107 ] } },
{ "type": "Feature", "properties": { "15380279.394525": 15422379.822825, "5025475.223726": 4987054.5077919997 }, "geometry": { "type": "Point", "coordinates": [ 15422379.822825, 4987054.507791999727488 ] } },
{ "type": "Feature", "properties": { "15380279.394525": 15422177.628265001, "5025475.223726": 4986826.0244450001 }, "geometry": { "type": "Point", "coordinates": [ 15422177.628265, 4986826.024445000104606 ] } },
{ "type": "Feature", "properties": { "15380279.394525": 15421962.250401, "5025475.223726": 4986607.5959029999 }, "geometry": { "type": "Point", "coordinates": [ 15421962.250401, 4986607.595902999863029 ] } },
{ "type": "Feature", "properties": { "15380279.394525": 15421752.004830999, "5025475.223726": 4986384.3181440001 }, "geometry": { "type": "Point", "coordinates": [ 15421752.004831, 4986384.318144000135362 ] } },
{ "type": "Feature", "properties": { "15380279.394525": 15421623.891596001, "5025475.223726": 4986229.3482980002 }, "geometry": { "type": "Point", "coordinates": [ 15421623.891596, 4986229.348298000171781 ] } },
{ "type": "Feature", "properties": { "15380279.394525": 15421500.877634, "5025475.223726": 4986070.1667459998 }, "geometry": { "type": "Point", "coordinates": [ 15421500.877634, 4986070.166745999827981 ] } },
{ "type": "Feature", "properties": { "15380279.394525": 15423949.367808999, "5025475.223726": 4987368.65919 }, "geometry": { "type": "Point", "coordinates": [ 15423949.367809, 4987368.65919 ] } },
{ "type": "Feature", "properties": { "15380279.394525": 15423810.571661999, "5025475.223726": 4987120.0975850001 }, "geometry": { "type": "Point", "coordinates": [ 15423810.571662, 4987120.097585 ] } },
{ "type": "Feature", "properties": { "15380279.394525": 15423676.497036999, "5025475.223726": 4986869.5292339996 }, "geometry": { "type": "Point", "coordinates": [ 15423676.497037, 4986869.529233999550343 ] } },
{ "type": "Feature", "properties": { "15380279.394525": 15423551.749747001, "5025475.223726": 4986614.6958349999 }, "geometry": { "type": "Point", "coordinates": [ 15423551.749747, 4986614.695835 ] } },
{ "type": "Feature", "properties": { "15380279.394525": 15423455.869747, "5025475.223726": 4986393.8784950003 }, "geometry": { "type": "Point", "coordinates": [ 15423455.869747, 4986393.878495000302792 ] } },
{ "type": "Feature", "properties": { "15380279.394525": 15423368.123348, "5025475.223726": 4986169.5227499995 }, "geometry": { "type": "Point", "coordinates": [ 15423368.123348, 4986169.522749999538064 ] } },
{ "type": "Feature", "properties": { "15380279.394525": 15423286.462415, "5025475.223726": 4985942.4811730003 }, "geometry": { "type": "Point", "coordinates": [ 15423286.462415, 4985942.48117300029844 ] } },
{ "type": "Feature", "properties": { "15380279.394525": 15423208.838817, "5025475.223726": 4985713.6063339999 }, "geometry": { "type": "Point", "coordinates": [ 15423208.838817, 4985713.606333999894559 ] } },
{ "type": "Feature", "properties": { "15380279.394525": 15423133.204418, "5025475.223726": 4985483.7508039996 }, "geometry": { "type": "Point", "coordinates": [ 15423133.204418, 4985483.750803999602795 ] } },
{ "type": "Feature", "properties": { "15380279.394525": 15421605.513966, "5025475.223726": 4982593.557945 }, "geometry": { "type": "Point", "coordinates": [ 15421605.513966, 4982593.557945 ] } },
{ "type": "Feature", "properties": { "15380279.394525": 15421831.778662, "5025475.223726": 4982839.7896189997 }, "geometry": { "type": "Point", "coordinates": [ 15421831.778662, 4982839.789618999697268 ] } },
{ "type": "Feature", "properties": { "15380279.394525": 15422053.276250999, "5025475.223726": 4983090.0771340001 }, "geometry": { "type": "Point", "coordinates": [ 15422053.276251, 4983090.077134000137448 ] } },
{ "type": "Feature", "properties": { "15380279.394525": 15422265.397179, "5025475.223726": 4983348.6620300002 }, "geometry": { "type": "Point", "coordinates": [ 15422265.397179, 4983348.662030000239611 ] } },
{ "type": "Feature", "properties": { "15380279.394525": 15422463.531891, "5025475.223726": 4983619.7858440001 }, "geometry": { "type": "Point", "coordinates": [ 15422463.531891, 4983619.785844 ] } },
{ "type": "Feature", "properties": { "15380279.394525": 15422588.656602999, "5025475.223726": 4983808.9543209998 }, "geometry": { "type": "Point", "coordinates": [ 15422588.656603, 4983808.954320999793708 ] } },
{ "type": "Feature", "properties": { "15380279.394525": 15422717.189261001, "5025475.223726": 4983994.211108 }, "geometry": { "type": "Point", "coordinates": [ 15422717.189261, 4983994.211108 ] } },
{ "type": "Feature", "properties": { "15380279.394525": 15422861.149954, "5025475.223726": 4984164.3149340004 }, "geometry": { "type": "Point", "coordinates": [ 15422861.149954, 4984164.314934000372887 ] } },
{ "type": "Feature", "properties": { "15380279.394525": 15423054.516726, "5025475.223726": 4984331.5509740002 }, "geometry": { "type": "Point", "coordinates": [ 15423054.516726, 4984331.550974000245333 ] } },
{ "type": "Feature", "properties": { "15380279.394525": 15423266.442276999, "5025475.223726": 4984480.7198679997 }, "geometry": { "type": "Point", "coordinates": [ 15423266.442277, 4984480.719867999665439 ] } },
{ "type": "Feature", "properties": { "15380279.394525": 15423479.762514001, "5025475.223726": 4984628.7619939996 }, "geometry": { "type": "Point", "coordinates": [ 15423479.762514, 4984628.76199399959296 ] } },
{ "type": "Feature", "properties": { "15380279.394525": 15423677.313345, "5025475.223726": 4984792.6177289998 }, "geometry": { "type": "Point", "coordinates": [ 15423677.313345, 4984792.617728999815881 ] } },
{ "type": "Feature", "properties": { "15380279.394525": 15423889.589924, "5025475.223726": 4985041.1238310002 }, "geometry": { "type": "Point", "coordinates": [ 15423889.589924, 4985041.123831000179052 ] } },
{ "type": "Feature", "properties": { "15380279.394525": 15424074.931407999, "5025475.223726": 4985316.2033919999 }, "geometry": { "type": "Point", "coordinates": [ 15424074.931408, 4985316.203392 ] } },
{ "type": "Feature", "properties": { "15380279.394525": 15422097.304727999, "5025475.223726": 5013380.3949159998 }, "geometry": { "type": "Point", "coordinates": [ 15422097.304728, 5013380.39491599984467 ] } },
{ "type": "Feature", "properties": { "15380279.394525": 15422467.759834001, "5025475.223726": 5013345.3391359998 }, "geometry": { "type": "Point", "coordinates": [ 15422467.759834, 5013345.339135999791324 ] } },
{ "type": "Feature", "properties": { "15380279.394525": 15422838.286232, "5025475.223726": 5013310.0310939997 }, "geometry": { "type": "Point", "coordinates": [ 15422838.286232, 5013310.031093999743462 ] } },
{ "type": "Feature", "properties": { "15380279.394525": 15423209.131614, "5025475.223726": 5013274.1814230001 }, "geometry": { "type": "Point", "coordinates": [ 15423209.131614, 5013274.181423 ] } },
{ "type": "Feature", "properties": { "15380279.394525": 15423580.543675, "5025475.223726": 5013237.5007530004 }, "geometry": { "type": "Point", "coordinates": [ 15423580.543675, 5013237.500753000378609 ] } },
{ "type": "Feature", "properties": { "15380279.394525": 15423952.770107999, "5025475.223726": 5013199.6997140003 }, "geometry": { "type": "Point", "coordinates": [ 15423952.770108, 5013199.699714000336826 ] } },
{ "type": "Feature", "properties": { "15380279.394525": 15424326.058606001, "5025475.223726": 5013160.4889380001 }, "geometry": { "type": "Point", "coordinates": [ 15424326.058606, 5013160.488938 ] } },
{ "type": "Feature", "properties": { "15380279.394525": 15424734.290356001, "5025475.223726": 5013115.2479119999 }, "geometry": { "type": "Point", "coordinates": [ 15424734.290356, 5013115.247912 ] } },
{ "type": "Feature", "properties": { "15380279.394525": 15425142.122477001, "5025475.223726": 5013064.3501220001 }, "geometry": { "type": "Point", "coordinates": [ 15425142.122477, 5013064.350122 ] } },
{ "type": "Feature", "properties": { "15380279.394525": 15425547.970969999, "5025475.223726": 5013004.0814739997 }, "geometry": { "type": "Point", "coordinates": [ 15425547.97097, 5013004.081473999656737 ] } },
{ "type": "Feature", "properties": { "15380279.394525": 15425950.251835, "5025475.223726": 5012930.7278739996 }, "geometry": { "type": "Point", "coordinates": [ 15425950.251835, 5012930.727873999625444 ] } },
{ "type": "Feature", "properties": { "15380279.394525": 15426347.381075, "5025475.223726": 5012840.5752290003 }, "geometry": { "type": "Point", "coordinates": [ 15426347.381075, 5012840.575229000300169 ] } },
{ "type": "Feature", "properties": { "15380279.394525": 15426737.774689, "5025475.223726": 5012729.9094420001 }, "geometry": { "type": "Point", "coordinates": [ 15426737.774689, 5012729.909442 ] } },
{ "type": "Feature", "properties": { "15380279.394525": 15427119.848678, "5025475.223726": 5012595.0164219998 }, "geometry": { "type": "Point", "coordinates": [ 15427119.848678, 5012595.016421999782324 ] } },
{ "type": "Feature", "properties": { "15380279.394525": 15427462.362973001, "5025475.223726": 5012448.7678070003 }, "geometry": { "type": "Point", "coordinates": [ 15427462.362973, 5012448.767807000316679 ] } },
{ "type": "Feature", "properties": { "15380279.394525": 15427799.659644, "5025475.223726": 5012288.0862039998 }, "geometry": { "type": "Point", "coordinates": [ 15427799.659644, 5012288.086203999817371 ] } },
{ "type": "Feature", "properties": { "15380279.394525": 15428135.210026, "5025475.223726": 5012121.9910599999 }, "geometry": { "type": "Point", "coordinates": [ 15428135.210026, 5012121.99106 ] } },
{ "type": "Feature", "properties": { "15380279.394525": 15428472.485453, "5025475.223726": 5011959.5018189996 }, "geometry": { "type": "Point", "coordinates": [ 15428472.485453, 5011959.501818999648094 ] } },
{ "type": "Feature", "properties": { "15380279.394525": 15428814.957261, "5025475.223726": 5011809.6379279997 }, "geometry": { "type": "Point", "coordinates": [ 15428814.957261, 5011809.637927999719977 ] } },
{ "type": "Feature", "properties": { "15380279.394525": 15429197.751796, "5025475.223726": 5011668.6188279996 }, "geometry": { "type": "Point", "coordinates": [ 15429197.751796, 5011668.618827999569476 ] } },
{ "type": "Feature", "properties": { "15380279.394525": 15429588.657074001, "5025475.223726": 5011550.6824519997 }, "geometry": { "type": "Point", "coordinates": [ 15429588.657074, 5011550.682451999746263 ] } },
{ "type": "Feature", "properties": { "15380279.394525": 15429985.927751999, "5025475.223726": 5011452.9914020002 }, "geometry": { "type": "Point", "coordinates": [ 15429985.927752, 5011452.991402000188828 ] } },
{ "type": "Feature", "properties": { "15380279.394525": 15430387.818489, "5025475.223726": 5011372.7082810001 }, "geometry": { "type": "Point", "coordinates": [ 15430387.818489, 5011372.70828100014478 ] } },
{ "type": "Feature", "properties": { "15380279.394525": 15430792.583942, "5025475.223726": 5011306.9956919998 }, "geometry": { "type": "Point", "coordinates": [ 15430792.583942, 5011306.995691999793053 ] } },
{ "type": "Feature", "properties": { "15380279.394525": 15431167.627669999, "5025475.223726": 5011257.0700960001 }, "geometry": { "type": "Point", "coordinates": [ 15431167.62767, 5011257.070096 ] } },
{ "type": "Feature", "properties": { "15380279.394525": 15431543.250965999, "5025475.223726": 5011216.5459789997 }, "geometry": { "type": "Point", "coordinates": [ 15431543.250966, 5011216.545978999696672 ] } },
{ "type": "Feature", "properties": { "15380279.394525": 15431919.373747, "5025475.223726": 5011184.7492890004 }, "geometry": { "type": "Point", "coordinates": [ 15431919.373747, 5011184.749289000406861 ] } },
{ "type": "Feature", "properties": { "15380279.394525": 15432295.915932, "5025475.223726": 5011161.0059740003 }, "geometry": { "type": "Point", "coordinates": [ 15432295.915932, 5011161.005974000319839 ] } },
{ "type": "Feature", "properties": { "15380279.394525": 15432672.797436999, "5025475.223726": 5011144.6419799998 }, "geometry": { "type": "Point", "coordinates": [ 15432672.797437, 5011144.64197999984026 ] } },
{ "type": "Feature", "properties": { "15380279.394525": 15433049.938181, "5025475.223726": 5011134.9832549999 }, "geometry": { "type": "Point", "coordinates": [ 15433049.938181, 5011134.983254999853671 ] } },
{ "type": "Feature", "properties": { "15380279.394525": 15433427.258082001, "5025475.223726": 5011131.3557460001 }, "geometry": { "type": "Point", "coordinates": [ 15433427.258082, 5011131.355746 ] } },
{ "type": "Feature", "properties": { "15380279.394525": 15433804.677058, "5025475.223726": 5011133.0854010005 }, "geometry": { "type": "Point", "coordinates": [ 15433804.677058, 5011133.085401000455022 ] } },
{ "type": "Feature", "properties": { "15380279.394525": 15434182.115026001, "5025475.223726": 5011139.498168 }, "geometry": { "type": "Point", "coordinates": [ 15434182.115026, 5011139.498168 ] } },
{ "type": "Feature", "properties": { "15380279.394525": 15434559.491904, "5025475.223726": 5011149.9199930001 }, "geometry": { "type": "Point", "coordinates": [ 15434559.491904, 5011149.919993000105023 ] } },
{ "type": "Feature", "properties": { "15380279.394525": 15434934.852244999, "5025475.223726": 5011163.6904469999 }, "geometry": { "type": "Point", "coordinates": [ 15434934.852245, 5011163.69044699985534 ] } },
{ "type": "Feature", "properties": { "15380279.394525": 15435309.916387999, "5025475.223726": 5011180.5428139996 }, "geometry": { "type": "Point", "coordinates": [ 15435309.916388, 5011180.542813999578357 ] } },
{ "type": "Feature", "properties": { "15380279.394525": 15435684.715831, "5025475.223726": 5011200.2189159999 }, "geometry": { "type": "Point", "coordinates": [ 15435684.715831, 5011200.218915999867022 ] } },
{ "type": "Feature", "properties": { "15380279.394525": 15436059.282072, "5025475.223726": 5011222.4605769999 }, "geometry": { "type": "Point", "coordinates": [ 15436059.282072, 5011222.460577 ] } },
{ "type": "Feature", "properties": { "15380279.394525": 15436433.646609001, "5025475.223726": 5011247.0096199997 }, "geometry": { "type": "Point", "coordinates": [ 15436433.646609, 5011247.009619999676943 ] } },
{ "type": "Feature", "properties": { "15380279.394525": 15436807.840941001, "5025475.223726": 5011273.6078690002 }, "geometry": { "type": "Point", "coordinates": [ 15436807.840941, 5011273.607869000174105 ] } },
{ "type": "Feature", "properties": { "15380279.394525": 15437181.896565, "5025475.223726": 5011301.9971460002 }, "geometry": { "type": "Point", "coordinates": [ 15437181.896565, 5011301.997146000154316 ] } },
{ "type": "Feature", "properties": { "15380279.394525": 15437555.844981, "5025475.223726": 5011331.919276 }, "geometry": { "type": "Point", "coordinates": [ 15437555.844981, 5011331.919276 ] } },
{ "type": "Feature", "properties": { "15380279.394525": 15437929.717684999, "5025475.223726": 5011363.1160819996 }, "geometry": { "type": "Point", "coordinates": [ 15437929.717685, 5011363.116081999614835 ] } },
{ "type": "Feature", "properties": { "15380279.394525": 15438303.546177, "5025475.223726": 5011395.3293869998 }, "geometry": { "type": "Point", "coordinates": [ 15438303.546177, 5011395.329386999830604 ] } },
{ "type": "Feature", "properties": { "15380279.394525": 15438677.361954, "5025475.223726": 5011428.3010139996 }, "geometry": { "type": "Point", "coordinates": [ 15438677.361954, 5011428.30101399961859 ] } },
{ "type": "Feature", "properties": { "15380279.394525": 15439051.196513999, "5025475.223726": 5011461.7727880003 }, "geometry": { "type": "Point", "coordinates": [ 15439051.196514, 5011461.772788000293076 ] } },
{ "type": "Feature", "properties": { "15380279.394525": 15439425.081356, "5025475.223726": 5011495.4865300003 }, "geometry": { "type": "Point", "coordinates": [ 15439425.081356, 5011495.486530000343919 ] } },
{ "type": "Feature", "properties": { "15380279.394525": 15422348.431925001, "5025475.223726": 5018375.4021389997 }, "geometry": { "type": "Point", "coordinates": [ 15422348.431925, 5018375.402138999663293 ] } },
{ "type": "Feature", "properties": { "15380279.394525": 15422726.671119999, "5025475.223726": 5018325.1800690005 }, "geometry": { "type": "Point", "coordinates": [ 15422726.67112, 5018325.180069000460207 ] } },
{ "type": "Feature", "properties": { "15380279.394525": 15423104.862684, "5025475.223726": 5018275.0332340002 }, "geometry": { "type": "Point", "coordinates": [ 15423104.862684, 5018275.033234000205994 ] } },
{ "type": "Feature", "properties": { "15380279.394525": 15423483.028639, "5025475.223726": 5018225.0340639995 }, "geometry": { "type": "Point", "coordinates": [ 15423483.028639, 5018225.034063999541104 ] } },
{ "type": "Feature", "properties": { "15380279.394525": 15423861.191006999, "5025475.223726": 5018175.2549909996 }, "geometry": { "type": "Point", "coordinates": [ 15423861.191007, 5018175.25499099958688 ] } },
{ "type": "Feature", "properties": { "15380279.394525": 15424239.37181, "5025475.223726": 5018125.7684479998 }, "geometry": { "type": "Point", "coordinates": [ 15424239.37181, 5018125.768447999842465 ] } },
{ "type": "Feature", "properties": { "15380279.394525": 15424617.59307, "5025475.223726": 5018076.6468639998 }, "geometry": { "type": "Point", "coordinates": [ 15424617.59307, 5018076.646863999776542 ] } },
{ "type": "Feature", "properties": { "15380279.394525": 15424995.876808001, "5025475.223726": 5018027.9626730001 }, "geometry": { "type": "Point", "coordinates": [ 15424995.876808, 5018027.962673 ] } },
{ "type": "Feature", "properties": { "15380279.394525": 15425374.245046001, "5025475.223726": 5017979.7883050004 }, "geometry": { "type": "Point", "coordinates": [ 15425374.245046, 5017979.788305000402033 ] } },
{ "type": "Feature", "properties": { "15380279.394525": 15425752.719806001, "5025475.223726": 5017932.1961920001 }, "geometry": { "type": "Point", "coordinates": [ 15425752.719806, 5017932.196192 ] } },
{ "type": "Feature", "properties": { "15380279.394525": 15426131.323109999, "5025475.223726": 5017885.2587649999 }, "geometry": { "type": "Point", "coordinates": [ 15426131.32311, 5017885.258765 ] } },
{ "type": "Feature", "properties": { "15380279.394525": 15426510.076979, "5025475.223726": 5017839.0484560002 }, "geometry": { "type": "Point", "coordinates": [ 15426510.076979, 5017839.048456000164151 ] } },
{ "type": "Feature", "properties": { "15380279.394525": 15426889.003435001, "5025475.223726": 5017793.6376970001 }, "geometry": { "type": "Point", "coordinates": [ 15426889.003435, 5017793.637697 ] } },
{ "type": "Feature", "properties": { "15380279.394525": 15427268.124500001, "5025475.223726": 5017749.0989189995 }, "geometry": { "type": "Point", "coordinates": [ 15427268.1245, 5017749.098918999545276 ] } },
{ "type": "Feature", "properties": { "15380279.394525": 15427647.462195, "5025475.223726": 5017705.5045530004 }, "geometry": { "type": "Point", "coordinates": [ 15427647.462195, 5017705.504553000442684 ] } },
{ "type": "Feature", "properties": { "15380279.394525": 15428027.038543001, "5025475.223726": 5017662.9270310001 }, "geometry": { "type": "Point", "coordinates": [ 15428027.038543, 5017662.92703100014478 ] } },
{ "type": "Feature", "properties": { "15380279.394525": 15428406.875565, "5025475.223726": 5017621.4387849998 }, "geometry": { "type": "Point", "coordinates": [ 15428406.875565, 5017621.438784999772906 ] } },
{ "type": "Feature", "properties": { "15380279.394525": 15428790.750775, "5025475.223726": 5017580.7574490001 }, "geometry": { "type": "Point", "coordinates": [ 15428790.750775, 5017580.757449000142515 ] } },
{ "type": "Feature", "properties": { "15380279.394525": 15429174.748865001, "5025475.223726": 5017541.6014609998 }, "geometry": { "type": "Point", "coordinates": [ 15429174.748865, 5017541.601460999809206 ] } },
{ "type": "Feature", "properties": { "15380279.394525": 15429558.86915, "5025475.223726": 5017504.3042360004 }, "geometry": { "type": "Point", "coordinates": [ 15429558.86915, 5017504.304236000403762 ] } },
{ "type": "Feature", "properties": { "15380279.394525": 15429943.110948, "5025475.223726": 5017469.1991919996 }, "geometry": { "type": "Point", "coordinates": [ 15429943.110948, 5017469.199191999621689 ] } },
{ "type": "Feature", "properties": { "15380279.394525": 15430327.473576, "5025475.223726": 5017436.6197459996 }, "geometry": { "type": "Point", "coordinates": [ 15430327.473576, 5017436.619745999574661 ] } },
{ "type": "Feature", "properties": { "15380279.394525": 15430711.956350001, "5025475.223726": 5017406.8993149996 }, "geometry": { "type": "Point", "coordinates": [ 15430711.95635, 5017406.899314999580383 ] } },
{ "type": "Feature", "properties": { "15380279.394525": 15431096.558588, "5025475.223726": 5017380.3713149996 }, "geometry": { "type": "Point", "coordinates": [ 15431096.558588, 5017380.371314999647439 ] } },
{ "type": "Feature", "properties": { "15380279.394525": 15431481.279606, "5025475.223726": 5017357.3691640003 }, "geometry": { "type": "Point", "coordinates": [ 15431481.279606, 5017357.3691640002653 ] } },
{ "type": "Feature", "properties": { "15380279.394525": 15431866.118721001, "5025475.223726": 5017338.2262789998 }, "geometry": { "type": "Point", "coordinates": [ 15431866.118721, 5017338.226278999820352 ] } },
{ "type": "Feature", "properties": { "15380279.394525": 15432251.075251, "5025475.223726": 5017323.2760760002 }, "geometry": { "type": "Point", "coordinates": [ 15432251.075251, 5017323.276076000183821 ] } },
{ "type": "Feature", "properties": { "15380279.394525": 15432636.148511, "5025475.223726": 5017312.851973 }, "geometry": { "type": "Point", "coordinates": [ 15432636.148511, 5017312.851973 ] } },
{ "type": "Feature", "properties": { "15380279.394525": 15433021.337819999, "5025475.223726": 5017307.2873870004 }, "geometry": { "type": "Point", "coordinates": [ 15433021.33782, 5017307.287387000396848 ] } },
{ "type": "Feature", "properties": { "15380279.394525": 15433386.684397999, "5025475.223726": 5017306.6879169997 }, "geometry": { "type": "Point", "coordinates": [ 15433386.684398, 5017306.687916999682784 ] } },
{ "type": "Feature", "properties": { "15380279.394525": 15433751.969193, "5025475.223726": 5017310.3412840003 }, "geometry": { "type": "Point", "coordinates": [ 15433751.969193, 5017310.341284000314772 ] } },
{ "type": "Feature", "properties": { "15380279.394525": 15434117.208087999, "5025475.223726": 5017317.8218149999 }, "geometry": { "type": "Point", "coordinates": [ 15434117.208088, 5017317.821815 ] } },
{ "type": "Feature", "properties": { "15380279.394525": 15434482.416967001, "5025475.223726": 5017328.7038350003 }, "geometry": { "type": "Point", "coordinates": [ 15434482.416967, 5017328.703835000284016 ] } },
{ "type": "Feature", "properties": { "15380279.394525": 15434847.611716, "5025475.223726": 5017342.5616699997 }, "geometry": { "type": "Point", "coordinates": [ 15434847.611716, 5017342.561669999733567 ] } },
{ "type": "Feature", "properties": { "15380279.394525": 15435212.808218, "5025475.223726": 5017358.9696479999 }, "geometry": { "type": "Point", "coordinates": [ 15435212.808218, 5017358.969647999852896 ] } },
{ "type": "Feature", "properties": { "15380279.394525": 15435578.022357, "5025475.223726": 5017377.5020939996 }, "geometry": { "type": "Point", "coordinates": [ 15435578.022357, 5017377.502093999646604 ] } },
{ "type": "Feature", "properties": { "15380279.394525": 15435943.270019, "5025475.223726": 5017397.7333350005 }, "geometry": { "type": "Point", "coordinates": [ 15435943.270019, 5017397.73333500046283 ] } },
{ "type": "Feature", "properties": { "15380279.394525": 15436308.567087, "5025475.223726": 5017419.2376960004 }, "geometry": { "type": "Point", "coordinates": [ 15436308.567087, 5017419.237696000374854 ] } },
{ "type": "Feature", "properties": { "15380279.394525": 15436673.929446001, "5025475.223726": 5017441.5895039998 }, "geometry": { "type": "Point", "coordinates": [ 15436673.929446, 5017441.58950399979949 ] } },
{ "type": "Feature", "properties": { "15380279.394525": 15437039.37298, "5025475.223726": 5017464.3630860001 }, "geometry": { "type": "Point", "coordinates": [ 15437039.37298, 5017464.363086 ] } },
{ "type": "Feature", "properties": { "15380279.394525": 15432770.210622, "5025475.223726": 5018563.8929780005 }, "geometry": { "type": "Point", "coordinates": [ 15432770.210622, 5018563.892978000454605 ] } },
{ "type": "Feature", "properties": { "15380279.394525": 15433145.275146, "5025475.223726": 5018429.1521800002 }, "geometry": { "type": "Point", "coordinates": [ 15433145.275146, 5018429.152180000208318 ] } },
{ "type": "Feature", "properties": { "15380279.394525": 15433520.546001, "5025475.223726": 5018296.3085059999 }, "geometry": { "type": "Point", "coordinates": [ 15433520.546001, 5018296.308505999855697 ] } },
{ "type": "Feature", "properties": { "15380279.394525": 15433896.342928, "5025475.223726": 5018167.2397729997 }, "geometry": { "type": "Point", "coordinates": [ 15433896.342928, 5018167.239772999659181 ] } },
{ "type": "Feature", "properties": { "15380279.394525": 15434272.985664001, "5025475.223726": 5018043.8237929996 }, "geometry": { "type": "Point", "coordinates": [ 15434272.985664, 5018043.823792999610305 ] } },
{ "type": "Feature", "properties": { "15380279.394525": 15434650.793950001, "5025475.223726": 5017927.938383 }, "geometry": { "type": "Point", "coordinates": [ 15434650.79395, 5017927.938383 ] } },
{ "type": "Feature", "properties": { "15380279.394525": 15435030.087525001, "5025475.223726": 5017821.4613549998 }, "geometry": { "type": "Point", "coordinates": [ 15435030.087525, 5017821.461354999803007 ] } },
{ "type": "Feature", "properties": { "15380279.394525": 15435411.186125999, "5025475.223726": 5017726.2705250001 }, "geometry": { "type": "Point", "coordinates": [ 15435411.186126, 5017726.270525 ] } },
{ "type": "Feature", "properties": { "15380279.394525": 15435794.409494, "5025475.223726": 5017644.2437070003 }, "geometry": { "type": "Point", "coordinates": [ 15435794.409494, 5017644.243707000277936 ] } },
{ "type": "Feature", "properties": { "15380279.394525": 15436180.077367, "5025475.223726": 5017577.2587160002 }, "geometry": { "type": "Point", "coordinates": [ 15436180.077367, 5017577.258716000244021 ] } },
{ "type": "Feature", "properties": { "15380279.394525": 15436568.509485001, "5025475.223726": 5017527.1933650002 }, "geometry": { "type": "Point", "coordinates": [ 15436568.509485, 5017527.193365000188351 ] } },
{ "type": "Feature", "properties": { "15380279.394525": 15436932.874988001, "5025475.223726": 5017496.3108350001 }, "geometry": { "type": "Point", "coordinates": [ 15436932.874988, 5017496.310835000127554 ] } },
{ "type": "Feature", "properties": { "15380279.394525": 15437298.932561001, "5025475.223726": 5017476.4834660003 }, "geometry": { "type": "Point", "coordinates": [ 15437298.932561, 5017476.483466000296175 ] } },
{ "type": "Feature", "properties": { "15380279.394525": 15437665.971649, "5025475.223726": 5017462.4016169999 }, "geometry": { "type": "Point", "coordinates": [ 15437665.971649, 5017462.401616999879479 ] } },
{ "type": "Feature", "properties": { "15380279.394525": 15438033.281699, "5025475.223726": 5017448.755651 }, "geometry": { "type": "Point", "coordinates": [ 15438033.281699, 5017448.755651 ] } },
{ "type": "Feature", "properties": { "15380279.394525": 15438400.152155001, "5025475.223726": 5017430.2359269997 }, "geometry": { "type": "Point", "coordinates": [ 15438400.152155, 5017430.2359269997105 ] } },
{ "type": "Feature", "properties": { "15380279.394525": 15438765.872462999, "5025475.223726": 5017401.5328059997 }, "geometry": { "type": "Point", "coordinates": [ 15438765.872463, 5017401.532805999740958 ] } },
{ "type": "Feature", "properties": { "15380279.394525": 15439146.222937999, "5025475.223726": 5017356.4170979997 }, "geometry": { "type": "Point", "coordinates": [ 15439146.222938, 5017356.417097999714315 ] } },
{ "type": "Feature", "properties": { "15380279.394525": 15439524.626218, "5025475.223726": 5017297.4209890002 }, "geometry": { "type": "Point", "coordinates": [ 15439524.626218, 5017297.420989000238478 ] } },
{ "type": "Feature", "properties": { "15380279.394525": 15439901.518684, "5025475.223726": 5017227.5346539998 }, "geometry": { "type": "Point", "coordinates": [ 15439901.518684, 5017227.534653999842703 ] } },
{ "type": "Feature", "properties": { "15380279.394525": 15440277.336717, "5025475.223726": 5017149.7482679999 }, "geometry": { "type": "Point", "coordinates": [ 15440277.336717, 5017149.748267999850214 ] } },
{ "type": "Feature", "properties": { "15380279.394525": 15440652.516698999, "5025475.223726": 5017067.0520090004 }, "geometry": { "type": "Point", "coordinates": [ 15440652.516699, 5017067.052009000442922 ] } },
{ "type": "Feature", "properties": { "15380279.394525": 15441027.495012, "5025475.223726": 5016982.4360509999 }, "geometry": { "type": "Point", "coordinates": [ 15441027.495012, 5016982.436051 ] } },
{ "type": "Feature", "properties": { "15380279.394525": 15441402.708037, "5025475.223726": 5016898.8905699998 }, "geometry": { "type": "Point", "coordinates": [ 15441402.708037, 5016898.890569999814034 ] } },
{ "type": "Feature", "properties": { "15380279.394525": 15441797.294872001, "5025475.223726": 5016814.7967870003 }, "geometry": { "type": "Point", "coordinates": [ 15441797.294872, 5016814.796787000261247 ] } },
{ "type": "Feature", "properties": { "15380279.394525": 15442192.137436001, "5025475.223726": 5016733.9549599998 }, "geometry": { "type": "Point", "coordinates": [ 15442192.137436, 5016733.954959999769926 ] } },
{ "type": "Feature", "properties": { "15380279.394525": 15442587.090613, "5025475.223726": 5016655.0763140004 }, "geometry": { "type": "Point", "coordinates": [ 15442587.090613, 5016655.076314000412822 ] } },
{ "type": "Feature", "properties": { "15380279.394525": 15442982.009292999, "5025475.223726": 5016576.8720749998 }, "geometry": { "type": "Point", "coordinates": [ 15442982.009293, 5016576.872074999846518 ] } },
{ "type": "Feature", "properties": { "15380279.394525": 15443376.748361001, "5025475.223726": 5016498.0534690004 }, "geometry": { "type": "Point", "coordinates": [ 15443376.748361, 5016498.053469000384212 ] } },
{ "type": "Feature", "properties": { "15380279.394525": 15443771.162704, "5025475.223726": 5016417.3317200001 }, "geometry": { "type": "Point", "coordinates": [ 15443771.162704, 5016417.331720000132918 ] } },
{ "type": "Feature", "properties": { "15380279.394525": 15444165.107209001, "5025475.223726": 5016333.4180539995 }, "geometry": { "type": "Point", "coordinates": [ 15444165.107209, 5016333.41805399954319 ] } },
{ "type": "Feature", "properties": { "15380279.394525": 15444557.347608, "5025475.223726": 5016246.0152049996 }, "geometry": { "type": "Point", "coordinates": [ 15444557.347608, 5016246.015204999595881 ] } },
{ "type": "Feature", "properties": { "15380279.394525": 15444949.220099, "5025475.223726": 5016157.2665499998 }, "geometry": { "type": "Point", "coordinates": [ 15444949.220099, 5016157.266549999825656 ] } },
{ "type": "Feature", "properties": { "15380279.394525": 15445341.422390999, "5025475.223726": 5016070.2020119997 }, "geometry": { "type": "Point", "coordinates": [ 15445341.422391, 5016070.202011999674141 ] } },
{ "type": "Feature", "properties": { "15380279.394525": 15445734.652194001, "5025475.223726": 5015987.8515170002 }, "geometry": { "type": "Point", "coordinates": [ 15445734.652194, 5015987.851517000235617 ] } },
{ "type": "Feature", "properties": { "15380279.394525": 15446097.037435001, "5025475.223726": 5015918.4678250002 }, "geometry": { "type": "Point", "coordinates": [ 15446097.037435, 5015918.467825000174344 ] } },
{ "type": "Feature", "properties": { "15380279.394525": 15446460.383176001, "5025475.223726": 5015854.8567460002 }, "geometry": { "type": "Point", "coordinates": [ 15446460.383176, 5015854.856746000237763 ] } },
{ "type": "Feature", "properties": { "15380279.394525": 15446824.571162, "5025475.223726": 5015796.1901430003 }, "geometry": { "type": "Point", "coordinates": [ 15446824.571162, 5015796.190143000334501 ] } },
{ "type": "Feature", "properties": { "15380279.394525": 15447189.483139001, "5025475.223726": 5015741.6398820002 }, "geometry": { "type": "Point", "coordinates": [ 15447189.483139, 5015741.639882000163198 ] } },
{ "type": "Feature", "properties": { "15380279.394525": 15447555.000852, "5025475.223726": 5015690.3778280001 }, "geometry": { "type": "Point", "coordinates": [ 15447555.000852, 5015690.377828000113368 ] } },
{ "type": "Feature", "properties": { "15380279.394525": 15447921.006046999, "5025475.223726": 5015641.5758459996 }, "geometry": { "type": "Point", "coordinates": [ 15447921.006047, 5015641.575845999643207 ] } },
{ "type": "Feature", "properties": { "15380279.394525": 15448287.38047, "5025475.223726": 5015594.4058020003 }, "geometry": { "type": "Point", "coordinates": [ 15448287.38047, 5015594.405802000313997 ] } },
{ "type": "Feature", "properties": { "15380279.394525": 15448654.005865, "5025475.223726": 5015548.0395600004 }, "geometry": { "type": "Point", "coordinates": [ 15448654.005865, 5015548.039560000412166 ] } },
{ "type": "Feature", "properties": { "15380279.394525": 15430196.156848, "5025475.223726": 5014574.1702269996 }, "geometry": { "type": "Point", "coordinates": [ 15430196.156848, 5014574.170226999558508 ] } },
{ "type": "Feature", "properties": { "15380279.394525": 15430120.951331999, "5025475.223726": 5014204.3474430004 }, "geometry": { "type": "Point", "coordinates": [ 15430120.951332, 5014204.347443000413477 ] } },
{ "type": "Feature", "properties": { "15380279.394525": 15430047.298690001, "5025475.223726": 5013834.4148840001 }, "geometry": { "type": "Point", "coordinates": [ 15430047.29869, 5013834.414884 ] } },
{ "type": "Feature", "properties": { "15380279.394525": 15429976.718815999, "5025475.223726": 5013464.044392 }, "geometry": { "type": "Point", "coordinates": [ 15429976.718816, 5013464.044392 ] } },
{ "type": "Feature", "properties": { "15380279.394525": 15429910.731605001, "5025475.223726": 5013092.9078099998 }, "geometry": { "type": "Point", "coordinates": [ 15429910.731605, 5013092.907809999771416 ] } },
{ "type": "Feature", "properties": { "15380279.394525": 15429850.856951, "5025475.223726": 5012720.6769810002 }, "geometry": { "type": "Point", "coordinates": [ 15429850.856951, 5012720.676981000229716 ] } },
{ "type": "Feature", "properties": { "15380279.394525": 15429807.111652, "5025475.223726": 5012415.030026 }, "geometry": { "type": "Point", "coordinates": [ 15429807.111652, 5012415.030026 ] } },
{ "type": "Feature", "properties": { "15380279.394525": 15429767.238862, "5025475.223726": 5012108.8892360004 }, "geometry": { "type": "Point", "coordinates": [ 15429767.238862, 5012108.889236000366509 ] } },
{ "type": "Feature", "properties": { "15380279.394525": 15429729.936492, "5025475.223726": 5011802.3447059998 }, "geometry": { "type": "Point", "coordinates": [ 15429729.936492, 5011802.344705999828875 ] } },
{ "type": "Feature", "properties": { "15380279.394525": 15429693.902453, "5025475.223726": 5011495.4865300003 }, "geometry": { "type": "Point", "coordinates": [ 15429693.902453, 5011495.486530000343919 ] } },
{ "type": "Feature", "properties": { "15380279.394525": 15432895.774220999, "5025475.223726": 5014699.830786 }, "geometry": { "type": "Point", "coordinates": [ 15432895.774221, 5014699.830786 ] } },
{ "type": "Feature", "properties": { "15380279.394525": 15432788.97364, "5025475.223726": 5014318.9685779996 }, "geometry": { "type": "Point", "coordinates": [ 15432788.97364, 5014318.96857799962163 ] } },
{ "type": "Feature", "properties": { "15380279.394525": 15432686.913792999, "5025475.223726": 5013937.6195520004 }, "geometry": { "type": "Point", "coordinates": [ 15432686.913793, 5013937.619552000425756 ] } },
{ "type": "Feature", "properties": { "15380279.394525": 15432594.306977, "5025475.223726": 5013555.0692769997 }, "geometry": { "type": "Point", "coordinates": [ 15432594.306977, 5013555.069276999682188 ] } },
{ "type": "Feature", "properties": { "15380279.394525": 15432515.865488, "5025475.223726": 5013170.6033239998 }, "geometry": { "type": "Point", "coordinates": [ 15432515.865488, 5013170.603323999792337 ] } },
{ "type": "Feature", "properties": { "15380279.394525": 15432456.301625, "5025475.223726": 5012783.5072609996 }, "geometry": { "type": "Point", "coordinates": [ 15432456.301625, 5012783.507260999642313 ] } },
{ "type": "Feature", "properties": { "15380279.394525": 15432422.605768001, "5025475.223726": 5012446.9336339999 }, "geometry": { "type": "Point", "coordinates": [ 15432422.605768, 5012446.93363399989903 ] } },
{ "type": "Feature", "properties": { "15380279.394525": 15432403.011093, "5025475.223726": 5012108.6189289996 }, "geometry": { "type": "Point", "coordinates": [ 15432403.011093, 5012108.618928999640048 ] } },
{ "type": "Feature", "properties": { "15380279.394525": 15432393.986167001, "5025475.223726": 5011768.9492819998 }, "geometry": { "type": "Point", "coordinates": [ 15432393.986167, 5011768.949281999841332 ] } },
{ "type": "Feature", "properties": { "15380279.394525": 15432391.999555999, "5025475.223726": 5011428.3108310001 }, "geometry": { "type": "Point", "coordinates": [ 15432391.999556, 5011428.310831 ] } },
{ "type": "Feature", "properties": { "15380279.394525": 15432393.519826001, "5025475.223726": 5011087.0897129998 }, "geometry": { "type": "Point", "coordinates": [ 15432393.519826, 5011087.089712999761105 ] } },
{ "type": "Feature", "properties": { "15380279.394525": 15427496.539473999, "5025475.223726": 5013380.3949159998 }, "geometry": { "type": "Point", "coordinates": [ 15427496.539474, 5013380.39491599984467 ] } },
{ "type": "Feature", "properties": { "15380279.394525": 15429945.029650001, "5025475.223726": 5013380.3949159998 }, "geometry": { "type": "Point", "coordinates": [ 15429945.02965, 5013380.39491599984467 ] } },
{ "type": "Feature", "properties": { "15380279.394525": 15438295.008967999, "5025475.223726": 5014542.7550879996 }, "geometry": { "type": "Point", "coordinates": [ 15438295.008968, 5014542.755087999626994 ] } },
{ "type": "Feature", "properties": { "15380279.394525": 15438514.745265, "5025475.223726": 5011495.4865300003 }, "geometry": { "type": "Point", "coordinates": [ 15438514.745265, 5011495.486530000343919 ] } },
{ "type": "Feature", "properties": { "15380279.394525": 15422756.513621001, "5025475.223726": 5020511.6316430001 }, "geometry": { "type": "Point", "coordinates": [ 15422756.513621, 5020511.631643 ] } },
{ "type": "Feature", "properties": { "15380279.394525": 15424200.495007001, "5025475.223726": 5018124.0810209997 }, "geometry": { "type": "Point", "coordinates": [ 15424200.495007, 5018124.081020999699831 ] } },
{ "type": "Feature", "properties": { "15380279.394525": 15428658.002762999, "5025475.223726": 5019380.6866119998 }, "geometry": { "type": "Point", "coordinates": [ 15428658.002763, 5019380.686611999757588 ] } },
{ "type": "Feature", "properties": { "15380279.394525": 15429379.993456, "5025475.223726": 5017495.7782260003 }, "geometry": { "type": "Point", "coordinates": [ 15429379.993456, 5017495.778226000256836 ] } },
{ "type": "Feature", "properties": { "15380279.394525": 15423886.58601, "5025475.223726": 5020700.1224819999 }, "geometry": { "type": "Point", "coordinates": [ 15423886.58601, 5020700.122482 ] } },
{ "type": "Feature", "properties": { "15380279.394525": 15424248.139998, "5025475.223726": 5020733.0446370002 }, "geometry": { "type": "Point", "coordinates": [ 15424248.139998, 5020733.044637000188231 ] } },
{ "type": "Feature", "properties": { "15380279.394525": 15424609.49776, "5025475.223726": 5020766.5936489999 }, "geometry": { "type": "Point", "coordinates": [ 15424609.49776, 5020766.593649 ] } },
{ "type": "Feature", "properties": { "15380279.394525": 15424970.638871999, "5025475.223726": 5020801.4180269996 }, "geometry": { "type": "Point", "coordinates": [ 15424970.638872, 5020801.418026999570429 ] } },
{ "type": "Feature", "properties": { "15380279.394525": 15425331.542912999, "5025475.223726": 5020838.166282 }, "geometry": { "type": "Point", "coordinates": [ 15425331.542913, 5020838.166282 ] } },
{ "type": "Feature", "properties": { "15380279.394525": 15425692.189459, "5025475.223726": 5020877.4869229998 }, "geometry": { "type": "Point", "coordinates": [ 15425692.189459, 5020877.486922999843955 ] } },
{ "type": "Feature", "properties": { "15380279.394525": 15426052.558088999, "5025475.223726": 5020920.0284599997 }, "geometry": { "type": "Point", "coordinates": [ 15426052.558089, 5020920.028459999710321 ] } },
{ "type": "Feature", "properties": { "15380279.394525": 15426414.3837, "5025475.223726": 5020966.4581840001 }, "geometry": { "type": "Point", "coordinates": [ 15426414.3837, 5020966.458184000104666 ] } },
{ "type": "Feature", "properties": { "15380279.394525": 15426775.692172, "5025475.223726": 5021016.1139059998 }, "geometry": { "type": "Point", "coordinates": [ 15426775.692172, 5021016.113905999809504 ] } },
{ "type": "Feature", "properties": { "15380279.394525": 15427136.62228, "5025475.223726": 5021068.3547809999 }, "geometry": { "type": "Point", "coordinates": [ 15427136.62228, 5021068.354781 ] } },
{ "type": "Feature", "properties": { "15380279.394525": 15427497.312798001, "5025475.223726": 5021122.539961 }, "geometry": { "type": "Point", "coordinates": [ 15427497.312798, 5021122.539961 ] } },
{ "type": "Feature", "properties": { "15380279.394525": 15427857.902503001, "5025475.223726": 5021178.0286029996 }, "geometry": { "type": "Point", "coordinates": [ 15427857.902503, 5021178.028602999635041 ] } },
{ "type": "Feature", "properties": { "15380279.394525": 15428218.530167, "5025475.223726": 5021234.179858 }, "geometry": { "type": "Point", "coordinates": [ 15428218.530167, 5021234.179858 ] } },
{ "type": "Feature", "properties": { "15380279.394525": 15427873.230271, "5025475.223726": 5021831.0675130002 }, "geometry": { "type": "Point", "coordinates": [ 15427873.230271, 5021831.06751300022006 ] } },
{ "type": "Feature", "properties": { "15380279.394525": 15428236.500759, "5025475.223726": 5021911.6043980001 }, "geometry": { "type": "Point", "coordinates": [ 15428236.500759, 5021911.604398 ] } },
{ "type": "Feature", "properties": { "15380279.394525": 15428599.879975, "5025475.223726": 5021986.1419500001 }, "geometry": { "type": "Point", "coordinates": [ 15428599.879975, 5021986.14195 ] } },
{ "type": "Feature", "properties": { "15380279.394525": 15428963.691165, "5025475.223726": 5022048.684684 }, "geometry": { "type": "Point", "coordinates": [ 15428963.691165, 5022048.684684 ] } },
{ "type": "Feature", "properties": { "15380279.394525": 15429328.257575, "5025475.223726": 5022093.2371190004 }, "geometry": { "type": "Point", "coordinates": [ 15429328.257575, 5022093.237119000405073 ] } },
{ "type": "Feature", "properties": { "15380279.394525": 15429693.902453, "5025475.223726": 5022113.8037710004 }, "geometry": { "type": "Point", "coordinates": [ 15429693.902453, 5022113.803771000355482 ] } },
{ "type": "Feature", "properties": { "15380279.394525": 15430007.110655, "5025475.223726": 5022109.3899100004 }, "geometry": { "type": "Point", "coordinates": [ 15430007.110655, 5022109.389910000376403 ] } },
{ "type": "Feature", "properties": { "15380279.394525": 15430320.85409, "5025475.223726": 5022088.5627370002 }, "geometry": { "type": "Point", "coordinates": [ 15430320.85409, 5022088.56273700017482 ] } },
{ "type": "Feature", "properties": { "15380279.394525": 15430635.030703999, "5025475.223726": 5022056.7947260002 }, "geometry": { "type": "Point", "coordinates": [ 15430635.030704, 5022056.794726000167429 ] } },
{ "type": "Feature", "properties": { "15380279.394525": 15430949.53844, "5025475.223726": 5022019.5583520001 }, "geometry": { "type": "Point", "coordinates": [ 15430949.53844, 5022019.558352 ] } },
{ "type": "Feature", "properties": { "15380279.394525": 15432173.783528, "5025475.223726": 5023024.8428250002 }, "geometry": { "type": "Point", "coordinates": [ 15432173.783528, 5023024.842825000174344 ] } },
{ "type": "Feature", "properties": { "15380279.394525": 15432543.040433999, "5025475.223726": 5022739.5698779998 }, "geometry": { "type": "Point", "coordinates": [ 15432543.040434, 5022739.569877999834716 ] } },
{ "type": "Feature", "properties": { "15380279.394525": 15432878.596884999, "5025475.223726": 5022432.7377690002 }, "geometry": { "type": "Point", "coordinates": [ 15432878.596885, 5022432.73776900023222 ] } },
{ "type": "Feature", "properties": { "15380279.394525": 15433146.901418, "5025475.223726": 5022082.3886320004 }, "geometry": { "type": "Point", "coordinates": [ 15433146.901418, 5022082.388632000423968 ] } },
{ "type": "Feature", "properties": { "15380279.394525": 15433301.161808001, "5025475.223726": 5021748.5718339998 }, "geometry": { "type": "Point", "coordinates": [ 15433301.161808, 5021748.571833999827504 ] } },
{ "type": "Feature", "properties": { "15380279.394525": 15433408.691708, "5025475.223726": 5021387.0006379997 }, "geometry": { "type": "Point", "coordinates": [ 15433408.691708, 5021387.000637999735773 ] } },
{ "type": "Feature", "properties": { "15380279.394525": 15433492.201315001, "5025475.223726": 5021014.2738800002 }, "geometry": { "type": "Point", "coordinates": [ 15433492.201315, 5021014.2738800002262 ] } },
{ "type": "Feature", "properties": { "15380279.394525": 15433562.182066999, "5025475.223726": 5020681.876251 }, "geometry": { "type": "Point", "coordinates": [ 15433562.182067, 5020681.876251 ] } },
{ "type": "Feature", "properties": { "15380279.394525": 15433628.788911, "5025475.223726": 5020352.4430950005 }, "geometry": { "type": "Point", "coordinates": [ 15433628.788911, 5020352.443095000460744 ] } },
{ "type": "Feature", "properties": { "15380279.394525": 15433689.883757001, "5025475.223726": 5020024.0663630003 }, "geometry": { "type": "Point", "coordinates": [ 15433689.883757, 5020024.066363000310957 ] } },
{ "type": "Feature", "properties": { "15380279.394525": 15433743.328513, "5025475.223726": 5019694.8380089998 }, "geometry": { "type": "Point", "coordinates": [ 15433743.328513, 5019694.838008999824524 ] } },
{ "type": "Feature", "properties": { "15380279.394525": 15433794.520570001, "5025475.223726": 5019305.1491949996 }, "geometry": { "type": "Point", "coordinates": [ 15433794.52057, 5019305.149194999597967 ] } },
{ "type": "Feature", "properties": { "15380279.394525": 15433835.439494999, "5025475.223726": 5018912.9634990003 }, "geometry": { "type": "Point", "coordinates": [ 15433835.439495, 5018912.963499000295997 ] } },
{ "type": "Feature", "properties": { "15380279.394525": 15433869.541553, "5025475.223726": 5018519.0258109998 }, "geometry": { "type": "Point", "coordinates": [ 15433869.541553, 5018519.025810999795794 ] } },
{ "type": "Feature", "properties": { "15380279.394525": 15433900.283011001, "5025475.223726": 5018124.0810209997 }, "geometry": { "type": "Point", "coordinates": [ 15433900.283011, 5018124.081020999699831 ] } },
{ "type": "Feature", "properties": { "15380279.394525": 15423478.504314, "5025475.223726": 5022836.3519860003 }, "geometry": { "type": "Point", "coordinates": [ 15423478.504314, 5022836.351986000314355 ] } },
{ "type": "Feature", "properties": { "15380279.394525": 15423827.620454, "5025475.223726": 5023244.6654700004 }, "geometry": { "type": "Point", "coordinates": [ 15423827.620454, 5023244.665470000356436 ] } },
{ "type": "Feature", "properties": { "15380279.394525": 15424197.306724999, "5025475.223726": 5023621.5660659997 }, "geometry": { "type": "Point", "coordinates": [ 15424197.306725, 5023621.566065999679267 ] } },
{ "type": "Feature", "properties": { "15380279.394525": 15424608.576703001, "5025475.223726": 5023935.8818779998 }, "geometry": { "type": "Point", "coordinates": [ 15424608.576703, 5023935.88187799975276 ] } },
{ "type": "Feature", "properties": { "15380279.394525": 15424895.986151, "5025475.223726": 5024090.6232650001 }, "geometry": { "type": "Point", "coordinates": [ 15424895.986151, 5024090.623265 ] } },
{ "type": "Feature", "properties": { "15380279.394525": 15425200.624841001, "5025475.223726": 5024218.7868560003 }, "geometry": { "type": "Point", "coordinates": [ 15425200.624841, 5024218.786856000311673 ] } },
{ "type": "Feature", "properties": { "15380279.394525": 15425515.300734, "5025475.223726": 5024331.158516 }, "geometry": { "type": "Point", "coordinates": [ 15425515.300734, 5024331.158516 ] } },
{ "type": "Feature", "properties": { "15380279.394525": 15425832.821791001, "5025475.223726": 5024438.5241139997 }, "geometry": { "type": "Point", "coordinates": [ 15425832.821791, 5024438.524113999679685 ] } },
{ "type": "Feature", "properties": { "15380279.394525": 15426191.220462, "5025475.223726": 5024565.615119 }, "geometry": { "type": "Point", "coordinates": [ 15426191.220462, 5024565.615119 ] } },
{ "type": "Feature", "properties": { "15380279.394525": 15426545.049969999, "5025475.223726": 5024698.1747519998 }, "geometry": { "type": "Point", "coordinates": [ 15426545.04997, 5024698.174751999787986 ] } },
{ "type": "Feature", "properties": { "15380279.394525": 15426895.913009999, "5025475.223726": 5024834.4234109996 }, "geometry": { "type": "Point", "coordinates": [ 15426895.91301, 5024834.423410999588668 ] } },
{ "type": "Feature", "properties": { "15380279.394525": 15427245.412277, "5025475.223726": 5024972.5814899998 }, "geometry": { "type": "Point", "coordinates": [ 15427245.412277, 5024972.581489999778569 ] } },
{ "type": "Feature", "properties": { "15380279.394525": 15422505.386423999, "5025475.223726": 5025003.99663 }, "geometry": { "type": "Point", "coordinates": [ 15422505.386424, 5025003.99663 ] } },
{ "type": "Feature", "properties": { "15380279.394525": 15425958.38539, "5025475.223726": 5024501.354394 }, "geometry": { "type": "Point", "coordinates": [ 15425958.38539, 5024501.354394 ] } },
{ "type": "Feature", "properties": { "15380279.394525": 15426492.030684, "5025475.223726": 5024627.0149529995 }, "geometry": { "type": "Point", "coordinates": [ 15426492.030684, 5024627.014952999539673 ] } },
{ "type": "Feature", "properties": { "15380279.394525": 15426881.090802999, "5025475.223726": 5024585.5499799997 }, "geometry": { "type": "Point", "coordinates": [ 15426881.090803, 5024585.549979999661446 ] } },
{ "type": "Feature", "properties": { "15380279.394525": 15427270.083474999, "5025475.223726": 5024545.0354589997 }, "geometry": { "type": "Point", "coordinates": [ 15427270.083475, 5024545.035458999685943 ] } },
{ "type": "Feature", "properties": { "15380279.394525": 15427659.169663999, "5025475.223726": 5024506.4043389997 }, "geometry": { "type": "Point", "coordinates": [ 15427659.169664, 5024506.404338999651372 ] } },
{ "type": "Feature", "properties": { "15380279.394525": 15428048.510338999, "5025475.223726": 5024470.5895739999 }, "geometry": { "type": "Point", "coordinates": [ 15428048.510339, 5024470.589573999866843 ] } },
{ "type": "Feature", "properties": { "15380279.394525": 15428438.266465001, "5025475.223726": 5024438.5241139997 }, "geometry": { "type": "Point", "coordinates": [ 15428438.266465, 5024438.524113999679685 ] } },
{ "type": "Feature", "properties": { "15380279.394525": 15428787.636747001, "5025475.223726": 5024413.5636390001 }, "geometry": { "type": "Point", "coordinates": [ 15428787.636747, 5024413.563639 ] } },
{ "type": "Feature", "properties": { "15380279.394525": 15429137.141918, "5025475.223726": 5024391.8423779998 }, "geometry": { "type": "Point", "coordinates": [ 15429137.141918, 5024391.842377999797463 ] } },
{ "type": "Feature", "properties": { "15380279.394525": 15429486.783851, "5025475.223726": 5024372.8185949996 }, "geometry": { "type": "Point", "coordinates": [ 15429486.783851, 5024372.818594999611378 ] } },
{ "type": "Feature", "properties": { "15380279.394525": 15429836.564417999, "5025475.223726": 5024355.9505559998 }, "geometry": { "type": "Point", "coordinates": [ 15429836.564418, 5024355.95055599976331 ] } },
{ "type": "Feature", "properties": { "15380279.394525": 15430186.485491, "5025475.223726": 5024340.6965260003 }, "geometry": { "type": "Point", "coordinates": [ 15430186.485491, 5024340.696526000276208 ] } },
{ "type": "Feature", "properties": { "15380279.394525": 15430536.548940999, "5025475.223726": 5024326.5147700002 }, "geometry": { "type": "Point", "coordinates": [ 15430536.548941, 5024326.514770000241697 ] } },
{ "type": "Feature", "properties": { "15380279.394525": 15430886.756641001, "5025475.223726": 5024312.8635550002 }, "geometry": { "type": "Point", "coordinates": [ 15430886.756641, 5024312.863555000163615 ] } },
{ "type": "Feature", "properties": { "15380279.394525": 15429693.902453, "5025475.223726": 5025192.4874679996 }, "geometry": { "type": "Point", "coordinates": [ 15429693.902453, 5025192.487467999570072 ] } },
{ "type": "Feature", "properties": { "15380279.394525": 15430074.815137001, "5025475.223726": 5024870.1082119998 }, "geometry": { "type": "Point", "coordinates": [ 15430074.815137, 5024870.108211999759078 ] } },
{ "type": "Feature", "properties": { "15380279.394525": 15430468.146915, "5025475.223726": 5024577.5002560001 }, "geometry": { "type": "Point", "coordinates": [ 15430468.146915, 5024577.500256 ] } },
{ "type": "Feature", "properties": { "15380279.394525": 15430886.756641001, "5025475.223726": 5024344.2786950003 }, "geometry": { "type": "Point", "coordinates": [ 15430886.756641, 5024344.278695000335574 ] } },
{ "type": "Feature", "properties": { "15380279.394525": 15431199.324335, "5025475.223726": 5024229.2012170004 }, "geometry": { "type": "Point", "coordinates": [ 15431199.324335, 5024229.201217000372708 ] } },
{ "type": "Feature", "properties": { "15380279.394525": 15431526.124756999, "5025475.223726": 5024147.9523189999 }, "geometry": { "type": "Point", "coordinates": [ 15431526.124757, 5024147.952319 ] } },
{ "type": "Feature", "properties": { "15380279.394525": 15431863.163931999, "5025475.223726": 5024090.8347239997 }, "geometry": { "type": "Point", "coordinates": [ 15431863.163932, 5024090.834723999723792 ] } },
{ "type": "Feature", "properties": { "15380279.394525": 15432206.447884999, "5025475.223726": 5024048.1511599999 }, "geometry": { "type": "Point", "coordinates": [ 15432206.447885, 5024048.151159999892116 ] } },
{ "type": "Feature", "properties": { "15380279.394525": 15432551.98264, "5025475.223726": 5024010.204349 }, "geometry": { "type": "Point", "coordinates": [ 15432551.98264, 5024010.204349 ] } },
{ "type": "Feature", "properties": { "15380279.394525": 15432895.774220999, "5025475.223726": 5023967.2970179999 }, "geometry": { "type": "Point", "coordinates": [ 15432895.774221, 5023967.297018 ] } },
{ "type": "Feature", "properties": { "15380279.394525": 15433214.288774, "5025475.223726": 5023915.7307519997 }, "geometry": { "type": "Point", "coordinates": [ 15433214.288774, 5023915.730751999653876 ] } },
{ "type": "Feature", "properties": { "15380279.394525": 15433528.793835999, "5025475.223726": 5023854.531494 }, "geometry": { "type": "Point", "coordinates": [ 15433528.793836, 5023854.531494 ] } },
{ "type": "Feature", "properties": { "15380279.394525": 15433840.698086999, "5025475.223726": 5023786.8847169997 }, "geometry": { "type": "Point", "coordinates": [ 15433840.698087, 5023786.884716999717057 ] } },
{ "type": "Feature", "properties": { "15380279.394525": 15434151.410209, "5025475.223726": 5023715.9758989997 }, "geometry": { "type": "Point", "coordinates": [ 15434151.410209, 5023715.975898999720812 ] } },
{ "type": "Feature", "properties": { "15380279.394525": 15432173.783528, "5025475.223726": 5025223.9026079997 }, "geometry": { "type": "Point", "coordinates": [ 15432173.783528, 5025223.902607999742031 ] } },
{ "type": "Feature", "properties": { "15380279.394525": 15432565.750624999, "5025475.223726": 5025159.5641010003 }, "geometry": { "type": "Point", "coordinates": [ 15432565.750625, 5025159.564101000316441 ] } },
{ "type": "Feature", "properties": { "15380279.394525": 15432957.770118, "5025475.223726": 5025102.1149599999 }, "geometry": { "type": "Point", "coordinates": [ 15432957.770118, 5025102.11496 ] } },
{ "type": "Feature", "properties": { "15380279.394525": 15433350.182561999, "5025475.223726": 5025058.4369329996 }, "geometry": { "type": "Point", "coordinates": [ 15433350.182562, 5025058.436932999640703 ] } },
{ "type": "Feature", "properties": { "15380279.394525": 15433743.328513, "5025475.223726": 5025035.4117700001 }, "geometry": { "type": "Point", "coordinates": [ 15433743.328513, 5025035.411770000122488 ] } },
{ "type": "Feature", "properties": { "15380279.394525": 15434119.460922999, "5025475.223726": 5025036.9913609996 }, "geometry": { "type": "Point", "coordinates": [ 15434119.460923, 5025036.991360999643803 ] } },
{ "type": "Feature", "properties": { "15380279.394525": 15434495.993322, "5025475.223726": 5025057.4145419998 }, "geometry": { "type": "Point", "coordinates": [ 15434495.993322, 5025057.414541999809444 ] } },
{ "type": "Feature", "properties": { "15380279.394525": 15434872.884113001, "5025475.223726": 5025090.3976919996 }, "geometry": { "type": "Point", "coordinates": [ 15434872.884113, 5025090.397691999562085 ] } },
{ "type": "Feature", "properties": { "15380279.394525": 15435250.091698, "5025475.223726": 5025129.6571890004 }, "geometry": { "type": "Point", "coordinates": [ 15435250.091698, 5025129.657189000397921 ] } },
{ "type": "Feature", "properties": { "15380279.394525": 15436380.164085999, "5025475.223726": 5020951.4436 }, "geometry": { "type": "Point", "coordinates": [ 15436380.164086, 5020951.443599999882281 ] } },
{ "type": "Feature", "properties": { "15380279.394525": 15436722.471932, "5025475.223726": 5020859.4948720001 }, "geometry": { "type": "Point", "coordinates": [ 15436722.471932, 5020859.494872 ] } },
{ "type": "Feature", "properties": { "15380279.394525": 15437064.30057, "5025475.223726": 5020766.2805329999 }, "geometry": { "type": "Point", "coordinates": [ 15437064.30057, 5020766.280532999895513 ] } },
{ "type": "Feature", "properties": { "15380279.394525": 15437405.337477, "5025475.223726": 5020670.4900270002 }, "geometry": { "type": "Point", "coordinates": [ 15437405.337477, 5020670.490027000196278 ] } },
{ "type": "Feature", "properties": { "15380279.394525": 15437745.270129001, "5025475.223726": 5020570.8127969997 }, "geometry": { "type": "Point", "coordinates": [ 15437745.270129, 5020570.812796999700367 ] } },
{ "type": "Feature", "properties": { "15380279.394525": 15438083.786, "5025475.223726": 5020465.9382880004 }, "geometry": { "type": "Point", "coordinates": [ 15438083.786, 5020465.938288000412285 ] } },
{ "type": "Feature", "properties": { "15380279.394525": 15438420.572566001, "5025475.223726": 5020354.5559440004 }, "geometry": { "type": "Point", "coordinates": [ 15438420.572566, 5020354.5559440003708 ] } },
{ "type": "Feature", "properties": { "15380279.394525": 15438725.610777, "5025475.223726": 5020247.5448489999 }, "geometry": { "type": "Point", "coordinates": [ 15438725.610777, 5020247.544849 ] } },
{ "type": "Feature", "properties": { "15380279.394525": 15439030.234641001, "5025475.223726": 5020139.9448260004 }, "geometry": { "type": "Point", "coordinates": [ 15439030.234641, 5020139.944826000370085 ] } },
{ "type": "Feature", "properties": { "15380279.394525": 15439336.088740001, "5025475.223726": 5020037.5511579998 }, "geometry": { "type": "Point", "coordinates": [ 15439336.08874, 5020037.551157999783754 ] } },
{ "type": "Feature", "properties": { "15380279.394525": 15439644.817654001, "5025475.223726": 5019946.1591269998 }, "geometry": { "type": "Point", "coordinates": [ 15439644.817654, 5019946.159126999787986 ] } },
{ "type": "Feature", "properties": { "15380279.394525": 15439965.926773001, "5025475.223726": 5019868.2580089998 }, "geometry": { "type": "Point", "coordinates": [ 15439965.926773, 5019868.258008999750018 ] } },
{ "type": "Feature", "properties": { "15380279.394525": 15440290.544371, "5025475.223726": 5019804.6096130004 }, "geometry": { "type": "Point", "coordinates": [ 15440290.544371, 5019804.609613000415266 ] } },
{ "type": "Feature", "properties": { "15380279.394525": 15440617.840088001, "5025475.223726": 5019751.6381489998 }, "geometry": { "type": "Point", "coordinates": [ 15440617.840088, 5019751.638148999772966 ] } },
{ "type": "Feature", "properties": { "15380279.394525": 15440877.57299, "5025475.223726": 5019715.441075 }, "geometry": { "type": "Point", "coordinates": [ 15440877.57299, 5019715.441075 ] } },
{ "type": "Feature", "properties": { "15380279.394525": 15440877.97208, "5025475.223726": 5019715.3854569998 }, "geometry": { "type": "Point", "coordinates": [ 15440877.97208, 5019715.385456999763846 ] } },
{ "type": "Feature", "properties": { "15380279.394525": 15441211.647593999, "5025475.223726": 5019670.941509 }, "geometry": { "type": "Point", "coordinates": [ 15441211.647594, 5019670.941509 ] } },
{ "type": "Feature", "properties": { "15380279.394525": 15441545.682831001, "5025475.223726": 5019630.2023299998 }, "geometry": { "type": "Point", "coordinates": [ 15441545.682831, 5019630.202329999767244 ] } },
{ "type": "Feature", "properties": { "15380279.394525": 15441880.043841001, "5025475.223726": 5019592.6362370001 }, "geometry": { "type": "Point", "coordinates": [ 15441880.043841, 5019592.636237000115216 ] } },
{ "type": "Feature", "properties": { "15380279.394525": 15442214.696672, "5025475.223726": 5019557.7115460001 }, "geometry": { "type": "Point", "coordinates": [ 15442214.696672, 5019557.711546 ] } },
{ "type": "Feature", "properties": { "15380279.394525": 15442549.607372999, "5025475.223726": 5019524.8965760004 }, "geometry": { "type": "Point", "coordinates": [ 15442549.607373, 5019524.896576000377536 ] } },
{ "type": "Feature", "properties": { "15380279.394525": 15442884.741993999, "5025475.223726": 5019493.659643 }, "geometry": { "type": "Point", "coordinates": [ 15442884.741994, 5019493.659643 ] } },
{ "type": "Feature", "properties": { "15380279.394525": 15443220.066582, "5025475.223726": 5019463.4690640001 }, "geometry": { "type": "Point", "coordinates": [ 15443220.066582, 5019463.469064 ] } },
{ "type": "Feature", "properties": { "15380279.394525": 15443555.547188001, "5025475.223726": 5019433.7931570001 }, "geometry": { "type": "Point", "coordinates": [ 15443555.547188, 5019433.793157 ] } },
{ "type": "Feature", "properties": { "15380279.394525": 15439801.772152999, "5025475.223726": 5024784.0906520002 }, "geometry": { "type": "Point", "coordinates": [ 15439801.772153, 5024784.090652000159025 ] } },
{ "type": "Feature", "properties": { "15380279.394525": 15439394.212878, "5025475.223726": 5024638.1771059996 }, "geometry": { "type": "Point", "coordinates": [ 15439394.212878, 5024638.177105999551713 ] } },
{ "type": "Feature", "properties": { "15380279.394525": 15438997.567429001, "5025475.223726": 5024480.146005 }, "geometry": { "type": "Point", "coordinates": [ 15438997.567429, 5024480.146005 ] } },
{ "type": "Feature", "properties": { "15380279.394525": 15438622.634399001, "5025475.223726": 5024297.6847430002 }, "geometry": { "type": "Point", "coordinates": [ 15438622.634399, 5024297.68474300019443 ] } },
{ "type": "Feature", "properties": { "15380279.394525": 15438280.212382, "5025475.223726": 5024078.4807160003 }, "geometry": { "type": "Point", "coordinates": [ 15438280.212382, 5024078.480716000311077 ] } },
{ "type": "Feature", "properties": { "15380279.394525": 15437981.099971, "5025475.223726": 5023810.2213190002 }, "geometry": { "type": "Point", "coordinates": [ 15437981.099971, 5023810.22131900023669 ] } },
{ "type": "Feature", "properties": { "15380279.394525": 15437714.310489999, "5025475.223726": 5023454.632708 }, "geometry": { "type": "Point", "coordinates": [ 15437714.31049, 5023454.632708 ] } },
{ "type": "Feature", "properties": { "15380279.394525": 15437506.779394001, "5025475.223726": 5023049.2523060003 }, "geometry": { "type": "Point", "coordinates": [ 15437506.779394, 5023049.252306000329554 ] } },
{ "type": "Feature", "properties": { "15380279.394525": 15437353.281977, "5025475.223726": 5022616.4460079996 }, "geometry": { "type": "Point", "coordinates": [ 15437353.281977, 5022616.446007999591529 ] } },
{ "type": "Feature", "properties": { "15380279.394525": 15437266.258109, "5025475.223726": 5022268.0583819998 }, "geometry": { "type": "Point", "coordinates": [ 15437266.258109, 5022268.058381999842823 ] } },
{ "type": "Feature", "properties": { "15380279.394525": 15437203.799582999, "5025475.223726": 5021917.4187559998 }, "geometry": { "type": "Point", "coordinates": [ 15437203.799583, 5021917.41875599976629 ] } },
{ "type": "Feature", "properties": { "15380279.394525": 15437159.740271, "5025475.223726": 5021565.048161 }, "geometry": { "type": "Point", "coordinates": [ 15437159.740271, 5021565.048161 ] } },
{ "type": "Feature", "properties": { "15380279.394525": 15437127.914045, "5025475.223726": 5021211.4676259998 }, "geometry": { "type": "Point", "coordinates": [ 15437127.914045, 5021211.467625999823213 ] } },
{ "type": "Feature", "properties": { "15380279.394525": 15437102.154779, "5025475.223726": 5020857.1981809996 }, "geometry": { "type": "Point", "coordinates": [ 15437102.154779, 5020857.198180999606848 ] } },
{ "type": "Feature", "properties": { "15380279.394525": 15435564.000694999, "5025475.223726": 5019443.5168909999 }, "geometry": { "type": "Point", "coordinates": [ 15435564.000695, 5019443.516890999861062 ] } },
{ "type": "Feature", "properties": { "15380279.394525": 15435928.081598001, "5025475.223726": 5019127.0620170003 }, "geometry": { "type": "Point", "coordinates": [ 15435928.081598, 5019127.062017000280321 ] } },
{ "type": "Feature", "properties": { "15380279.394525": 15436285.842163, "5025475.223726": 5018804.5647259997 }, "geometry": { "type": "Point", "coordinates": [ 15436285.842163, 5018804.564725999720395 ] } },
{ "type": "Feature", "properties": { "15380279.394525": 15436631.291284001, "5025475.223726": 5018469.6475579999 }, "geometry": { "type": "Point", "coordinates": [ 15436631.291284, 5018469.647558 ] } },
{ "type": "Feature", "properties": { "15380279.394525": 15436910.79518, "5025475.223726": 5018173.2873379998 }, "geometry": { "type": "Point", "coordinates": [ 15436910.79518, 5018173.287337999790907 ] } },
{ "type": "Feature", "properties": { "15380279.394525": 15437181.304013999, "5025475.223726": 5017868.2004890004 }, "geometry": { "type": "Point", "coordinates": [ 15437181.304014, 5017868.200489000417292 ] } },
{ "type": "Feature", "properties": { "15380279.394525": 15437447.454676, "5025475.223726": 5017558.6085050004 }, "geometry": { "type": "Point", "coordinates": [ 15437447.454676, 5017558.60850500036031 ] } },
{ "type": "Feature", "properties": { "15380279.394525": 15439079.78146, "5025475.223726": 5020071.8196869995 }, "geometry": { "type": "Point", "coordinates": [ 15439079.78146, 5020071.819686999544501 ] } },
{ "type": "Feature", "properties": { "15380279.394525": 15439770.381253, "5025475.223726": 5017275.8722470002 }, "geometry": { "type": "Point", "coordinates": [ 15439770.381253, 5017275.872247000224888 ] } },
{ "type": "Feature", "properties": { "15380279.394525": 15438734.481563, "5025475.223726": 5013820.2068729997 }, "geometry": { "type": "Point", "coordinates": [ 15438734.481563, 5013820.206872999668121 ] } },
{ "type": "Feature", "properties": { "15380279.394525": 15438736.961444, "5025475.223726": 5013820.3953640005 }, "geometry": { "type": "Point", "coordinates": [ 15438736.961444, 5013820.395364000461996 ] } },
{ "type": "Feature", "properties": { "15380279.394525": 15439085.220354, "5025475.223726": 5013845.5582039999 }, "geometry": { "type": "Point", "coordinates": [ 15439085.220354, 5013845.558203999884427 ] } },
{ "type": "Feature", "properties": { "15380279.394525": 15439433.556547999, "5025475.223726": 5013868.2730989996 }, "geometry": { "type": "Point", "coordinates": [ 15439433.556548, 5013868.273098999634385 ] } },
{ "type": "Feature", "properties": { "15380279.394525": 15439781.970725, "5025475.223726": 5013888.7631759997 }, "geometry": { "type": "Point", "coordinates": [ 15439781.970725, 5013888.763175999745727 ] } },
{ "type": "Feature", "properties": { "15380279.394525": 15440130.463584, "5025475.223726": 5013907.2515629996 }, "geometry": { "type": "Point", "coordinates": [ 15440130.463584, 5013907.251562999561429 ] } },
{ "type": "Feature", "properties": { "15380279.394525": 15440479.035823001, "5025475.223726": 5013923.961387 }, "geometry": { "type": "Point", "coordinates": [ 15440479.035823, 5013923.961387 ] } },
{ "type": "Feature", "properties": { "15380279.394525": 15440827.688143, "5025475.223726": 5013939.1157759996 }, "geometry": { "type": "Point", "coordinates": [ 15440827.688143, 5013939.115775999613106 ] } },
{ "type": "Feature", "properties": { "15380279.394525": 15441176.421242001, "5025475.223726": 5013952.9378570002 }, "geometry": { "type": "Point", "coordinates": [ 15441176.421242, 5013952.937857000157237 ] } },
{ "type": "Feature", "properties": { "15380279.394525": 15441525.235819001, "5025475.223726": 5013965.6507580001 }, "geometry": { "type": "Point", "coordinates": [ 15441525.235819, 5013965.650758 ] } },
{ "type": "Feature", "properties": { "15380279.394525": 15441874.132572999, "5025475.223726": 5013977.4776060004 }, "geometry": { "type": "Point", "coordinates": [ 15441874.132573, 5013977.477606000378728 ] } },
{ "type": "Feature", "properties": { "15380279.394525": 15442223.112203, "5025475.223726": 5013988.6415290004 }, "geometry": { "type": "Point", "coordinates": [ 15442223.112203, 5013988.641529000364244 ] } },
{ "type": "Feature", "properties": { "15380279.394525": 15442572.175408, "5025475.223726": 5013999.3656540001 }, "geometry": { "type": "Point", "coordinates": [ 15442572.175408, 5013999.365654 ] } },
{ "type": "Feature", "properties": { "15380279.394525": 15442921.322888, "5025475.223726": 5014009.8731079996 }, "geometry": { "type": "Point", "coordinates": [ 15442921.322888, 5014009.873107999563217 ] } },
{ "type": "Feature", "properties": { "15380279.394525": 15440617.935544999, "5025475.223726": 5017055.9662690004 }, "geometry": { "type": "Point", "coordinates": [ 15440617.935545, 5017055.966269000433385 ] } },
{ "type": "Feature", "properties": { "15380279.394525": 15440527.762308, "5025475.223726": 5016659.2431410002 }, "geometry": { "type": "Point", "coordinates": [ 15440527.762308, 5016659.243141000159085 ] } },
{ "type": "Feature", "properties": { "15380279.394525": 15440432.887504, "5025475.223726": 5016264.2461339999 }, "geometry": { "type": "Point", "coordinates": [ 15440432.887504, 5016264.24613399989903 ] } },
{ "type": "Feature", "properties": { "15380279.394525": 15440328.516297, "5025475.223726": 5015872.4199470002 }, "geometry": { "type": "Point", "coordinates": [ 15440328.516297, 5015872.419947000220418 ] } },
{ "type": "Feature", "properties": { "15380279.394525": 15440209.853848999, "5025475.223726": 5015485.2092810003 }, "geometry": { "type": "Point", "coordinates": [ 15440209.853849, 5015485.209281000308692 ] } },
{ "type": "Feature", "properties": { "15380279.394525": 15440094.609462, "5025475.223726": 5015159.1476170002 }, "geometry": { "type": "Point", "coordinates": [ 15440094.609462, 5015159.147617000155151 ] } },
{ "type": "Feature", "properties": { "15380279.394525": 15439968.321389001, "5025475.223726": 5014836.9015349997 }, "geometry": { "type": "Point", "coordinates": [ 15439968.321389, 5014836.901534999720752 ] } },
{ "type": "Feature", "properties": { "15380279.394525": 15439833.734619001, "5025475.223726": 5014517.4690730004 }, "geometry": { "type": "Point", "coordinates": [ 15439833.734619, 5014517.469073000364006 ] } },
{ "type": "Feature", "properties": { "15380279.394525": 15439693.594144, "5025475.223726": 5014199.8482670002 }, "geometry": { "type": "Point", "coordinates": [ 15439693.594144, 5014199.848267000168562 ] } },
{ "type": "Feature", "properties": { "15380279.394525": 15439550.644955, "5025475.223726": 5013883.037153 }, "geometry": { "type": "Point", "coordinates": [ 15439550.644955, 5013883.037153 ] } },
{ "type": "Feature", "properties": { "15380279.394525": 15442564.171325, "5025475.223726": 5022365.1248890003 }, "geometry": { "type": "Point", "coordinates": [ 15442564.171325, 5022365.124889000318944 ] } },
{ "type": "Feature", "properties": { "15380279.394525": 15442335.393301999, "5025475.223726": 5021982.2091250001 }, "geometry": { "type": "Point", "coordinates": [ 15442335.393302, 5021982.209125 ] } },
{ "type": "Feature", "properties": { "15380279.394525": 15442113.445264, "5025475.223726": 5021595.9872500002 }, "geometry": { "type": "Point", "coordinates": [ 15442113.445264, 5021595.987250000238419 ] } },
{ "type": "Feature", "properties": { "15380279.394525": 15441904.962432001, "5025475.223726": 5021202.7647179998 }, "geometry": { "type": "Point", "coordinates": [ 15441904.962432, 5021202.764717999845743 ] } },
{ "type": "Feature", "properties": { "15380279.394525": 15441751.246091001, "5025475.223726": 5020881.7677170001 }, "geometry": { "type": "Point", "coordinates": [ 15441751.246091, 5020881.767717 ] } },
{ "type": "Feature", "properties": { "15380279.394525": 15441606.231466001, "5025475.223726": 5020556.4814999998 }, "geometry": { "type": "Point", "coordinates": [ 15441606.231466, 5020556.481499999761581 ] } },
{ "type": "Feature", "properties": { "15380279.394525": 15441465.489836, "5025475.223726": 5020228.8953849999 }, "geometry": { "type": "Point", "coordinates": [ 15441465.489836, 5020228.895385 ] } },
{ "type": "Feature", "properties": { "15380279.394525": 15441434.098936001, "5025475.223726": 5012657.8467020001 }, "geometry": { "type": "Point", "coordinates": [ 15441434.098936, 5012657.846702000126243 ] } },
{ "type": "Feature", "properties": { "15380279.394525": 15441781.970442001, "5025475.223726": 5012874.3046199996 }, "geometry": { "type": "Point", "coordinates": [ 15441781.970442, 5012874.304619999602437 ] } },
{ "type": "Feature", "properties": { "15380279.394525": 15442132.225762, "5025475.223726": 5013080.6071290001 }, "geometry": { "type": "Point", "coordinates": [ 15442132.225762, 5013080.607129000127316 ] } },
{ "type": "Feature", "properties": { "15380279.394525": 15442487.473456999, "5025475.223726": 5013266.643069 }, "geometry": { "type": "Point", "coordinates": [ 15442487.473457, 5013266.643069 ] } },
{ "type": "Feature", "properties": { "15380279.394525": 15442850.322089, "5025475.223726": 5013422.3012840003 }, "geometry": { "type": "Point", "coordinates": [ 15442850.322089, 5013422.301284000277519 ] } },
{ "type": "Feature", "properties": { "15380279.394525": 15443223.380218999, "5025475.223726": 5013537.4706150005 }, "geometry": { "type": "Point", "coordinates": [ 15443223.380219, 5013537.470615000464022 ] } },
{ "type": "Feature", "properties": { "15380279.394525": 15443576.38123, "5025475.223726": 5013601.5563960001 }, "geometry": { "type": "Point", "coordinates": [ 15443576.38123, 5013601.556396 ] } },
{ "type": "Feature", "properties": { "15380279.394525": 15443937.62252, "5025475.223726": 5013631.1187850004 }, "geometry": { "type": "Point", "coordinates": [ 15443937.62252, 5013631.118785000406206 ] } },
{ "type": "Feature", "properties": { "15380279.394525": 15444304.891725, "5025475.223726": 5013634.3953480003 }, "geometry": { "type": "Point", "coordinates": [ 15444304.891725, 5013634.395348000340164 ] } },
{ "type": "Feature", "properties": { "15380279.394525": 15444675.976482, "5025475.223726": 5013619.623652 }, "geometry": { "type": "Point", "coordinates": [ 15444675.976482, 5013619.623652 ] } },
{ "type": "Feature", "properties": { "15380279.394525": 15445048.664426999, "5025475.223726": 5013595.0412659999 }, "geometry": { "type": "Point", "coordinates": [ 15445048.664427, 5013595.041265999898314 ] } },
{ "type": "Feature", "properties": { "15380279.394525": 15445420.743197, "5025475.223726": 5013568.8857549997 }, "geometry": { "type": "Point", "coordinates": [ 15445420.743197, 5013568.885754999704659 ] } },
{ "type": "Feature", "properties": { "15380279.394525": 15445806.107752001, "5025475.223726": 5013547.1981229996 }, "geometry": { "type": "Point", "coordinates": [ 15445806.107752, 5013547.198122999630868 ] } },
{ "type": "Feature", "properties": { "15380279.394525": 15446188.919296, "5025475.223726": 5013532.4312049998 }, "geometry": { "type": "Point", "coordinates": [ 15446188.919296, 5013532.431204999797046 ] } },
{ "type": "Feature", "properties": { "15380279.394525": 15446570.060005, "5025475.223726": 5013524.3299979996 }, "geometry": { "type": "Point", "coordinates": [ 15446570.060005, 5013524.329997999593616 ] } },
{ "type": "Feature", "properties": { "15380279.394525": 15446950.412054, "5025475.223726": 5013522.6394999996 }, "geometry": { "type": "Point", "coordinates": [ 15446950.412054, 5013522.639499999582767 ] } },
{ "type": "Feature", "properties": { "15380279.394525": 15447330.857619001, "5025475.223726": 5013527.1047069998 }, "geometry": { "type": "Point", "coordinates": [ 15447330.857619, 5013527.104706999845803 ] } },
{ "type": "Feature", "properties": { "15380279.394525": 15447712.278874001, "5025475.223726": 5013537.4706150005 }, "geometry": { "type": "Point", "coordinates": [ 15447712.278874, 5013537.470615000464022 ] } },
{ "type": "Feature", "properties": { "15380279.394525": 15448103.106671, "5025475.223726": 5013554.3370089997 }, "geometry": { "type": "Point", "coordinates": [ 15448103.106671, 5013554.337008999660611 ] } },
{ "type": "Feature", "properties": { "15380279.394525": 15448494.199766001, "5025475.223726": 5013579.7124720002 }, "geometry": { "type": "Point", "coordinates": [ 15448494.199766, 5013579.712472000159323 ] } },
{ "type": "Feature", "properties": { "15380279.394525": 15448884.257175, "5025475.223726": 5013616.2920949999 }, "geometry": { "type": "Point", "coordinates": [ 15448884.257175, 5013616.292095 ] } },
{ "type": "Feature", "properties": { "15380279.394525": 15449271.977915, "5025475.223726": 5013666.7709750002 }, "geometry": { "type": "Point", "coordinates": [ 15449271.977915, 5013666.770975000225008 ] } },
{ "type": "Feature", "properties": { "15380279.394525": 15449656.061001999, "5025475.223726": 5013733.844203 }, "geometry": { "type": "Point", "coordinates": [ 15449656.061002, 5013733.844203 ] } },
{ "type": "Feature", "properties": { "15380279.394525": 15450035.205451, "5025475.223726": 5013820.2068729997 }, "geometry": { "type": "Point", "coordinates": [ 15450035.205451, 5013820.206872999668121 ] } },
{ "type": "Feature", "properties": { "15380279.394525": 15450391.480446, "5025475.223726": 5013922.2145290002 }, "geometry": { "type": "Point", "coordinates": [ 15450391.480446, 5013922.214529000222683 ] } },
{ "type": "Feature", "properties": { "15380279.394525": 15450742.632205, "5025475.223726": 5014041.3417819999 }, "geometry": { "type": "Point", "coordinates": [ 15450742.632205, 5014041.341782 ] } },
{ "type": "Feature", "properties": { "15380279.394525": 15451089.539651999, "5025475.223726": 5014174.7401799997 }, "geometry": { "type": "Point", "coordinates": [ 15451089.539652, 5014174.740179999731481 ] } },
{ "type": "Feature", "properties": { "15380279.394525": 15451433.081706, "5025475.223726": 5014319.5612730002 }, "geometry": { "type": "Point", "coordinates": [ 15451433.081706, 5014319.561273000203073 ] } },
{ "type": "Feature", "properties": { "15380279.394525": 15451774.137289001, "5025475.223726": 5014472.9566090005 }, "geometry": { "type": "Point", "coordinates": [ 15451774.137289, 5014472.956609000451863 ] } },
{ "type": "Feature", "properties": { "15380279.394525": 15452113.585323, "5025475.223726": 5014632.0777369998 }, "geometry": { "type": "Point", "coordinates": [ 15452113.585323, 5014632.077736999839544 ] } },
{ "type": "Feature", "properties": { "15380279.394525": 15452452.304726999, "5025475.223726": 5014794.0762059996 }, "geometry": { "type": "Point", "coordinates": [ 15452452.304727, 5014794.076205999590456 ] } },
{ "type": "Feature", "properties": { "15380279.394525": 15454272.976909, "5025475.223726": 5018501.0626980001 }, "geometry": { "type": "Point", "coordinates": [ 15454272.976909, 5018501.062698000110686 ] } },
{ "type": "Feature", "properties": { "15380279.394525": 15454121.233949, "5025475.223726": 5018092.4065800002 }, "geometry": { "type": "Point", "coordinates": [ 15454121.233949, 5018092.406580000184476 ] } },
{ "type": "Feature", "properties": { "15380279.394525": 15453967.20827, "5025475.223726": 5017685.0063819997 }, "geometry": { "type": "Point", "coordinates": [ 15453967.20827, 5017685.006381999701262 ] } },
{ "type": "Feature", "properties": { "15380279.394525": 15453808.536549, "5025475.223726": 5017279.9555630004 }, "geometry": { "type": "Point", "coordinates": [ 15453808.536549, 5017279.955563000403345 ] } },
{ "type": "Feature", "properties": { "15380279.394525": 15453642.855458001, "5025475.223726": 5016878.3475820003 }, "geometry": { "type": "Point", "coordinates": [ 15453642.855458, 5016878.347582000307739 ] } },
{ "type": "Feature", "properties": { "15380279.394525": 15453467.801674001, "5025475.223726": 5016481.2758989995 }, "geometry": { "type": "Point", "coordinates": [ 15453467.801674, 5016481.275898999534547 ] } },
{ "type": "Feature", "properties": { "15380279.394525": 15453281.011870001, "5025475.223726": 5016089.8339719996 }, "geometry": { "type": "Point", "coordinates": [ 15453281.01187, 5016089.833971999585629 ] } },
{ "type": "Feature", "properties": { "15380279.394525": 15453080.122721, "5025475.223726": 5015705.1152590001 }, "geometry": { "type": "Point", "coordinates": [ 15453080.122721, 5015705.115259000100195 ] } },
{ "type": "Feature", "properties": { "15380279.394525": 15452858.647020999, "5025475.223726": 5015313.1343750004 }, "geometry": { "type": "Point", "coordinates": [ 15452858.647021, 5015313.134375000372529 ] } },
{ "type": "Feature", "properties": { "15380279.394525": 15452640.650126001, "5025475.223726": 5014919.736765 }, "geometry": { "type": "Point", "coordinates": [ 15452640.650126, 5014919.736765 ] } },
{ "type": "Feature", "properties": { "15380279.394525": 15452458.919330999, "5025475.223726": 5014551.3993570004 }, "geometry": { "type": "Point", "coordinates": [ 15452458.919331, 5014551.399357000365853 ] } },
{ "type": "Feature", "properties": { "15380279.394525": 15452294.862337001, "5025475.223726": 5014174.9888800001 }, "geometry": { "type": "Point", "coordinates": [ 15452294.862337, 5014174.98888 ] } },
{ "type": "Feature", "properties": { "15380279.394525": 15452145.52077, "5025475.223726": 5013791.8251719996 }, "geometry": { "type": "Point", "coordinates": [ 15452145.52077, 5013791.825171999633312 ] } },
{ "type": "Feature", "properties": { "15380279.394525": 15452007.93626, "5025475.223726": 5013403.2280679997 }, "geometry": { "type": "Point", "coordinates": [ 15452007.93626, 5013403.228067999705672 ] } },
{ "type": "Feature", "properties": { "15380279.394525": 15451879.150432, "5025475.223726": 5013010.5174049996 }, "geometry": { "type": "Point", "coordinates": [ 15451879.150432, 5013010.51740499958396 ] } },
{ "type": "Feature", "properties": { "15380279.394525": 15451756.204915, "5025475.223726": 5012615.0130179999 }, "geometry": { "type": "Point", "coordinates": [ 15451756.204915, 5012615.013018 ] } },
{ "type": "Feature", "properties": { "15380279.394525": 15451636.141336, "5025475.223726": 5012218.0347450003 }, "geometry": { "type": "Point", "coordinates": [ 15451636.141336, 5012218.034745000302792 ] } },
{ "type": "Feature", "properties": { "15380279.394525": 15454304.367808999, "5025475.223726": 5012155.204465 }, "geometry": { "type": "Point", "coordinates": [ 15454304.367809, 5012155.204465 ] } },
{ "type": "Feature", "properties": { "15380279.394525": 15454387.967685999, "5025475.223726": 5012492.5651169997 }, "geometry": { "type": "Point", "coordinates": [ 15454387.967686, 5012492.565116999670863 ] } },
{ "type": "Feature", "properties": { "15380279.394525": 15454478.874141, "5025475.223726": 5012825.6063550003 }, "geometry": { "type": "Point", "coordinates": [ 15454478.874141, 5012825.606355000287294 ] } },
{ "type": "Feature", "properties": { "15380279.394525": 15454584.484276, "5025475.223726": 5013150.1844809996 }, "geometry": { "type": "Point", "coordinates": [ 15454584.484276, 5013150.184480999596417 ] } },
{ "type": "Feature", "properties": { "15380279.394525": 15454712.195195001, "5025475.223726": 5013462.1557940003 }, "geometry": { "type": "Point", "coordinates": [ 15454712.195195, 5013462.155794000253081 ] } },
{ "type": "Feature", "properties": { "15380279.394525": 15454869.404004, "5025475.223726": 5013757.3765930003 }, "geometry": { "type": "Point", "coordinates": [ 15454869.404004, 5013757.376593000255525 ] } },
{ "type": "Feature", "properties": { "15380279.394525": 15455150.352474, "5025475.223726": 5014147.1458379999 }, "geometry": { "type": "Point", "coordinates": [ 15455150.352474, 5014147.145837999880314 ] } },
{ "type": "Feature", "properties": { "15380279.394525": 15455471.349470001, "5025475.223726": 5014514.4609599998 }, "geometry": { "type": "Point", "coordinates": [ 15455471.34947, 5014514.46095999982208 ] } },
{ "type": "Feature", "properties": { "15380279.394525": 15455797.435005, "5025475.223726": 5014880.2155759996 }, "geometry": { "type": "Point", "coordinates": [ 15455797.435005, 5014880.215575999580324 ] } },
{ "type": "Feature", "properties": { "15380279.394525": 15456093.649091, "5025475.223726": 5015265.3033020003 }, "geometry": { "type": "Point", "coordinates": [ 15456093.649091, 5015265.303302000276744 ] } },
{ "type": "Feature", "properties": { "15380279.394525": 15456279.778405, "5025475.223726": 5015577.6216590004 }, "geometry": { "type": "Point", "coordinates": [ 15456279.778405, 5015577.621659000404179 ] } },
{ "type": "Feature", "properties": { "15380279.394525": 15456439.476375001, "5025475.223726": 5015905.8969320003 }, "geometry": { "type": "Point", "coordinates": [ 15456439.476375, 5015905.896932000294328 ] } },
{ "type": "Feature", "properties": { "15380279.394525": 15456583.215201, "5025475.223726": 5016243.7343579996 }, "geometry": { "type": "Point", "coordinates": [ 15456583.215201, 5016243.734357999637723 ] } },
{ "type": "Feature", "properties": { "15380279.394525": 15456721.467085, "5025475.223726": 5016584.7391720004 }, "geometry": { "type": "Point", "coordinates": [ 15456721.467085, 5016584.739172000437975 ] } },
{ "type": "Feature", "properties": { "15380279.394525": 15456882.468080999, "5025475.223726": 5016968.8153940002 }, "geometry": { "type": "Point", "coordinates": [ 15456882.468081, 5016968.815394000150263 ] } },
{ "type": "Feature", "properties": { "15380279.394525": 15457050.579701001, "5025475.223726": 5017348.1615490001 }, "geometry": { "type": "Point", "coordinates": [ 15457050.579701, 5017348.161549 ] } },
{ "type": "Feature", "properties": { "15380279.394525": 15457226.784962, "5025475.223726": 5017722.778194 }, "geometry": { "type": "Point", "coordinates": [ 15457226.784962, 5017722.778194 ] } },
{ "type": "Feature", "properties": { "15380279.394525": 15457412.066878, "5025475.223726": 5018092.6658810005 }, "geometry": { "type": "Point", "coordinates": [ 15457412.066878, 5018092.665881000459194 ] } },
{ "type": "Feature", "properties": { "15380279.394525": 15457601.044531999, "5025475.223726": 5018447.0818459997 }, "geometry": { "type": "Point", "coordinates": [ 15457601.044532, 5018447.081845999695361 ] } },
{ "type": "Feature", "properties": { "15380279.394525": 15457797.979666, "5025475.223726": 5018797.3563040001 }, "geometry": { "type": "Point", "coordinates": [ 15457797.979666, 5018797.356304000131786 ] } },
{ "type": "Feature", "properties": { "15380279.394525": 15458001.558873, "5025475.223726": 5019144.2042739997 }, "geometry": { "type": "Point", "coordinates": [ 15458001.558873, 5019144.204273999668658 ] } },
{ "type": "Feature", "properties": { "15380279.394525": 15458210.468744, "5025475.223726": 5019488.3407749999 }, "geometry": { "type": "Point", "coordinates": [ 15458210.468744, 5019488.340775 ] } },
{ "type": "Feature", "properties": { "15380279.394525": 15458423.395872001, "5025475.223726": 5019830.4808250004 }, "geometry": { "type": "Point", "coordinates": [ 15458423.395872, 5019830.480825000442564 ] } },
{ "type": "Feature", "properties": { "15380279.394525": 15458639.026848, "5025475.223726": 5020171.3394419998 }, "geometry": { "type": "Point", "coordinates": [ 15458639.026848, 5020171.339441999793053 ] } },
{ "type": "Feature", "properties": { "15380279.394525": 15458856.048264001, "5025475.223726": 5020511.6316430001 }, "geometry": { "type": "Point", "coordinates": [ 15458856.048264, 5020511.631643 ] } },
{ "type": "Feature", "properties": { "15380279.394525": 15453394.031718001, "5025475.223726": 5014008.6977120005 }, "geometry": { "type": "Point", "coordinates": [ 15453394.031718, 5014008.697712000459433 ] } },
{ "type": "Feature", "properties": { "15380279.394525": 15453571.630433001, "5025475.223726": 5014397.0645120004 }, "geometry": { "type": "Point", "coordinates": [ 15453571.630433, 5014397.064512000419199 ] } },
{ "type": "Feature", "properties": { "15380279.394525": 15453756.588267, "5025475.223726": 5014780.7837279998 }, "geometry": { "type": "Point", "coordinates": [ 15453756.588267, 5014780.783727999776602 ] } },
{ "type": "Feature", "properties": { "15380279.394525": 15453956.460951, "5025475.223726": 5015155.4416129999 }, "geometry": { "type": "Point", "coordinates": [ 15453956.460951, 5015155.441612999886274 ] } },
{ "type": "Feature", "properties": { "15380279.394525": 15454178.80421, "5025475.223726": 5015516.6244200002 }, "geometry": { "type": "Point", "coordinates": [ 15454178.80421, 5015516.624420000240207 ] } },
{ "type": "Feature", "properties": { "15380279.394525": 15454497.49791, "5025475.223726": 5015945.2527379999 }, "geometry": { "type": "Point", "coordinates": [ 15454497.49791, 5015945.252737999893725 ] } },
{ "type": "Feature", "properties": { "15380279.394525": 15454855.675945999, "5025475.223726": 5016343.6085059997 }, "geometry": { "type": "Point", "coordinates": [ 15454855.675946, 5016343.608505999669433 ] } },
{ "type": "Feature", "properties": { "15380279.394525": 15455246.094799999, "5025475.223726": 5016710.3997320002 }, "geometry": { "type": "Point", "coordinates": [ 15455246.0948, 5016710.39973200019449 ] } },
{ "type": "Feature", "properties": { "15380279.394525": 15455573.102512, "5025475.223726": 5016977.9030600004 }, "geometry": { "type": "Point", "coordinates": [ 15455573.102512, 5016977.903060000389814 ] } },
{ "type": "Feature", "properties": { "15380279.394525": 15455912.894125, "5025475.223726": 5017227.955627 }, "geometry": { "type": "Point", "coordinates": [ 15455912.894125, 5017227.955627 ] } },
{ "type": "Feature", "properties": { "15380279.394525": 15456262.938914999, "5025475.223726": 5017464.0785699999 }, "geometry": { "type": "Point", "coordinates": [ 15456262.938915, 5017464.07856999989599 ] } },
{ "type": "Feature", "properties": { "15380279.394525": 15456620.706155, "5025475.223726": 5017689.793025 }, "geometry": { "type": "Point", "coordinates": [ 15456620.706155, 5017689.793025 ] } },
{ "type": "Feature", "properties": { "15380279.394525": 15456983.665118, "5025475.223726": 5017908.6201299997 }, "geometry": { "type": "Point", "coordinates": [ 15456983.665118, 5017908.620129999704659 ] } },
{ "type": "Feature", "properties": { "15380279.394525": 15457349.285079001, "5025475.223726": 5018124.0810209997 }, "geometry": { "type": "Point", "coordinates": [ 15457349.285079, 5018124.081020999699831 ] } },
{ "type": "Feature", "properties": { "15380279.394525": 15443317.552918, "5025475.223726": 5019506.3471710002 }, "geometry": { "type": "Point", "coordinates": [ 15443317.552918, 5019506.34717100020498 ] } },
{ "type": "Feature", "properties": { "15380279.394525": 15444479.016206, "5025475.223726": 5019977.574267 }, "geometry": { "type": "Point", "coordinates": [ 15444479.016206, 5019977.574267 ] } },
{ "type": "Feature", "properties": { "15380279.394525": 15443631.461914999, "5025475.223726": 5022365.1248890003 }, "geometry": { "type": "Point", "coordinates": [ 15443631.461915, 5022365.124889000318944 ] } },
{ "type": "Feature", "properties": { "15380279.394525": 15443719.799001001, "5025475.223726": 5022008.0242799995 }, "geometry": { "type": "Point", "coordinates": [ 15443719.799001, 5022008.024279999546707 ] } },
{ "type": "Feature", "properties": { "15380279.394525": 15443813.567478999, "5025475.223726": 5021652.4924680004 }, "geometry": { "type": "Point", "coordinates": [ 15443813.567479, 5021652.492468000389636 ] } },
{ "type": "Feature", "properties": { "15380279.394525": 15443918.303599, "5025475.223726": 5021299.8565440001 }, "geometry": { "type": "Point", "coordinates": [ 15443918.303599, 5021299.856544 ] } },
{ "type": "Feature", "properties": { "15380279.394525": 15444039.543610999, "5025475.223726": 5020951.4436 }, "geometry": { "type": "Point", "coordinates": [ 15444039.543611, 5020951.443599999882281 ] } },
{ "type": "Feature", "properties": { "15380279.394525": 15444177.924296999, "5025475.223726": 5020620.9423550004 }, "geometry": { "type": "Point", "coordinates": [ 15444177.924297, 5020620.942355000413954 ] } },
{ "type": "Feature", "properties": { "15380279.394525": 15444343.184961, "5025475.223726": 5020304.1373199997 }, "geometry": { "type": "Point", "coordinates": [ 15444343.184961, 5020304.137319999746978 ] } },
{ "type": "Feature", "properties": { "15380279.394525": 15444541.798006, "5025475.223726": 5020008.9894070001 }, "geometry": { "type": "Point", "coordinates": [ 15444541.798006, 5020008.989407000131905 ] } },
{ "type": "Feature", "properties": { "15380279.394525": 15444749.275936, "5025475.223726": 5019760.3466969999 }, "geometry": { "type": "Point", "coordinates": [ 15444749.275936, 5019760.34669699985534 ] } },
{ "type": "Feature", "properties": { "15380279.394525": 15444949.879702, "5025475.223726": 5019506.3471710002 }, "geometry": { "type": "Point", "coordinates": [ 15444949.879702, 5019506.34717100020498 ] } },
{ "type": "Feature", "properties": { "15380279.394525": 15445144.607518001, "5025475.223726": 5019145.6632939996 }, "geometry": { "type": "Point", "coordinates": [ 15445144.607518, 5019145.663293999619782 ] } },
{ "type": "Feature", "properties": { "15380279.394525": 15445263.788698999, "5025475.223726": 5018752.3838160001 }, "geometry": { "type": "Point", "coordinates": [ 15445263.788699, 5018752.383816 ] } },
{ "type": "Feature", "properties": { "15380279.394525": 15445310.358561, "5025475.223726": 5018392.8367649997 }, "geometry": { "type": "Point", "coordinates": [ 15445310.358561, 5018392.83676499966532 ] } },
{ "type": "Feature", "properties": { "15380279.394525": 15445326.570498001, "5025475.223726": 5018029.8356020004 }, "geometry": { "type": "Point", "coordinates": [ 15445326.570498, 5018029.835602000355721 ] } },
{ "type": "Feature", "properties": { "15380279.394525": 15441277.144438, "5025475.223726": 5017778.5144840004 }, "geometry": { "type": "Point", "coordinates": [ 15441277.144438, 5017778.514484000392258 ] } },
{ "type": "Feature", "properties": { "15380279.394525": 15441635.880624, "5025475.223726": 5017776.8920989996 }, "geometry": { "type": "Point", "coordinates": [ 15441635.880624, 5017776.892098999582231 ] } },
{ "type": "Feature", "properties": { "15380279.394525": 15441994.528561, "5025475.223726": 5017775.4528580001 }, "geometry": { "type": "Point", "coordinates": [ 15441994.528561, 5017775.452858 ] } },
{ "type": "Feature", "properties": { "15380279.394525": 15442353.14459, "5025475.223726": 5017774.4113520002 }, "geometry": { "type": "Point", "coordinates": [ 15442353.14459, 5017774.411352000199258 ] } },
{ "type": "Feature", "properties": { "15380279.394525": 15442711.785049999, "5025475.223726": 5017773.982171 }, "geometry": { "type": "Point", "coordinates": [ 15442711.78505, 5017773.982171 ] } },
{ "type": "Feature", "properties": { "15380279.394525": 15443070.506281, "5025475.223726": 5017774.3799050003 }, "geometry": { "type": "Point", "coordinates": [ 15443070.506281, 5017774.379905000329018 ] } },
{ "type": "Feature", "properties": { "15380279.394525": 15443429.364622001, "5025475.223726": 5017775.8191459998 }, "geometry": { "type": "Point", "coordinates": [ 15443429.364622, 5017775.819145999848843 ] } },
{ "type": "Feature", "properties": { "15380279.394525": 15443788.416413, "5025475.223726": 5017778.5144840004 }, "geometry": { "type": "Point", "coordinates": [ 15443788.416413, 5017778.514484000392258 ] } },
{ "type": "Feature", "properties": { "15380279.394525": 15444139.923117001, "5025475.223726": 5017782.8863749998 }, "geometry": { "type": "Point", "coordinates": [ 15444139.923117, 5017782.886374999769032 ] } },
{ "type": "Feature", "properties": { "15380279.394525": 15444491.225824, "5025475.223726": 5017790.8662830004 }, "geometry": { "type": "Point", "coordinates": [ 15444491.225824, 5017790.866283000446856 ] } },
{ "type": "Feature", "properties": { "15380279.394525": 15444842.185033999, "5025475.223726": 5017804.7196559999 }, "geometry": { "type": "Point", "coordinates": [ 15444842.185034, 5017804.719656 ] } },
{ "type": "Feature", "properties": { "15380279.394525": 15445192.661249001, "5025475.223726": 5017826.7119410001 }, "geometry": { "type": "Point", "coordinates": [ 15445192.661249, 5017826.711941 ] } },
{ "type": "Feature", "properties": { "15380279.394525": 15445542.514968, "5025475.223726": 5017859.1085879998 }, "geometry": { "type": "Point", "coordinates": [ 15445542.514968, 5017859.10858799982816 ] } },
{ "type": "Feature", "properties": { "15380279.394525": 15445891.606691999, "5025475.223726": 5017904.1750429999 }, "geometry": { "type": "Point", "coordinates": [ 15445891.606692, 5017904.175043 ] } },
{ "type": "Feature", "properties": { "15380279.394525": 15446212.008305, "5025475.223726": 5017958.8655359996 }, "geometry": { "type": "Point", "coordinates": [ 15446212.008305, 5017958.865535999648273 ] } },
{ "type": "Feature", "properties": { "15380279.394525": 15446529.359510001, "5025475.223726": 5018028.1343569998 }, "geometry": { "type": "Point", "coordinates": [ 15446529.35951, 5018028.134356999769807 ] } },
{ "type": "Feature", "properties": { "15380279.394525": 15446841.743303001, "5025475.223726": 5018113.9613699997 }, "geometry": { "type": "Point", "coordinates": [ 15446841.743303, 5018113.961369999684393 ] } },
{ "type": "Feature", "properties": { "15380279.394525": 15447147.24268, "5025475.223726": 5018218.32644 }, "geometry": { "type": "Point", "coordinates": [ 15447147.24268, 5018218.32644 ] } },
{ "type": "Feature", "properties": { "15380279.394525": 15447496.91336, "5025475.223726": 5018366.3419730002 }, "geometry": { "type": "Point", "coordinates": [ 15447496.91336, 5018366.341973000206053 ] } },
{ "type": "Feature", "properties": { "15380279.394525": 15447836.759229001, "5025475.223726": 5018536.6469480004 }, "geometry": { "type": "Point", "coordinates": [ 15447836.759229, 5018536.64694800041616 ] } },
{ "type": "Feature", "properties": { "15380279.394525": 15448169.698571, "5025475.223726": 5018723.0961189996 }, "geometry": { "type": "Point", "coordinates": [ 15448169.698571, 5018723.096118999645114 ] } },
{ "type": "Feature", "properties": { "15380279.394525": 15448498.649667, "5025475.223726": 5018919.5442380002 }, "geometry": { "type": "Point", "coordinates": [ 15448498.649667, 5018919.544238000176847 ] } },
{ "type": "Feature", "properties": { "15380279.394525": 15448826.530803001, "5025475.223726": 5019119.8460590001 }, "geometry": { "type": "Point", "coordinates": [ 15448826.530803, 5019119.846059000119567 ] } },
{ "type": "Feature", "properties": { "15380279.394525": 15449156.260260001, "5025475.223726": 5019317.8563320003 }, "geometry": { "type": "Point", "coordinates": [ 15449156.26026, 5019317.856332000344992 ] } },
{ "type": "Feature", "properties": { "15380279.394525": 15449506.585371999, "5025475.223726": 5019516.6301490003 }, "geometry": { "type": "Point", "coordinates": [ 15449506.585372, 5019516.630149000324309 ] } },
{ "type": "Feature", "properties": { "15380279.394525": 15449863.08361, "5025475.223726": 5019701.2505000001 }, "geometry": { "type": "Point", "coordinates": [ 15449863.08361, 5019701.2505 ] } },
{ "type": "Feature", "properties": { "15380279.394525": 15450227.165519999, "5025475.223726": 5019866.9570359997 }, "geometry": { "type": "Point", "coordinates": [ 15450227.16552, 5019866.957035999745131 ] } },
{ "type": "Feature", "properties": { "15380279.394525": 15450600.241645999, "5025475.223726": 5020008.9894070001 }, "geometry": { "type": "Point", "coordinates": [ 15450600.241646, 5020008.989407000131905 ] } },
{ "type": "Feature", "properties": { "15380279.394525": 15450930.909027999, "5025475.223726": 5020110.2423350001 }, "geometry": { "type": "Point", "coordinates": [ 15450930.909028, 5020110.242335 ] } },
{ "type": "Feature", "properties": { "15380279.394525": 15451267.228233, "5025475.223726": 5020193.838424 }, "geometry": { "type": "Point", "coordinates": [ 15451267.228233, 5020193.838424 ] } },
{ "type": "Feature", "properties": { "15380279.394525": 15451607.506317001, "5025475.223726": 5020263.5478530005 }, "geometry": { "type": "Point", "coordinates": [ 15451607.506317, 5020263.547853000462055 ] } },
{ "type": "Feature", "properties": { "15380279.394525": 15451950.050332, "5025475.223726": 5020323.1408050004 }, "geometry": { "type": "Point", "coordinates": [ 15451950.050332, 5020323.140805000439286 ] } },
{ "type": "Feature", "properties": { "15380279.394525": 15452282.497599, "5025475.223726": 5020374.3594070002 }, "geometry": { "type": "Point", "coordinates": [ 15452282.497599, 5020374.359407000243664 ] } },
{ "type": "Feature", "properties": { "15380279.394525": 15452615.079709001, "5025475.223726": 5020420.7364969999 }, "geometry": { "type": "Point", "coordinates": [ 15452615.079709, 5020420.73649699985981 ] } },
{ "type": "Feature", "properties": { "15380279.394525": 15452947.809955001, "5025475.223726": 5020463.4948829999 }, "geometry": { "type": "Point", "coordinates": [ 15452947.809955, 5020463.494883 ] } },
{ "type": "Feature", "properties": { "15380279.394525": 15453280.701626001, "5025475.223726": 5020503.8573759999 }, "geometry": { "type": "Point", "coordinates": [ 15453280.701626, 5020503.857376 ] } },
{ "type": "Feature", "properties": { "15380279.394525": 15453613.768015999, "5025475.223726": 5020543.0467830002 }, "geometry": { "type": "Point", "coordinates": [ 15453613.768016, 5020543.046783000230789 ] } },
{ "type": "Feature", "properties": { "15380279.394525": 15446331.079288, "5025475.223726": 5022459.3703089999 }, "geometry": { "type": "Point", "coordinates": [ 15446331.079288, 5022459.370309 ] } },
{ "type": "Feature", "properties": { "15380279.394525": 15446683.036968, "5025475.223726": 5022287.6765689999 }, "geometry": { "type": "Point", "coordinates": [ 15446683.036968, 5022287.676568999886513 ] } },
{ "type": "Feature", "properties": { "15380279.394525": 15447036.359998999, "5025475.223726": 5022121.2379430002 }, "geometry": { "type": "Point", "coordinates": [ 15447036.359999, 5022121.237943000160158 ] } },
{ "type": "Feature", "properties": { "15380279.394525": 15447392.632317999, "5025475.223726": 5021965.2498509996 }, "geometry": { "type": "Point", "coordinates": [ 15447392.632318, 5021965.249850999563932 ] } },
{ "type": "Feature", "properties": { "15380279.394525": 15447753.437861999, "5025475.223726": 5021824.907714 }, "geometry": { "type": "Point", "coordinates": [ 15447753.437862, 5021824.907714 ] } },
{ "type": "Feature", "properties": { "15380279.394525": 15448120.36057, "5025475.223726": 5021705.4069539998 }, "geometry": { "type": "Point", "coordinates": [ 15448120.36057, 5021705.406953999772668 ] } },
{ "type": "Feature", "properties": { "15380279.394525": 15448508.890106, "5025475.223726": 5021606.854549 }, "geometry": { "type": "Point", "coordinates": [ 15448508.890106, 5021606.854549 ] } },
{ "type": "Feature", "properties": { "15380279.394525": 15448903.483646, "5025475.223726": 5021529.650343 }, "geometry": { "type": "Point", "coordinates": [ 15448903.483646, 5021529.650343 ] } },
{ "type": "Feature", "properties": { "15380279.394525": 15449302.319745, "5025475.223726": 5021466.9290680001 }, "geometry": { "type": "Point", "coordinates": [ 15449302.319745, 5021466.929068 ] } },
{ "type": "Feature", "properties": { "15380279.394525": 15449703.576958001, "5025475.223726": 5021411.8254549997 }, "geometry": { "type": "Point", "coordinates": [ 15449703.576958, 5021411.825454999692738 ] } },
{ "type": "Feature", "properties": { "15380279.394525": 15450105.433840999, "5025475.223726": 5021357.4742350001 }, "geometry": { "type": "Point", "coordinates": [ 15450105.433841, 5021357.474235 ] } },
{ "type": "Feature", "properties": { "15380279.394525": 15450506.068947, "5025475.223726": 5021297.0101370001 }, "geometry": { "type": "Point", "coordinates": [ 15450506.068947, 5021297.010137000121176 ] } },
{ "type": "Feature", "properties": { "15380279.394525": 15450860.461719001, "5025475.223726": 5021233.6027800003 }, "geometry": { "type": "Point", "coordinates": [ 15450860.461719, 5021233.602780000306666 ] } },
{ "type": "Feature", "properties": { "15380279.394525": 15451212.631556001, "5025475.223726": 5021161.7705049999 }, "geometry": { "type": "Point", "coordinates": [ 15451212.631556, 5021161.770505 ] } },
{ "type": "Feature", "properties": { "15380279.394525": 15451563.087343, "5025475.223726": 5021083.2928520003 }, "geometry": { "type": "Point", "coordinates": [ 15451563.087343, 5021083.292852000333369 ] } },
{ "type": "Feature", "properties": { "15380279.394525": 15451912.337960999, "5025475.223726": 5020999.949364 }, "geometry": { "type": "Point", "coordinates": [ 15451912.337961, 5020999.949364 ] } },
{ "type": "Feature", "properties": { "15380279.394525": 15452260.892294001, "5025475.223726": 5020913.5195800001 }, "geometry": { "type": "Point", "coordinates": [ 15452260.892294, 5020913.51958 ] } },
{ "type": "Feature", "properties": { "15380279.394525": 15452609.259226, "5025475.223726": 5020825.7830410004 }, "geometry": { "type": "Point", "coordinates": [ 15452609.259226, 5020825.783041000366211 ] } },
{ "type": "Feature", "properties": { "15380279.394525": 15452973.92808, "5025475.223726": 5020734.1912550004 }, "geometry": { "type": "Point", "coordinates": [ 15452973.92808, 5020734.191255000419915 ] } },
{ "type": "Feature", "properties": { "15380279.394525": 15453338.644137001, "5025475.223726": 5020643.1231209999 }, "geometry": { "type": "Point", "coordinates": [ 15453338.644137, 5020643.123120999895036 ] } },
{ "type": "Feature", "properties": { "15380279.394525": 15453703.419561001, "5025475.223726": 5020552.4987070002 }, "geometry": { "type": "Point", "coordinates": [ 15453703.419561, 5020552.498707000166178 ] } },
{ "type": "Feature", "properties": { "15380279.394525": 15454068.266515, "5025475.223726": 5020462.2380820001 }, "geometry": { "type": "Point", "coordinates": [ 15454068.266515, 5020462.238082 ] } },
{ "type": "Feature", "properties": { "15380279.394525": 15454433.197162, "5025475.223726": 5020372.2613129998 }, "geometry": { "type": "Point", "coordinates": [ 15454433.197162, 5020372.261312999762595 ] } },
{ "type": "Feature", "properties": { "15380279.394525": 15454798.223665999, "5025475.223726": 5020282.488469 }, "geometry": { "type": "Point", "coordinates": [ 15454798.223666, 5020282.488469 ] } },
{ "type": "Feature", "properties": { "15380279.394525": 15455163.35819, "5025475.223726": 5020192.839617 }, "geometry": { "type": "Point", "coordinates": [ 15455163.35819, 5020192.839617 ] } },
{ "type": "Feature", "properties": { "15380279.394525": 15455528.612896999, "5025475.223726": 5020103.2348260004 }, "geometry": { "type": "Point", "coordinates": [ 15455528.612897, 5020103.234826000407338 ] } },
{ "type": "Feature", "properties": { "15380279.394525": 15442783.907623, "5025475.223726": 5021579.7463950003 }, "geometry": { "type": "Point", "coordinates": [ 15442783.907623, 5021579.746395000256598 ] } },
{ "type": "Feature", "properties": { "15380279.394525": 15442784.241574001, "5025475.223726": 5021577.204717 }, "geometry": { "type": "Point", "coordinates": [ 15442784.241574, 5021577.204717 ] } },
{ "type": "Feature", "properties": { "15380279.394525": 15442818.524799, "5025475.223726": 5021231.7513610004 }, "geometry": { "type": "Point", "coordinates": [ 15442818.524799, 5021231.751361000351608 ] } },
{ "type": "Feature", "properties": { "15380279.394525": 15442833.458182, "5025475.223726": 5020885.1782799996 }, "geometry": { "type": "Point", "coordinates": [ 15442833.458182, 5020885.178279999643564 ] } },
{ "type": "Feature", "properties": { "15380279.394525": 15442832.916108999, "5025475.223726": 5020537.67576 }, "geometry": { "type": "Point", "coordinates": [ 15442832.916109, 5020537.67576 ] } },
{ "type": "Feature", "properties": { "15380279.394525": 15442820.772964999, "5025475.223726": 5020189.4340880001 }, "geometry": { "type": "Point", "coordinates": [ 15442820.772965, 5020189.434088 ] } },
{ "type": "Feature", "properties": { "15380279.394525": 15442800.903134, "5025475.223726": 5019840.6435510004 }, "geometry": { "type": "Point", "coordinates": [ 15442800.903134, 5019840.643551000393927 ] } },
{ "type": "Feature", "properties": { "15380279.394525": 15442777.181002, "5025475.223726": 5019491.4944350002 }, "geometry": { "type": "Point", "coordinates": [ 15442777.181002, 5019491.494435000233352 ] } },
{ "type": "Feature", "properties": { "15380279.394525": 15444730.143404, "5025475.223726": 5019851.9137080004 }, "geometry": { "type": "Point", "coordinates": [ 15444730.143404, 5019851.913708000443876 ] } },
{ "type": "Feature", "properties": { "15380279.394525": 15445089.85801, "5025475.223726": 5020041.8357800003 }, "geometry": { "type": "Point", "coordinates": [ 15445089.85801, 5020041.835780000314116 ] } },
{ "type": "Feature", "properties": { "15380279.394525": 15445452.134097001, "5025475.223726": 5020228.8953849999 }, "geometry": { "type": "Point", "coordinates": [ 15445452.134097, 5020228.895385 ] } },
{ "type": "Feature", "properties": { "15380279.394525": 15445740.508459, "5025475.223726": 5020377.200894 }, "geometry": { "type": "Point", "coordinates": [ 15445740.508459, 5020377.200894 ] } },
{ "type": "Feature", "properties": { "15380279.394525": 15446017.170290999, "5025475.223726": 5020543.0467830002 }, "geometry": { "type": "Point", "coordinates": [ 15446017.170291, 5020543.046783000230789 ] } },
{ "type": "Feature", "properties": { "15380279.394525": 15446358.432701999, "5025475.223726": 5020817.115057 }, "geometry": { "type": "Point", "coordinates": [ 15446358.432702, 5020817.115057 ] } },
{ "type": "Feature", "properties": { "15380279.394525": 15446682.535798, "5025475.223726": 5021115.4085480003 }, "geometry": { "type": "Point", "coordinates": [ 15446682.535798, 5021115.408548000268638 ] } },
{ "type": "Feature", "properties": { "15380279.394525": 15447021.679081, "5025475.223726": 5021391.2555569997 }, "geometry": { "type": "Point", "coordinates": [ 15447021.679081, 5021391.255556999705732 ] } },
{ "type": "Feature", "properties": { "15380279.394525": 15447402.127765, "5025475.223726": 5021613.1123200003 }, "geometry": { "type": "Point", "coordinates": [ 15447402.127765, 5021613.112320000305772 ] } },
{ "type": "Feature", "properties": { "15380279.394525": 15447806.451572999, "5025475.223726": 5021799.6523740003 }, "geometry": { "type": "Point", "coordinates": [ 15447806.451573, 5021799.652374000288546 ] } },
{ "type": "Feature", "properties": { "15380279.394525": 15448591.224066, "5025475.223726": 5021611.1615350004 }, "geometry": { "type": "Point", "coordinates": [ 15448591.224066, 5021611.161535000428557 ] } },
{ "type": "Feature", "properties": { "15380279.394525": 15448742.485675, "5025475.223726": 5021945.1267809998 }, "geometry": { "type": "Point", "coordinates": [ 15448742.485675, 5021945.126780999824405 ] } },
{ "type": "Feature", "properties": { "15380279.394525": 15448936.523962, "5025475.223726": 5022239.4643299999 }, "geometry": { "type": "Point", "coordinates": [ 15448936.523962, 5022239.464329999871552 ] } },
{ "type": "Feature", "properties": { "15380279.394525": 15449175.408044999, "5025475.223726": 5022448.2094289996 }, "geometry": { "type": "Point", "coordinates": [ 15449175.408045, 5022448.209428999572992 ] } },
{ "type": "Feature", "properties": { "15380279.394525": 15449456.710601, "5025475.223726": 5022617.554796 }, "geometry": { "type": "Point", "coordinates": [ 15449456.710601, 5022617.554796 ] } },
{ "type": "Feature", "properties": { "15380279.394525": 15449752.687354, "5025475.223726": 5022773.521706 }, "geometry": { "type": "Point", "coordinates": [ 15449752.687354, 5022773.521706 ] } },
{ "type": "Feature", "properties": { "15380279.394525": 15450044.348414, "5025475.223726": 5022941.6063310001 }, "geometry": { "type": "Point", "coordinates": [ 15450044.348414, 5022941.606331000104547 ] } },
{ "type": "Feature", "properties": { "15380279.394525": 15450317.807964999, "5025475.223726": 5023128.1559300004 }, "geometry": { "type": "Point", "coordinates": [ 15450317.807965, 5023128.15593000035733 ] } },
{ "type": "Feature", "properties": { "15380279.394525": 15450568.850746, "5025475.223726": 5023338.9942220002 }, "geometry": { "type": "Point", "coordinates": [ 15450568.850746, 5023338.99422200024128 ] } },
{ "type": "Feature", "properties": { "15380279.394525": 15450897.50739, "5025475.223726": 5023699.5623859996 }, "geometry": { "type": "Point", "coordinates": [ 15450897.50739, 5023699.562385999597609 ] } },
{ "type": "Feature", "properties": { "15380279.394525": 15451196.668740001, "5025475.223726": 5024092.9575770004 }, "geometry": { "type": "Point", "coordinates": [ 15451196.66874, 5024092.957577000372112 ] } },
{ "type": "Feature", "properties": { "15380279.394525": 15444730.143404, "5025475.223726": 5022679.2762869997 }, "geometry": { "type": "Point", "coordinates": [ 15444730.143404, 5022679.276286999695003 ] } },
{ "type": "Feature", "properties": { "15380279.394525": 15445063.374482, "5025475.223726": 5022497.9477469996 }, "geometry": { "type": "Point", "coordinates": [ 15445063.374482, 5022497.947746999561787 ] } },
{ "type": "Feature", "properties": { "15380279.394525": 15445397.7268, "5025475.223726": 5022319.142922 }, "geometry": { "type": "Point", "coordinates": [ 15445397.7268, 5022319.142922 ] } },
{ "type": "Feature", "properties": { "15380279.394525": 15445734.652194001, "5025475.223726": 5022145.2189109996 }, "geometry": { "type": "Point", "coordinates": [ 15445734.652194, 5022145.218910999596119 ] } },
{ "type": "Feature", "properties": { "15380279.394525": 15446084.448726, "5025475.223726": 5021973.4130239999 }, "geometry": { "type": "Point", "coordinates": [ 15446084.448726, 5021973.413023999892175 ] } },
{ "type": "Feature", "properties": { "15380279.394525": 15446437.044808, "5025475.223726": 5021807.5378930001 }, "geometry": { "type": "Point", "coordinates": [ 15446437.044808, 5021807.537893 ] } },
{ "type": "Feature", "properties": { "15380279.394525": 15446791.592204999, "5025475.223726": 5021645.573787 }, "geometry": { "type": "Point", "coordinates": [ 15446791.592205, 5021645.573787 ] } },
{ "type": "Feature", "properties": { "15380279.394525": 15447147.24268, "5025475.223726": 5021485.500976 }, "geometry": { "type": "Point", "coordinates": [ 15447147.24268, 5021485.500976 ] } },
{ "type": "Feature", "properties": { "15380279.394525": 15442061.916929999, "5025475.223726": 5017715.684204 }, "geometry": { "type": "Point", "coordinates": [ 15442061.91693, 5017715.684204 ] } },
{ "type": "Feature", "properties": { "15380279.394525": 15442457.5437, "5025475.223726": 5017599.6440040004 }, "geometry": { "type": "Point", "coordinates": [ 15442457.5437, 5017599.644004000350833 ] } },
{ "type": "Feature", "properties": { "15380279.394525": 15442854.566285999, "5025475.223726": 5017492.1181819998 }, "geometry": { "type": "Point", "coordinates": [ 15442854.566286, 5017492.118181999772787 ] } },
{ "type": "Feature", "properties": { "15380279.394525": 15443254.771118, "5025475.223726": 5017401.5328059997 }, "geometry": { "type": "Point", "coordinates": [ 15443254.771118, 5017401.532805999740958 ] } },
{ "type": "Feature", "properties": { "15380279.394525": 15443633.771883, "5025475.223726": 5017337.3655650001 }, "geometry": { "type": "Point", "coordinates": [ 15443633.771883, 5017337.365565000101924 ] } },
{ "type": "Feature", "properties": { "15380279.394525": 15444015.666803, "5025475.223726": 5017289.4565939996 }, "geometry": { "type": "Point", "coordinates": [ 15444015.666803, 5017289.456593999639153 ] } },
{ "type": "Feature", "properties": { "15380279.394525": 15444399.54583, "5025475.223726": 5017251.6406460004 }, "geometry": { "type": "Point", "coordinates": [ 15444399.54583, 5017251.640646000392735 ] } },
{ "type": "Feature", "properties": { "15380279.394525": 15444784.498911999, "5025475.223726": 5017217.7524730004 }, "geometry": { "type": "Point", "coordinates": [ 15444784.498912, 5017217.752473000437021 ] } },
{ "type": "Feature", "properties": { "15380279.394525": 15445169.616, "5025475.223726": 5017181.6268279999 }, "geometry": { "type": "Point", "coordinates": [ 15445169.616, 5017181.626828 ] } },
{ "type": "Feature", "properties": { "15380279.394525": 15445529.76929, "5025475.223726": 5017141.0335720005 }, "geometry": { "type": "Point", "coordinates": [ 15445529.76929, 5017141.033572000451386 ] } },
{ "type": "Feature", "properties": { "15380279.394525": 15445888.587362999, "5025475.223726": 5017092.4584830003 }, "geometry": { "type": "Point", "coordinates": [ 15445888.587363, 5017092.458483000285923 ] } },
{ "type": "Feature", "properties": { "15380279.394525": 15446245.754702, "5025475.223726": 5017035.216829 }, "geometry": { "type": "Point", "coordinates": [ 15446245.754702, 5017035.216829 ] } },
{ "type": "Feature", "properties": { "15380279.394525": 15446600.955794999, "5025475.223726": 5016968.6238780003 }, "geometry": { "type": "Point", "coordinates": [ 15446600.955795, 5016968.623878000304103 ] } },
{ "type": "Feature", "properties": { "15380279.394525": 15446953.875125, "5025475.223726": 5016891.9948960003 }, "geometry": { "type": "Point", "coordinates": [ 15446953.875125, 5016891.994896000251174 ] } },
{ "type": "Feature", "properties": { "15380279.394525": 15447304.197178001, "5025475.223726": 5016804.6451509995 }, "geometry": { "type": "Point", "coordinates": [ 15447304.197178, 5016804.6451509995386 ] } },
{ "type": "Feature", "properties": { "15380279.394525": 15447700.166975001, "5025475.223726": 5016691.903802 }, "geometry": { "type": "Point", "coordinates": [ 15447700.166975, 5016691.903802 ] } },
{ "type": "Feature", "properties": { "15380279.394525": 15448092.981349001, "5025475.223726": 5016568.1080999998 }, "geometry": { "type": "Point", "coordinates": [ 15448092.981349, 5016568.108099999837577 ] } },
{ "type": "Feature", "properties": { "15380279.394525": 15448483.789883999, "5025475.223726": 5016436.9203650001 }, "geometry": { "type": "Point", "coordinates": [ 15448483.789884, 5016436.920365000143647 ] } },
{ "type": "Feature", "properties": { "15380279.394525": 15448873.742163001, "5025475.223726": 5016302.0029149996 }, "geometry": { "type": "Point", "coordinates": [ 15448873.742163, 5016302.002914999611676 ] } },
{ "type": "Feature", "properties": { "15380279.394525": 15445201.006898999, "5025475.223726": 5017935.5901819998 }, "geometry": { "type": "Point", "coordinates": [ 15445201.006899, 5017935.590181999839842 ] } },
{ "type": "Feature", "properties": { "15380279.394525": 15445609.088594999, "5025475.223726": 5017118.7965489998 }, "geometry": { "type": "Point", "coordinates": [ 15445609.088595, 5017118.796548999845982 ] } },
{ "type": "Feature", "properties": { "15380279.394525": 15445389.352297001, "5025475.223726": 5017118.7965489998 }, "geometry": { "type": "Point", "coordinates": [ 15445389.352297, 5017118.796548999845982 ] } },
{ "type": "Feature", "properties": { "15380279.394525": 15445546.306795999, "5025475.223726": 5016113.5120759998 }, "geometry": { "type": "Point", "coordinates": [ 15445546.306796, 5016113.512075999751687 ] } },
{ "type": "Feature", "properties": { "15380279.394525": 15445389.352297001, "5025475.223726": 5016082.0969359996 }, "geometry": { "type": "Point", "coordinates": [ 15445389.352297, 5016082.096935999579728 ] } },
{ "type": "Feature", "properties": { "15380279.394525": 15445451.390952, "5025475.223726": 5015737.2664959999 }, "geometry": { "type": "Point", "coordinates": [ 15445451.390952, 5015737.266495999880135 ] } },
{ "type": "Feature", "properties": { "15380279.394525": 15445507.444233, "5025475.223726": 5015392.2433569999 }, "geometry": { "type": "Point", "coordinates": [ 15445507.444233, 5015392.243357 ] } },
{ "type": "Feature", "properties": { "15380279.394525": 15445551.537896, "5025475.223726": 5015046.5804700004 }, "geometry": { "type": "Point", "coordinates": [ 15445551.537896, 5015046.580470000393689 ] } },
{ "type": "Feature", "properties": { "15380279.394525": 15445577.697695, "5025475.223726": 5014699.830786 }, "geometry": { "type": "Point", "coordinates": [ 15445577.697695, 5014699.830786 ] } },
{ "type": "Feature", "properties": { "15380279.394525": 15445581.923283, "5025475.223726": 5014334.0668749996 }, "geometry": { "type": "Point", "coordinates": [ 15445581.923283, 5014334.066874999552965 ] } },
{ "type": "Feature", "properties": { "15380279.394525": 15445568.518686, "5025475.223726": 5013967.4790080003 }, "geometry": { "type": "Point", "coordinates": [ 15445568.518686, 5013967.479008000344038 ] } },
{ "type": "Feature", "properties": { "15380279.394525": 15445546.306795999, "5025475.223726": 5013600.3008949999 }, "geometry": { "type": "Point", "coordinates": [ 15445546.306796, 5013600.300894999876618 ] } },
{ "type": "Feature", "properties": { "15380279.394525": 15443568.680114999, "5025475.223726": 5016490.4937530002 }, "geometry": { "type": "Point", "coordinates": [ 15443568.680115, 5016490.493753000162542 ] } },
{ "type": "Feature", "properties": { "15380279.394525": 15443590.384500001, "5025475.223726": 5016176.3123340001 }, "geometry": { "type": "Point", "coordinates": [ 15443590.3845, 5016176.312334000132978 ] } },
{ "type": "Feature", "properties": { "15380279.394525": 15443609.684467999, "5025475.223726": 5015862.2349770004 }, "geometry": { "type": "Point", "coordinates": [ 15443609.684468, 5015862.234977000392973 ] } },
{ "type": "Feature", "properties": { "15380279.394525": 15443624.177709, "5025475.223726": 5015548.1356100002 }, "geometry": { "type": "Point", "coordinates": [ 15443624.177709, 5015548.135610000230372 ] } },
{ "type": "Feature", "properties": { "15380279.394525": 15443631.461914999, "5025475.223726": 5015233.8881630003 }, "geometry": { "type": "Point", "coordinates": [ 15443631.461915, 5015233.88816300034523 ] } },
{ "type": "Feature", "properties": { "15380279.394525": 15443628.379539, "5025475.223726": 5014849.0400019996 }, "geometry": { "type": "Point", "coordinates": [ 15443628.379539, 5014849.040001999586821 ] } },
{ "type": "Feature", "properties": { "15380279.394525": 15443614.485219, "5025475.223726": 5014464.2832389995 }, "geometry": { "type": "Point", "coordinates": [ 15443614.485219, 5014464.283238999545574 ] } },
{ "type": "Feature", "properties": { "15380279.394525": 15443593.383797999, "5025475.223726": 5014079.4934759997 }, "geometry": { "type": "Point", "coordinates": [ 15443593.383798, 5014079.493475999683142 ] } },
{ "type": "Feature", "properties": { "15380279.394525": 15443568.680114999, "5025475.223726": 5013694.5463140002 }, "geometry": { "type": "Point", "coordinates": [ 15443568.680115, 5013694.546314000152051 ] } },
{ "type": "Feature", "properties": { "15380279.394525": 15441842.180632001, "5025475.223726": 5009987.5598219996 }, "geometry": { "type": "Point", "coordinates": [ 15441842.180632, 5009987.559821999631822 ] } },
{ "type": "Feature", "properties": { "15380279.394525": 15441845.833108, "5025475.223726": 5010381.580817 }, "geometry": { "type": "Point", "coordinates": [ 15441845.833108, 5010381.580817 ] } },
{ "type": "Feature", "properties": { "15380279.394525": 15441854.290642999, "5025475.223726": 5010774.9548549997 }, "geometry": { "type": "Point", "coordinates": [ 15441854.290643, 5010774.954854999668896 ] } },
{ "type": "Feature", "properties": { "15380279.394525": 15441872.388622999, "5025475.223726": 5011167.3206230002 }, "geometry": { "type": "Point", "coordinates": [ 15441872.388623, 5011167.320623000152409 ] } },
{ "type": "Feature", "properties": { "15380279.394525": 15441904.962432001, "5025475.223726": 5011558.3168099998 }, "geometry": { "type": "Point", "coordinates": [ 15441904.962432, 5011558.316809999756515 ] } },
{ "type": "Feature", "properties": { "15380279.394525": 15441952.437673001, "5025475.223726": 5011929.1143680001 }, "geometry": { "type": "Point", "coordinates": [ 15441952.437673, 5011929.114368 ] } },
{ "type": "Feature", "properties": { "15380279.394525": 15442013.024567001, "5025475.223726": 5012298.4030280001 }, "geometry": { "type": "Point", "coordinates": [ 15442013.024567, 5012298.403028000146151 ] } },
{ "type": "Feature", "properties": { "15380279.394525": 15442082.362191999, "5025475.223726": 5012666.7764710002 }, "geometry": { "type": "Point", "coordinates": [ 15442082.362192, 5012666.776471000164747 ] } },
{ "type": "Feature", "properties": { "15380279.394525": 15442156.089629, "5025475.223726": 5013034.8283789996 }, "geometry": { "type": "Point", "coordinates": [ 15442156.089629, 5013034.828378999605775 ] } },
{ "type": "Feature", "properties": { "15380279.394525": 15451636.141336, "5025475.223726": 5020197.480246 }, "geometry": { "type": "Point", "coordinates": [ 15451636.141336, 5020197.480246 ] } },
{ "type": "Feature", "properties": { "15380279.394525": 15451994.057424, "5025475.223726": 5020045.4541030005 }, "geometry": { "type": "Point", "coordinates": [ 15451994.057424, 5020045.454103000462055 ] } },
{ "type": "Feature", "properties": { "15380279.394525": 15452358.132028, "5025475.223726": 5019914.7439879999 }, "geometry": { "type": "Point", "coordinates": [ 15452358.132028, 5019914.743987999856472 ] } },
{ "type": "Feature", "properties": { "15380279.394525": 15452717.481517, "5025475.223726": 5019824.9418820003 }, "geometry": { "type": "Point", "coordinates": [ 15452717.481517, 5019824.941882000304759 ] } },
{ "type": "Feature", "properties": { "15380279.394525": 15453085.054861, "5025475.223726": 5019767.906459 }, "geometry": { "type": "Point", "coordinates": [ 15453085.054861, 5019767.906459 ] } },
{ "type": "Feature", "properties": { "15380279.394525": 15453458.009861, "5025475.223726": 5019737.1670909999 }, "geometry": { "type": "Point", "coordinates": [ 15453458.009861, 5019737.167090999893844 ] } },
{ "type": "Feature", "properties": { "15380279.394525": 15453833.504314, "5025475.223726": 5019726.253149 }, "geometry": { "type": "Point", "coordinates": [ 15453833.504314, 5019726.253149 ] } },
{ "type": "Feature", "properties": { "15380279.394525": 15454119.204615001, "5025475.223726": 5019729.0312249996 }, "geometry": { "type": "Point", "coordinates": [ 15454119.204615, 5019729.031224999576807 ] } },
{ "type": "Feature", "properties": { "15380279.394525": 15454402.368783001, "5025475.223726": 5019747.3756219996 }, "geometry": { "type": "Point", "coordinates": [ 15454402.368783, 5019747.375621999613941 ] } },
{ "type": "Feature", "properties": { "15380279.394525": 15454681.058605, "5025475.223726": 5019789.0834290003 }, "geometry": { "type": "Point", "coordinates": [ 15454681.058605, 5019789.083429000340402 ] } },
{ "type": "Feature", "properties": { "15380279.394525": 15455014.932189999, "5025475.223726": 5019877.9183590002 }, "geometry": { "type": "Point", "coordinates": [ 15455014.93219, 5019877.918359000235796 ] } },
{ "type": "Feature", "properties": { "15380279.394525": 15455342.978397001, "5025475.223726": 5019993.9573950004 }, "geometry": { "type": "Point", "coordinates": [ 15455342.978397, 5019993.957395000383258 ] } },
{ "type": "Feature", "properties": { "15380279.394525": 15455669.669155, "5025475.223726": 5020117.5124380002 }, "geometry": { "type": "Point", "coordinates": [ 15455669.669155, 5020117.512438000179827 ] } },
{ "type": "Feature", "properties": { "15380279.394525": 15455999.476392001, "5025475.223726": 5020228.8953849999 }, "geometry": { "type": "Point", "coordinates": [ 15455999.476392, 5020228.895385 ] } },
{ "type": "Feature", "properties": { "15380279.394525": 15456384.383546, "5025475.223726": 5020323.0575719997 }, "geometry": { "type": "Point", "coordinates": [ 15456384.383546, 5020323.05757199972868 ] } },
{ "type": "Feature", "properties": { "15380279.394525": 15456776.008879, "5025475.223726": 5020388.0173140001 }, "geometry": { "type": "Point", "coordinates": [ 15456776.008879, 5020388.017314 ] } },
{ "type": "Feature", "properties": { "15380279.394525": 15457171.754215, "5025475.223726": 5020436.2463710001 }, "geometry": { "type": "Point", "coordinates": [ 15457171.754215, 5020436.246371 ] } },
{ "type": "Feature", "properties": { "15380279.394525": 15457569.021376999, "5025475.223726": 5020480.2165040001 }, "geometry": { "type": "Point", "coordinates": [ 15457569.021377, 5020480.216504000127316 ] } },
{ "type": "Feature", "properties": { "15380279.394525": 15457891.617791999, "5025475.223726": 5020519.2953469995 }, "geometry": { "type": "Point", "coordinates": [ 15457891.617792, 5020519.295346999540925 ] } },
{ "type": "Feature", "properties": { "15380279.394525": 15458213.425182, "5025475.223726": 5020557.4775040001 }, "geometry": { "type": "Point", "coordinates": [ 15458213.425182, 5020557.477504 ] } },
{ "type": "Feature", "properties": { "15380279.394525": 15458534.787392, "5025475.223726": 5020588.4443020001 }, "geometry": { "type": "Point", "coordinates": [ 15458534.787392, 5020588.444302000105381 ] } },
{ "type": "Feature", "properties": { "15380279.394525": 15458856.048264001, "5025475.223726": 5020605.8770629996 }, "geometry": { "type": "Point", "coordinates": [ 15458856.048264, 5020605.877062999643385 ] } },
{ "type": "Feature", "properties": { "15380279.394525": 15459222.353692999, "5025475.223726": 5020603.4404659998 }, "geometry": { "type": "Point", "coordinates": [ 15459222.353693, 5020603.440465999767184 ] } },
{ "type": "Feature", "properties": { "15380279.394525": 15459588.552206, "5025475.223726": 5020579.482175 }, "geometry": { "type": "Point", "coordinates": [ 15459588.552206, 5020579.482175 ] } },
{ "type": "Feature", "properties": { "15380279.394525": 15459954.700509001, "5025475.223726": 5020538.3083830001 }, "geometry": { "type": "Point", "coordinates": [ 15459954.700509, 5020538.308383 ] } },
{ "type": "Feature", "properties": { "15380279.394525": 15460320.855311999, "5025475.223726": 5020484.2252850002 }, "geometry": { "type": "Point", "coordinates": [ 15460320.855312, 5020484.225285000167787 ] } },
{ "type": "Feature", "properties": { "15380279.394525": 15460687.07332, "5025475.223726": 5020421.539074 }, "geometry": { "type": "Point", "coordinates": [ 15460687.07332, 5020421.539074 ] } },
{ "type": "Feature", "properties": { "15380279.394525": 15461053.411242001, "5025475.223726": 5020354.5559440004 }, "geometry": { "type": "Point", "coordinates": [ 15461053.411242, 5020354.5559440003708 ] } },
{ "type": "Feature", "properties": { "15380279.394525": 15459954.729753001, "5025475.223726": 5024752.675512 }, "geometry": { "type": "Point", "coordinates": [ 15459954.729753, 5024752.675512 ] } },
{ "type": "Feature", "properties": { "15380279.394525": 15459614.526435999, "5025475.223726": 5024433.0219219998 }, "geometry": { "type": "Point", "coordinates": [ 15459614.526436, 5024433.021921999752522 ] } },
{ "type": "Feature", "properties": { "15380279.394525": 15459274.729181999, "5025475.223726": 5024113.2511959998 }, "geometry": { "type": "Point", "coordinates": [ 15459274.729182, 5024113.251195999793708 ] } },
{ "type": "Feature", "properties": { "15380279.394525": 15458935.522728, "5025475.223726": 5023793.0900529996 }, "geometry": { "type": "Point", "coordinates": [ 15458935.522728, 5023793.090052999556065 ] } },
{ "type": "Feature", "properties": { "15380279.394525": 15458597.091810999, "5025475.223726": 5023472.2652099999 }, "geometry": { "type": "Point", "coordinates": [ 15458597.091811, 5023472.265209999866784 ] } },
{ "type": "Feature", "properties": { "15380279.394525": 15458259.621169999, "5025475.223726": 5023150.5033839997 }, "geometry": { "type": "Point", "coordinates": [ 15458259.62117, 5023150.503383999690413 ] } },
{ "type": "Feature", "properties": { "15380279.394525": 15457903.019636, "5025475.223726": 5022808.8168240003 }, "geometry": { "type": "Point", "coordinates": [ 15457903.019636, 5022808.816824000328779 ] } },
{ "type": "Feature", "properties": { "15380279.394525": 15457545.391819, "5025475.223726": 5022468.3287420003 }, "geometry": { "type": "Point", "coordinates": [ 15457545.391819, 5022468.32874200027436 ] } },
{ "type": "Feature", "properties": { "15380279.394525": 15457183.883330001, "5025475.223726": 5022131.2152279997 }, "geometry": { "type": "Point", "coordinates": [ 15457183.88333, 5022131.215227999724448 ] } },
{ "type": "Feature", "properties": { "15380279.394525": 15456815.639784001, "5025475.223726": 5021799.6523740003 }, "geometry": { "type": "Point", "coordinates": [ 15456815.639784, 5021799.652374000288546 ] } },
{ "type": "Feature", "properties": { "15380279.394525": 15456494.828041, "5025475.223726": 5021524.3850290002 }, "geometry": { "type": "Point", "coordinates": [ 15456494.828041, 5021524.385029000230134 ] } },
{ "type": "Feature", "properties": { "15380279.394525": 15456164.766731, "5025475.223726": 5021261.0646209996 }, "geometry": { "type": "Point", "coordinates": [ 15456164.766731, 5021261.064620999619365 ] } },
{ "type": "Feature", "properties": { "15380279.394525": 15455822.689776, "5025475.223726": 5021015.716972 }, "geometry": { "type": "Point", "coordinates": [ 15455822.689776, 5021015.716972 ] } },
{ "type": "Feature", "properties": { "15380279.394525": 15455465.831098, "5025475.223726": 5020794.3679010002 }, "geometry": { "type": "Point", "coordinates": [ 15455465.831098, 5020794.367901000194252 ] } },
{ "type": "Feature", "properties": { "15380279.394525": 15455168.520493001, "5025475.223726": 5020636.9806559999 }, "geometry": { "type": "Point", "coordinates": [ 15455168.520493, 5020636.980655999854207 ] } },
{ "type": "Feature", "properties": { "15380279.394525": 15454863.901864, "5025475.223726": 5020492.5703779999 }, "geometry": { "type": "Point", "coordinates": [ 15454863.901864, 5020492.570378 ] } },
{ "type": "Feature", "properties": { "15380279.394525": 15454555.495007001, "5025475.223726": 5020354.5559440004 }, "geometry": { "type": "Point", "coordinates": [ 15454555.495007, 5020354.5559440003708 ] } },
{ "type": "Feature", "properties": { "15380279.394525": 15450851.368843, "5025475.223726": 5024689.8452319996 }, "geometry": { "type": "Point", "coordinates": [ 15450851.368843, 5024689.845231999643147 ] } },
{ "type": "Feature", "properties": { "15380279.394525": 15451043.119748, "5025475.223726": 5024372.6297610002 }, "geometry": { "type": "Point", "coordinates": [ 15451043.119748, 5024372.629761000163853 ] } },
{ "type": "Feature", "properties": { "15380279.394525": 15451236.587261001, "5025475.223726": 5024056.7300760001 }, "geometry": { "type": "Point", "coordinates": [ 15451236.587261, 5024056.730076 ] } },
{ "type": "Feature", "properties": { "15380279.394525": 15451433.638689, "5025475.223726": 5023743.2365720002 }, "geometry": { "type": "Point", "coordinates": [ 15451433.638689, 5023743.236572000198066 ] } },
{ "type": "Feature", "properties": { "15380279.394525": 15451636.141336, "5025475.223726": 5023433.2396419998 }, "geometry": { "type": "Point", "coordinates": [ 15451636.141336, 5023433.239641999825835 ] } },
{ "type": "Feature", "properties": { "15380279.394525": 15451871.543037999, "5025475.223726": 5023090.1461410001 }, "geometry": { "type": "Point", "coordinates": [ 15451871.543038, 5023090.146141 ] } },
{ "type": "Feature", "properties": { "15380279.394525": 15452113.648731001, "5025475.223726": 5022751.7370769996 }, "geometry": { "type": "Point", "coordinates": [ 15452113.648731, 5022751.737076999619603 ] } },
{ "type": "Feature", "properties": { "15380279.394525": 15452360.280199001, "5025475.223726": 5022416.3665420003 }, "geometry": { "type": "Point", "coordinates": [ 15452360.280199, 5022416.366542000323534 ] } },
{ "type": "Feature", "properties": { "15380279.394525": 15452609.259226, "5025475.223726": 5022082.3886320004 }, "geometry": { "type": "Point", "coordinates": [ 15452609.259226, 5022082.388632000423968 ] } },
{ "type": "Feature", "properties": { "15380279.394525": 15451102.496041, "5025475.223726": 5021171.3495779997 }, "geometry": { "type": "Point", "coordinates": [ 15451102.496041, 5021171.349577999673784 ] } },
{ "type": "Feature", "properties": { "15380279.394525": 15451034.563069999, "5025475.223726": 5020869.5622359999 }, "geometry": { "type": "Point", "coordinates": [ 15451034.56307, 5020869.562235999852419 ] } },
{ "type": "Feature", "properties": { "15380279.394525": 15450945.541541999, "5025475.223726": 5020574.4619230004 }, "geometry": { "type": "Point", "coordinates": [ 15450945.541542, 5020574.461923000402749 ] } },
{ "type": "Feature", "properties": { "15380279.394525": 15450847.697407, "5025475.223726": 5020348.6272529997 }, "geometry": { "type": "Point", "coordinates": [ 15450847.697407, 5020348.627252999693155 ] } },
{ "type": "Feature", "properties": { "15380279.394525": 15450725.805245001, "5025475.223726": 5020134.6499659996 }, "geometry": { "type": "Point", "coordinates": [ 15450725.805245, 5020134.649965999647975 ] } },
{ "type": "Feature", "properties": { "15380279.394525": 15450663.023445001, "5025475.223726": 5020040.4045470003 }, "geometry": { "type": "Point", "coordinates": [ 15450663.023445, 5020040.404547000303864 ] } },
{ "type": "Feature", "properties": { "15380279.394525": 15451071.105141001, "5025475.223726": 5023873.0515980003 }, "geometry": { "type": "Point", "coordinates": [ 15451071.105141, 5023873.051598000340164 ] } },
{ "type": "Feature", "properties": { "15380279.394525": 15451139.664021, "5025475.223726": 5023528.4083209997 }, "geometry": { "type": "Point", "coordinates": [ 15451139.664021, 5023528.408320999704301 ] } },
{ "type": "Feature", "properties": { "15380279.394525": 15451203.885062, "5025475.223726": 5023183.1579649998 }, "geometry": { "type": "Point", "coordinates": [ 15451203.885062, 5023183.157964999787509 ] } },
{ "type": "Feature", "properties": { "15380279.394525": 15451259.450539, "5025475.223726": 5022836.3519860003 }, "geometry": { "type": "Point", "coordinates": [ 15451259.450539, 5022836.351986000314355 ] } },
{ "type": "Feature", "properties": { "15380279.394525": 15451307.643753, "5025475.223726": 5022439.8834809996 }, "geometry": { "type": "Point", "coordinates": [ 15451307.643753, 5022439.883480999618769 ] } },
{ "type": "Feature", "properties": { "15380279.394525": 15451339.033972999, "5025475.223726": 5022041.7212060001 }, "geometry": { "type": "Point", "coordinates": [ 15451339.033973, 5022041.721206 ] } },
{ "type": "Feature", "properties": { "15380279.394525": 15451353.623237999, "5025475.223726": 5021642.5766749997 }, "geometry": { "type": "Point", "coordinates": [ 15451353.623238, 5021642.576674999669194 ] } },
{ "type": "Feature", "properties": { "15380279.394525": 15451354.899630001, "5025475.223726": 5021422.6617930001 }, "geometry": { "type": "Point", "coordinates": [ 15451354.89963, 5021422.661793 ] } },
{ "type": "Feature", "properties": { "15380279.394525": 15451353.623237999, "5025475.223726": 5021202.7647179998 }, "geometry": { "type": "Point", "coordinates": [ 15451353.623238, 5021202.764717999845743 ] } },
{ "type": "Feature", "properties": { "15380279.394525": 15451196.668740001, "5025475.223726": 5020511.6316430001 }, "geometry": { "type": "Point", "coordinates": [ 15451196.66874, 5020511.631643 ] } },
{ "type": "Feature", "properties": { "15380279.394525": 15451793.095834, "5025475.223726": 5021045.6890190002 }, "geometry": { "type": "Point", "coordinates": [ 15451793.095834, 5021045.689019000157714 ] } },
{ "type": "Feature", "properties": { "15380279.394525": 15452044.223032, "5025475.223726": 5024815.5057910001 }, "geometry": { "type": "Point", "coordinates": [ 15452044.223032, 5024815.505791 ] } },
{ "type": "Feature", "properties": { "15380279.394525": 15451911.526800999, "5025475.223726": 5024527.6179489996 }, "geometry": { "type": "Point", "coordinates": [ 15451911.526801, 5024527.617948999628425 ] } },
{ "type": "Feature", "properties": { "15380279.394525": 15451761.704933999, "5025475.223726": 5024250.0332749998 }, "geometry": { "type": "Point", "coordinates": [ 15451761.704934, 5024250.033274999819696 ] } },
{ "type": "Feature", "properties": { "15380279.394525": 15451611.007362001, "5025475.223726": 5024026.362989 }, "geometry": { "type": "Point", "coordinates": [ 15451611.007362, 5024026.362989 ] } },
{ "type": "Feature", "properties": { "15380279.394525": 15451447.795937, "5025475.223726": 5023810.2213190002 }, "geometry": { "type": "Point", "coordinates": [ 15451447.795937, 5023810.22131900023669 ] } },
{ "type": "Feature", "properties": { "15380279.394525": 15454272.976909, "5025475.223726": 5024689.8452319996 }, "geometry": { "type": "Point", "coordinates": [ 15454272.976909, 5024689.845231999643147 ] } },
{ "type": "Feature", "properties": { "15380279.394525": 15454452.911981, "5025475.223726": 5024419.4289269997 }, "geometry": { "type": "Point", "coordinates": [ 15454452.911981, 5024419.428926999680698 ] } },
{ "type": "Feature", "properties": { "15380279.394525": 15454631.272418, "5025475.223726": 5024147.697284 }, "geometry": { "type": "Point", "coordinates": [ 15454631.272418, 5024147.697284 ] } },
{ "type": "Feature", "properties": { "15380279.394525": 15454806.622204, "5025475.223726": 5023873.0515980003 }, "geometry": { "type": "Point", "coordinates": [ 15454806.622204, 5023873.051598000340164 ] } },
{ "type": "Feature", "properties": { "15380279.394525": 15455009.312937001, "5025475.223726": 5023534.167014 }, "geometry": { "type": "Point", "coordinates": [ 15455009.312937, 5023534.167014 ] } },
{ "type": "Feature", "properties": { "15380279.394525": 15455183.313, "5025475.223726": 5023181.9185229996 }, "geometry": { "type": "Point", "coordinates": [ 15455183.313, 5023181.918522999621928 ] } },
{ "type": "Feature", "properties": { "15380279.394525": 15455281.78021, "5025475.223726": 5022915.6021490004 }, "geometry": { "type": "Point", "coordinates": [ 15455281.78021, 5022915.602149000391364 ] } },
{ "type": "Feature", "properties": { "15380279.394525": 15455362.513367999, "5025475.223726": 5022642.1976079997 }, "geometry": { "type": "Point", "coordinates": [ 15455362.513368, 5022642.197607999667525 ] } },
{ "type": "Feature", "properties": { "15380279.394525": 15455434.440198001, "5025475.223726": 5022365.1248890003 }, "geometry": { "type": "Point", "coordinates": [ 15455434.440198, 5022365.124889000318944 ] } },
{ "type": "Feature", "properties": { "15380279.394525": 15455654.176495999, "5025475.223726": 5024281.448415 }, "geometry": { "type": "Point", "coordinates": [ 15455654.176496, 5024281.448415 ] } },
{ "type": "Feature", "properties": { "15380279.394525": 15456039.002185, "5025475.223726": 5024101.6909410004 }, "geometry": { "type": "Point", "coordinates": [ 15456039.002185, 5024101.69094100035727 ] } },
{ "type": "Feature", "properties": { "15380279.394525": 15456376.167189, "5025475.223726": 5023873.0515980003 }, "geometry": { "type": "Point", "coordinates": [ 15456376.167189, 5023873.051598000340164 ] } },
{ "type": "Feature", "properties": { "15380279.394525": 15456605.845071999, "5025475.223726": 5023601.2366770003 }, "geometry": { "type": "Point", "coordinates": [ 15456605.845072, 5023601.236677000299096 ] } },
{ "type": "Feature", "properties": { "15380279.394525": 15456785.872665999, "5025475.223726": 5023278.6644489998 }, "geometry": { "type": "Point", "coordinates": [ 15456785.872666, 5023278.664448999799788 ] } },
{ "type": "Feature", "properties": { "15380279.394525": 15456941.203383001, "5025475.223726": 5022930.5974049997 }, "geometry": { "type": "Point", "coordinates": [ 15456941.203383, 5022930.597404999658465 ] } },
{ "type": "Feature", "properties": { "15380279.394525": 15453927.677013, "5025475.223726": 5017558.6085050004 }, "geometry": { "type": "Point", "coordinates": [ 15453927.677013, 5017558.60850500036031 ] } },
{ "type": "Feature", "properties": { "15380279.394525": 15454242.11909, "5025475.223726": 5017632.3168500001 }, "geometry": { "type": "Point", "coordinates": [ 15454242.11909, 5017632.31685 ] } },
{ "type": "Feature", "properties": { "15380279.394525": 15454553.120836999, "5025475.223726": 5017714.2100259997 }, "geometry": { "type": "Point", "coordinates": [ 15454553.120837, 5017714.210025999695063 ] } },
{ "type": "Feature", "properties": { "15380279.394525": 15454857.461944999, "5025475.223726": 5017812.5478609996 }, "geometry": { "type": "Point", "coordinates": [ 15454857.461945, 5017812.547860999591649 ] } },
{ "type": "Feature", "properties": { "15380279.394525": 15455151.922101, "5025475.223726": 5017935.5901819998 }, "geometry": { "type": "Point", "coordinates": [ 15455151.922101, 5017935.590181999839842 ] } },
{ "type": "Feature", "properties": { "15380279.394525": 15455550.812573001, "5025475.223726": 5018156.2793169999 }, "geometry": { "type": "Point", "coordinates": [ 15455550.812573, 5018156.279317 ] } },
{ "type": "Feature", "properties": { "15380279.394525": 15455941.940281, "5025475.223726": 5018392.8983150003 }, "geometry": { "type": "Point", "coordinates": [ 15455941.940281, 5018392.898315000347793 ] } },
{ "type": "Feature", "properties": { "15380279.394525": 15456344.776288999, "5025475.223726": 5018595.3081179997 }, "geometry": { "type": "Point", "coordinates": [ 15456344.776289, 5018595.308117999695241 ] } },
{ "type": "Feature", "properties": { "15380279.394525": 15456681.210945001, "5025475.223726": 5018704.2303149998 }, "geometry": { "type": "Point", "coordinates": [ 15456681.210945, 5018704.230314999818802 ] } },
{ "type": "Feature", "properties": { "15380279.394525": 15457031.900590001, "5025475.223726": 5018773.6211580001 }, "geometry": { "type": "Point", "coordinates": [ 15457031.90059, 5018773.621158 ] } },
{ "type": "Feature", "properties": { "15380279.394525": 15457392.175705001, "5025475.223726": 5018816.685761 }, "geometry": { "type": "Point", "coordinates": [ 15457392.175705, 5018816.685761 ] } },
{ "type": "Feature", "properties": { "15380279.394525": 15457757.366775, "5025475.223726": 5018846.6292359997 }, "geometry": { "type": "Point", "coordinates": [ 15457757.366775, 5018846.629235999658704 ] } },
{ "type": "Feature", "properties": { "15380279.394525": 15458039.884872001, "5025475.223726": 5019066.5352140004 }, "geometry": { "type": "Point", "coordinates": [ 15458039.884872, 5019066.535214000381529 ] } },
{ "type": "Feature", "properties": { "15380279.394525": 15458406.966862001, "5025475.223726": 5019163.325708 }, "geometry": { "type": "Point", "coordinates": [ 15458406.966862, 5019163.325708 ] } },
{ "type": "Feature", "properties": { "15380279.394525": 15458774.644082, "5025475.223726": 5019255.9378399998 }, "geometry": { "type": "Point", "coordinates": [ 15458774.644082, 5019255.93783999979496 ] } },
{ "type": "Feature", "properties": { "15380279.394525": 15459143.784768, "5025475.223726": 5019340.2402929999 }, "geometry": { "type": "Point", "coordinates": [ 15459143.784768, 5019340.240292999893427 ] } },
{ "type": "Feature", "properties": { "15380279.394525": 15459515.257158, "5025475.223726": 5019412.1017509997 }, "geometry": { "type": "Point", "coordinates": [ 15459515.257158, 5019412.101750999689102 ] } },
{ "type": "Feature", "properties": { "15380279.394525": 15459842.955108, "5025475.223726": 5019462.5457889996 }, "geometry": { "type": "Point", "coordinates": [ 15459842.955108, 5019462.545788999646902 ] } },
{ "type": "Feature", "properties": { "15380279.394525": 15460172.218851, "5025475.223726": 5019503.3993800003 }, "geometry": { "type": "Point", "coordinates": [ 15460172.218851, 5019503.399380000308156 ] } },
{ "type": "Feature", "properties": { "15380279.394525": 15460502.606194001, "5025475.223726": 5019537.8730819998 }, "geometry": { "type": "Point", "coordinates": [ 15460502.606194, 5019537.873081999830902 ] } },
{ "type": "Feature", "properties": { "15380279.394525": 15460833.674945001, "5025475.223726": 5019569.1774500003 }, "geometry": { "type": "Point", "coordinates": [ 15460833.674945, 5019569.177450000308454 ] } },
{ "type": "Feature", "properties": { "15380279.394525": 15452734.822825, "5025475.223726": 5019789.0834290003 }, "geometry": { "type": "Point", "coordinates": [ 15452734.822825, 5019789.083429000340402 ] } },
{ "type": "Feature", "properties": { "15380279.394525": 15452925.963951999, "5025475.223726": 5019504.8162099998 }, "geometry": { "type": "Point", "coordinates": [ 15452925.963952, 5019504.816209999844432 ] } },
{ "type": "Feature", "properties": { "15380279.394525": 15453099.289822999, "5025475.223726": 5019213.9213800002 }, "geometry": { "type": "Point", "coordinates": [ 15453099.289823, 5019213.921380000188947 ] } },
{ "type": "Feature", "properties": { "15380279.394525": 15453237.07722, "5025475.223726": 5018909.4595149998 }, "geometry": { "type": "Point", "coordinates": [ 15453237.07722, 5018909.459514999762177 ] } },
{ "type": "Feature", "properties": { "15380279.394525": 15453326.296698, "5025475.223726": 5018594.0966299996 }, "geometry": { "type": "Point", "coordinates": [ 15453326.296698, 5018594.096629999577999 ] } },
{ "type": "Feature", "properties": { "15380279.394525": 15453382.874301, "5025475.223726": 5018267.0234249998 }, "geometry": { "type": "Point", "coordinates": [ 15453382.874301, 5018267.023424999788404 ] } },
{ "type": "Feature", "properties": { "15380279.394525": 15453425.422618, "5025475.223726": 5017935.5901819998 }, "geometry": { "type": "Point", "coordinates": [ 15453425.422618, 5017935.590181999839842 ] } },
{ "type": "Feature", "properties": { "15380279.394525": 15453474.622264, "5025475.223726": 5017566.7466780003 }, "geometry": { "type": "Point", "coordinates": [ 15453474.622264, 5017566.746678000316024 ] } },
{ "type": "Feature", "properties": { "15380279.394525": 15453527.543958001, "5025475.223726": 5017200.7718059998 }, "geometry": { "type": "Point", "coordinates": [ 15453527.543958, 5017200.771805999800563 ] } },
{ "type": "Feature", "properties": { "15380279.394525": 15453582.377116, "5025475.223726": 5016836.0602909997 }, "geometry": { "type": "Point", "coordinates": [ 15453582.377116, 5016836.06029099971056 ] } },
{ "type": "Feature", "properties": { "15380279.394525": 15452797.604623999, "5025475.223726": 5015108.2276029997 }, "geometry": { "type": "Point", "coordinates": [ 15452797.604624, 5015108.227602999657393 ] } },
{ "type": "Feature", "properties": { "15380279.394525": 15454053.240612, "5025475.223726": 5015202.4730230002 }, "geometry": { "type": "Point", "coordinates": [ 15454053.240612, 5015202.473023000173271 ] } },
{ "type": "Feature", "properties": { "15380279.394525": 15452546.477427, "5025475.223726": 5014417.0945290001 }, "geometry": { "type": "Point", "coordinates": [ 15452546.477427, 5014417.094529000110924 ] } },
{ "type": "Feature", "properties": { "15380279.394525": 15454429.931407999, "5025475.223726": 5013317.5646369997 }, "geometry": { "type": "Point", "coordinates": [ 15454429.931408, 5013317.564636999741197 ] } },
{ "type": "Feature", "properties": { "15380279.394525": 15454649.667706, "5025475.223726": 5013506.0554750003 }, "geometry": { "type": "Point", "coordinates": [ 15454649.667706, 5013506.055475000292063 ] } },
{ "type": "Feature", "properties": { "15380279.394525": 15454951.377064999, "5025475.223726": 5013256.3986330004 }, "geometry": { "type": "Point", "coordinates": [ 15454951.377065, 5013256.398633000440896 ] } },
{ "type": "Feature", "properties": { "15380279.394525": 15455254.734768, "5025475.223726": 5013009.2850799998 }, "geometry": { "type": "Point", "coordinates": [ 15455254.734768, 5013009.285079999826849 ] } },
{ "type": "Feature", "properties": { "15380279.394525": 15455561.620211, "5025475.223726": 5012767.0893919999 }, "geometry": { "type": "Point", "coordinates": [ 15455561.620211, 5012767.089391999877989 ] } },
{ "type": "Feature", "properties": { "15380279.394525": 15455873.912794, "5025475.223726": 5012532.1861429997 }, "geometry": { "type": "Point", "coordinates": [ 15455873.912794, 5012532.18614299967885 ] } },
{ "type": "Feature", "properties": { "15380279.394525": 15456233.658209, "5025475.223726": 5012278.3834340004 }, "geometry": { "type": "Point", "coordinates": [ 15456233.658209, 5012278.383434000425041 ] } },
{ "type": "Feature", "properties": { "15380279.394525": 15456600.445661999, "5025475.223726": 5012034.6631859997 }, "geometry": { "type": "Point", "coordinates": [ 15456600.445662, 5012034.663185999728739 ] } },
{ "type": "Feature", "properties": { "15380279.394525": 15456972.566715, "5025475.223726": 5011798.466763 }, "geometry": { "type": "Point", "coordinates": [ 15456972.566715, 5011798.466763 ] } },
{ "type": "Feature", "properties": { "15380279.394525": 15457348.312932, "5025475.223726": 5011567.2355239997 }, "geometry": { "type": "Point", "coordinates": [ 15457348.312932, 5011567.235523999668658 ] } },
{ "type": "Feature", "properties": { "15380279.394525": 15457725.975875, "5025475.223726": 5011338.4108309997 }, "geometry": { "type": "Point", "coordinates": [ 15457725.975875, 5011338.410830999724567 ] } },
{ "type": "Feature", "properties": { "15380279.394525": 15451196.668740001, "5025475.223726": 5020103.2348260004 }, "geometry": { "type": "Point", "coordinates": [ 15451196.66874, 5020103.234826000407338 ] } },
{ "type": "Feature", "properties": { "15380279.394525": 15451511.339243, "5025475.223726": 5019863.1082669999 }, "geometry": { "type": "Point", "coordinates": [ 15451511.339243, 5019863.108267 ] } },
{ "type": "Feature", "properties": { "15380279.394525": 15451817.522957999, "5025475.223726": 5019614.6533120004 }, "geometry": { "type": "Point", "coordinates": [ 15451817.522958, 5019614.653312000446022 ] } },
{ "type": "Feature", "properties": { "15380279.394525": 15452107.004830999, "5025475.223726": 5019349.2714719996 }, "geometry": { "type": "Point", "coordinates": [ 15452107.004831, 5019349.271471999585629 ] } },
{ "type": "Feature", "properties": { "15380279.394525": 15452383.691504, "5025475.223726": 5019050.193314 }, "geometry": { "type": "Point", "coordinates": [ 15452383.691504, 5019050.193314 ] } },
{ "type": "Feature", "properties": { "15380279.394525": 15452642.206777999, "5025475.223726": 5018733.0833160002 }, "geometry": { "type": "Point", "coordinates": [ 15452642.206778, 5018733.083316000178456 ] } },
{ "type": "Feature", "properties": { "15380279.394525": 15452891.777323, "5025475.223726": 5018406.8172789998 }, "geometry": { "type": "Point", "coordinates": [ 15452891.777323, 5018406.817278999835253 ] } },
{ "type": "Feature", "properties": { "15380279.394525": 15455591.394695999, "5025475.223726": 5020040.4045470003 }, "geometry": { "type": "Point", "coordinates": [ 15455591.394696, 5020040.404547000303864 ] } },
{ "type": "Feature", "properties": { "15380279.394525": 15455120.531200999, "5025475.223726": 5017935.5901819998 }, "geometry": { "type": "Point", "coordinates": [ 15455120.531201, 5017935.590181999839842 ] } },
{ "type": "Feature", "properties": { "15380279.394525": 15460833.674945001, "5025475.223726": 5024187.2029959997 }, "geometry": { "type": "Point", "coordinates": [ 15460833.674945, 5024187.202995999716222 ] } },
{ "type": "Feature", "properties": { "15380279.394525": 15460500.795489, "5025475.223726": 5024010.127603 }, "geometry": { "type": "Point", "coordinates": [ 15460500.795489, 5024010.127603 ] } },
{ "type": "Feature", "properties": { "15380279.394525": 15460174.370689999, "5025475.223726": 5023824.5429269997 }, "geometry": { "type": "Point", "coordinates": [ 15460174.37069, 5023824.542926999740303 ] } },
{ "type": "Feature", "properties": { "15380279.394525": 15459860.557054, "5025475.223726": 5023621.7304800004 }, "geometry": { "type": "Point", "coordinates": [ 15459860.557054, 5023621.730480000376701 ] } },
{ "type": "Feature", "properties": { "15380279.394525": 15459506.888405001, "5025475.223726": 5023347.7797090001 }, "geometry": { "type": "Point", "coordinates": [ 15459506.888405, 5023347.779709000140429 ] } },
{ "type": "Feature", "properties": { "15380279.394525": 15459173.922842, "5025475.223726": 5023046.1568409996 }, "geometry": { "type": "Point", "coordinates": [ 15459173.922842, 5023046.156840999610722 ] } },
{ "type": "Feature", "properties": { "15380279.394525": 15458854.669938, "5025475.223726": 5022726.0231799996 }, "geometry": { "type": "Point", "coordinates": [ 15458854.669938, 5022726.023179999552667 ] } },
{ "type": "Feature", "properties": { "15380279.394525": 15458542.139266999, "5025475.223726": 5022396.5400289996 }, "geometry": { "type": "Point", "coordinates": [ 15458542.139267, 5022396.540028999559581 ] } },
{ "type": "Feature", "properties": { "15380279.394525": 15461367.320239, "5025475.223726": 5023590.3153400002 }, "geometry": { "type": "Point", "coordinates": [ 15461367.320239, 5023590.315340000204742 ] } },
{ "type": "Feature", "properties": { "15380279.394525": 15461049.25481, "5025475.223726": 5023245.8370030001 }, "geometry": { "type": "Point", "coordinates": [ 15461049.25481, 5023245.837003 ] } },
{ "type": "Feature", "properties": { "15380279.394525": 15460736.073239001, "5025475.223726": 5022897.8910440002 }, "geometry": { "type": "Point", "coordinates": [ 15460736.073239, 5022897.891044000163674 ] } },
{ "type": "Feature", "properties": { "15380279.394525": 15460432.453895999, "5025475.223726": 5022542.7369109998 }, "geometry": { "type": "Point", "coordinates": [ 15460432.453896, 5022542.736910999752581 ] } },
{ "type": "Feature", "properties": { "15380279.394525": 15460143.075151, "5025475.223726": 5022176.6340509998 }, "geometry": { "type": "Point", "coordinates": [ 15460143.075151, 5022176.634050999768078 ] } },
{ "type": "Feature", "properties": { "15380279.394525": 15459875.731329, "5025475.223726": 5021803.917835 }, "geometry": { "type": "Point", "coordinates": [ 15459875.731329, 5021803.917835 ] } },
{ "type": "Feature", "properties": { "15380279.394525": 15459622.345177, "5025475.223726": 5021420.8903400004 }, "geometry": { "type": "Point", "coordinates": [ 15459622.345177, 5021420.890340000391006 ] } },
{ "type": "Feature", "properties": { "15380279.394525": 15459378.196815001, "5025475.223726": 5021030.8992379997 }, "geometry": { "type": "Point", "coordinates": [ 15459378.196815, 5021030.899237999692559 ] } },
{ "type": "Feature", "properties": { "15380279.394525": 15459138.566361001, "5025475.223726": 5020637.2922019996 }, "geometry": { "type": "Point", "coordinates": [ 15459138.566361, 5020637.2922019995749 ] } },
{ "type": "Feature", "properties": { "15380279.394525": 15460708.111346001, "5025475.223726": 5023276.1639430001 }, "geometry": { "type": "Point", "coordinates": [ 15460708.111346, 5023276.163943000137806 ] } },
{ "type": "Feature", "properties": { "15380279.394525": 15459295.52086, "5025475.223726": 5021988.1432119999 }, "geometry": { "type": "Point", "coordinates": [ 15459295.52086, 5021988.143212 ] } },
{ "type": "Feature", "properties": { "15380279.394525": 15457569.021376999, "5025475.223726": 5014260.0188300004 }, "geometry": { "type": "Point", "coordinates": [ 15457569.021377, 5014260.018830000422895 ] } },
{ "type": "Feature", "properties": { "15380279.394525": 15457935.284641, "5025475.223726": 5014253.195239 }, "geometry": { "type": "Point", "coordinates": [ 15457935.284641, 5014253.195239 ] } },
{ "type": "Feature", "properties": { "15380279.394525": 15458301.440061999, "5025475.223726": 5014248.4412810002 }, "geometry": { "type": "Point", "coordinates": [ 15458301.440062, 5014248.44128100015223 ] } },
{ "type": "Feature", "properties": { "15380279.394525": 15458667.557691, "5025475.223726": 5014247.8225649996 }, "geometry": { "type": "Point", "coordinates": [ 15458667.557691, 5014247.822564999572933 ] } },
{ "type": "Feature", "properties": { "15380279.394525": 15459033.707581, "5025475.223726": 5014253.4047020003 }, "geometry": { "type": "Point", "coordinates": [ 15459033.707581, 5014253.404702000319958 ] } },
{ "type": "Feature", "properties": { "15380279.394525": 15459399.959784999, "5025475.223726": 5014267.2533 }, "geometry": { "type": "Point", "coordinates": [ 15459399.959785, 5014267.2533 ] } },
{ "type": "Feature", "properties": { "15380279.394525": 15459766.384354999, "5025475.223726": 5014291.4339699997 }, "geometry": { "type": "Point", "coordinates": [ 15459766.384355, 5014291.433969999663532 ] } },
{ "type": "Feature", "properties": { "15380279.394525": 15460101.931113999, "5025475.223726": 5014321.6866849996 }, "geometry": { "type": "Point", "coordinates": [ 15460101.931114, 5014321.686684999614954 ] } },
{ "type": "Feature", "properties": { "15380279.394525": 15460436.87706, "5025475.223726": 5014347.5605870001 }, "geometry": { "type": "Point", "coordinates": [ 15460436.87706, 5014347.560587000101805 ] } },
{ "type": "Feature", "properties": { "15380279.394525": 15460770.893145001, "5025475.223726": 5014354.2642489998 }, "geometry": { "type": "Point", "coordinates": [ 15460770.893145, 5014354.264248999767005 ] } },
{ "type": "Feature", "properties": { "15380279.394525": 15461109.847797999, "5025475.223726": 5014330.1425949996 }, "geometry": { "type": "Point", "coordinates": [ 15461109.847798, 5014330.142594999633729 ] } },
{ "type": "Feature", "properties": { "15380279.394525": 15461447.44344, "5025475.223726": 5014279.5755449999 }, "geometry": { "type": "Point", "coordinates": [ 15461447.44344, 5014279.575545 ] } },
{ "type": "Feature", "properties": { "15380279.394525": 15461784.216105999, "5025475.223726": 5014211.3763520001 }, "geometry": { "type": "Point", "coordinates": [ 15461784.216106, 5014211.376352 ] } },
{ "type": "Feature", "properties": { "15380279.394525": 15462120.701832, "5025475.223726": 5014134.358271 }, "geometry": { "type": "Point", "coordinates": [ 15462120.701832, 5014134.358271 ] } },
{ "type": "Feature", "properties": { "15380279.394525": 15454712.449504999, "5025475.223726": 5011841.0530679999 }, "geometry": { "type": "Point", "coordinates": [ 15454712.449505, 5011841.053067999891937 ] } },
{ "type": "Feature", "properties": { "15380279.394525": 15454549.005222, "5025475.223726": 5011465.715361 }, "geometry": { "type": "Point", "coordinates": [ 15454549.005222, 5011465.715361 ] } },
{ "type": "Feature", "properties": { "15380279.394525": 15454379.560028, "5025475.223726": 5011095.5712400004 }, "geometry": { "type": "Point", "coordinates": [ 15454379.560028, 5011095.571240000426769 ] } },
{ "type": "Feature", "properties": { "15380279.394525": 15454198.005181, "5025475.223726": 5010735.6568679996 }, "geometry": { "type": "Point", "coordinates": [ 15454198.005181, 5010735.656867999583483 ] } },
{ "type": "Feature", "properties": { "15380279.394525": 15453998.231939999, "5025475.223726": 5010391.0084030004 }, "geometry": { "type": "Point", "coordinates": [ 15453998.23194, 5010391.008403000421822 ] } },
{ "type": "Feature", "properties": { "15380279.394525": 15453774.131565999, "5025475.223726": 5010066.6620079996 }, "geometry": { "type": "Point", "coordinates": [ 15453774.131566, 5010066.662007999606431 ] } },
{ "type": "Feature", "properties": { "15380279.394525": 15453519.595317001, "5025475.223726": 5009767.6538429996 }, "geometry": { "type": "Point", "coordinates": [ 15453519.595317, 5009767.653842999599874 ] } },
{ "type": "Feature", "properties": { "15380279.394525": 15453157.594154, "5025475.223726": 5009431.9430320002 }, "geometry": { "type": "Point", "coordinates": [ 15453157.594154, 5009431.943032000213861 ] } },
{ "type": "Feature", "properties": { "15380279.394525": 15452770.469554, "5025475.223726": 5009116.5223679999 }, "geometry": { "type": "Point", "coordinates": [ 15452770.469554, 5009116.522367999888957 ] } },
{ "type": "Feature", "properties": { "15380279.394525": 15452389.522927999, "5025475.223726": 5008793.7845099997 }, "geometry": { "type": "Point", "coordinates": [ 15452389.522928, 5008793.784509999677539 ] } },
{ "type": "Feature", "properties": { "15380279.394525": 15452093.323186999, "5025475.223726": 5008501.101512 }, "geometry": { "type": "Point", "coordinates": [ 15452093.323187, 5008501.101512 ] } },
{ "type": "Feature", "properties": { "15380279.394525": 15451816.432564, "5025475.223726": 5008190.2051370004 }, "geometry": { "type": "Point", "coordinates": [ 15451816.432564, 5008190.205137000419199 ] } },
{ "type": "Feature", "properties": { "15380279.394525": 15451551.416750999, "5025475.223726": 5007866.9470509999 }, "geometry": { "type": "Point", "coordinates": [ 15451551.416751, 5007866.947050999850035 ] } },
{ "type": "Feature", "properties": { "15380279.394525": 15451290.841438999, "5025475.223726": 5007537.1789199999 }, "geometry": { "type": "Point", "coordinates": [ 15451290.841439, 5007537.178919999860227 ] } },
{ "type": "Feature", "properties": { "15380279.394525": 15451026.242464, "5025475.223726": 5007199.1719840001 }, "geometry": { "type": "Point", "coordinates": [ 15451026.242464, 5007199.171984000131488 ] } },
{ "type": "Feature", "properties": { "15380279.394525": 15450772.202253999, "5025475.223726": 5006854.9343940001 }, "geometry": { "type": "Point", "coordinates": [ 15450772.202254, 5006854.934394 ] } },
{ "type": "Feature", "properties": { "15380279.394525": 15450542.049889, "5025475.223726": 5006498.3987440001 }, "geometry": { "type": "Point", "coordinates": [ 15450542.049889, 5006498.398744000121951 ] } },
{ "type": "Feature", "properties": { "15380279.394525": 15450349.114448, "5025475.223726": 5006123.4976300001 }, "geometry": { "type": "Point", "coordinates": [ 15450349.114448, 5006123.497630000114441 ] } },
{ "type": "Feature", "properties": { "15380279.394525": 15450241.052732, "5025475.223726": 5005847.3478589999 }, "geometry": { "type": "Point", "coordinates": [ 15450241.052732, 5005847.347858999855816 ] } },
{ "type": "Feature", "properties": { "15380279.394525": 15450149.687594, "5025475.223726": 5005563.3429340003 }, "geometry": { "type": "Point", "coordinates": [ 15450149.687594, 5005563.342934000305831 ] } },
{ "type": "Feature", "properties": { "15380279.394525": 15450066.596351, "5025475.223726": 5005275.2888569999 }, "geometry": { "type": "Point", "coordinates": [ 15450066.596351, 5005275.288857 ] } },
{ "type": "Feature", "properties": { "15380279.394525": 15441685.226134, "5025475.223726": 5001159.9055469995 }, "geometry": { "type": "Point", "coordinates": [ 15441685.226134, 5001159.905546999536455 ] } },
{ "type": "Feature", "properties": { "15380279.394525": 15441857.982576, "5025475.223726": 5001536.0095699998 }, "geometry": { "type": "Point", "coordinates": [ 15441857.982576, 5001536.009569999761879 ] } },
{ "type": "Feature", "properties": { "15380279.394525": 15442033.339592, "5025475.223726": 5001910.3801119998 }, "geometry": { "type": "Point", "coordinates": [ 15442033.339592, 5001910.380111999809742 ] } },
{ "type": "Feature", "properties": { "15380279.394525": 15442214.023438999, "5025475.223726": 5002281.4390660003 }, "geometry": { "type": "Point", "coordinates": [ 15442214.023439, 5002281.439066000282764 ] } },
{ "type": "Feature", "properties": { "15380279.394525": 15442402.760372, "5025475.223726": 5002647.6083249999 }, "geometry": { "type": "Point", "coordinates": [ 15442402.760372, 5002647.608325 ] } },
{ "type": "Feature", "properties": { "15380279.394525": 15442602.276648, "5025475.223726": 5003007.3097820003 }, "geometry": { "type": "Point", "coordinates": [ 15442602.276648, 5003007.309782000258565 ] } },
{ "type": "Feature", "properties": { "15380279.394525": 15442815.298523, "5025475.223726": 5003358.9653310003 }, "geometry": { "type": "Point", "coordinates": [ 15442815.298523, 5003358.96533100027591 ] } },
{ "type": "Feature", "properties": { "15380279.394525": 15443068.945630001, "5025475.223726": 5003737.2830349999 }, "geometry": { "type": "Point", "coordinates": [ 15443068.94563, 5003737.283034999854863 ] } },
{ "type": "Feature", "properties": { "15380279.394525": 15443339.594753001, "5025475.223726": 5004104.459857 }, "geometry": { "type": "Point", "coordinates": [ 15443339.594753, 5004104.459857 ] } },
{ "type": "Feature", "properties": { "15380279.394525": 15443624.679370999, "5025475.223726": 5004461.5441230005 }, "geometry": { "type": "Point", "coordinates": [ 15443624.679371, 5004461.544123000465333 ] } },
{ "type": "Feature", "properties": { "15380279.394525": 15443921.632963, "5025475.223726": 5004809.5841610003 }, "geometry": { "type": "Point", "coordinates": [ 15443921.632963, 5004809.584161000326276 ] } },
{ "type": "Feature", "properties": { "15380279.394525": 15444227.889009001, "5025475.223726": 5005149.6282970002 }, "geometry": { "type": "Point", "coordinates": [ 15444227.889009, 5005149.628297000192106 ] } },
{ "type": "Feature", "properties": { "15380279.394525": 15444560.756027, "5025475.223726": 5005503.3987180004 }, "geometry": { "type": "Point", "coordinates": [ 15444560.756027, 5005503.398718000389636 ] } },
{ "type": "Feature", "properties": { "15380279.394525": 15444899.011747001, "5025475.223726": 5005851.0414850004 }, "geometry": { "type": "Point", "coordinates": [ 15444899.011747, 5005851.041485000401735 ] } },
{ "type": "Feature", "properties": { "15380279.394525": 15445240.774963001, "5025475.223726": 5006194.6911749998 }, "geometry": { "type": "Point", "coordinates": [ 15445240.774963, 5006194.691174999810755 ] } },
{ "type": "Feature", "properties": { "15380279.394525": 15445584.164464001, "5025475.223726": 5006536.482361 }, "geometry": { "type": "Point", "coordinates": [ 15445584.164464, 5006536.482361 ] } },
{ "type": "Feature", "properties": { "15380279.394525": 15445927.299042, "5025475.223726": 5006878.5496190004 }, "geometry": { "type": "Point", "coordinates": [ 15445927.299042, 5006878.549619000405073 ] } },
{ "type": "Feature", "properties": { "15380279.394525": 15446268.297489, "5025475.223726": 5007223.0275219996 }, "geometry": { "type": "Point", "coordinates": [ 15446268.297489, 5007223.027521999552846 ] } },
{ "type": "Feature", "properties": { "15380279.394525": 15446531.318583, "5025475.223726": 5007493.8529460002 }, "geometry": { "type": "Point", "coordinates": [ 15446531.318583, 5007493.852946000173688 ] } },
{ "type": "Feature", "properties": { "15380279.394525": 15446792.576306, "5025475.223726": 5007766.3491200004 }, "geometry": { "type": "Point", "coordinates": [ 15446792.576306, 5007766.349120000377297 ] } },
{ "type": "Feature", "properties": { "15380279.394525": 15447053.069980999, "5025475.223726": 5008039.8211559998 }, "geometry": { "type": "Point", "coordinates": [ 15447053.069981, 5008039.821155999787152 ] } },
{ "type": "Feature", "properties": { "15380279.394525": 15441496.880736001, "5025475.223726": 5006877.4609850002 }, "geometry": { "type": "Point", "coordinates": [ 15441496.880736, 5006877.460985000245273 ] } },
{ "type": "Feature", "properties": { "15380279.394525": 15441856.827421, "5025475.223726": 5006916.0555100003 }, "geometry": { "type": "Point", "coordinates": [ 15441856.827421, 5006916.055510000325739 ] } },
{ "type": "Feature", "properties": { "15380279.394525": 15442217.089494999, "5025475.223726": 5006951.760218 }, "geometry": { "type": "Point", "coordinates": [ 15442217.089495, 5006951.760218 ] } },
{ "type": "Feature", "properties": { "15380279.394525": 15442578.242535001, "5025475.223726": 5006981.7304490004 }, "geometry": { "type": "Point", "coordinates": [ 15442578.242535, 5006981.730449000373483 ] } },
{ "type": "Feature", "properties": { "15380279.394525": 15442940.862121999, "5025475.223726": 5007003.1215439998 }, "geometry": { "type": "Point", "coordinates": [ 15442940.862122, 5007003.121543999761343 ] } },
{ "type": "Feature", "properties": { "15380279.394525": 15443307.613429001, "5025475.223726": 5007015.0776880002 }, "geometry": { "type": "Point", "coordinates": [ 15443307.613429, 5007015.077688000164926 ] } },
{ "type": "Feature", "properties": { "15380279.394525": 15443674.509705, "5025475.223726": 5007024.4911540002 }, "geometry": { "type": "Point", "coordinates": [ 15443674.509705, 5007024.491154000163078 ] } },
{ "type": "Feature", "properties": { "15380279.394525": 15444040.097544, "5025475.223726": 5007040.4926039996 }, "geometry": { "type": "Point", "coordinates": [ 15444040.097544, 5007040.492603999562562 ] } },
{ "type": "Feature", "properties": { "15380279.394525": 15444402.923544999, "5025475.223726": 5007072.2127 }, "geometry": { "type": "Point", "coordinates": [ 15444402.923545, 5007072.2127 ] } },
{ "type": "Feature", "properties": { "15380279.394525": 15444761.534304, "5025475.223726": 5007128.7821030002 }, "geometry": { "type": "Point", "coordinates": [ 15444761.534304, 5007128.782103000208735 ] } },
{ "type": "Feature", "properties": { "15380279.394525": 15445056.824597999, "5025475.223726": 5007199.4180990001 }, "geometry": { "type": "Point", "coordinates": [ 15445056.824598, 5007199.418099000118673 ] } },
{ "type": "Feature", "properties": { "15380279.394525": 15445349.286278, "5025475.223726": 5007285.8091670005 }, "geometry": { "type": "Point", "coordinates": [ 15445349.286278, 5007285.809167000465095 ] } },
{ "type": "Feature", "properties": { "15380279.394525": 15445640.479495, "5025475.223726": 5007380.1032210002 }, "geometry": { "type": "Point", "coordinates": [ 15445640.479495, 5007380.103221000172198 ] } },
{ "type": "Feature", "properties": { "15380279.394525": 15443097.81662, "5025475.223726": 5011778.2227879995 }, "geometry": { "type": "Point", "coordinates": [ 15443097.81662, 5011778.222787999548018 ] } },
{ "type": "Feature", "properties": { "15380279.394525": 15443182.7147, "5025475.223726": 5011396.5264419997 }, "geometry": { "type": "Point", "coordinates": [ 15443182.7147, 5011396.526441999711096 ] } },
{ "type": "Feature", "properties": { "15380279.394525": 15443265.216621, "5025475.223726": 5011014.551794 }, "geometry": { "type": "Point", "coordinates": [ 15443265.216621, 5011014.551794 ] } },
{ "type": "Feature", "properties": { "15380279.394525": 15443342.938581999, "5025475.223726": 5010631.7929659998 }, "geometry": { "type": "Point", "coordinates": [ 15443342.938582, 5010631.792965999804437 ] } },
{ "type": "Feature", "properties": { "15380279.394525": 15443413.496781001, "5025475.223726": 5010247.7440820001 }, "geometry": { "type": "Point", "coordinates": [ 15443413.496781, 5010247.744082000106573 ] } },
{ "type": "Feature", "properties": { "15380279.394525": 15443474.507416001, "5025475.223726": 5009861.8992619999 }, "geometry": { "type": "Point", "coordinates": [ 15443474.507416, 5009861.899261999875307 ] } },
{ "type": "Feature", "properties": { "15380279.394525": 15443519.677484, "5025475.223726": 5009511.7930899998 }, "geometry": { "type": "Point", "coordinates": [ 15443519.677484, 5009511.793089999817312 ] } },
{ "type": "Feature", "properties": { "15380279.394525": 15443554.957214, "5025475.223726": 5009160.5079939999 }, "geometry": { "type": "Point", "coordinates": [ 15443554.957214, 5009160.507993999868631 ] } },
{ "type": "Feature", "properties": { "15380279.394525": 15443580.208269, "5025475.223726": 5008808.3512009997 }, "geometry": { "type": "Point", "coordinates": [ 15443580.208269, 5008808.351200999692082 ] } },
{ "type": "Feature", "properties": { "15380279.394525": 15443595.292315001, "5025475.223726": 5008455.6299390001 }, "geometry": { "type": "Point", "coordinates": [ 15443595.292315, 5008455.629939000122249 ] } },
{ "type": "Feature", "properties": { "15380279.394525": 15443600.071015, "5025475.223726": 5008102.6514360001 }, "geometry": { "type": "Point", "coordinates": [ 15443600.071015, 5008102.651436000131071 ] } },
{ "type": "Feature", "properties": { "15380279.394525": 15443595.188754, "5025475.223726": 5007756.9112400003 }, "geometry": { "type": "Point", "coordinates": [ 15443595.188754, 5007756.911240000277758 ] } },
{ "type": "Feature", "properties": { "15380279.394525": 15443583.605219999, "5025475.223726": 5007411.446579 }, "geometry": { "type": "Point", "coordinates": [ 15443583.60522, 5007411.446579 ] } },
{ "type": "Feature", "properties": { "15380279.394525": 15443568.680114999, "5025475.223726": 5007065.9518229999 }, "geometry": { "type": "Point", "coordinates": [ 15443568.680115, 5007065.951822999864817 ] } },
{ "type": "Feature", "properties": { "15380279.394525": 15449532.951056, "5025475.223726": 5005306.7039959999 }, "geometry": { "type": "Point", "coordinates": [ 15449532.951056, 5005306.703995999880135 ] } },
{ "type": "Feature", "properties": { "15380279.394525": 15449372.288326001, "5025475.223726": 5004985.5704619996 }, "geometry": { "type": "Point", "coordinates": [ 15449372.288326, 5004985.570461999624968 ] } },
{ "type": "Feature", "properties": { "15380279.394525": 15449215.719954999, "5025475.223726": 5004663.1413620003 }, "geometry": { "type": "Point", "coordinates": [ 15449215.719955, 5004663.141362000256777 ] } },
{ "type": "Feature", "properties": { "15380279.394525": 15449067.283879999, "5025475.223726": 5004337.9203030001 }, "geometry": { "type": "Point", "coordinates": [ 15449067.28388, 5004337.92030300013721 ] } },
{ "type": "Feature", "properties": { "15380279.394525": 15448931.018037001, "5025475.223726": 5004008.4108899999 }, "geometry": { "type": "Point", "coordinates": [ 15448931.018037, 5004008.41089 ] } },
{ "type": "Feature", "properties": { "15380279.394525": 15448810.960363001, "5025475.223726": 5003673.1167280003 }, "geometry": { "type": "Point", "coordinates": [ 15448810.960363, 5003673.116728000342846 ] } },
{ "type": "Feature", "properties": { "15380279.394525": 15448718.336817, "5025475.223726": 5003363.5568899997 }, "geometry": { "type": "Point", "coordinates": [ 15448718.336817, 5003363.556889999657869 ] } },
{ "type": "Feature", "properties": { "15380279.394525": 15448638.070707001, "5025475.223726": 5003049.9241880002 }, "geometry": { "type": "Point", "coordinates": [ 15448638.070707, 5003049.924188000150025 ] } },
{ "type": "Feature", "properties": { "15380279.394525": 15448565.772175999, "5025475.223726": 5002733.7363590002 }, "geometry": { "type": "Point", "coordinates": [ 15448565.772176, 5002733.736359000205994 ] } },
{ "type": "Feature", "properties": { "15380279.394525": 15448497.051367, "5025475.223726": 5002416.5111379996 }, "geometry": { "type": "Point", "coordinates": [ 15448497.051367, 5002416.511137999594212 ] } },
{ "type": "Feature", "properties": { "15380279.394525": 15448424.262332, "5025475.223726": 5002080.9392929999 }, "geometry": { "type": "Point", "coordinates": [ 15448424.262332, 5002080.939293 ] } },
{ "type": "Feature", "properties": { "15380279.394525": 15448350.943675, "5025475.223726": 5001746.004156 }, "geometry": { "type": "Point", "coordinates": [ 15448350.943675, 5001746.004156 ] } },
{ "type": "Feature", "properties": { "15380279.394525": 15448277.315068999, "5025475.223726": 5001411.2266650004 }, "geometry": { "type": "Point", "coordinates": [ 15448277.315069, 5001411.22666500043124 ] } },
{ "type": "Feature", "properties": { "15380279.394525": 15444855.707002999, "5025475.223726": 5009673.4084240003 }, "geometry": { "type": "Point", "coordinates": [ 15444855.707003, 5009673.408424000255764 ] } },
{ "type": "Feature", "properties": { "15380279.394525": 15445171.890033999, "5025475.223726": 5009308.1333320001 }, "geometry": { "type": "Point", "coordinates": [ 15445171.890034, 5009308.133332000114024 ] } },
{ "type": "Feature", "properties": { "15380279.394525": 15445501.966027001, "5025475.223726": 5008957.7025819998 }, "geometry": { "type": "Point", "coordinates": [ 15445501.966027, 5008957.702581999823451 ] } },
{ "type": "Feature", "properties": { "15380279.394525": 15445860.215793001, "5025475.223726": 5008636.7088120002 }, "geometry": { "type": "Point", "coordinates": [ 15445860.215793, 5008636.708812000229955 ] } },
{ "type": "Feature", "properties": { "15380279.394525": 15446088.978460999, "5025475.223726": 5008468.3613240002 }, "geometry": { "type": "Point", "coordinates": [ 15446088.978461, 5008468.361324000172317 ] } },
{ "type": "Feature", "properties": { "15380279.394525": 15446331.079288, "5025475.223726": 5008322.5574139999 }, "geometry": { "type": "Point", "coordinates": [ 15446331.079288, 5008322.557414 ] } },
{ "type": "Feature", "properties": { "15380279.394525": 15446669.800066, "5025475.223726": 5008171.9671470001 }, "geometry": { "type": "Point", "coordinates": [ 15446669.800066, 5008171.967147000133991 ] } },
{ "type": "Feature", "properties": { "15380279.394525": 15447025.402892999, "5025475.223726": 5008063.1679889997 }, "geometry": { "type": "Point", "coordinates": [ 15447025.402893, 5008063.16798899974674 ] } },
{ "type": "Feature", "properties": { "15380279.394525": 15447393.712548999, "5025475.223726": 5007985.6827680003 }, "geometry": { "type": "Point", "coordinates": [ 15447393.712549, 5007985.682768000289798 ] } },
{ "type": "Feature", "properties": { "15380279.394525": 15447770.553815, "5025475.223726": 5007929.034314 }, "geometry": { "type": "Point", "coordinates": [ 15447770.553815, 5007929.034314 ] } },
{ "type": "Feature", "properties": { "15380279.394525": 15448151.75147, "5025475.223726": 5007882.7454570001 }, "geometry": { "type": "Point", "coordinates": [ 15448151.75147, 5007882.745457 ] } },
{ "type": "Feature", "properties": { "15380279.394525": 15443505.898316, "5025475.223726": 5003673.1167280003 }, "geometry": { "type": "Point", "coordinates": [ 15443505.898316, 5003673.116728000342846 ] } },
{ "type": "Feature", "properties": { "15380279.394525": 15445138.225099999, "5025475.223726": 5003107.6442130003 }, "geometry": { "type": "Point", "coordinates": [ 15445138.2251, 5003107.644213000312448 ] } },
{ "type": "Feature", "properties": { "15380279.394525": 15446519.424686, "5025475.223726": 5003893.0227070004 }, "geometry": { "type": "Point", "coordinates": [ 15446519.424686, 5003893.022707000374794 ] } },
{ "type": "Feature", "properties": { "15380279.394525": 15446478.076148, "5025475.223726": 5004278.3355820002 }, "geometry": { "type": "Point", "coordinates": [ 15446478.076148, 5004278.335582000203431 ] } },
{ "type": "Feature", "properties": { "15380279.394525": 15446443.849633999, "5025475.223726": 5004663.3445990002 }, "geometry": { "type": "Point", "coordinates": [ 15446443.849634, 5004663.344599000178277 ] } },
{ "type": "Feature", "properties": { "15380279.394525": 15446423.867471, "5025475.223726": 5005048.028132 }, "geometry": { "type": "Point", "coordinates": [ 15446423.867471, 5005048.028132 ] } },
{ "type": "Feature", "properties": { "15380279.394525": 15446425.251987001, "5025475.223726": 5005432.3645550003 }, "geometry": { "type": "Point", "coordinates": [ 15446425.251987, 5005432.364555000327528 ] } },
{ "type": "Feature", "properties": { "15380279.394525": 15446447.42595, "5025475.223726": 5005767.4230540004 }, "geometry": { "type": "Point", "coordinates": [ 15446447.42595, 5005767.423054000362754 ] } },
{ "type": "Feature", "properties": { "15380279.394525": 15446483.585051, "5025475.223726": 5006102.1104579996 }, "geometry": { "type": "Point", "coordinates": [ 15446483.585051, 5006102.110457999631763 ] } },
{ "type": "Feature", "properties": { "15380279.394525": 15446526.005517, "5025475.223726": 5006436.7159850001 }, "geometry": { "type": "Point", "coordinates": [ 15446526.005517, 5006436.715985000133514 ] } },
{ "type": "Feature", "properties": { "15380279.394525": 15446566.963576, "5025475.223726": 5006771.5288559999 }, "geometry": { "type": "Point", "coordinates": [ 15446566.963576, 5006771.528856 ] } },
{ "type": "Feature", "properties": { "15380279.394525": 15446598.735455999, "5025475.223726": 5007106.8382879999 }, "geometry": { "type": "Point", "coordinates": [ 15446598.735456, 5007106.838287999853492 ] } },
{ "type": "Feature", "properties": { "15380279.394525": 15446613.597385, "5025475.223726": 5007442.9335000003 }, "geometry": { "type": "Point", "coordinates": [ 15446613.597385, 5007442.933500000275671 ] } },
{ "type": "Feature", "properties": { "15380279.394525": 15446613.597385, "5025475.223726": 5007600.009199 }, "geometry": { "type": "Point", "coordinates": [ 15446613.597385, 5007600.009199 ] } },
{ "type": "Feature", "properties": { "15380279.394525": 15455403.049298, "5025475.223726": 5011369.8259709999 }, "geometry": { "type": "Point", "coordinates": [ 15455403.049298, 5011369.825970999896526 ] } },
{ "type": "Feature", "properties": { "15380279.394525": 15455301.028542001, "5025475.223726": 5010977.5643290002 }, "geometry": { "type": "Point", "coordinates": [ 15455301.028542, 5010977.5643290001899 ] } },
{ "type": "Feature", "properties": { "15380279.394525": 15455186.497413, "5025475.223726": 5010591.5214750003 }, "geometry": { "type": "Point", "coordinates": [ 15455186.497413, 5010591.521475000306964 ] } },
{ "type": "Feature", "properties": { "15380279.394525": 15455046.830902999, "5025475.223726": 5010217.6491909996 }, "geometry": { "type": "Point", "coordinates": [ 15455046.830903, 5010217.649190999567509 ] } },
{ "type": "Feature", "properties": { "15380279.394525": 15454869.404004, "5025475.223726": 5009861.8992619999 }, "geometry": { "type": "Point", "coordinates": [ 15454869.404004, 5009861.899261999875307 ] } },
{ "type": "Feature", "properties": { "15380279.394525": 15454658.421544001, "5025475.223726": 5009537.5758410003 }, "geometry": { "type": "Point", "coordinates": [ 15454658.421544, 5009537.575841000303626 ] } },
{ "type": "Feature", "properties": { "15380279.394525": 15454437.034588, "5025475.223726": 5009218.7902619997 }, "geometry": { "type": "Point", "coordinates": [ 15454437.034588, 5009218.790261999703944 ] } },
{ "type": "Feature", "properties": { "15380279.394525": 15454241.58601, "5025475.223726": 5008888.0299300002 }, "geometry": { "type": "Point", "coordinates": [ 15454241.58601, 5008888.029930000193417 ] } },
{ "type": "Feature", "properties": { "15380279.394525": 15454106.624956001, "5025475.223726": 5008556.5769269997 }, "geometry": { "type": "Point", "coordinates": [ 15454106.624956, 5008556.576926999725401 ] } },
{ "type": "Feature", "properties": { "15380279.394525": 15454008.081168, "5025475.223726": 5008208.2519699996 }, "geometry": { "type": "Point", "coordinates": [ 15454008.081168, 5008208.251969999633729 ] } },
{ "type": "Feature", "properties": { "15380279.394525": 15453927.677013, "5025475.223726": 5007851.3303169999 }, "geometry": { "type": "Point", "coordinates": [ 15453927.677013, 5007851.330317 ] } },
{ "type": "Feature", "properties": { "15380279.394525": 15445263.788698999, "5025475.223726": 5010772.9383159997 }, "geometry": { "type": "Point", "coordinates": [ 15445263.788699, 5010772.938315999694169 ] } },
{ "type": "Feature", "properties": { "15380279.394525": 15445606.963713, "5025475.223726": 5010937.4646049999 }, "geometry": { "type": "Point", "coordinates": [ 15445606.963713, 5010937.464604999870062 ] } },
{ "type": "Feature", "properties": { "15380279.394525": 15445935.978956001, "5025475.223726": 5011119.89757 }, "geometry": { "type": "Point", "coordinates": [ 15445935.978956, 5011119.89757 ] } },
{ "type": "Feature", "properties": { "15380279.394525": 15446236.906589, "5025475.223726": 5011338.4108309997 }, "geometry": { "type": "Point", "coordinates": [ 15446236.906589, 5011338.410830999724567 ] } },
{ "type": "Feature", "properties": { "15380279.394525": 15446477.93004, "5025475.223726": 5011581.0548489997 }, "geometry": { "type": "Point", "coordinates": [ 15446477.93004, 5011581.054848999716341 ] } },
{ "type": "Feature", "properties": { "15380279.394525": 15446686.238189001, "5025475.223726": 5011857.1612919997 }, "geometry": { "type": "Point", "coordinates": [ 15446686.238189, 5011857.161291999742389 ] } },
{ "type": "Feature", "properties": { "15380279.394525": 15446864.724583, "5025475.223726": 5012155.204465 }, "geometry": { "type": "Point", "coordinates": [ 15446864.724583, 5012155.204465 ] } },
{ "type": "Feature", "properties": { "15380279.394525": 15447024.730299, "5025475.223726": 5012483.0193109997 }, "geometry": { "type": "Point", "coordinates": [ 15447024.730299, 5012483.019310999661684 ] } },
{ "type": "Feature", "properties": { "15380279.394525": 15447161.892724, "5025475.223726": 5012819.2627079999 }, "geometry": { "type": "Point", "coordinates": [ 15447161.892724, 5012819.262708 ] } },
{ "type": "Feature", "properties": { "15380279.394525": 15447283.882401999, "5025475.223726": 5013161.1897360003 }, "geometry": { "type": "Point", "coordinates": [ 15447283.882402, 5013161.189736000262201 ] } },
{ "type": "Feature", "properties": { "15380279.394525": 15447398.369876999, "5025475.223726": 5013506.0554750003 }, "geometry": { "type": "Point", "coordinates": [ 15447398.369877, 5013506.055475000292063 ] } },
{ "type": "Feature", "properties": { "15380279.394525": 15450160.76905, "5025475.223726": 5011683.9773690002 }, "geometry": { "type": "Point", "coordinates": [ 15450160.76905, 5011683.977369000203907 ] } },
{ "type": "Feature", "properties": { "15380279.394525": 15448622.614964999, "5025475.223726": 5013537.4706150005 }, "geometry": { "type": "Point", "coordinates": [ 15448622.614965, 5013537.470615000464022 ] } },
{ "type": "Feature", "properties": { "15380279.394525": 15451039.714241, "5025475.223726": 5012343.6953039998 }, "geometry": { "type": "Point", "coordinates": [ 15451039.714241, 5012343.695303999818861 ] } },
{ "type": "Feature", "properties": { "15380279.394525": 15449784.078253999, "5025475.223726": 5013694.5463140002 }, "geometry": { "type": "Point", "coordinates": [ 15449784.078254, 5013694.546314000152051 ] } },
{ "type": "Feature", "properties": { "15380279.394525": 15454932.185803, "5025475.223726": 5009767.6538429996 }, "geometry": { "type": "Point", "coordinates": [ 15454932.185803, 5009767.653842999599874 ] } },
{ "type": "Feature", "properties": { "15380279.394525": 15455279.411203001, "5025475.223726": 5009947.2755629998 }, "geometry": { "type": "Point", "coordinates": [ 15455279.411203, 5009947.275562999770045 ] } },
{ "type": "Feature", "properties": { "15380279.394525": 15455626.209232001, "5025475.223726": 5010127.4711290002 }, "geometry": { "type": "Point", "coordinates": [ 15455626.209232, 5010127.47112900018692 ] } },
{ "type": "Feature", "properties": { "15380279.394525": 15455972.322767001, "5025475.223726": 5010308.9001350002 }, "geometry": { "type": "Point", "coordinates": [ 15455972.322767, 5010308.900135000236332 ] } },
{ "type": "Feature", "properties": { "15380279.394525": 15456317.494686, "5025475.223726": 5010492.2221759995 }, "geometry": { "type": "Point", "coordinates": [ 15456317.494686, 5010492.222175999544561 ] } },
{ "type": "Feature", "properties": { "15380279.394525": 15456661.467865, "5025475.223726": 5010678.0968450001 }, "geometry": { "type": "Point", "coordinates": [ 15456661.467865, 5010678.096845 ] } },
{ "type": "Feature", "properties": { "15380279.394525": 15457003.985182, "5025475.223726": 5010867.183735 }, "geometry": { "type": "Point", "coordinates": [ 15457003.985182, 5010867.183735 ] } },
{ "type": "Feature", "properties": { "15380279.394525": 15457378.871467, "5025475.223726": 5011078.8576060003 }, "geometry": { "type": "Point", "coordinates": [ 15457378.871467, 5011078.857606000266969 ] } },
{ "type": "Feature", "properties": { "15380279.394525": 15457752.957286, "5025475.223726": 5011291.6817290001 }, "geometry": { "type": "Point", "coordinates": [ 15457752.957286, 5011291.681729 ] } },
{ "type": "Feature", "properties": { "15380279.394525": 15458127.945361, "5025475.223726": 5011502.3388780002 }, "geometry": { "type": "Point", "coordinates": [ 15458127.945361, 5011502.338878000155091 ] } },
{ "type": "Feature", "properties": { "15380279.394525": 15458505.538412999, "5025475.223726": 5011707.5118260002 }, "geometry": { "type": "Point", "coordinates": [ 15458505.538413, 5011707.51182600017637 ] } },
{ "type": "Feature", "properties": { "15380279.394525": 15458887.439164, "5025475.223726": 5011903.883347 }, "geometry": { "type": "Point", "coordinates": [ 15458887.439164, 5011903.883347 ] } },
{ "type": "Feature", "properties": { "15380279.394525": 15459271.430608001, "5025475.223726": 5012087.3214739999 }, "geometry": { "type": "Point", "coordinates": [ 15459271.430608, 5012087.321473999880254 ] } },
{ "type": "Feature", "properties": { "15380279.394525": 15459660.293819999, "5025475.223726": 5012260.186578 }, "geometry": { "type": "Point", "coordinates": [ 15459660.29382, 5012260.186578 ] } },
{ "type": "Feature", "properties": { "15380279.394525": 15460053.352724001, "5025475.223726": 5012423.9991079997 }, "geometry": { "type": "Point", "coordinates": [ 15460053.352724, 5012423.99910799972713 ] } },
{ "type": "Feature", "properties": { "15380279.394525": 15460449.931247, "5025475.223726": 5012580.2795160003 }, "geometry": { "type": "Point", "coordinates": [ 15460449.931247, 5012580.279516000300646 ] } },
{ "type": "Feature", "properties": { "15380279.394525": 15460849.353313999, "5025475.223726": 5012730.5482529998 }, "geometry": { "type": "Point", "coordinates": [ 15460849.353314, 5012730.548252999782562 ] } },
{ "type": "Feature", "properties": { "15380279.394525": 15461250.942849999, "5025475.223726": 5012876.3257680004 }, "geometry": { "type": "Point", "coordinates": [ 15461250.94285, 5012876.32576800044626 ] } },
{ "type": "Feature", "properties": { "15380279.394525": 15461654.023781, "5025475.223726": 5013019.1325129997 }, "geometry": { "type": "Point", "coordinates": [ 15461654.023781, 5013019.13251299969852 ] } },
{ "type": "Feature", "properties": { "15380279.394525": 15462057.920032, "5025475.223726": 5013160.4889380001 }, "geometry": { "type": "Point", "coordinates": [ 15462057.920032, 5013160.488938 ] } },
{ "type": "Feature", "properties": { "15380279.394525": 15449972.423652001, "5025475.223726": 5001568.3023640001 }, "geometry": { "type": "Point", "coordinates": [ 15449972.423652, 5001568.302364000119269 ] } },
{ "type": "Feature", "properties": { "15380279.394525": 15450323.388307, "5025475.223726": 5001844.8423899999 }, "geometry": { "type": "Point", "coordinates": [ 15450323.388307, 5001844.842389999888837 ] } },
{ "type": "Feature", "properties": { "15380279.394525": 15450671.989398999, "5025475.223726": 5002123.7741700001 }, "geometry": { "type": "Point", "coordinates": [ 15450671.989399, 5002123.774170000106096 ] } },
{ "type": "Feature", "properties": { "15380279.394525": 15451016.107514, "5025475.223726": 5002407.7063039998 }, "geometry": { "type": "Point", "coordinates": [ 15451016.107514, 5002407.706303999759257 ] } },
{ "type": "Feature", "properties": { "15380279.394525": 15451353.623237999, "5025475.223726": 5002699.2473959997 }, "geometry": { "type": "Point", "coordinates": [ 15451353.623238, 5002699.247395999729633 ] } },
{ "type": "Feature", "properties": { "15380279.394525": 15451757.98275, "5025475.223726": 5003070.8783689998 }, "geometry": { "type": "Point", "coordinates": [ 15451757.98275, 5003070.878368999809027 ] } },
{ "type": "Feature", "properties": { "15380279.394525": 15452151.993556, "5025475.223726": 5003453.7511759996 }, "geometry": { "type": "Point", "coordinates": [ 15452151.993556, 5003453.751175999641418 ] } },
{ "type": "Feature", "properties": { "15380279.394525": 15452539.20545, "5025475.223726": 5003844.2075540004 }, "geometry": { "type": "Point", "coordinates": [ 15452539.20545, 5003844.207554000429809 ] } },
{ "type": "Feature", "properties": { "15380279.394525": 15452923.168222999, "5025475.223726": 5004238.5892439997 }, "geometry": { "type": "Point", "coordinates": [ 15452923.168223, 5004238.589243999682367 ] } },
{ "type": "Feature", "properties": { "15380279.394525": 15453394.031718001, "5025475.223726": 5003578.8713090001 }, "geometry": { "type": "Point", "coordinates": [ 15453394.031718, 5003578.871309 ] } },
{ "type": "Feature", "properties": { "15380279.394525": 15453742.273492999, "5025475.223726": 5003879.9803149998 }, "geometry": { "type": "Point", "coordinates": [ 15453742.273493, 5003879.980314999818802 ] } },
{ "type": "Feature", "properties": { "15380279.394525": 15454091.726314001, "5025475.223726": 5004179.2930840002 }, "geometry": { "type": "Point", "coordinates": [ 15454091.726314, 5004179.293084000237286 ] } },
{ "type": "Feature", "properties": { "15380279.394525": 15454443.765825, "5025475.223726": 5004475.1103840005 }, "geometry": { "type": "Point", "coordinates": [ 15454443.765825, 5004475.110384000465274 ] } },
{ "type": "Feature", "properties": { "15380279.394525": 15454799.767673001, "5025475.223726": 5004765.7329820003 }, "geometry": { "type": "Point", "coordinates": [ 15454799.767673, 5004765.732982000336051 ] } },
{ "type": "Feature", "properties": { "15380279.394525": 15455161.107504001, "5025475.223726": 5005049.4616480004 }, "geometry": { "type": "Point", "coordinates": [ 15455161.107504, 5005049.461648000404239 ] } },
{ "type": "Feature", "properties": { "15380279.394525": 15455529.160962, "5025475.223726": 5005324.5971489996 }, "geometry": { "type": "Point", "coordinates": [ 15455529.160962, 5005324.5971489995718 ] } },
{ "type": "Feature", "properties": { "15380279.394525": 15455905.303693, "5025475.223726": 5005589.440254 }, "geometry": { "type": "Point", "coordinates": [ 15455905.303693, 5005589.440254 ] } },
{ "type": "Feature", "properties": { "15380279.394525": 15456223.029811, "5025475.223726": 5005798.7869870001 }, "geometry": { "type": "Point", "coordinates": [ 15456223.029811, 5005798.786987000145018 ] } },
{ "type": "Feature", "properties": { "15380279.394525": 15456547.951428, "5025475.223726": 5005996.4345960002 }, "geometry": { "type": "Point", "coordinates": [ 15456547.951428, 5005996.434596000239253 ] } },
{ "type": "Feature", "properties": { "15380279.394525": 15456881.153624, "5025475.223726": 5006179.0758729996 }, "geometry": { "type": "Point", "coordinates": [ 15456881.153624, 5006179.075872999615967 ] } },
{ "type": "Feature", "properties": { "15380279.394525": 15457223.721480001, "5025475.223726": 5006343.4036090001 }, "geometry": { "type": "Point", "coordinates": [ 15457223.72148, 5006343.403609000146389 ] } },
{ "type": "Feature", "properties": { "15380279.394525": 15457597.009663001, "5025475.223726": 5006495.8323609997 }, "geometry": { "type": "Point", "coordinates": [ 15457597.009663, 5006495.832360999658704 ] } },
{ "type": "Feature", "properties": { "15380279.394525": 15457977.337918, "5025475.223726": 5006632.3458139999 }, "geometry": { "type": "Point", "coordinates": [ 15457977.337918, 5006632.345813999883831 ] } },
{ "type": "Feature", "properties": { "15380279.394525": 15458360.446974, "5025475.223726": 5006761.5622540005 }, "geometry": { "type": "Point", "coordinates": [ 15458360.446974, 5006761.562254000455141 ] } },
{ "type": "Feature", "properties": { "15380279.394525": 15458742.077563001, "5025475.223726": 5006892.0999699999 }, "geometry": { "type": "Point", "coordinates": [ 15458742.077563, 5006892.099969999864697 ] } },
{ "type": "Feature", "properties": { "15380279.394525": 15459117.970414, "5025475.223726": 5007032.5772500001 }, "geometry": { "type": "Point", "coordinates": [ 15459117.970414, 5007032.57725 ] } },
{ "type": "Feature", "properties": { "15380279.394525": 15459483.866257999, "5025475.223726": 5007191.6123820003 }, "geometry": { "type": "Point", "coordinates": [ 15459483.866258, 5007191.612382000312209 ] } },
{ "type": "Feature", "properties": { "15380279.394525": 15459876.030815, "5025475.223726": 5007398.449124 }, "geometry": { "type": "Point", "coordinates": [ 15459876.030815, 5007398.449124 ] } },
{ "type": "Feature", "properties": { "15380279.394525": 15460252.712902, "5025475.223726": 5007634.0660619996 }, "geometry": { "type": "Point", "coordinates": [ 15460252.712902, 5007634.066061999648809 ] } },
{ "type": "Feature", "properties": { "15380279.394525": 15460616.519716, "5025475.223726": 5007893.6822560001 }, "geometry": { "type": "Point", "coordinates": [ 15460616.519716, 5007893.682256000116467 ] } },
{ "type": "Feature", "properties": { "15380279.394525": 15460970.058457, "5025475.223726": 5008172.5167650003 }, "geometry": { "type": "Point", "coordinates": [ 15460970.058457, 5008172.516765000298619 ] } },
{ "type": "Feature", "properties": { "15380279.394525": 15461315.936325001, "5025475.223726": 5008465.7886469997 }, "geometry": { "type": "Point", "coordinates": [ 15461315.936325, 5008465.788646999746561 ] } },
{ "type": "Feature", "properties": { "15380279.394525": 15461656.760516999, "5025475.223726": 5008768.7169620004 }, "geometry": { "type": "Point", "coordinates": [ 15461656.760517, 5008768.716962000355124 ] } },
{ "type": "Feature", "properties": { "15380279.394525": 15461995.138233, "5025475.223726": 5009076.5207679998 }, "geometry": { "type": "Point", "coordinates": [ 15461995.138233, 5009076.520767999812961 ] } },
{ "type": "Feature", "properties": { "15380279.394525": 15455371.658399001, "5025475.223726": 5006500.4793069996 }, "geometry": { "type": "Point", "coordinates": [ 15455371.658399, 5006500.479306999593973 ] } },
{ "type": "Feature", "properties": { "15380279.394525": 15455351.676897001, "5025475.223726": 5006865.8179289997 }, "geometry": { "type": "Point", "coordinates": [ 15455351.676897, 5006865.817928999662399 ] } },
{ "type": "Feature", "properties": { "15380279.394525": 15455335.114698, "5025475.223726": 5007230.8195489999 }, "geometry": { "type": "Point", "coordinates": [ 15455335.114698, 5007230.819548999890685 ] } },
{ "type": "Feature", "properties": { "15380279.394525": 15455325.40416, "5025475.223726": 5007595.3596700002 }, "geometry": { "type": "Point", "coordinates": [ 15455325.40416, 5007595.3596700001508 ] } },
{ "type": "Feature", "properties": { "15380279.394525": 15455325.977640999, "5025475.223726": 5007959.3137910003 }, "geometry": { "type": "Point", "coordinates": [ 15455325.977641, 5007959.313791000284255 ] } },
{ "type": "Feature", "properties": { "15380279.394525": 15455340.267499, "5025475.223726": 5008322.5574139999 }, "geometry": { "type": "Point", "coordinates": [ 15455340.267499, 5008322.557414 ] } },
{ "type": "Feature", "properties": { "15380279.394525": 15455370.253659001, "5025475.223726": 5008682.0118850004 }, "geometry": { "type": "Point", "coordinates": [ 15455370.253659, 5008682.011885000392795 ] } },
{ "type": "Feature", "properties": { "15380279.394525": 15455413.728355, "5025475.223726": 5009040.5148210004 }, "geometry": { "type": "Point", "coordinates": [ 15455413.728355, 5009040.514821000397205 ] } },
{ "type": "Feature", "properties": { "15380279.394525": 15455467.322689001, "5025475.223726": 5009398.3568179999 }, "geometry": { "type": "Point", "coordinates": [ 15455467.322689, 5009398.356817999854684 ] } },
{ "type": "Feature", "properties": { "15380279.394525": 15455527.667768, "5025475.223726": 5009755.8284719996 }, "geometry": { "type": "Point", "coordinates": [ 15455527.667768, 5009755.828471999615431 ] } },
{ "type": "Feature", "properties": { "15380279.394525": 15455591.394695999, "5025475.223726": 5010113.2203810001 }, "geometry": { "type": "Point", "coordinates": [ 15455591.394696, 5010113.220381 ] } },
{ "type": "Feature", "properties": { "15380279.394525": 15455308.876599001, "5025475.223726": 5008008.4060159996 }, "geometry": { "type": "Point", "coordinates": [ 15455308.876599, 5008008.406015999615192 ] } },
{ "type": "Feature", "properties": { "15380279.394525": 15455676.922195001, "5025475.223726": 5008073.6802620003 }, "geometry": { "type": "Point", "coordinates": [ 15455676.922195, 5008073.68026200029999 ] } },
{ "type": "Feature", "properties": { "15380279.394525": 15456045.178056, "5025475.223726": 5008134.8306179997 }, "geometry": { "type": "Point", "coordinates": [ 15456045.178056, 5008134.830617999657989 ] } },
{ "type": "Feature", "properties": { "15380279.394525": 15456414.126258999, "5025475.223726": 5008187.7451680005 }, "geometry": { "type": "Point", "coordinates": [ 15456414.126259, 5008187.745168000459671 ] } },
{ "type": "Feature", "properties": { "15380279.394525": 15456784.248885, "5025475.223726": 5008228.3119949996 }, "geometry": { "type": "Point", "coordinates": [ 15456784.248885, 5008228.311994999647141 ] } },
{ "type": "Feature", "properties": { "15380279.394525": 15457149.003718, "5025475.223726": 5008253.2186599998 }, "geometry": { "type": "Point", "coordinates": [ 15457149.003718, 5008253.218659999780357 ] } },
{ "type": "Feature", "properties": { "15380279.394525": 15457514.672373001, "5025475.223726": 5008264.7734979996 }, "geometry": { "type": "Point", "coordinates": [ 15457514.672373, 5008264.77349799964577 ] } },
{ "type": "Feature", "properties": { "15380279.394525": 15457881.011182001, "5025475.223726": 5008265.5183800003 }, "geometry": { "type": "Point", "coordinates": [ 15457881.011182, 5008265.518380000256002 ] } },
{ "type": "Feature", "properties": { "15380279.394525": 15458247.776478, "5025475.223726": 5008257.9951759996 }, "geometry": { "type": "Point", "coordinates": [ 15458247.776478, 5008257.995175999589264 ] } },
{ "type": "Feature", "properties": { "15380279.394525": 15458614.724594001, "5025475.223726": 5008244.7457569996 }, "geometry": { "type": "Point", "coordinates": [ 15458614.724594, 5008244.745756999589503 ] } },
{ "type": "Feature", "properties": { "15380279.394525": 15458981.611863, "5025475.223726": 5008228.3119949996 }, "geometry": { "type": "Point", "coordinates": [ 15458981.611863, 5008228.311994999647141 ] } },
{ "type": "Feature", "properties": { "15380279.394525": 15459359.004688, "5025475.223726": 5008210.2944010003 }, "geometry": { "type": "Point", "coordinates": [ 15459359.004688, 5008210.294401000253856 ] } },
{ "type": "Feature", "properties": { "15380279.394525": 15459735.856184, "5025475.223726": 5008191.7192799998 }, "geometry": { "type": "Point", "coordinates": [ 15459735.856184, 5008191.71927999984473 ] } },
{ "type": "Feature", "properties": { "15380279.394525": 15460112.356665, "5025475.223726": 5008172.728414 }, "geometry": { "type": "Point", "coordinates": [ 15460112.356665, 5008172.728414 ] } },
{ "type": "Feature", "properties": { "15380279.394525": 15460488.696447, "5025475.223726": 5008153.4635849996 }, "geometry": { "type": "Point", "coordinates": [ 15460488.696447, 5008153.463584999553859 ] } },
{ "type": "Feature", "properties": { "15380279.394525": 15460865.065843999, "5025475.223726": 5008134.0665750001 }, "geometry": { "type": "Point", "coordinates": [ 15460865.065844, 5008134.066575 ] } },
{ "type": "Feature", "properties": { "15380279.394525": 15458071.275772, "5025475.223726": 5008793.7845099997 }, "geometry": { "type": "Point", "coordinates": [ 15458071.275772, 5008793.784509999677539 ] } },
{ "type": "Feature", "properties": { "15380279.394525": 15460865.065843999, "5025475.223726": 5010050.3901009997 }, "geometry": { "type": "Point", "coordinates": [ 15460865.065844, 5010050.390100999735296 ] } },
{ "type": "Feature", "properties": { "15380279.394525": 15455183.313, "5025475.223726": 5001065.6601280002 }, "geometry": { "type": "Point", "coordinates": [ 15455183.313, 5001065.660128000192344 ] } },
{ "type": "Feature", "properties": { "15380279.394525": 15454838.013103999, "5025475.223726": 5004709.8163409997 }, "geometry": { "type": "Point", "coordinates": [ 15454838.013104, 5004709.816340999677777 ] } },
{ "type": "Feature", "properties": { "15380279.394525": 15458008.493973, "5025475.223726": 5002322.2657190003 }, "geometry": { "type": "Point", "coordinates": [ 15458008.493973, 5002322.265719000250101 ] } },
{ "type": "Feature", "properties": { "15380279.394525": 15458170.054118, "5025475.223726": 5002669.5638889996 }, "geometry": { "type": "Point", "coordinates": [ 15458170.054118, 5002669.563888999633491 ] } },
{ "type": "Feature", "properties": { "15380279.394525": 15458332.860766999, "5025475.223726": 5003016.0692100003 }, "geometry": { "type": "Point", "coordinates": [ 15458332.860767, 5003016.06921000033617 ] } },
{ "type": "Feature", "properties": { "15380279.394525": 15458498.286242001, "5025475.223726": 5003361.2393220002 }, "geometry": { "type": "Point", "coordinates": [ 15458498.286242, 5003361.239322000183165 ] } },
{ "type": "Feature", "properties": { "15380279.394525": 15458667.702865999, "5025475.223726": 5003704.5318679996 }, "geometry": { "type": "Point", "coordinates": [ 15458667.702866, 5003704.531867999583483 ] } },
{ "type": "Feature", "properties": { "15380279.394525": 15458852.363368001, "5025475.223726": 5004065.2396579999 }, "geometry": { "type": "Point", "coordinates": [ 15458852.363368, 5004065.239658 ] } },
{ "type": "Feature", "properties": { "15380279.394525": 15459041.855244, "5025475.223726": 5004423.3361470001 }, "geometry": { "type": "Point", "coordinates": [ 15459041.855244, 5004423.336147 ] } },
{ "type": "Feature", "properties": { "15380279.394525": 15459235.229978001, "5025475.223726": 5004779.3789489996 }, "geometry": { "type": "Point", "coordinates": [ 15459235.229978, 5004779.37894899956882 ] } },
{ "type": "Feature", "properties": { "15380279.394525": 15459431.539053001, "5025475.223726": 5005133.9256779999 }, "geometry": { "type": "Point", "coordinates": [ 15459431.539053, 5005133.925677999854088 ] } },
{ "type": "Feature", "properties": { "15380279.394525": 15459629.833951, "5025475.223726": 5005487.5339479996 }, "geometry": { "type": "Point", "coordinates": [ 15459629.833951, 5005487.533947999589145 ] } },
{ "type": "Feature", "properties": { "15380279.394525": 15459829.166154001, "5025475.223726": 5005840.761372 }, "geometry": { "type": "Point", "coordinates": [ 15459829.166154, 5005840.761372 ] } },
{ "type": "Feature", "properties": { "15380279.394525": 15446739.160984, "5025475.223726": 5001159.9055469995 }, "geometry": { "type": "Point", "coordinates": [ 15446739.160984, 5001159.905546999536455 ] } },
{ "type": "Feature", "properties": { "15380279.394525": 15446791.791499, "5025475.223726": 5001463.5736020003 }, "geometry": { "type": "Point", "coordinates": [ 15446791.791499, 5001463.573602000251412 ] } },
{ "type": "Feature", "properties": { "15380279.394525": 15446859.853989, "5025475.223726": 5001759.3307400001 }, "geometry": { "type": "Point", "coordinates": [ 15446859.853989, 5001759.330740000121295 ] } },
{ "type": "Feature", "properties": { "15380279.394525": 15446958.897282001, "5025475.223726": 5002039.5294610001 }, "geometry": { "type": "Point", "coordinates": [ 15446958.897282, 5002039.529461000114679 ] } },
{ "type": "Feature", "properties": { "15380279.394525": 15447198.446, "5025475.223726": 5002438.4061650001 }, "geometry": { "type": "Point", "coordinates": [ 15447198.446, 5002438.406165 ] } },
{ "type": "Feature", "properties": { "15380279.394525": 15447514.633897001, "5025475.223726": 5002798.3598339995 }, "geometry": { "type": "Point", "coordinates": [ 15447514.633897, 5002798.359833999536932 ] } },
{ "type": "Feature", "properties": { "15380279.394525": 15447869.233372999, "5025475.223726": 5003139.0593520002 }, "geometry": { "type": "Point", "coordinates": [ 15447869.233373, 5003139.059352000243962 ] } },
{ "type": "Feature", "properties": { "15380279.394525": 15445483.524995999, "5025475.223726": 5001411.2266650004 }, "geometry": { "type": "Point", "coordinates": [ 15445483.524996, 5001411.22666500043124 ] } },
{ "type": "Feature", "properties": { "15380279.394525": 15445569.267213, "5025475.223726": 5001731.2726410003 }, "geometry": { "type": "Point", "coordinates": [ 15445569.267213, 5001731.272641000337899 ] } },
{ "type": "Feature", "properties": { "15380279.394525": 15445664.612517999, "5025475.223726": 5002045.7380969999 }, "geometry": { "type": "Point", "coordinates": [ 15445664.612518, 5002045.738097 ] } },
{ "type": "Feature", "properties": { "15380279.394525": 15445779.282211, "5025475.223726": 5002349.2454500003 }, "geometry": { "type": "Point", "coordinates": [ 15445779.282211, 5002349.245450000278652 ] } },
{ "type": "Feature", "properties": { "15380279.394525": 15445922.997592, "5025475.223726": 5002636.4171160003 }, "geometry": { "type": "Point", "coordinates": [ 15445922.997592, 5002636.417116000317037 ] } },
{ "type": "Feature", "properties": { "15380279.394525": 15446134.504504999, "5025475.223726": 5002946.2053049998 }, "geometry": { "type": "Point", "coordinates": [ 15446134.504505, 5002946.205304999835789 ] } },
{ "type": "Feature", "properties": { "15380279.394525": 15446380.962652, "5025475.223726": 5003236.0341490004 }, "geometry": { "type": "Point", "coordinates": [ 15446380.962652, 5003236.034149000421166 ] } },
{ "type": "Feature", "properties": { "15380279.394525": 15446644.988285, "5025475.223726": 5003516.04103 }, "geometry": { "type": "Point", "coordinates": [ 15446644.988285, 5003516.04103 ] } },
{ "type": "Feature", "properties": { "15380279.394525": 15458510.748368001, "5025475.223726": 5016176.3423560001 }, "geometry": { "type": "Point", "coordinates": [ 15458510.748368, 5016176.342356 ] } },
{ "type": "Feature", "properties": { "15380279.394525": 15460519.765947999, "5025475.223726": 5015233.8881630003 }, "geometry": { "type": "Point", "coordinates": [ 15460519.765948, 5015233.88816300034523 ] } },
{ "type": "Feature", "properties": { "15380279.394525": 15441998.814816, "5025475.223726": 5019549.1957120001 }, "geometry": { "type": "Point", "coordinates": [ 15441998.814816, 5019549.195712000131607 ] } },
{ "type": "Feature", "properties": { "15380279.394525": 15441278.105384, "5025475.223726": 5018020.1118679997 }, "geometry": { "type": "Point", "coordinates": [ 15441278.105384, 5018020.111867999657989 ] } },
{ "type": "Feature", "properties": { "15380279.394525": 15440903.336479001, "5025475.223726": 5017068.0407950003 }, "geometry": { "type": "Point", "coordinates": [ 15440903.336479, 5017068.040795000270009 ] } },
{ "type": "Feature", "properties": { "15380279.394525": 15438694.876863999, "5025475.223726": 4995016.8795149997 }, "geometry": { "type": "Point", "coordinates": [ 15438694.876864, 4995016.879514999687672 ] } },
{ "type": "Feature", "properties": { "15380279.394525": 15439123.097929999, "5025475.223726": 4994865.4342299998 }, "geometry": { "type": "Point", "coordinates": [ 15439123.09793, 4994865.434229999780655 ] } },
{ "type": "Feature", "properties": { "15380279.394525": 15439548.143759999, "5025475.223726": 4994707.1689370004 }, "geometry": { "type": "Point", "coordinates": [ 15439548.14376, 4994707.168937000446022 ] } },
{ "type": "Feature", "properties": { "15380279.394525": 15439967.237886, "5025475.223726": 4994535.0738509996 }, "geometry": { "type": "Point", "coordinates": [ 15439967.237886, 4994535.073850999586284 ] } },
{ "type": "Feature", "properties": { "15380279.394525": 15440327.26159, "5025475.223726": 4994368.9719949998 }, "geometry": { "type": "Point", "coordinates": [ 15440327.26159, 4994368.971994999796152 ] } },
{ "type": "Feature", "properties": { "15380279.394525": 15440681.368253, "5025475.223726": 4994190.0755230002 }, "geometry": { "type": "Point", "coordinates": [ 15440681.368253, 4994190.075523000210524 ] } },
{ "type": "Feature", "properties": { "15380279.394525": 15441030.842556, "5025475.223726": 4994001.3103160001 }, "geometry": { "type": "Point", "coordinates": [ 15441030.842556, 4994001.310316000133753 ] } },
{ "type": "Feature", "properties": { "15380279.394525": 15441376.969180999, "5025475.223726": 4993805.602252 }, "geometry": { "type": "Point", "coordinates": [ 15441376.969181, 4993805.602252 ] } },
{ "type": "Feature", "properties": { "15380279.394525": 15441721.032809, "5025475.223726": 4993605.8772139996 }, "geometry": { "type": "Point", "coordinates": [ 15441721.032809, 4993605.877213999629021 ] } },
{ "type": "Feature", "properties": { "15380279.394525": 15442128.587547, "5025475.223726": 4993366.6083930004 }, "geometry": { "type": "Point", "coordinates": [ 15442128.587547, 4993366.608393000438809 ] } },
{ "type": "Feature", "properties": { "15380279.394525": 15442534.876146, "5025475.223726": 4993126.2897380004 }, "geometry": { "type": "Point", "coordinates": [ 15442534.876146, 4993126.289738000370562 ] } },
{ "type": "Feature", "properties": { "15380279.394525": 15442940.277376, "5025475.223726": 4992885.154077 }, "geometry": { "type": "Point", "coordinates": [ 15442940.277376, 4992885.154077 ] } },
{ "type": "Feature", "properties": { "15380279.394525": 15443345.170009, "5025475.223726": 4992643.4342390001 }, "geometry": { "type": "Point", "coordinates": [ 15443345.170009, 4992643.434239 ] } },
{ "type": "Feature", "properties": { "15380279.394525": 15443749.932817999, "5025475.223726": 4992401.3630539998 }, "geometry": { "type": "Point", "coordinates": [ 15443749.932818, 4992401.363053999841213 ] } },
{ "type": "Feature", "properties": { "15380279.394525": 15437663.232791999, "5025475.223726": 4991300.0929650003 }, "geometry": { "type": "Point", "coordinates": [ 15437663.232792, 4991300.09296500030905 ] } },
{ "type": "Feature", "properties": { "15380279.394525": 15440414.283651, "5025475.223726": 4993468.2184530003 }, "geometry": { "type": "Point", "coordinates": [ 15440414.283651, 4993468.218453000299633 ] } },
{ "type": "Feature", "properties": { "15380279.394525": 15437456.903976999, "5025475.223726": 4989820.261283 }, "geometry": { "type": "Point", "coordinates": [ 15437456.903977, 4989820.261283 ] } },
{ "type": "Feature", "properties": { "15380279.394525": 15437868.895587999, "5025475.223726": 4989844.2277570004 }, "geometry": { "type": "Point", "coordinates": [ 15437868.895588, 4989844.227757000364363 ] } },
{ "type": "Feature", "properties": { "15380279.394525": 15438280.887394, "5025475.223726": 4989867.0444139997 }, "geometry": { "type": "Point", "coordinates": [ 15438280.887394, 4989867.044413999654353 ] } },
{ "type": "Feature", "properties": { "15380279.394525": 15438693.079056, "5025475.223726": 4989887.5458779996 }, "geometry": { "type": "Point", "coordinates": [ 15438693.079056, 4989887.5458779996261 ] } },
{ "type": "Feature", "properties": { "15380279.394525": 15439105.670231, "5025475.223726": 4989904.5667730002 }, "geometry": { "type": "Point", "coordinates": [ 15439105.670231, 4989904.566773000173271 ] } },
{ "type": "Feature", "properties": { "15380279.394525": 15439518.860576, "5025475.223726": 4989916.9417230003 }, "geometry": { "type": "Point", "coordinates": [ 15439518.860576, 4989916.941723000258207 ] } },
{ "type": "Feature", "properties": { "15380279.394525": 15439932.849750999, "5025475.223726": 4989923.505353 }, "geometry": { "type": "Point", "coordinates": [ 15439932.849751, 4989923.505353 ] } },
{ "type": "Feature", "properties": { "15380279.394525": 15440306.209313, "5025475.223726": 4989923.2544369996 }, "geometry": { "type": "Point", "coordinates": [ 15440306.209313, 4989923.254436999559402 ] } },
{ "type": "Feature", "properties": { "15380279.394525": 15440679.293212, "5025475.223726": 4989915.0893869996 }, "geometry": { "type": "Point", "coordinates": [ 15440679.293212, 4989915.089386999607086 ] } },
{ "type": "Feature", "properties": { "15380279.394525": 15441051.393262999, "5025475.223726": 4989896.7253879998 }, "geometry": { "type": "Point", "coordinates": [ 15441051.393263, 4989896.725387999787927 ] } },
{ "type": "Feature", "properties": { "15380279.394525": 15441421.801279999, "5025475.223726": 4989865.8776249997 }, "geometry": { "type": "Point", "coordinates": [ 15441421.80128, 4989865.877624999731779 ] } },
{ "type": "Feature", "properties": { "15380279.394525": 15441789.809079999, "5025475.223726": 4989820.261283 }, "geometry": { "type": "Point", "coordinates": [ 15441789.80908, 4989820.261283 ] } },
{ "type": "Feature", "properties": { "15380279.394525": 15442234.943414001, "5025475.223726": 4989742.4531420004 }, "geometry": { "type": "Point", "coordinates": [ 15442234.943414, 4989742.453142000362277 ] } },
{ "type": "Feature", "properties": { "15380279.394525": 15442675.618298, "5025475.223726": 4989642.430621 }, "geometry": { "type": "Point", "coordinates": [ 15442675.618298, 4989642.430621 ] } },
{ "type": "Feature", "properties": { "15380279.394525": 15443112.494299, "5025475.223726": 4989523.3653689995 }, "geometry": { "type": "Point", "coordinates": [ 15443112.494299, 4989523.365368999540806 ] } },
{ "type": "Feature", "properties": { "15380279.394525": 15443546.231978999, "5025475.223726": 4989388.4290359998 }, "geometry": { "type": "Point", "coordinates": [ 15443546.231979, 4989388.429035999812186 ] } },
{ "type": "Feature", "properties": { "15380279.394525": 15443977.491904, "5025475.223726": 4989240.7932709996 }, "geometry": { "type": "Point", "coordinates": [ 15443977.491904, 4989240.793270999565721 ] } },
{ "type": "Feature", "properties": { "15380279.394525": 15444406.934637999, "5025475.223726": 4989083.6297239996 }, "geometry": { "type": "Point", "coordinates": [ 15444406.934638, 4989083.629723999649286 ] } },
{ "type": "Feature", "properties": { "15380279.394525": 15444835.220744999, "5025475.223726": 4988920.110045 }, "geometry": { "type": "Point", "coordinates": [ 15444835.220745, 4988920.110045 ] } },
{ "type": "Feature", "properties": { "15380279.394525": 15445263.01079, "5025475.223726": 4988753.4058839995 }, "geometry": { "type": "Point", "coordinates": [ 15445263.01079, 4988753.405883999541402 ] } },
{ "type": "Feature", "properties": { "15380279.394525": 15440861.329414999, "5025475.223726": 4985311.9368550004 }, "geometry": { "type": "Point", "coordinates": [ 15440861.329415, 4985311.936855000443757 ] } },
{ "type": "Feature", "properties": { "15380279.394525": 15441183.557864999, "5025475.223726": 4985652.6133749997 }, "geometry": { "type": "Point", "coordinates": [ 15441183.557865, 4985652.613374999724329 ] } },
{ "type": "Feature", "properties": { "15380279.394525": 15441504.040397, "5025475.223726": 4985994.5750139998 }, "geometry": { "type": "Point", "coordinates": [ 15441504.040397, 4985994.575013999827206 ] } },
{ "type": "Feature", "properties": { "15380279.394525": 15441821.257694, "5025475.223726": 4986339.3644770002 }, "geometry": { "type": "Point", "coordinates": [ 15441821.257694, 4986339.364477000199258 ] } },
{ "type": "Feature", "properties": { "15380279.394525": 15442133.690438, "5025475.223726": 4986688.5244669998 }, "geometry": { "type": "Point", "coordinates": [ 15442133.690438, 4986688.524466999806464 ] } },
{ "type": "Feature", "properties": { "15380279.394525": 15442466.533142, "5025475.223726": 4987074.1817500005 }, "geometry": { "type": "Point", "coordinates": [ 15442466.533142, 4987074.181750000454485 ] } },
{ "type": "Feature", "properties": { "15380279.394525": 15442792.832424, "5025475.223726": 4987465.2865850003 }, "geometry": { "type": "Point", "coordinates": [ 15442792.832424, 4987465.286585000343621 ] } },
{ "type": "Feature", "properties": { "15380279.394525": 15443113.929819001, "5025475.223726": 4987860.7868029997 }, "geometry": { "type": "Point", "coordinates": [ 15443113.929819, 4987860.786802999675274 ] } },
{ "type": "Feature", "properties": { "15380279.394525": 15443431.166862, "5025475.223726": 4988259.6302399999 }, "geometry": { "type": "Point", "coordinates": [ 15443431.166862, 4988259.630239999853075 ] } },
{ "type": "Feature", "properties": { "15380279.394525": 15443745.885090001, "5025475.223726": 4988660.7647259999 }, "geometry": { "type": "Point", "coordinates": [ 15443745.88509, 4988660.764726 ] } },
{ "type": "Feature", "properties": { "15380279.394525": 15444059.426038999, "5025475.223726": 4989063.1380960001 }, "geometry": { "type": "Point", "coordinates": [ 15444059.426039, 4989063.138096 ] } },
{ "type": "Feature", "properties": { "15380279.394525": 15447326.298934, "5025475.223726": 4994948.0501349997 }, "geometry": { "type": "Point", "coordinates": [ 15447326.298934, 4994948.050134999677539 ] } },
{ "type": "Feature", "properties": { "15380279.394525": 15447722.622183001, "5025475.223726": 4994670.1032349998 }, "geometry": { "type": "Point", "coordinates": [ 15447722.622183, 4994670.103234999813139 ] } },
{ "type": "Feature", "properties": { "15380279.394525": 15448119.029328, "5025475.223726": 4994391.9194799997 }, "geometry": { "type": "Point", "coordinates": [ 15448119.029328, 4994391.919479999691248 ] } },
{ "type": "Feature", "properties": { "15380279.394525": 15448515.789354, "5025475.223726": 4994113.18358 }, "geometry": { "type": "Point", "coordinates": [ 15448515.789354, 4994113.18358 ] } },
{ "type": "Feature", "properties": { "15380279.394525": 15448913.171243001, "5025475.223726": 4993833.5802490003 }, "geometry": { "type": "Point", "coordinates": [ 15448913.171243, 4993833.5802490003407 ] } },
{ "type": "Feature", "properties": { "15380279.394525": 15449311.443980001, "5025475.223726": 4993552.7941990001 }, "geometry": { "type": "Point", "coordinates": [ 15449311.44398, 4993552.794199000112712 ] } },
{ "type": "Feature", "properties": { "15380279.394525": 15449710.876546999, "5025475.223726": 4993270.5101410002 }, "geometry": { "type": "Point", "coordinates": [ 15449710.876547, 4993270.510141000151634 ] } },
{ "type": "Feature", "properties": { "15380279.394525": 15450111.737929, "5025475.223726": 4992986.4127890002 }, "geometry": { "type": "Point", "coordinates": [ 15450111.737929, 4992986.412789000198245 ] } },
{ "type": "Feature", "properties": { "15380279.394525": 15450499.554714, "5025475.223726": 4992712.9028479997 }, "geometry": { "type": "Point", "coordinates": [ 15450499.554714, 4992712.902847999706864 ] } },
{ "type": "Feature", "properties": { "15380279.394525": 15450892.437907999, "5025475.223726": 4992448.3677700004 }, "geometry": { "type": "Point", "coordinates": [ 15450892.437908, 4992448.367770000360906 ] } },
{ "type": "Feature", "properties": { "15380279.394525": 15451294.302711001, "5025475.223726": 4992203.5777160004 }, "geometry": { "type": "Point", "coordinates": [ 15451294.302711, 4992203.577716000378132 ] } },
{ "type": "Feature", "properties": { "15380279.394525": 15451709.064322, "5025475.223726": 4991989.3028459996 }, "geometry": { "type": "Point", "coordinates": [ 15451709.064322, 4991989.302845999598503 ] } },
{ "type": "Feature", "properties": { "15380279.394525": 15452140.637938, "5025475.223726": 4991816.3133190004 }, "geometry": { "type": "Point", "coordinates": [ 15452140.637938, 4991816.313319000415504 ] } },
{ "type": "Feature", "properties": { "15380279.394525": 15452515.862588, "5025475.223726": 4991706.869287 }, "geometry": { "type": "Point", "coordinates": [ 15452515.862588, 4991706.869287 ] } },
{ "type": "Feature", "properties": { "15380279.394525": 15452897.939849, "5025475.223726": 4991614.5680069998 }, "geometry": { "type": "Point", "coordinates": [ 15452897.939849, 4991614.568006999790668 ] } },
{ "type": "Feature", "properties": { "15380279.394525": 15453279.635647001, "5025475.223726": 4991519.8953130003 }, "geometry": { "type": "Point", "coordinates": [ 15453279.635647, 4991519.895313000306487 ] } },
{ "type": "Feature", "properties": { "15380279.394525": 15453653.715910001, "5025475.223726": 4991403.3370359996 }, "geometry": { "type": "Point", "coordinates": [ 15453653.71591, 4991403.337035999633372 ] } },
{ "type": "Feature", "properties": { "15380279.394525": 15454021.825104, "5025475.223726": 4991247.8271009997 }, "geometry": { "type": "Point", "coordinates": [ 15454021.825104, 4991247.827100999653339 ] } },
{ "type": "Feature", "properties": { "15380279.394525": 15454379.349876, "5025475.223726": 4991065.0240719998 }, "geometry": { "type": "Point", "coordinates": [ 15454379.349876, 4991065.024071999825537 ] } },
{ "type": "Feature", "properties": { "15380279.394525": 15454731.638357, "5025475.223726": 4990870.4978149999 }, "geometry": { "type": "Point", "coordinates": [ 15454731.638357, 4990870.497814999893308 ] } },
{ "type": "Feature", "properties": { "15380279.394525": 15455084.038678, "5025475.223726": 4990679.8181980001 }, "geometry": { "type": "Point", "coordinates": [ 15455084.038678, 4990679.818198 ] } },
{ "type": "Feature", "properties": { "15380279.394525": 15455441.898969, "5025475.223726": 4990508.5550880004 }, "geometry": { "type": "Point", "coordinates": [ 15455441.898969, 4990508.555088000372052 ] } },
{ "type": "Feature", "properties": { "15380279.394525": 15455816.453035001, "5025475.223726": 4990366.8331939997 }, "geometry": { "type": "Point", "coordinates": [ 15455816.453035, 4990366.833193999715149 ] } },
{ "type": "Feature", "properties": { "15380279.394525": 15456200.822059, "5025475.223726": 4990257.9299020004 }, "geometry": { "type": "Point", "coordinates": [ 15456200.822059, 4990257.92990200035274 ] } },
{ "type": "Feature", "properties": { "15380279.394525": 15456593.927594, "5025475.223726": 4990178.193713 }, "geometry": { "type": "Point", "coordinates": [ 15456593.927594, 4990178.193713 ] } },
{ "type": "Feature", "properties": { "15380279.394525": 15456994.691190001, "5025475.223726": 4990123.9731320003 }, "geometry": { "type": "Point", "coordinates": [ 15456994.69119, 4990123.973132000304759 ] } },
{ "type": "Feature", "properties": { "15380279.394525": 15457402.034401, "5025475.223726": 4990091.6166589996 }, "geometry": { "type": "Point", "coordinates": [ 15457402.034401, 4990091.616658999584615 ] } },
{ "type": "Feature", "properties": { "15380279.394525": 15457814.878777999, "5025475.223726": 4990077.4727959996 }, "geometry": { "type": "Point", "coordinates": [ 15457814.878778, 4990077.472795999608934 ] } },
{ "type": "Feature", "properties": { "15380279.394525": 15458232.145873001, "5025475.223726": 4990077.8900459995 }, "geometry": { "type": "Point", "coordinates": [ 15458232.145873, 4990077.890045999549329 ] } },
{ "type": "Feature", "properties": { "15380279.394525": 15458652.757238001, "5025475.223726": 4990089.2169110002 }, "geometry": { "type": "Point", "coordinates": [ 15458652.757238, 4990089.216911000199616 ] } },
{ "type": "Feature", "properties": { "15380279.394525": 15459075.634424999, "5025475.223726": 4990107.8018939998 }, "geometry": { "type": "Point", "coordinates": [ 15459075.634425, 4990107.801893999800086 ] } },
{ "type": "Feature", "properties": { "15380279.394525": 15459499.698985999, "5025475.223726": 4990129.9934949996 }, "geometry": { "type": "Point", "coordinates": [ 15459499.698986, 4990129.993494999594986 ] } },
{ "type": "Feature", "properties": { "15380279.394525": 15446535.371812001, "5025475.223726": 4992057.216151 }, "geometry": { "type": "Point", "coordinates": [ 15446535.371812, 4992057.216151 ] } },
{ "type": "Feature", "properties": { "15380279.394525": 15446892.984456001, "5025475.223726": 4992035.1375550004 }, "geometry": { "type": "Point", "coordinates": [ 15446892.984456, 4992035.137555000372231 ] } },
{ "type": "Feature", "properties": { "15380279.394525": 15447248.442266, "5025475.223726": 4992004.7039989997 }, "geometry": { "type": "Point", "coordinates": [ 15447248.442266, 4992004.703998999670148 ] } },
{ "type": "Feature", "properties": { "15380279.394525": 15447599.843241001, "5025475.223726": 4991957.5081559997 }, "geometry": { "type": "Point", "coordinates": [ 15447599.843241, 4991957.508155999705195 ] } },
{ "type": "Feature", "properties": { "15380279.394525": 15447945.285378, "5025475.223726": 4991885.1426999997 }, "geometry": { "type": "Point", "coordinates": [ 15447945.285378, 4991885.142699999734759 ] } },
{ "type": "Feature", "properties": { "15380279.394525": 15448364.047789, "5025475.223726": 4991754.0032129996 }, "geometry": { "type": "Point", "coordinates": [ 15448364.047789, 4991754.003212999552488 ] } },
{ "type": "Feature", "properties": { "15380279.394525": 15448775.242449, "5025475.223726": 4991592.7384989997 }, "geometry": { "type": "Point", "coordinates": [ 15448775.242449, 4991592.738498999737203 ] } },
{ "type": "Feature", "properties": { "15380279.394525": 15449184.116203001, "5025475.223726": 4991422.8097789995 }, "geometry": { "type": "Point", "coordinates": [ 15449184.116203, 4991422.80977899953723 ] } },
{ "type": "Feature", "properties": { "15380279.394525": 15449595.915893, "5025475.223726": 4991265.6782740001 }, "geometry": { "type": "Point", "coordinates": [ 15449595.915893, 4991265.678274 ] } },
{ "type": "Feature", "properties": { "15380279.394525": 15449985.831485, "5025475.223726": 4991146.3160399999 }, "geometry": { "type": "Point", "coordinates": [ 15449985.831485, 4991146.31604 ] } },
{ "type": "Feature", "properties": { "15380279.394525": 15450381.793585001, "5025475.223726": 4991053.7895470001 }, "geometry": { "type": "Point", "coordinates": [ 15450381.793585, 4991053.789547 ] } },
{ "type": "Feature", "properties": { "15380279.394525": 15450783.143355999, "5025475.223726": 4990985.1143530002 }, "geometry": { "type": "Point", "coordinates": [ 15450783.143356, 4990985.114353000186384 ] } },
{ "type": "Feature", "properties": { "15380279.394525": 15451189.221958, "5025475.223726": 4990937.3060179995 }, "geometry": { "type": "Point", "coordinates": [ 15451189.221958, 4990937.306017999537289 ] } },
{ "type": "Feature", "properties": { "15380279.394525": 15451599.370552, "5025475.223726": 4990907.380101 }, "geometry": { "type": "Point", "coordinates": [ 15451599.370552, 4990907.380101 ] } },
{ "type": "Feature", "properties": { "15380279.394525": 15452012.930299001, "5025475.223726": 4990892.3521619998 }, "geometry": { "type": "Point", "coordinates": [ 15452012.930299, 4990892.352161999791861 ] } },
{ "type": "Feature", "properties": { "15380279.394525": 15452429.242362, "5025475.223726": 4990889.2377610002 }, "geometry": { "type": "Point", "coordinates": [ 15452429.242362, 4990889.237761000171304 ] } },
{ "type": "Feature", "properties": { "15380279.394525": 15452847.647899, "5025475.223726": 4990895.0524549996 }, "geometry": { "type": "Point", "coordinates": [ 15452847.647899, 4990895.052454999648035 ] } },
{ "type": "Feature", "properties": { "15380279.394525": 15453267.488074001, "5025475.223726": 4990906.8118059998 }, "geometry": { "type": "Point", "coordinates": [ 15453267.488074, 4990906.811805999837816 ] } },
{ "type": "Feature", "properties": { "15380279.394525": 15453688.104046, "5025475.223726": 4990921.5313720005 }, "geometry": { "type": "Point", "coordinates": [ 15453688.104046, 4990921.531372000463307 ] } },
{ "type": "Feature", "properties": { "15380279.394525": 15455304.346426001, "5025475.223726": 4990990.3607519995 }, "geometry": { "type": "Point", "coordinates": [ 15455304.346426, 4990990.360751999542117 ] } },
{ "type": "Feature", "properties": { "15380279.394525": 15455722.688616, "5025475.223726": 4990924.3666519998 }, "geometry": { "type": "Point", "coordinates": [ 15455722.688616, 4990924.366651999764144 ] } },
{ "type": "Feature", "properties": { "15380279.394525": 15456141.100046, "5025475.223726": 4990859.9270369997 }, "geometry": { "type": "Point", "coordinates": [ 15456141.100046, 4990859.927036999724805 ] } },
{ "type": "Feature", "properties": { "15380279.394525": 15456559.760746, "5025475.223726": 4990798.5301130004 }, "geometry": { "type": "Point", "coordinates": [ 15456559.760746, 4990798.530113000422716 ] } },
{ "type": "Feature", "properties": { "15380279.394525": 15456978.850748001, "5025475.223726": 4990741.6640830003 }, "geometry": { "type": "Point", "coordinates": [ 15456978.850748, 4990741.664083000272512 ] } },
{ "type": "Feature", "properties": { "15380279.394525": 15457398.550081, "5025475.223726": 4990690.8171499996 }, "geometry": { "type": "Point", "coordinates": [ 15457398.550081, 4990690.817149999551475 ] } },
{ "type": "Feature", "properties": { "15380279.394525": 15457819.038778, "5025475.223726": 4990647.4775179997 }, "geometry": { "type": "Point", "coordinates": [ 15457819.038778, 4990647.477517999708652 ] } },
{ "type": "Feature", "properties": { "15380279.394525": 15458240.496869, "5025475.223726": 4990613.1333919996 }, "geometry": { "type": "Point", "coordinates": [ 15458240.496869, 4990613.133391999639571 ] } },
{ "type": "Feature", "properties": { "15380279.394525": 15458663.104385, "5025475.223726": 4990589.2729740003 }, "geometry": { "type": "Point", "coordinates": [ 15458663.104385, 4990589.272974000312388 ] } },
{ "type": "Feature", "properties": { "15380279.394525": 15459087.041356999, "5025475.223726": 4990577.3844689997 }, "geometry": { "type": "Point", "coordinates": [ 15459087.041357, 4990577.384468999691308 ] } },
{ "type": "Feature", "properties": { "15380279.394525": 15459454.449, "5025475.223726": 4990575.88215 }, "geometry": { "type": "Point", "coordinates": [ 15459454.449, 4990575.88215 ] } },
{ "type": "Feature", "properties": { "15380279.394525": 15459821.56928, "5025475.223726": 4990572.9805290001 }, "geometry": { "type": "Point", "coordinates": [ 15459821.56928, 4990572.980529 ] } },
{ "type": "Feature", "properties": { "15380279.394525": 15460187.242859, "5025475.223726": 4990557.0641919998 }, "geometry": { "type": "Point", "coordinates": [ 15460187.242859, 4990557.064191999845207 ] } },
{ "type": "Feature", "properties": { "15380279.394525": 15460550.310396001, "5025475.223726": 4990516.5177229997 }, "geometry": { "type": "Point", "coordinates": [ 15460550.310396, 4990516.517722999677062 ] } },
{ "type": "Feature", "properties": { "15380279.394525": 15460909.612551, "5025475.223726": 4990439.7257080004 }, "geometry": { "type": "Point", "coordinates": [ 15460909.612551, 4990439.725708000361919 ] } },
{ "type": "Feature", "properties": { "15380279.394525": 15461328.125655999, "5025475.223726": 4990288.0056189997 }, "geometry": { "type": "Point", "coordinates": [ 15461328.125656, 4990288.005618999712169 ] } },
{ "type": "Feature", "properties": { "15380279.394525": 15461714.554167001, "5025475.223726": 4990069.6314439997 }, "geometry": { "type": "Point", "coordinates": [ 15461714.554167, 4990069.631443999707699 ] } },
{ "type": "Feature", "properties": { "15380279.394525": 15462044.42103, "5025475.223726": 4989785.8465919998 }, "geometry": { "type": "Point", "coordinates": [ 15462044.42103, 4989785.84659199975431 ] } },
{ "type": "Feature", "properties": { "15380279.394525": 15462301.715871001, "5025475.223726": 4989442.9345669998 }, "geometry": { "type": "Point", "coordinates": [ 15462301.715871, 4989442.934566999785602 ] } },
{ "type": "Feature", "properties": { "15380279.394525": 15462509.597513, "5025475.223726": 4989060.3960769996 }, "geometry": { "type": "Point", "coordinates": [ 15462509.597513, 4989060.396076999604702 ] } },
{ "type": "Feature", "properties": { "15380279.394525": 15462699.816763001, "5025475.223726": 4988662.0212510005 }, "geometry": { "type": "Point", "coordinates": [ 15462699.816763, 4988662.021251000463963 ] } },
{ "type": "Feature", "properties": { "15380279.394525": 15462904.124423999, "5025475.223726": 4988271.6002200004 }, "geometry": { "type": "Point", "coordinates": [ 15462904.124424, 4988271.600220000371337 ] } },
{ "type": "Feature", "properties": { "15380279.394525": 15463239.688052, "5025475.223726": 4987790.5224789996 }, "geometry": { "type": "Point", "coordinates": [ 15463239.688052, 4987790.522478999570012 ] } },
{ "type": "Feature", "properties": { "15380279.394525": 15463636.331516, "5025475.223726": 4987357.7884740001 }, "geometry": { "type": "Point", "coordinates": [ 15463636.331516, 4987357.788474 ] } },
{ "type": "Feature", "properties": { "15380279.394525": 15464073.321039001, "5025475.223726": 4986963.8419890003 }, "geometry": { "type": "Point", "coordinates": [ 15464073.321039, 4986963.841989000327885 ] } },
{ "type": "Feature", "properties": { "15380279.394525": 15464469.530749001, "5025475.223726": 4986647.5954809999 }, "geometry": { "type": "Point", "coordinates": [ 15464469.530749, 4986647.595481 ] } },
{ "type": "Feature", "properties": { "15380279.394525": 15464877.945402, "5025475.223726": 4986349.7699739998 }, "geometry": { "type": "Point", "coordinates": [ 15464877.945402, 4986349.76997399982065 ] } },
{ "type": "Feature", "properties": { "15380279.394525": 15465296.705503, "5025475.223726": 4986066.4556069998 }, "geometry": { "type": "Point", "coordinates": [ 15465296.705503, 4986066.45560699980706 ] } },
{ "type": "Feature", "properties": { "15380279.394525": 15465723.951554, "5025475.223726": 4985793.7425189996 }, "geometry": { "type": "Point", "coordinates": [ 15465723.951554, 4985793.742518999613822 ] } },
{ "type": "Feature", "properties": { "15380279.394525": 15466114.792469, "5025475.223726": 4985553.3933739997 }, "geometry": { "type": "Point", "coordinates": [ 15466114.792469, 4985553.393373999744654 ] } },
{ "type": "Feature", "properties": { "15380279.394525": 15466507.202097001, "5025475.223726": 4985314.7225850001 }, "geometry": { "type": "Point", "coordinates": [ 15466507.202097, 4985314.722585 ] } },
{ "type": "Feature", "properties": { "15380279.394525": 15466897.724926, "5025475.223726": 4985073.6625699997 }, "geometry": { "type": "Point", "coordinates": [ 15466897.724926, 4985073.662569999694824 ] } },
{ "type": "Feature", "properties": { "15380279.394525": 15467282.905444, "5025475.223726": 4984826.1457479997 }, "geometry": { "type": "Point", "coordinates": [ 15467282.905444, 4984826.145747999660671 ] } },
{ "type": "Feature", "properties": { "15380279.394525": 15467659.288138, "5025475.223726": 4984568.1045380002 }, "geometry": { "type": "Point", "coordinates": [ 15467659.288138, 4984568.104538000188768 ] } },
{ "type": "Feature", "properties": { "15380279.394525": 15468023.417497, "5025475.223726": 4984295.4713570001 }, "geometry": { "type": "Point", "coordinates": [ 15468023.417497, 4984295.471357 ] } },
{ "type": "Feature", "properties": { "15380279.394525": 15468371.838005999, "5025475.223726": 4984004.1786249997 }, "geometry": { "type": "Point", "coordinates": [ 15468371.838006, 4984004.178624999709427 ] } },
{ "type": "Feature", "properties": { "15380279.394525": 15468803.082114, "5025475.223726": 4983589.9285270004 }, "geometry": { "type": "Point", "coordinates": [ 15468803.082114, 4983589.928527000360191 ] } },
{ "type": "Feature", "properties": { "15380279.394525": 15469211.934929, "5025475.223726": 4983149.7493449999 }, "geometry": { "type": "Point", "coordinates": [ 15469211.934929, 4983149.749345 ] } },
{ "type": "Feature", "properties": { "15380279.394525": 15469609.810892999, "5025475.223726": 4982696.4203939997 }, "geometry": { "type": "Point", "coordinates": [ 15469609.810893, 4982696.420393999665976 ] } },
{ "type": "Feature", "properties": { "15380279.394525": 15463007.288830999, "5025475.223726": 4994500.6591609996 }, "geometry": { "type": "Point", "coordinates": [ 15463007.288831, 4994500.659160999581218 ] } },
{ "type": "Feature", "properties": { "15380279.394525": 15462976.623971, "5025475.223726": 4994063.5581259998 }, "geometry": { "type": "Point", "coordinates": [ 15462976.623971, 4994063.558125999756157 ] } },
{ "type": "Feature", "properties": { "15380279.394525": 15462934.214036999, "5025475.223726": 4993629.3310590005 }, "geometry": { "type": "Point", "coordinates": [ 15462934.214037, 4993629.331059000454843 ] } },
{ "type": "Feature", "properties": { "15380279.394525": 15462868.162263, "5025475.223726": 4993200.5844139997 }, "geometry": { "type": "Point", "coordinates": [ 15462868.162263, 4993200.584413999691606 ] } },
{ "type": "Feature", "properties": { "15380279.394525": 15462766.571881, "5025475.223726": 4992779.9246469997 }, "geometry": { "type": "Point", "coordinates": [ 15462766.571881, 4992779.924646999686956 ] } },
{ "type": "Feature", "properties": { "15380279.394525": 15462614.263762999, "5025475.223726": 4992355.6006450001 }, "geometry": { "type": "Point", "coordinates": [ 15462614.263763, 4992355.600645000115037 ] } },
{ "type": "Feature", "properties": { "15380279.394525": 15462416.639966, "5025475.223726": 4991947.5226349998 }, "geometry": { "type": "Point", "coordinates": [ 15462416.639966, 4991947.52263499982655 ] } },
{ "type": "Feature", "properties": { "15380279.394525": 15462179.056278, "5025475.223726": 4991559.8766930001 }, "geometry": { "type": "Point", "coordinates": [ 15462179.056278, 4991559.876693 ] } },
{ "type": "Feature", "properties": { "15380279.394525": 15461906.868487, "5025475.223726": 4991196.8488940001 }, "geometry": { "type": "Point", "coordinates": [ 15461906.868487, 4991196.848894 ] } },
{ "type": "Feature", "properties": { "15380279.394525": 15461539.346065, "5025475.223726": 4990790.3363659997 }, "geometry": { "type": "Point", "coordinates": [ 15461539.346065, 4990790.336365999653935 ] } },
{ "type": "Feature", "properties": { "15380279.394525": 15461150.329500999, "5025475.223726": 4990405.3110170001 }, "geometry": { "type": "Point", "coordinates": [ 15461150.329501, 4990405.311017000116408 ] } },
{ "type": "Feature", "properties": { "15380279.394525": 15465298.002178, "5025475.223726": 4989678.5437030001 }, "geometry": { "type": "Point", "coordinates": [ 15465298.002178, 4989678.543703 ] } },
{ "type": "Feature", "properties": { "15380279.394525": 15464280.467807001, "5025475.223726": 4988214.7085410003 }, "geometry": { "type": "Point", "coordinates": [ 15464280.467807, 4988214.708541000261903 ] } },
{ "type": "Feature", "properties": { "15380279.394525": 15466739.509204, "5025475.223726": 4988639.0085880002 }, "geometry": { "type": "Point", "coordinates": [ 15466739.509204, 4988639.008588000200689 ] } },
{ "type": "Feature", "properties": { "15380279.394525": 15466566.389753001, "5025475.223726": 4988401.409496 }, "geometry": { "type": "Point", "coordinates": [ 15466566.389753, 4988401.409496 ] } },
{ "type": "Feature", "properties": { "15380279.394525": 15466392.088251, "5025475.223726": 4988164.9347369997 }, "geometry": { "type": "Point", "coordinates": [ 15466392.088251, 4988164.934736999683082 ] } },
{ "type": "Feature", "properties": { "15380279.394525": 15466215.312217999, "5025475.223726": 4987930.5770110004 }, "geometry": { "type": "Point", "coordinates": [ 15466215.312218, 4987930.577011000365019 ] } },
{ "type": "Feature", "properties": { "15380279.394525": 15466034.769171, "5025475.223726": 4987699.3290189998 }, "geometry": { "type": "Point", "coordinates": [ 15466034.769171, 4987699.329018999822438 ] } },
{ "type": "Feature", "properties": { "15380279.394525": 15465849.166629, "5025475.223726": 4987472.18346 }, "geometry": { "type": "Point", "coordinates": [ 15465849.166629, 4987472.18346 ] } },
{ "type": "Feature", "properties": { "15380279.394525": 15465618.526002999, "5025475.223726": 4987205.6468470003 }, "geometry": { "type": "Point", "coordinates": [ 15465618.526003, 4987205.646847000345588 ] } },
{ "type": "Feature", "properties": { "15380279.394525": 15465381.209346, "5025475.223726": 4986944.8691530004 }, "geometry": { "type": "Point", "coordinates": [ 15465381.209346, 4986944.869153000414371 ] } },
{ "type": "Feature", "properties": { "15380279.394525": 15465139.386713, "5025475.223726": 4986687.8648340004 }, "geometry": { "type": "Point", "coordinates": [ 15465139.386713, 4986687.864834000356495 ] } },
{ "type": "Feature", "properties": { "15380279.394525": 15464895.228156, "5025475.223726": 4986432.6483450001 }, "geometry": { "type": "Point", "coordinates": [ 15464895.228156, 4986432.648345000110567 ] } },
{ "type": "Feature", "properties": { "15380279.394525": 15465509.988506, "5025475.223726": 4990378.6387799997 }, "geometry": { "type": "Point", "coordinates": [ 15465509.988506, 4990378.638779999688268 ] } },
{ "type": "Feature", "properties": { "15380279.394525": 15469686.119154001, "5025475.223726": 4988893.5886159996 }, "geometry": { "type": "Point", "coordinates": [ 15469686.119154, 4988893.588615999557078 ] } },
{ "type": "Feature", "properties": { "15380279.394525": 15464556.050032999, "5025475.223726": 4995258.0893169995 }, "geometry": { "type": "Point", "coordinates": [ 15464556.050033, 4995258.089316999539733 ] } },
{ "type": "Feature", "properties": { "15380279.394525": 15463623.310192, "5025475.223726": 4993263.8790969998 }, "geometry": { "type": "Point", "coordinates": [ 15463623.310192, 4993263.879096999764442 ] } },
{ "type": "Feature", "properties": { "15380279.394525": 15466251.940651, "5025475.223726": 4994409.4892229997 }, "geometry": { "type": "Point", "coordinates": [ 15466251.940651, 4994409.489222999662161 ] } },
{ "type": "Feature", "properties": { "15380279.394525": 15466153.628239, "5025475.223726": 4994166.0425319998 }, "geometry": { "type": "Point", "coordinates": [ 15466153.628239, 4994166.042531999759376 ] } },
{ "type": "Feature", "properties": { "15380279.394525": 15466065.459726, "5025475.223726": 4993919.6116350004 }, "geometry": { "type": "Point", "coordinates": [ 15466065.459726, 4993919.611635000444949 ] } },
{ "type": "Feature", "properties": { "15380279.394525": 15465997.557058999, "5025475.223726": 4993666.9641420003 }, "geometry": { "type": "Point", "coordinates": [ 15465997.557059, 4993666.964142000302672 ] } },
{ "type": "Feature", "properties": { "15380279.394525": 15465958.64285, "5025475.223726": 4993402.5169780003 }, "geometry": { "type": "Point", "coordinates": [ 15465958.64285, 4993402.516978000290692 ] } },
{ "type": "Feature", "properties": { "15380279.394525": 15465955.159793001, "5025475.223726": 4993136.5890830001 }, "geometry": { "type": "Point", "coordinates": [ 15465955.159793, 4993136.589083 ] } },
{ "type": "Feature", "properties": { "15380279.394525": 15465990.368036, "5025475.223726": 4992869.4637730001 }, "geometry": { "type": "Point", "coordinates": [ 15465990.368036, 4992869.463773 ] } },
{ "type": "Feature", "properties": { "15380279.394525": 15466058.638374999, "5025475.223726": 4992607.9249900002 }, "geometry": { "type": "Point", "coordinates": [ 15466058.638375, 4992607.924990000203252 ] } },
{ "type": "Feature", "properties": { "15380279.394525": 15466151.701858001, "5025475.223726": 4992350.5373480003 }, "geometry": { "type": "Point", "coordinates": [ 15466151.701858, 4992350.537348000332713 ] } },
{ "type": "Feature", "properties": { "15380279.394525": 15466261.289533, "5025475.223726": 4992095.8654610002 }, "geometry": { "type": "Point", "coordinates": [ 15466261.289533, 4992095.865461000241339 ] } },
{ "type": "Feature", "properties": { "15380279.394525": 15466379.132448001, "5025475.223726": 4991842.4739410002 }, "geometry": { "type": "Point", "coordinates": [ 15466379.132448, 4991842.473941000178456 ] } },
{ "type": "Feature", "properties": { "15380279.394525": 15466909.098266, "5025475.223726": 4994218.5542019997 }, "geometry": { "type": "Point", "coordinates": [ 15466909.098266, 4994218.554201999679208 ] } },
{ "type": "Feature", "properties": { "15380279.394525": 15465955.159793001, "5025475.223726": 4992945.6540620001 }, "geometry": { "type": "Point", "coordinates": [ 15465955.159793, 4992945.654062000103295 ] } },
{ "type": "Feature", "properties": { "15380279.394525": 15454656.288544999, "5025475.223726": 4997400.8045530003 }, "geometry": { "type": "Point", "coordinates": [ 15454656.288545, 4997400.804553000256419 ] } },
{ "type": "Feature", "properties": { "15380279.394525": 15454915.486535, "5025475.223726": 4997375.1127779996 }, "geometry": { "type": "Point", "coordinates": [ 15454915.486535, 4997375.112777999602258 ] } },
{ "type": "Feature", "properties": { "15380279.394525": 15455174.212308001, "5025475.223726": 4997351.2242949996 }, "geometry": { "type": "Point", "coordinates": [ 15455174.212308, 4997351.224294999614358 ] } },
{ "type": "Feature", "properties": { "15380279.394525": 15455432.065089, "5025475.223726": 4997330.957432 }, "geometry": { "type": "Point", "coordinates": [ 15455432.065089, 4997330.957432 ] } },
{ "type": "Feature", "properties": { "15380279.394525": 15455688.644107001, "5025475.223726": 4997316.1305219997 }, "geometry": { "type": "Point", "coordinates": [ 15455688.644107, 4997316.130521999672055 ] } },
{ "type": "Feature", "properties": { "15380279.394525": 15455943.548587, "5025475.223726": 4997308.5618930003 }, "geometry": { "type": "Point", "coordinates": [ 15455943.548587, 4997308.561893000267446 ] } },
{ "type": "Feature", "properties": { "15380279.394525": 15456196.377754999, "5025475.223726": 4997310.0698779998 }, "geometry": { "type": "Point", "coordinates": [ 15456196.377755, 4997310.069877999834716 ] } },
{ "type": "Feature", "properties": { "15380279.394525": 15456446.730838001, "5025475.223726": 4997322.4728060002 }, "geometry": { "type": "Point", "coordinates": [ 15456446.730838, 4997322.47280600015074 ] } },
{ "type": "Feature", "properties": { "15380279.394525": 15456694.207063001, "5025475.223726": 4997347.5890079997 }, "geometry": { "type": "Point", "coordinates": [ 15456694.207063, 4997347.589007999747992 ] } },
{ "type": "Feature", "properties": { "15380279.394525": 15456938.405655, "5025475.223726": 4997387.236815 }, "geometry": { "type": "Point", "coordinates": [ 15456938.405655, 4997387.236815 ] } },
{ "type": "Feature", "properties": { "15380279.394525": 15457178.925841, "5025475.223726": 4997443.234557 }, "geometry": { "type": "Point", "coordinates": [ 15457178.925841, 4997443.234557 ] } },
{ "type": "Feature", "properties": { "15380279.394525": 15457430.387967, "5025475.223726": 4997521.673347 }, "geometry": { "type": "Point", "coordinates": [ 15457430.387967, 4997521.673347 ] } },
{ "type": "Feature", "properties": { "15380279.394525": 15457678.178867999, "5025475.223726": 4997616.4160949998 }, "geometry": { "type": "Point", "coordinates": [ 15457678.178868, 4997616.416094999760389 ] } },
{ "type": "Feature", "properties": { "15380279.394525": 15457923.415867999, "5025475.223726": 4997723.2588550001 }, "geometry": { "type": "Point", "coordinates": [ 15457923.415868, 4997723.258855000138283 ] } },
{ "type": "Feature", "properties": { "15380279.394525": 15458167.216290001, "5025475.223726": 4997837.9976779995 }, "geometry": { "type": "Point", "coordinates": [ 15458167.21629, 4997837.997677999548614 ] } },
{ "type": "Feature", "properties": { "15380279.394525": 15458410.697458999, "5025475.223726": 4997956.4286179999 }, "geometry": { "type": "Point", "coordinates": [ 15458410.697459, 4997956.428617999888957 ] } },
{ "type": "Feature", "properties": { "15380279.394525": 15458654.976699, "5025475.223726": 4998074.3477250002 }, "geometry": { "type": "Point", "coordinates": [ 15458654.976699, 4998074.347725000232458 ] } },
{ "type": "Feature", "properties": { "15380279.394525": 15458901.171333, "5025475.223726": 4998187.5510520004 }, "geometry": { "type": "Point", "coordinates": [ 15458901.171333, 4998187.551052000373602 ] } },
{ "type": "Feature", "properties": { "15380279.394525": 15459150.398685001, "5025475.223726": 4998291.8346509999 }, "geometry": { "type": "Point", "coordinates": [ 15459150.398685, 4998291.834650999866426 ] } },
{ "type": "Feature", "properties": { "15380279.394525": 15459408.817661, "5025475.223726": 4998385.7100250004 }, "geometry": { "type": "Point", "coordinates": [ 15459408.817661, 4998385.71002500038594 ] } },
{ "type": "Feature", "properties": { "15380279.394525": 15459670.820326, "5025475.223726": 4998467.2246390004 }, "geometry": { "type": "Point", "coordinates": [ 15459670.820326, 4998467.224639000371099 ] } },
{ "type": "Feature", "properties": { "15380279.394525": 15459935.872091001, "5025475.223726": 4998537.7488749996 }, "geometry": { "type": "Point", "coordinates": [ 15459935.872091, 4998537.748874999582767 ] } },
{ "type": "Feature", "properties": { "15380279.394525": 15460203.438368, "5025475.223726": 4998598.6531170001 }, "geometry": { "type": "Point", "coordinates": [ 15460203.438368, 4998598.653117000125349 ] } },
{ "type": "Feature", "properties": { "15380279.394525": 15460472.984564999, "5025475.223726": 4998651.3077459997 }, "geometry": { "type": "Point", "coordinates": [ 15460472.984565, 4998651.307745999656618 ] } },
{ "type": "Feature", "properties": { "15380279.394525": 15460743.976095, "5025475.223726": 4998697.0831460003 }, "geometry": { "type": "Point", "coordinates": [ 15460743.976095, 4998697.083146000280976 ] } },
{ "type": "Feature", "properties": { "15380279.394525": 15461015.878365999, "5025475.223726": 4998737.3497000001 }, "geometry": { "type": "Point", "coordinates": [ 15461015.878366, 4998737.349700000137091 ] } },
{ "type": "Feature", "properties": { "15380279.394525": 15461281.529581999, "5025475.223726": 4998772.4416279998 }, "geometry": { "type": "Point", "coordinates": [ 15461281.529582, 4998772.441627999767661 ] } },
{ "type": "Feature", "properties": { "15380279.394525": 15461547.386644, "5025475.223726": 4998803.7630479997 }, "geometry": { "type": "Point", "coordinates": [ 15461547.386644, 4998803.763047999702394 ] } },
{ "type": "Feature", "properties": { "15380279.394525": 15461813.440709, "5025475.223726": 4998831.5128279999 }, "geometry": { "type": "Point", "coordinates": [ 15461813.440709, 4998831.512827999889851 ] } },
{ "type": "Feature", "properties": { "15380279.394525": 15462079.682937, "5025475.223726": 4998855.8898329996 }, "geometry": { "type": "Point", "coordinates": [ 15462079.682937, 4998855.889832999557257 ] } },
{ "type": "Feature", "properties": { "15380279.394525": 15462346.104483999, "5025475.223726": 4998877.0929309996 }, "geometry": { "type": "Point", "coordinates": [ 15462346.104484, 4998877.092930999584496 ] } },
{ "type": "Feature", "properties": { "15380279.394525": 15462612.696511, "5025475.223726": 4998895.3209880004 }, "geometry": { "type": "Point", "coordinates": [ 15462612.696511, 4998895.320988000370562 ] } },
{ "type": "Feature", "properties": { "15380279.394525": 15462879.450175, "5025475.223726": 4998910.7728700005 }, "geometry": { "type": "Point", "coordinates": [ 15462879.450175, 4998910.772870000451803 ] } },
{ "type": "Feature", "properties": { "15380279.394525": 15463146.356634, "5025475.223726": 4998923.6474439995 }, "geometry": { "type": "Point", "coordinates": [ 15463146.356634, 4998923.647443999536335 ] } },
{ "type": "Feature", "properties": { "15380279.394525": 15463413.407047, "5025475.223726": 4998934.1435759999 }, "geometry": { "type": "Point", "coordinates": [ 15463413.407047, 4998934.143575999885798 ] } },
{ "type": "Feature", "properties": { "15380279.394525": 15463680.592571, "5025475.223726": 4998942.4601339996 }, "geometry": { "type": "Point", "coordinates": [ 15463680.592571, 4998942.460133999586105 ] } },
{ "type": "Feature", "properties": { "15380279.394525": 15463947.904367, "5025475.223726": 4998948.7959829997 }, "geometry": { "type": "Point", "coordinates": [ 15463947.904367, 4998948.79598299972713 ] } },
{ "type": "Feature", "properties": { "15380279.394525": 15464215.333590999, "5025475.223726": 4998953.34999 }, "geometry": { "type": "Point", "coordinates": [ 15464215.333591, 4998953.34999 ] } },
{ "type": "Feature", "properties": { "15380279.394525": 15464482.871401001, "5025475.223726": 4998956.3210209999 }, "geometry": { "type": "Point", "coordinates": [ 15464482.871401, 4998956.321021 ] } },
{ "type": "Feature", "properties": { "15380279.394525": 15464750.508958001, "5025475.223726": 4998957.9079440003 }, "geometry": { "type": "Point", "coordinates": [ 15464750.508958, 4998957.907944000326097 ] } },
{ "type": "Feature", "properties": { "15380279.394525": 15465018.237418, "5025475.223726": 4998958.3096249998 }, "geometry": { "type": "Point", "coordinates": [ 15465018.237418, 4998958.309624999761581 ] } },
{ "type": "Feature", "properties": { "15380279.394525": 15465286.047940001, "5025475.223726": 4998957.7249299996 }, "geometry": { "type": "Point", "coordinates": [ 15465286.04794, 4998957.724929999560118 ] } },
{ "type": "Feature", "properties": { "15380279.394525": 15465553.931682, "5025475.223726": 4998956.3527260004 }, "geometry": { "type": "Point", "coordinates": [ 15465553.931682, 4998956.352726000361145 ] } },
{ "type": "Feature", "properties": { "15380279.394525": 15465821.879803, "5025475.223726": 4998954.3918789998 }, "geometry": { "type": "Point", "coordinates": [ 15465821.879803, 4998954.391878999769688 ] } },
{ "type": "Feature", "properties": { "15380279.394525": 15466089.883462001, "5025475.223726": 4998952.0412560003 }, "geometry": { "type": "Point", "coordinates": [ 15466089.883462, 4998952.041256000287831 ] } },
{ "type": "Feature", "properties": { "15380279.394525": 15466357.933815001, "5025475.223726": 4998949.4997230005 }, "geometry": { "type": "Point", "coordinates": [ 15466357.933815, 4998949.499723000451922 ] } },
{ "type": "Feature", "properties": { "15380279.394525": 15463496.118395999, "5025475.223726": 4998588.8446829999 }, "geometry": { "type": "Point", "coordinates": [ 15463496.118396, 4998588.844682999886572 ] } },
{ "type": "Feature", "properties": { "15380279.394525": 15463753.819357, "5025475.223726": 4998543.3783550002 }, "geometry": { "type": "Point", "coordinates": [ 15463753.819357, 4998543.378355000168085 ] } },
{ "type": "Feature", "properties": { "15380279.394525": 15464011.566954, "5025475.223726": 4998499.0142219998 }, "geometry": { "type": "Point", "coordinates": [ 15464011.566954, 4998499.014221999794245 ] } },
{ "type": "Feature", "properties": { "15380279.394525": 15464269.490498999, "5025475.223726": 4998456.8680330003 }, "geometry": { "type": "Point", "coordinates": [ 15464269.490499, 4998456.868033000268042 ] } },
{ "type": "Feature", "properties": { "15380279.394525": 15464527.719299, "5025475.223726": 4998418.0555379996 }, "geometry": { "type": "Point", "coordinates": [ 15464527.719299, 4998418.055537999607623 ] } },
{ "type": "Feature", "properties": { "15380279.394525": 15464786.382666999, "5025475.223726": 4998383.6924839998 }, "geometry": { "type": "Point", "coordinates": [ 15464786.382667, 4998383.692483999766409 ] } },
{ "type": "Feature", "properties": { "15380279.394525": 15465045.60991, "5025475.223726": 4998354.8946200004 }, "geometry": { "type": "Point", "coordinates": [ 15465045.60991, 4998354.894620000384748 ] } },
{ "type": "Feature", "properties": { "15380279.394525": 15465305.530339999, "5025475.223726": 4998332.7776950002 }, "geometry": { "type": "Point", "coordinates": [ 15465305.53034, 4998332.777695000171661 ] } },
{ "type": "Feature", "properties": { "15380279.394525": 15465566.273265, "5025475.223726": 4998318.4574560001 }, "geometry": { "type": "Point", "coordinates": [ 15465566.273265, 4998318.45745600014925 ] } },
{ "type": "Feature", "properties": { "15380279.394525": 15465827.967997, "5025475.223726": 4998313.0496530002 }, "geometry": { "type": "Point", "coordinates": [ 15465827.967997, 4998313.049653000198305 ] } },
{ "type": "Feature", "properties": { "15380279.394525": 15466052.769836999, "5025475.223726": 4998316.6583399996 }, "geometry": { "type": "Point", "coordinates": [ 15466052.769837, 4998316.658339999616146 ] } },
{ "type": "Feature", "properties": { "15380279.394525": 15466276.914760999, "5025475.223726": 4998330.2412689999 }, "geometry": { "type": "Point", "coordinates": [ 15466276.914761, 4998330.241268999874592 ] } },
{ "type": "Feature", "properties": { "15380279.394525": 15466499.171947001, "5025475.223726": 4998356.4433920002 }, "geometry": { "type": "Point", "coordinates": [ 15466499.171947, 4998356.443392000161111 ] } },
{ "type": "Feature", "properties": { "15380279.394525": 15466718.310572, "5025475.223726": 4998397.9096619999 }, "geometry": { "type": "Point", "coordinates": [ 15466718.310572, 4998397.909662 ] } },
{ "type": "Feature", "properties": { "15380279.394525": 15466934.318213999, "5025475.223726": 4998456.3780429997 }, "geometry": { "type": "Point", "coordinates": [ 15466934.318214, 4998456.378042999655008 ] } },
{ "type": "Feature", "properties": { "15380279.394525": 15467146.83326, "5025475.223726": 4998528.368175 }, "geometry": { "type": "Point", "coordinates": [ 15467146.83326, 4998528.368175 ] } },
{ "type": "Feature", "properties": { "15380279.394525": 15467357.073288999, "5025475.223726": 4998609.3815590004 }, "geometry": { "type": "Point", "coordinates": [ 15467357.073289, 4998609.381559000350535 ] } },
{ "type": "Feature", "properties": { "15380279.394525": 15467566.255881, "5025475.223726": 4998694.9196950002 }, "geometry": { "type": "Point", "coordinates": [ 15467566.255881, 4998694.919695000164211 ] } },
{ "type": "Feature", "properties": { "15380279.394525": 15466251.940651, "5025475.223726": 4998737.3497000001 }, "geometry": { "type": "Point", "coordinates": [ 15466251.940651, 4998737.349700000137091 ] } },
{ "type": "Feature", "properties": { "15380279.394525": 15467078.687328, "5025475.223726": 4998482.7696719998 }, "geometry": { "type": "Point", "coordinates": [ 15467078.687328, 4998482.769671999849379 ] } },
{ "type": "Feature", "properties": { "15380279.394525": 15467863.036738999, "5025475.223726": 4997761.4595919997 }, "geometry": { "type": "Point", "coordinates": [ 15467863.036739, 4997761.459591999650002 ] } },
{ "type": "Feature", "properties": { "15380279.394525": 15467702.324961999, "5025475.223726": 4998024.6028359998 }, "geometry": { "type": "Point", "coordinates": [ 15467702.324962, 4998024.602835999801755 ] } },
{ "type": "Feature", "properties": { "15380279.394525": 15467502.659983, "5025475.223726": 4998228.1896439996 }, "geometry": { "type": "Point", "coordinates": [ 15467502.659983, 4998228.189643999561667 ] } },
{ "type": "Feature", "properties": { "15380279.394525": 15467325.499755001, "5025475.223726": 4998309.3685459998 }, "geometry": { "type": "Point", "coordinates": [ 15467325.499755, 4998309.368545999750495 ] } },
{ "type": "Feature", "properties": { "15380279.394525": 15467123.538476, "5025475.223726": 4998352.513971 }, "geometry": { "type": "Point", "coordinates": [ 15467123.538476, 4998352.513971 ] } },
{ "type": "Feature", "properties": { "15380279.394525": 15466909.098266, "5025475.223726": 4998376.6946599996 }, "geometry": { "type": "Point", "coordinates": [ 15466909.098266, 4998376.694659999571741 ] } },
{ "type": "Feature", "properties": { "15380279.394525": 15468838.173845001, "5025475.223726": 4999713.2398070004 }, "geometry": { "type": "Point", "coordinates": [ 15468838.173845, 4999713.239807000383735 ] } },
{ "type": "Feature", "properties": { "15380279.394525": 15469770.913685, "5025475.223726": 4999989.0348380003 }, "geometry": { "type": "Point", "coordinates": [ 15469770.913685, 4999989.034838000312448 ] } },
{ "type": "Feature", "properties": { "15380279.394525": 15461715.433246, "5025475.223726": 5000031.464842 }, "geometry": { "type": "Point", "coordinates": [ 15461715.433246, 5000031.464842 ] } },
{ "type": "Feature", "properties": { "15380279.394525": 15461974.652067, "5025475.223726": 5000194.1904689996 }, "geometry": { "type": "Point", "coordinates": [ 15461974.652067, 5000194.190468999557197 ] } },
{ "type": "Feature", "properties": { "15380279.394525": 15462233.776873, "5025475.223726": 5000356.9626359995 }, "geometry": { "type": "Point", "coordinates": [ 15462233.776873, 5000356.962635999545455 ] } },
{ "type": "Feature", "properties": { "15380279.394525": 15462492.763139, "5025475.223726": 5000519.8613069998 }, "geometry": { "type": "Point", "coordinates": [ 15462492.763139, 5000519.86130699981004 ] } },
{ "type": "Feature", "properties": { "15380279.394525": 15462751.566337001, "5025475.223726": 5000682.9664489999 }, "geometry": { "type": "Point", "coordinates": [ 15462751.566337, 5000682.966449 ] } },
{ "type": "Feature", "properties": { "15380279.394525": 15463010.141941, "5025475.223726": 5000846.3580259997 }, "geometry": { "type": "Point", "coordinates": [ 15463010.141941, 5000846.358025999739766 ] } },
{ "type": "Feature", "properties": { "15380279.394525": 15463268.445423, "5025475.223726": 5001010.1160030002 }, "geometry": { "type": "Point", "coordinates": [ 15463268.445423, 5001010.116003000177443 ] } },
{ "type": "Feature", "properties": { "15380279.394525": 15463526.432258001, "5025475.223726": 5001174.3203469999 }, "geometry": { "type": "Point", "coordinates": [ 15463526.432258, 5001174.320347 ] } },
{ "type": "Feature", "properties": { "15380279.394525": 15463784.057917999, "5025475.223726": 5001339.0510229999 }, "geometry": { "type": "Point", "coordinates": [ 15463784.057918, 5001339.051023 ] } },
{ "type": "Feature", "properties": { "15380279.394525": 15464041.277876001, "5025475.223726": 5001504.3879939998 }, "geometry": { "type": "Point", "coordinates": [ 15464041.277876, 5001504.387993999756873 ] } },
{ "type": "Feature", "properties": { "15380279.394525": 15464298.047607001, "5025475.223726": 5001670.4112290004 }, "geometry": { "type": "Point", "coordinates": [ 15464298.047607, 5001670.411229000426829 ] } },
{ "type": "Feature", "properties": { "15380279.394525": 15464554.322582999, "5025475.223726": 5001837.2006900003 }, "geometry": { "type": "Point", "coordinates": [ 15464554.322583, 5001837.200690000317991 ] } },
{ "type": "Feature", "properties": { "15380279.394525": 15464810.058277, "5025475.223726": 5002004.836344 }, "geometry": { "type": "Point", "coordinates": [ 15464810.058277, 5002004.836344 ] } },
{ "type": "Feature", "properties": { "15380279.394525": 15465065.210162999, "5025475.223726": 5002173.3981560003 }, "geometry": { "type": "Point", "coordinates": [ 15465065.210163, 5002173.398156000301242 ] } },
{ "type": "Feature", "properties": { "15380279.394525": 15465319.733715, "5025475.223726": 5002342.9660909995 }, "geometry": { "type": "Point", "coordinates": [ 15465319.733715, 5002342.966090999543667 ] } },
{ "type": "Feature", "properties": { "15380279.394525": 15465573.584403999, "5025475.223726": 5002513.6201149998 }, "geometry": { "type": "Point", "coordinates": [ 15465573.584404, 5002513.620114999823272 ] } },
{ "type": "Feature", "properties": { "15380279.394525": 15465834.675659999, "5025475.223726": 5002690.8316869996 }, "geometry": { "type": "Point", "coordinates": [ 15465834.67566, 5002690.831686999648809 ] } },
{ "type": "Feature", "properties": { "15380279.394525": 15466094.959914001, "5025475.223726": 5002869.1450129999 }, "geometry": { "type": "Point", "coordinates": [ 15466094.959914, 5002869.145012999884784 ] } },
{ "type": "Feature", "properties": { "15380279.394525": 15466354.494157, "5025475.223726": 5003048.4887969997 }, "geometry": { "type": "Point", "coordinates": [ 15466354.494157, 5003048.488796999678016 ] } },
{ "type": "Feature", "properties": { "15380279.394525": 15466613.335379999, "5025475.223726": 5003228.7917440003 }, "geometry": { "type": "Point", "coordinates": [ 15466613.33538, 5003228.791744000278413 ] } },
{ "type": "Feature", "properties": { "15380279.394525": 15466871.540573001, "5025475.223726": 5003409.9825590001 }, "geometry": { "type": "Point", "coordinates": [ 15466871.540573, 5003409.982559000141919 ] } },
{ "type": "Feature", "properties": { "15380279.394525": 15467129.166727999, "5025475.223726": 5003591.9899469996 }, "geometry": { "type": "Point", "coordinates": [ 15467129.166728, 5003591.989946999587119 ] } },
{ "type": "Feature", "properties": { "15380279.394525": 15467386.270834999, "5025475.223726": 5003774.7426129999 }, "geometry": { "type": "Point", "coordinates": [ 15467386.270835, 5003774.742612999863923 ] } },
{ "type": "Feature", "properties": { "15380279.394525": 15467642.909886001, "5025475.223726": 5003958.1692629997 }, "geometry": { "type": "Point", "coordinates": [ 15467642.909886, 5003958.169262999668717 ] } },
{ "type": "Feature", "properties": { "15380279.394525": 15467899.140871, "5025475.223726": 5004142.1985999998 }, "geometry": { "type": "Point", "coordinates": [ 15467899.140871, 5004142.198599999770522 ] } },
{ "type": "Feature", "properties": { "15380279.394525": 15468155.020780001, "5025475.223726": 5004326.7593299998 }, "geometry": { "type": "Point", "coordinates": [ 15468155.02078, 5004326.759329999797046 ] } },
{ "type": "Feature", "properties": { "15380279.394525": 15468410.606605999, "5025475.223726": 5004511.7801580001 }, "geometry": { "type": "Point", "coordinates": [ 15468410.606606, 5004511.780158 ] } },
{ "type": "Feature", "properties": { "15380279.394525": 15468665.955339, "5025475.223726": 5004697.189789 }, "geometry": { "type": "Point", "coordinates": [ 15468665.955339, 5004697.189789 ] } },
{ "type": "Feature", "properties": { "15380279.394525": 15468921.123969, "5025475.223726": 5004882.9169269996 }, "geometry": { "type": "Point", "coordinates": [ 15468921.123969, 5004882.91692699957639 ] } },
{ "type": "Feature", "properties": { "15380279.394525": 15469176.169488, "5025475.223726": 5005068.8902780004 }, "geometry": { "type": "Point", "coordinates": [ 15469176.169488, 5005068.890278000384569 ] } },
{ "type": "Feature", "properties": { "15380279.394525": 15469431.148886001, "5025475.223726": 5005255.0385469999 }, "geometry": { "type": "Point", "coordinates": [ 15469431.148886, 5005255.038547 ] } },
{ "type": "Feature", "properties": { "15380279.394525": 15469686.119154001, "5025475.223726": 5005441.2904380001 }, "geometry": { "type": "Point", "coordinates": [ 15469686.119154, 5005441.290438000112772 ] } },
{ "type": "Feature", "properties": { "15380279.394525": 15453691.750755999, "5025475.223726": 4997750.8520910004 }, "geometry": { "type": "Point", "coordinates": [ 15453691.750756, 4997750.852091000415385 ] } },
{ "type": "Feature", "properties": { "15380279.394525": 15456648.960023001, "5025475.223726": 4999310.1547630001 }, "geometry": { "type": "Point", "coordinates": [ 15456648.960023, 4999310.154763 ] } },
{ "type": "Feature", "properties": { "15380279.394525": 15462181.803166, "5025475.223726": 5003224.3226939999 }, "geometry": { "type": "Point", "coordinates": [ 15462181.803166, 5003224.32269399985671 ] } },
{ "type": "Feature", "properties": { "15380279.394525": 15462540.647975, "5025475.223726": 5003633.8389149997 }, "geometry": { "type": "Point", "coordinates": [ 15462540.647975, 5003633.838914999738336 ] } },
{ "type": "Feature", "properties": { "15380279.394525": 15462901.083606999, "5025475.223726": 5004041.5226490004 }, "geometry": { "type": "Point", "coordinates": [ 15462901.083607, 5004041.522649000398815 ] } },
{ "type": "Feature", "properties": { "15380279.394525": 15463264.88466, "5025475.223726": 5004445.6717950003 }, "geometry": { "type": "Point", "coordinates": [ 15463264.88466, 5004445.671795000322163 ] } },
{ "type": "Feature", "properties": { "15380279.394525": 15463633.825727999, "5025475.223726": 5004844.5842540003 }, "geometry": { "type": "Point", "coordinates": [ 15463633.825728, 5004844.584254000335932 ] } },
{ "type": "Feature", "properties": { "15380279.394525": 15464009.681408999, "5025475.223726": 5005236.5579239996 }, "geometry": { "type": "Point", "coordinates": [ 15464009.681409, 5005236.557923999615014 ] } },
{ "type": "Feature", "properties": { "15380279.394525": 15464394.226299001, "5025475.223726": 5005619.8907059999 }, "geometry": { "type": "Point", "coordinates": [ 15464394.226299, 5005619.890706 ] } },
{ "type": "Feature", "properties": { "15380279.394525": 15464789.234993, "5025475.223726": 5005992.8804980004 }, "geometry": { "type": "Point", "coordinates": [ 15464789.234993, 5005992.88049800042063 ] } },
{ "type": "Feature", "properties": { "15380279.394525": 15465139.734769, "5025475.223726": 5006305.3979399996 }, "geometry": { "type": "Point", "coordinates": [ 15465139.734769, 5006305.397939999587834 ] } },
{ "type": "Feature", "properties": { "15380279.394525": 15465498.715813, "5025475.223726": 5006608.5520139998 }, "geometry": { "type": "Point", "coordinates": [ 15465498.715813, 5006608.552013999782503 ] } },
{ "type": "Feature", "properties": { "15380279.394525": 15465865.809044, "5025475.223726": 5006902.1571859997 }, "geometry": { "type": "Point", "coordinates": [ 15465865.809044, 5006902.157185999676585 ] } },
{ "type": "Feature", "properties": { "15380279.394525": 15466240.645381, "5025475.223726": 5007186.027919 }, "geometry": { "type": "Point", "coordinates": [ 15466240.645381, 5007186.027919 ] } },
{ "type": "Feature", "properties": { "15380279.394525": 15466622.855742, "5025475.223726": 5007459.9786769999 }, "geometry": { "type": "Point", "coordinates": [ 15466622.855742, 5007459.978677 ] } },
{ "type": "Feature", "properties": { "15380279.394525": 15467012.071046, "5025475.223726": 5007723.8239249997 }, "geometry": { "type": "Point", "coordinates": [ 15467012.071046, 5007723.823924999684095 ] } },
{ "type": "Feature", "properties": { "15380279.394525": 15467407.922211999, "5025475.223726": 5007977.3781249998 }, "geometry": { "type": "Point", "coordinates": [ 15467407.922212, 5007977.378124999813735 ] } },
{ "type": "Feature", "properties": { "15380279.394525": 15467810.040157, "5025475.223726": 5008220.4557440002 }, "geometry": { "type": "Point", "coordinates": [ 15467810.040157, 5008220.455744000151753 ] } },
{ "type": "Feature", "properties": { "15380279.394525": 15468198.153496999, "5025475.223726": 5008442.2523419997 }, "geometry": { "type": "Point", "coordinates": [ 15468198.153497, 5008442.252341999672353 ] } },
{ "type": "Feature", "properties": { "15380279.394525": 15468590.31711, "5025475.223726": 5008656.1535609998 }, "geometry": { "type": "Point", "coordinates": [ 15468590.31711, 5008656.153560999780893 ] } },
{ "type": "Feature", "properties": { "15380279.394525": 15468985.571338, "5025475.223726": 5008864.1707410002 }, "geometry": { "type": "Point", "coordinates": [ 15468985.571338, 5008864.170741000212729 ] } },
{ "type": "Feature", "properties": { "15380279.394525": 15469382.956521001, "5025475.223726": 5009068.315227 }, "geometry": { "type": "Point", "coordinates": [ 15469382.956521, 5009068.315227 ] } },
{ "type": "Feature", "properties": { "15380279.394525": 15469781.513002001, "5025475.223726": 5009270.5983589999 }, "geometry": { "type": "Point", "coordinates": [ 15469781.513002, 5009270.598359 ] } },
{ "type": "Feature", "properties": { "15380279.394525": 15469686.119154001, "5025475.223726": 5008093.1657299995 }, "geometry": { "type": "Point", "coordinates": [ 15469686.119154, 5008093.165729999542236 ] } },
{ "type": "Feature", "properties": { "15380279.394525": 15467492.060666, "5025475.223726": 5007997.6982190004 }, "geometry": { "type": "Point", "coordinates": [ 15467492.060666, 5007997.69821900036186 ] } },
{ "type": "Feature", "properties": { "15380279.394525": 15462054.611369999, "5025475.223726": 5012802.8962479997 }, "geometry": { "type": "Point", "coordinates": [ 15462054.61137, 5012802.896247999742627 ] } },
{ "type": "Feature", "properties": { "15380279.394525": 15462295.208343999, "5025475.223726": 5012400.4961860003 }, "geometry": { "type": "Point", "coordinates": [ 15462295.208344, 5012400.496186000294983 ] } },
{ "type": "Feature", "properties": { "15380279.394525": 15462546.062620999, "5025475.223726": 5012005.6135609997 }, "geometry": { "type": "Point", "coordinates": [ 15462546.062621, 5012005.61356099974364 ] } },
{ "type": "Feature", "properties": { "15380279.394525": 15462817.762148, "5025475.223726": 5011625.463618 }, "geometry": { "type": "Point", "coordinates": [ 15462817.762148, 5011625.463618 ] } },
{ "type": "Feature", "properties": { "15380279.394525": 15463167.418016, "5025475.223726": 5011212.7083860002 }, "geometry": { "type": "Point", "coordinates": [ 15463167.418016, 5011212.70838600024581 ] } },
{ "type": "Feature", "properties": { "15380279.394525": 15463552.688541999, "5025475.223726": 5010830.6529820003 }, "geometry": { "type": "Point", "coordinates": [ 15463552.688542, 5010830.652982000261545 ] } },
{ "type": "Feature", "properties": { "15380279.394525": 15463967.970234999, "5025475.223726": 5010480.0441060001 }, "geometry": { "type": "Point", "coordinates": [ 15463967.970235, 5010480.044106000103056 ] } },
{ "type": "Feature", "properties": { "15380279.394525": 15464407.659603, "5025475.223726": 5010161.6284569995 }, "geometry": { "type": "Point", "coordinates": [ 15464407.659603, 5010161.62845699954778 ] } },
{ "type": "Feature", "properties": { "15380279.394525": 15464700.217804, "5025475.223726": 5009973.6558910003 }, "geometry": { "type": "Point", "coordinates": [ 15464700.217804, 5009973.655891000293195 ] } },
{ "type": "Feature", "properties": { "15380279.394525": 15464997.793941, "5025475.223726": 5009794.9020959996 }, "geometry": { "type": "Point", "coordinates": [ 15464997.793941, 5009794.902095999568701 ] } },
{ "type": "Feature", "properties": { "15380279.394525": 15465298.002178, "5025475.223726": 5009620.6458980003 }, "geometry": { "type": "Point", "coordinates": [ 15465298.002178, 5009620.645898000337183 ] } },
{ "type": "Feature", "properties": { "15380279.394525": 15464556.050032999, "5025475.223726": 5010331.3484760001 }, "geometry": { "type": "Point", "coordinates": [ 15464556.050033, 5010331.348476000130177 ] } },
{ "type": "Feature", "properties": { "15380279.394525": 15464820.147597, "5025475.223726": 5010519.033055 }, "geometry": { "type": "Point", "coordinates": [ 15464820.147597, 5010519.033055 ] } },
{ "type": "Feature", "properties": { "15380279.394525": 15465084.853437001, "5025475.223726": 5010705.5616680002 }, "geometry": { "type": "Point", "coordinates": [ 15465084.853437, 5010705.561668000184 ] } },
{ "type": "Feature", "properties": { "15380279.394525": 15465350.888169, "5025475.223726": 5010889.8534110002 }, "geometry": { "type": "Point", "coordinates": [ 15465350.888169, 5010889.853411000221968 ] } },
{ "type": "Feature", "properties": { "15380279.394525": 15465618.972409001, "5025475.223726": 5011070.8273809999 }, "geometry": { "type": "Point", "coordinates": [ 15465618.972409, 5011070.827381 ] } },
{ "type": "Feature", "properties": { "15380279.394525": 15465889.826773999, "5025475.223726": 5011247.4026739998 }, "geometry": { "type": "Point", "coordinates": [ 15465889.826774, 5011247.402673999778926 ] } },
{ "type": "Feature", "properties": { "15380279.394525": 15466164.171881, "5025475.223726": 5011418.4983860003 }, "geometry": { "type": "Point", "coordinates": [ 15466164.171881, 5011418.498386000283062 ] } },
{ "type": "Feature", "properties": { "15380279.394525": 15466442.728345999, "5025475.223726": 5011583.0336140003 }, "geometry": { "type": "Point", "coordinates": [ 15466442.728346, 5011583.033614000305533 ] } },
{ "type": "Feature", "properties": { "15380279.394525": 15466686.400715999, "5025475.223726": 5011719.1263680002 }, "geometry": { "type": "Point", "coordinates": [ 15466686.400716, 5011719.126368000172079 ] } },
{ "type": "Feature", "properties": { "15380279.394525": 15466932.414318001, "5025475.223726": 5011851.2789150001 }, "geometry": { "type": "Point", "coordinates": [ 15466932.414318, 5011851.278915000148118 ] } },
{ "type": "Feature", "properties": { "15380279.394525": 15467179.614522999, "5025475.223726": 5011981.3403430004 }, "geometry": { "type": "Point", "coordinates": [ 15467179.614523, 5011981.340343000367284 ] } },
{ "type": "Feature", "properties": { "15380279.394525": 15467426.846701, "5025475.223726": 5012111.1597389998 }, "geometry": { "type": "Point", "coordinates": [ 15467426.846701, 5012111.159738999791443 ] } },
{ "type": "Feature", "properties": { "15380279.394525": 15467672.956223, "5025475.223726": 5012242.5861889999 }, "geometry": { "type": "Point", "coordinates": [ 15467672.956223, 5012242.586189 ] } },
{ "type": "Feature", "properties": { "15380279.394525": 15467916.788459999, "5025475.223726": 5012377.4687799998 }, "geometry": { "type": "Point", "coordinates": [ 15467916.78846, 5012377.468779999762774 ] } },
{ "type": "Feature", "properties": { "15380279.394525": 15468157.188781001, "5025475.223726": 5012517.6565990001 }, "geometry": { "type": "Point", "coordinates": [ 15468157.188781, 5012517.656599 ] } },
{ "type": "Feature", "properties": { "15380279.394525": 15468393.002558, "5025475.223726": 5012664.9987329999 }, "geometry": { "type": "Point", "coordinates": [ 15468393.002558, 5012664.998732999898493 ] } },
{ "type": "Feature", "properties": { "15380279.394525": 15468632.338713, "5025475.223726": 5012827.0620990004 }, "geometry": { "type": "Point", "coordinates": [ 15468632.338713, 5012827.062099000439048 ] } },
{ "type": "Feature", "properties": { "15380279.394525": 15468866.349819999, "5025475.223726": 5012997.1305569997 }, "geometry": { "type": "Point", "coordinates": [ 15468866.34982, 5012997.130556999705732 ] } },
{ "type": "Feature", "properties": { "15380279.394525": 15469096.124374, "5025475.223726": 5013173.6187840002 }, "geometry": { "type": "Point", "coordinates": [ 15469096.124374, 5013173.618784000165761 ] } },
{ "type": "Feature", "properties": { "15380279.394525": 15469322.750872999, "5025475.223726": 5013354.9414579999 }, "geometry": { "type": "Point", "coordinates": [ 15469322.750873, 5013354.941457999870181 ] } },
{ "type": "Feature", "properties": { "15380279.394525": 15469547.317810999, "5025475.223726": 5013539.5132539999 }, "geometry": { "type": "Point", "coordinates": [ 15469547.317811, 5013539.513253999873996 ] } },
{ "type": "Feature", "properties": { "15380279.394525": 15469770.913685, "5025475.223726": 5013725.7488500001 }, "geometry": { "type": "Point", "coordinates": [ 15469770.913685, 5013725.74885 ] } },
{ "type": "Feature", "properties": { "15380279.394525": 15469707.317787001, "5025475.223726": 5012834.7187519995 }, "geometry": { "type": "Point", "coordinates": [ 15469707.317787, 5012834.718751999549568 ] } },
{ "type": "Feature", "properties": { "15380279.394525": 15468859.372478001, "5025475.223726": 5012919.5787610002 }, "geometry": { "type": "Point", "coordinates": [ 15468859.372478, 5012919.578761000186205 ] } },
{ "type": "Feature", "properties": { "15380279.394525": 15462245.399064999, "5025475.223726": 5013407.5238150004 }, "geometry": { "type": "Point", "coordinates": [ 15462245.399065, 5013407.523815000429749 ] } },
{ "type": "Feature", "properties": { "15380279.394525": 15462493.89092, "5025475.223726": 5013526.1181290001 }, "geometry": { "type": "Point", "coordinates": [ 15462493.89092, 5013526.118129 ] } },
{ "type": "Feature", "properties": { "15380279.394525": 15462742.053869, "5025475.223726": 5013645.2015140001 }, "geometry": { "type": "Point", "coordinates": [ 15462742.053869, 5013645.201514 ] } },
{ "type": "Feature", "properties": { "15380279.394525": 15462989.618953999, "5025475.223726": 5013765.3152090004 }, "geometry": { "type": "Point", "coordinates": [ 15462989.618954, 5013765.315209000371397 ] } },
{ "type": "Feature", "properties": { "15380279.394525": 15463236.317216, "5025475.223726": 5013887.0004550004 }, "geometry": { "type": "Point", "coordinates": [ 15463236.317216, 5013887.000455000437796 ] } },
{ "type": "Feature", "properties": { "15380279.394525": 15463481.879696, "5025475.223726": 5014010.7984929997 }, "geometry": { "type": "Point", "coordinates": [ 15463481.879696, 5014010.798492999747396 ] } },
{ "type": "Feature", "properties": { "15380279.394525": 15463726.037436999, "5025475.223726": 5014137.2505620001 }, "geometry": { "type": "Point", "coordinates": [ 15463726.037437, 5014137.250562 ] } },
{ "type": "Feature", "properties": { "15380279.394525": 15463968.521478999, "5025475.223726": 5014266.8979019998 }, "geometry": { "type": "Point", "coordinates": [ 15463968.521479, 5014266.897901999764144 ] } },
{ "type": "Feature", "properties": { "15380279.394525": 15464209.062864, "5025475.223726": 5014400.2817540001 }, "geometry": { "type": "Point", "coordinates": [ 15464209.062864, 5014400.281754000112414 ] } },
{ "type": "Feature", "properties": { "15380279.394525": 15464447.392634001, "5025475.223726": 5014537.9433580004 }, "geometry": { "type": "Point", "coordinates": [ 15464447.392634, 5014537.94335800036788 ] } },
{ "type": "Feature", "properties": { "15380279.394525": 15464683.241829, "5025475.223726": 5014680.423955 }, "geometry": { "type": "Point", "coordinates": [ 15464683.241829, 5014680.423955 ] } },
{ "type": "Feature", "properties": { "15380279.394525": 15464944.307776, "5025475.223726": 5014846.3958860002 }, "geometry": { "type": "Point", "coordinates": [ 15464944.307776, 5014846.39588600024581 ] } },
{ "type": "Feature", "properties": { "15380279.394525": 15465201.288004, "5025475.223726": 5015019.0424389997 }, "geometry": { "type": "Point", "coordinates": [ 15465201.288004, 5015019.04243899974972 ] } },
{ "type": "Feature", "properties": { "15380279.394525": 15465453.703382, "5025475.223726": 5015198.4302369999 }, "geometry": { "type": "Point", "coordinates": [ 15465453.703382, 5015198.430236999876797 ] } },
{ "type": "Feature", "properties": { "15380279.394525": 15465701.074777, "5025475.223726": 5015384.6259059999 }, "geometry": { "type": "Point", "coordinates": [ 15465701.074777, 5015384.625906 ] } },
{ "type": "Feature", "properties": { "15380279.394525": 15465942.923056001, "5025475.223726": 5015577.696068 }, "geometry": { "type": "Point", "coordinates": [ 15465942.923056, 5015577.696068 ] } },
{ "type": "Feature", "properties": { "15380279.394525": 15466178.769087, "5025475.223726": 5015777.7073499998 }, "geometry": { "type": "Point", "coordinates": [ 15466178.769087, 5015777.707349999807775 ] } },
{ "type": "Feature", "properties": { "15380279.394525": 15466408.133737, "5025475.223726": 5015984.7263740003 }, "geometry": { "type": "Point", "coordinates": [ 15466408.133737, 5015984.726374000310898 ] } },
{ "type": "Feature", "properties": { "15380279.394525": 15466630.537875, "5025475.223726": 5016198.8197640004 }, "geometry": { "type": "Point", "coordinates": [ 15466630.537875, 5016198.819764000363648 ] } },
{ "type": "Feature", "properties": { "15380279.394525": 15466845.502367999, "5025475.223726": 5016420.0541460002 }, "geometry": { "type": "Point", "coordinates": [ 15466845.502368, 5016420.054146000184119 ] } },
{ "type": "Feature", "properties": { "15380279.394525": 15467063.981734, "5025475.223726": 5016660.900897 }, "geometry": { "type": "Point", "coordinates": [ 15467063.981734, 5016660.900897 ] } },
{ "type": "Feature", "properties": { "15380279.394525": 15467275.258679001, "5025475.223726": 5016908.0333240004 }, "geometry": { "type": "Point", "coordinates": [ 15467275.258679, 5016908.033324000425637 ] } },
{ "type": "Feature", "properties": { "15380279.394525": 15467481.16924, "5025475.223726": 5017159.9108889997 }, "geometry": { "type": "Point", "coordinates": [ 15467481.16924, 5017159.910888999700546 ] } },
{ "type": "Feature", "properties": { "15380279.394525": 15467683.549458001, "5025475.223726": 5017414.993055 }, "geometry": { "type": "Point", "coordinates": [ 15467683.549458, 5017414.993055 ] } },
{ "type": "Feature", "properties": { "15380279.394525": 15467884.235371999, "5025475.223726": 5017671.7392840004 }, "geometry": { "type": "Point", "coordinates": [ 15467884.235372, 5017671.739284000359476 ] } },
{ "type": "Feature", "properties": { "15380279.394525": 15462732.967617, "5025475.223726": 5019475.0144830002 }, "geometry": { "type": "Point", "coordinates": [ 15462732.967617, 5019475.014483000151813 ] } },
{ "type": "Feature", "properties": { "15380279.394525": 15469876.906849001, "5025475.223726": 5016929.2142019998 }, "geometry": { "type": "Point", "coordinates": [ 15469876.906849, 5016929.214201999828219 ] } },
{ "type": "Feature", "properties": { "15380279.394525": 15462457.385392001, "5025475.223726": 5016080.6141090002 }, "geometry": { "type": "Point", "coordinates": [ 15462457.385392, 5016080.614109000191092 ] } },
{ "type": "Feature", "properties": { "15380279.394525": 15462698.177293001, "5025475.223726": 5016236.6020029997 }, "geometry": { "type": "Point", "coordinates": [ 15462698.177293, 5016236.602002999745309 ] } },
{ "type": "Feature", "properties": { "15380279.394525": 15462938.692336001, "5025475.223726": 5016392.8470590003 }, "geometry": { "type": "Point", "coordinates": [ 15462938.692336, 5016392.84705900028348 ] } },
{ "type": "Feature", "properties": { "15380279.394525": 15463178.739339, "5025475.223726": 5016549.6670690002 }, "geometry": { "type": "Point", "coordinates": [ 15463178.739339, 5016549.667069000191987 ] } },
{ "type": "Feature", "properties": { "15380279.394525": 15463418.127118001, "5025475.223726": 5016707.37983 }, "geometry": { "type": "Point", "coordinates": [ 15463418.127118, 5016707.37983 ] } },
{ "type": "Feature", "properties": { "15380279.394525": 15463656.664489999, "5025475.223726": 5016866.3031339999 }, "geometry": { "type": "Point", "coordinates": [ 15463656.66449, 5016866.303134 ] } },
{ "type": "Feature", "properties": { "15380279.394525": 15463894.160273001, "5025475.223726": 5017026.7547749998 }, "geometry": { "type": "Point", "coordinates": [ 15463894.160273, 5017026.754774999804795 ] } },
{ "type": "Feature", "properties": { "15380279.394525": 15464130.423283, "5025475.223726": 5017189.0525489999 }, "geometry": { "type": "Point", "coordinates": [ 15464130.423283, 5017189.052548999898136 ] } },
{ "type": "Feature", "properties": { "15380279.394525": 15464365.262337999, "5025475.223726": 5017353.5142489998 }, "geometry": { "type": "Point", "coordinates": [ 15464365.262338, 5017353.514248999767005 ] } },
{ "type": "Feature", "properties": { "15380279.394525": 15464597.55542, "5025475.223726": 5017519.6092309998 }, "geometry": { "type": "Point", "coordinates": [ 15464597.55542, 5017519.609230999834836 ] } },
{ "type": "Feature", "properties": { "15380279.394525": 15464828.366457, "5025475.223726": 5017687.6522230003 }, "geometry": { "type": "Point", "coordinates": [ 15464828.366457, 5017687.652223000302911 ] } },
{ "type": "Feature", "properties": { "15380279.394525": 15465058.014614001, "5025475.223726": 5017857.2697299998 }, "geometry": { "type": "Point", "coordinates": [ 15465058.014614, 5017857.269729999825358 ] } },
{ "type": "Feature", "properties": { "15380279.394525": 15465286.819057999, "5025475.223726": 5018028.0882529998 }, "geometry": { "type": "Point", "coordinates": [ 15465286.819058, 5018028.088252999819815 ] } },
{ "type": "Feature", "properties": { "15380279.394525": 15465515.098952999, "5025475.223726": 5018199.7342959996 }, "geometry": { "type": "Point", "coordinates": [ 15465515.098953, 5018199.734295999631286 ] } },
{ "type": "Feature", "properties": { "15380279.394525": 15465743.173466001, "5025475.223726": 5018371.834361 }, "geometry": { "type": "Point", "coordinates": [ 15465743.173466, 5018371.834361 ] } },
{ "type": "Feature", "properties": { "15380279.394525": 15469749.715053, "5025475.223726": 5019793.2395179998 }, "geometry": { "type": "Point", "coordinates": [ 15469749.715053, 5019793.239517999812961 ] } },
{ "type": "Feature", "properties": { "15380279.394525": 15467502.659983, "5025475.223726": 5017820.2443000004 }, "geometry": { "type": "Point", "coordinates": [ 15467502.659983, 5017820.244300000369549 ] } },
{ "type": "Feature", "properties": { "15380279.394525": 15469664.920522001, "5025475.223726": 5009716.1134080002 }, "geometry": { "type": "Point", "coordinates": [ 15469664.920522, 5009716.113408000208437 ] } },
{ "type": "Feature", "properties": { "15380279.394525": 15468562.591619, "5025475.223726": 5009716.1134080002 }, "geometry": { "type": "Point", "coordinates": [ 15468562.591619, 5009716.113408000208437 ] } },
{ "type": "Feature", "properties": { "15380279.394525": 15462097.008634999, "5025475.223726": 5007170.3131280001 }, "geometry": { "type": "Point", "coordinates": [ 15462097.008635, 5007170.313128000125289 ] } },
{ "type": "Feature", "properties": { "15380279.394525": 15462329.831521999, "5025475.223726": 5007368.4625479998 }, "geometry": { "type": "Point", "coordinates": [ 15462329.831522, 5007368.462547999806702 ] } },
{ "type": "Feature", "properties": { "15380279.394525": 15462563.76543, "5025475.223726": 5007564.1605829997 }, "geometry": { "type": "Point", "coordinates": [ 15462563.76543, 5007564.160582999698818 ] } },
{ "type": "Feature", "properties": { "15380279.394525": 15462800.033188, "5025475.223726": 5007755.010613 }, "geometry": { "type": "Point", "coordinates": [ 15462800.033188, 5007755.010613 ] } },
{ "type": "Feature", "properties": { "15380279.394525": 15463039.857621999, "5025475.223726": 5007938.6160180001 }, "geometry": { "type": "Point", "coordinates": [ 15463039.857622, 5007938.616018 ] } },
{ "type": "Feature", "properties": { "15380279.394525": 15463284.461558999, "5025475.223726": 5008112.5801750002 }, "geometry": { "type": "Point", "coordinates": [ 15463284.461559, 5008112.580175000242889 ] } },
{ "type": "Feature", "properties": { "15380279.394525": 15463535.067828, "5025475.223726": 5008274.5064650001 }, "geometry": { "type": "Point", "coordinates": [ 15463535.067828, 5008274.506465000100434 ] } },
{ "type": "Feature", "properties": { "15380279.394525": 15463792.899254, "5025475.223726": 5008421.9982660003 }, "geometry": { "type": "Point", "coordinates": [ 15463792.899254, 5008421.998266000300646 ] } },
{ "type": "Feature", "properties": { "15380279.394525": 15464031.662931999, "5025475.223726": 5008540.8596890001 }, "geometry": { "type": "Point", "coordinates": [ 15464031.662932, 5008540.859689 ] } },
{ "type": "Feature", "properties": { "15380279.394525": 15464276.416107999, "5025475.223726": 5008647.5181099996 }, "geometry": { "type": "Point", "coordinates": [ 15464276.416108, 5008647.518109999597073 ] } },
{ "type": "Feature", "properties": { "15380279.394525": 15464526.457643, "5025475.223726": 5008743.4593890002 }, "geometry": { "type": "Point", "coordinates": [ 15464526.457643, 5008743.459389000199735 ] } },
{ "type": "Feature", "properties": { "15380279.394525": 15464781.086394999, "5025475.223726": 5008830.1693839999 }, "geometry": { "type": "Point", "coordinates": [ 15464781.086395, 5008830.169383999891579 ] } },
{ "type": "Feature", "properties": { "15380279.394525": 15465039.601225, "5025475.223726": 5008909.133955 }, "geometry": { "type": "Point", "coordinates": [ 15465039.601225, 5008909.133955 ] } },
{ "type": "Feature", "properties": { "15380279.394525": 15465301.300992999, "5025475.223726": 5008981.8389619999 }, "geometry": { "type": "Point", "coordinates": [ 15465301.300993, 5008981.838961999863386 ] } },
{ "type": "Feature", "properties": { "15380279.394525": 15465565.484557999, "5025475.223726": 5009049.7702630004 }, "geometry": { "type": "Point", "coordinates": [ 15465565.484558, 5009049.770263000391424 ] } },
{ "type": "Feature", "properties": { "15380279.394525": 15465831.450781999, "5025475.223726": 5009114.4137180001 }, "geometry": { "type": "Point", "coordinates": [ 15465831.450782, 5009114.413718 ] } },
{ "type": "Feature", "properties": { "15380279.394525": 15466098.498522, "5025475.223726": 5009177.2551859999 }, "geometry": { "type": "Point", "coordinates": [ 15466098.498522, 5009177.255186 ] } },
{ "type": "Feature", "properties": { "15380279.394525": 15466365.926641, "5025475.223726": 5009239.7805270003 }, "geometry": { "type": "Point", "coordinates": [ 15466365.926641, 5009239.780527000315487 ] } },
{ "type": "Feature", "properties": { "15380279.394525": 15466633.033996001, "5025475.223726": 5009303.4755999995 }, "geometry": { "type": "Point", "coordinates": [ 15466633.033996, 5009303.475599999539554 ] } },
{ "type": "Feature", "properties": { "15380279.394525": 15466899.119449001, "5025475.223726": 5009369.8262630003 }, "geometry": { "type": "Point", "coordinates": [ 15466899.119449, 5009369.826263000257313 ] } },
{ "type": "Feature", "properties": { "15380279.394525": 15467163.481859, "5025475.223726": 5009440.3183779996 }, "geometry": { "type": "Point", "coordinates": [ 15467163.481859, 5009440.318377999588847 ] } },
{ "type": "Feature", "properties": { "15380279.394525": 15467429.469872, "5025475.223726": 5009517.2567609996 }, "geometry": { "type": "Point", "coordinates": [ 15467429.469872, 5009517.256760999560356 ] } },
{ "type": "Feature", "properties": { "15380279.394525": 15467693.102087, "5025475.223726": 5009599.3617900005 }, "geometry": { "type": "Point", "coordinates": [ 15467693.102087, 5009599.361790000461042 ] } },
{ "type": "Feature", "properties": { "15380279.394525": 15467954.648203, "5025475.223726": 5009686.0632760003 }, "geometry": { "type": "Point", "coordinates": [ 15467954.648203, 5009686.063276000320911 ] } },
{ "type": "Feature", "properties": { "15380279.394525": 15468214.37792, "5025475.223726": 5009776.7910289997 }, "geometry": { "type": "Point", "coordinates": [ 15468214.37792, 5009776.791028999723494 ] } },
{ "type": "Feature", "properties": { "15380279.394525": 15468472.560938001, "5025475.223726": 5009870.9748579999 }, "geometry": { "type": "Point", "coordinates": [ 15468472.560938, 5009870.974858 ] } },
{ "type": "Feature", "properties": { "15380279.394525": 15468729.466957999, "5025475.223726": 5009968.0445720004 }, "geometry": { "type": "Point", "coordinates": [ 15468729.466958, 5009968.044572000391781 ] } },
{ "type": "Feature", "properties": { "15380279.394525": 15468985.365679, "5025475.223726": 5010067.429982 }, "geometry": { "type": "Point", "coordinates": [ 15468985.365679, 5010067.429982 ] } },
{ "type": "Feature", "properties": { "15380279.394525": 15469240.526802, "5025475.223726": 5010168.5608970001 }, "geometry": { "type": "Point", "coordinates": [ 15469240.526802, 5010168.560897000133991 ] } },
{ "type": "Feature", "properties": { "15380279.394525": 15469495.220027, "5025475.223726": 5010270.8671270004 }, "geometry": { "type": "Point", "coordinates": [ 15469495.220027, 5010270.86712700035423 ] } },
{ "type": "Feature", "properties": { "15380279.394525": 15469749.715053, "5025475.223726": 5010373.7784810001 }, "geometry": { "type": "Point", "coordinates": [ 15469749.715053, 5010373.778481000103056 ] } },
{ "type": "Feature", "properties": { "15380279.394525": 15465006.191287, "5025475.223726": 5021808.2092890004 }, "geometry": { "type": "Point", "coordinates": [ 15465006.191287, 5021808.209289000369608 ] } },
{ "type": "Feature", "properties": { "15380279.394525": 15465153.021465, "5025475.223726": 5022102.2542089997 }, "geometry": { "type": "Point", "coordinates": [ 15465153.021465, 5022102.254208999685943 ] } },
{ "type": "Feature", "properties": { "15380279.394525": 15465301.977910001, "5025475.223726": 5022395.1146600004 }, "geometry": { "type": "Point", "coordinates": [ 15465301.97791, 5022395.114660000428557 ] } },
{ "type": "Feature", "properties": { "15380279.394525": 15465455.296545999, "5025475.223726": 5022685.7154890001 }, "geometry": { "type": "Point", "coordinates": [ 15465455.296546, 5022685.715489 ] } },
{ "type": "Feature", "properties": { "15380279.394525": 15465615.213296, "5025475.223726": 5022972.9815410003 }, "geometry": { "type": "Point", "coordinates": [ 15465615.213296, 5022972.981541000306606 ] } },
{ "type": "Feature", "properties": { "15380279.394525": 15465783.964085, "5025475.223726": 5023255.8376620002 }, "geometry": { "type": "Point", "coordinates": [ 15465783.964085, 5023255.837662000209093 ] } },
{ "type": "Feature", "properties": { "15380279.394525": 15465963.784837, "5025475.223726": 5023533.2086979998 }, "geometry": { "type": "Point", "coordinates": [ 15465963.784837, 5023533.208697999827564 ] } },
{ "type": "Feature", "properties": { "15380279.394525": 15466176.164796, "5025475.223726": 5023830.0118199997 }, "geometry": { "type": "Point", "coordinates": [ 15466176.164796, 5023830.011819999665022 ] } },
{ "type": "Feature", "properties": { "15380279.394525": 15466404.264094001, "5025475.223726": 5024115.758285 }, "geometry": { "type": "Point", "coordinates": [ 15466404.264094, 5024115.758285 ] } },
{ "type": "Feature", "properties": { "15380279.394525": 15466647.989731001, "5025475.223726": 5024387.5642060004 }, "geometry": { "type": "Point", "coordinates": [ 15466647.989731, 5024387.564206000417471 ] } },
{ "type": "Feature", "properties": { "15380279.394525": 15466907.248708, "5025475.223726": 5024642.5456950003 }, "geometry": { "type": "Point", "coordinates": [ 15466907.248708, 5024642.545695000328124 ] } },
{ "type": "Feature", "properties": { "15380279.394525": 15467181.948023001, "5025475.223726": 5024877.8188659996 }, "geometry": { "type": "Point", "coordinates": [ 15467181.948023, 5024877.81886599957943 ] } },
{ "type": "Feature", "properties": { "15380279.394525": 15467471.994679, "5025475.223726": 5025090.4998310003 }, "geometry": { "type": "Point", "coordinates": [ 15467471.994679, 5025090.499831000342965 ] } },
{ "type": "Feature", "properties": { "15380279.394525": 15467737.145215999, "5025475.223726": 5025255.9577010004 }, "geometry": { "type": "Point", "coordinates": [ 15467737.145216, 5025255.957701000384986 ] } },
{ "type": "Feature", "properties": { "15380279.394525": 15468012.312217001, "5025475.223726": 5025404.3155669998 }, "geometry": { "type": "Point", "coordinates": [ 15468012.312217, 5025404.315566999837756 ] } },
{ "type": "Feature", "properties": { "15380279.394525": 15468296.076021999, "5025475.223726": 5025538.0275079999 }, "geometry": { "type": "Point", "coordinates": [ 15468296.076022, 5025538.027508 ] } },
{ "type": "Feature", "properties": { "15380279.394525": 15468587.016973, "5025475.223726": 5025659.5476050004 }, "geometry": { "type": "Point", "coordinates": [ 15468587.016973, 5025659.547605000436306 ] } },
{ "type": "Feature", "properties": { "15380279.394525": 15468883.715408999, "5025475.223726": 5025771.3299380001 }, "geometry": { "type": "Point", "coordinates": [ 15468883.715409, 5025771.329938 ] } },
{ "type": "Feature", "properties": { "15380279.394525": 15469184.751670999, "5025475.223726": 5025875.8285879996 }, "geometry": { "type": "Point", "coordinates": [ 15469184.751671, 5025875.828587999567389 ] } },
{ "type": "Feature", "properties": { "15380279.394525": 15469488.706101, "5025475.223726": 5025975.4976359997 }, "geometry": { "type": "Point", "coordinates": [ 15469488.706101, 5025975.497635999694467 ] } },
{ "type": "Feature", "properties": { "15380279.394525": 15469794.159039, "5025475.223726": 5026072.7911609998 }, "geometry": { "type": "Point", "coordinates": [ 15469794.159039, 5026072.791160999797285 ] } },
{ "type": "Feature", "properties": { "15380279.394525": 15466849.558870999, "5025475.223726": 5022311.334117 }, "geometry": { "type": "Point", "coordinates": [ 15466849.558871, 5022311.334117 ] } },
{ "type": "Feature", "properties": { "15380279.394525": 15467007.520767, "5025475.223726": 5022625.8957409998 }, "geometry": { "type": "Point", "coordinates": [ 15467007.520767, 5022625.8957409998402 ] } },
{ "type": "Feature", "properties": { "15380279.394525": 15467167.910107, "5025475.223726": 5022938.2891690005 }, "geometry": { "type": "Point", "coordinates": [ 15467167.910107, 5022938.289169000461698 ] } },
{ "type": "Feature", "properties": { "15380279.394525": 15467333.245805999, "5025475.223726": 5023246.4565439997 }, "geometry": { "type": "Point", "coordinates": [ 15467333.245806, 5023246.45654399972409 ] } },
{ "type": "Feature", "properties": { "15380279.394525": 15467506.046778999, "5025475.223726": 5023548.3400109997 }, "geometry": { "type": "Point", "coordinates": [ 15467506.046779, 5023548.340010999701917 ] } },
{ "type": "Feature", "properties": { "15380279.394525": 15467688.831940001, "5025475.223726": 5023841.8817140004 }, "geometry": { "type": "Point", "coordinates": [ 15467688.83194, 5023841.881714000366628 ] } },
{ "type": "Feature", "properties": { "15380279.394525": 15467884.120204, "5025475.223726": 5024125.0237959996 }, "geometry": { "type": "Point", "coordinates": [ 15467884.120204, 5024125.023795999586582 ] } },
{ "type": "Feature", "properties": { "15380279.394525": 15468094.430486999, "5025475.223726": 5024395.7084020004 }, "geometry": { "type": "Point", "coordinates": [ 15468094.430487, 5024395.708402000367641 ] } },
{ "type": "Feature", "properties": { "15380279.394525": 15468337.843506999, "5025475.223726": 5024669.890629 }, "geometry": { "type": "Point", "coordinates": [ 15468337.843507, 5024669.890629 ] } },
{ "type": "Feature", "properties": { "15380279.394525": 15468598.307390001, "5025475.223726": 5024929.6383619998 }, "geometry": { "type": "Point", "coordinates": [ 15468598.30739, 5024929.638361999765038 ] } },
{ "type": "Feature", "properties": { "15380279.394525": 15468872.996637, "5025475.223726": 5025177.3770260001 }, "geometry": { "type": "Point", "coordinates": [ 15468872.996637, 5025177.377026 ] } },
{ "type": "Feature", "properties": { "15380279.394525": 15469159.085748, "5025475.223726": 5025415.5320459995 }, "geometry": { "type": "Point", "coordinates": [ 15469159.085748, 5025415.532045999541879 ] } },
{ "type": "Feature", "properties": { "15380279.394525": 15469453.749222999, "5025475.223726": 5025646.5288460003 }, "geometry": { "type": "Point", "coordinates": [ 15469453.749223, 5025646.528846000321209 ] } },
{ "type": "Feature", "properties": { "15380279.394525": 15469754.161561999, "5025475.223726": 5025872.7928520003 }, "geometry": { "type": "Point", "coordinates": [ 15469754.161562, 5025872.792852000333369 ] } },
{ "type": "Feature", "properties": { "15380279.394525": 15470057.497265, "5025475.223726": 5026096.7494860003 }, "geometry": { "type": "Point", "coordinates": [ 15470057.497265, 5026096.749486000277102 ] } },
{ "type": "Feature", "properties": { "15380279.394525": 15468597.167101, "5025475.223726": 5023221.7504709996 }, "geometry": { "type": "Point", "coordinates": [ 15468597.167101, 5023221.750470999628305 ] } },
{ "type": "Feature", "properties": { "15380279.394525": 15469937.798071999, "5025475.223726": 5025186.3331319997 }, "geometry": { "type": "Point", "coordinates": [ 15469937.798072, 5025186.333131999708712 ] } },
{ "type": "Feature", "properties": { "15380279.394525": 15459640.820756, "5025475.223726": 5017778.5144840004 }, "geometry": { "type": "Point", "coordinates": [ 15459640.820756, 5017778.514484000392258 ] } },
{ "type": "Feature", "properties": { "15380279.394525": 15459859.302068001, "5025475.223726": 5018101.8381470004 }, "geometry": { "type": "Point", "coordinates": [ 15459859.302068, 5018101.838147000409663 ] } },
{ "type": "Feature", "properties": { "15380279.394525": 15460076.475501999, "5025475.223726": 5018425.9090019995 }, "geometry": { "type": "Point", "coordinates": [ 15460076.475502, 5018425.909001999534667 ] } },
{ "type": "Feature", "properties": { "15380279.394525": 15460291.137339, "5025475.223726": 5018751.6767520001 }, "geometry": { "type": "Point", "coordinates": [ 15460291.137339, 5018751.676752000115812 ] } },
{ "type": "Feature", "properties": { "15380279.394525": 15460502.083860001, "5025475.223726": 5019080.0910999998 }, "geometry": { "type": "Point", "coordinates": [ 15460502.08386, 5019080.091099999845028 ] } },
{ "type": "Feature", "properties": { "15380279.394525": 15460708.111346001, "5025475.223726": 5019412.1017509997 }, "geometry": { "type": "Point", "coordinates": [ 15460708.111346, 5019412.101750999689102 ] } },
{ "type": "Feature", "properties": { "15380279.394525": 15460920.713957001, "5025475.223726": 5019771.6704050004 }, "geometry": { "type": "Point", "coordinates": [ 15460920.713957, 5019771.670405000448227 ] } },
{ "type": "Feature", "properties": { "15380279.394525": 15461121.14807, "5025475.223726": 5020137.5943729999 }, "geometry": { "type": "Point", "coordinates": [ 15461121.14807, 5020137.594372999854386 ] } },
{ "type": "Feature", "properties": { "15380279.394525": 15461304.53844, "5025475.223726": 5020511.6316430001 }, "geometry": { "type": "Point", "coordinates": [ 15461304.53844, 5020511.631643 ] } },
{ "type": "Feature", "properties": { "15380279.394525": 15461451.435534, "5025475.223726": 5020854.3969419999 }, "geometry": { "type": "Point", "coordinates": [ 15461451.435534, 5020854.396942 ] } },
{ "type": "Feature", "properties": { "15380279.394525": 15461584.077063, "5025475.223726": 5021203.1538000004 }, "geometry": { "type": "Point", "coordinates": [ 15461584.077063, 5021203.153800000436604 ] } },
{ "type": "Feature", "properties": { "15380279.394525": 15461706.051844001, "5025475.223726": 5021556.4527909998 }, "geometry": { "type": "Point", "coordinates": [ 15461706.051844, 5021556.452790999785066 ] } },
{ "type": "Feature", "properties": { "15380279.394525": 15461820.948695, "5025475.223726": 5021912.84449 }, "geometry": { "type": "Point", "coordinates": [ 15461820.948695, 5021912.84449 ] } },
{ "type": "Feature", "properties": { "15380279.394525": 15461932.356434001, "5025475.223726": 5022270.87947 }, "geometry": { "type": "Point", "coordinates": [ 15461932.356434, 5022270.87947 ] } },
{ "type": "Feature", "properties": { "15380279.394525": 15462037.651280001, "5025475.223726": 5022335.2924419995 }, "geometry": { "type": "Point", "coordinates": [ 15462037.65128, 5022335.292441999539733 ] } },
{ "type": "Feature", "properties": { "15380279.394525": 15462130.063142, "5025475.223726": 5022640.7858119998 }, "geometry": { "type": "Point", "coordinates": [ 15462130.063142, 5022640.785811999812722 ] } },
{ "type": "Feature", "properties": { "15380279.394525": 15462227.094962999, "5025475.223726": 5022943.1349780001 }, "geometry": { "type": "Point", "coordinates": [ 15462227.094963, 5022943.134978 ] } },
{ "type": "Feature", "properties": { "15380279.394525": 15462333.467972999, "5025475.223726": 5023239.3000520002 }, "geometry": { "type": "Point", "coordinates": [ 15462333.467973, 5023239.300052000209689 ] } },
{ "type": "Feature", "properties": { "15380279.394525": 15462453.903403001, "5025475.223726": 5023526.2411460001 }, "geometry": { "type": "Point", "coordinates": [ 15462453.903403, 5023526.241146000102162 ] } },
{ "type": "Feature", "properties": { "15380279.394525": 15462593.122483, "5025475.223726": 5023800.9183750004 }, "geometry": { "type": "Point", "coordinates": [ 15462593.122483, 5023800.918375000357628 ] } },
{ "type": "Feature", "properties": { "15380279.394525": 15462755.846442999, "5025475.223726": 5024060.2918509999 }, "geometry": { "type": "Point", "coordinates": [ 15462755.846443, 5024060.291851 ] } },
{ "type": "Feature", "properties": { "15380279.394525": 15462992.912206, "5025475.223726": 5024355.6834030002 }, "geometry": { "type": "Point", "coordinates": [ 15462992.912206, 5024355.683403000235558 ] } },
{ "type": "Feature", "properties": { "15380279.394525": 15463265.023761, "5025475.223726": 5024625.4238959998 }, "geometry": { "type": "Point", "coordinates": [ 15463265.023761, 5024625.423895999789238 ] } },
{ "type": "Feature", "properties": { "15380279.394525": 15463564.635451, "5025475.223726": 5024872.0519030001 }, "geometry": { "type": "Point", "coordinates": [ 15463564.635451, 5024872.051903000101447 ] } },
{ "type": "Feature", "properties": { "15380279.394525": 15463884.201618999, "5025475.223726": 5025098.1059980001 }, "geometry": { "type": "Point", "coordinates": [ 15463884.201619, 5025098.105998000130057 ] } },
{ "type": "Feature", "properties": { "15380279.394525": 15464216.176607, "5025475.223726": 5025306.1247570002 }, "geometry": { "type": "Point", "coordinates": [ 15464216.176607, 5025306.124757000245154 ] } },
{ "type": "Feature", "properties": { "15380279.394525": 15464503.994979, "5025475.223726": 5025471.0768400002 }, "geometry": { "type": "Point", "coordinates": [ 15464503.994979, 5025471.076840000227094 ] } },
{ "type": "Feature", "properties": { "15380279.394525": 15464794.685775001, "5025475.223726": 5025626.2071810002 }, "geometry": { "type": "Point", "coordinates": [ 15464794.685775, 5025626.20718100015074 ] } },
{ "type": "Feature", "properties": { "15380279.394525": 15465087.785472, "5025475.223726": 5025773.1683970001 }, "geometry": { "type": "Point", "coordinates": [ 15465087.785472, 5025773.168397 ] } },
{ "type": "Feature", "properties": { "15380279.394525": 15465382.830543, "5025475.223726": 5025913.6131100003 }, "geometry": { "type": "Point", "coordinates": [ 15465382.830543, 5025913.613110000267625 ] } },
{ "type": "Feature", "properties": { "15380279.394525": 15465679.357462, "5025475.223726": 5026049.1939369999 }, "geometry": { "type": "Point", "coordinates": [ 15465679.357462, 5026049.193936999887228 ] } },
{ "type": "Feature", "properties": { "15380279.394525": 15465976.902703, "5025475.223726": 5026181.5634979997 }, "geometry": { "type": "Point", "coordinates": [ 15465976.902703, 5026181.563497999683022 ] } },
{ "type": "Feature", "properties": { "15380279.394525": 15466275.002741, "5025475.223726": 5026312.3744120002 }, "geometry": { "type": "Point", "coordinates": [ 15466275.002741, 5026312.374412000179291 ] } },
{ "type": "Feature", "properties": { "15380279.394525": 15417566.551539, "5025475.223726": 4985525.6376569998 }, "geometry": { "type": "Point", "coordinates": [ 15417566.551539, 4985525.637656999751925 ] } },
{ "type": "Feature", "properties": { "15380279.394525": 15417827.277492, "5025475.223726": 4985586.8013190003 }, "geometry": { "type": "Point", "coordinates": [ 15417827.277492, 4985586.801319000311196 ] } },
{ "type": "Feature", "properties": { "15380279.394525": 15418086.584186999, "5025475.223726": 4985651.4861420002 }, "geometry": { "type": "Point", "coordinates": [ 15418086.584187, 4985651.486142000183463 ] } },
{ "type": "Feature", "properties": { "15380279.394525": 15418343.18423, "5025475.223726": 4985723.2873010002 }, "geometry": { "type": "Point", "coordinates": [ 15418343.18423, 4985723.287301000207663 ] } },
{ "type": "Feature", "properties": { "15380279.394525": 15418595.790229, "5025475.223726": 4985805.7999729998 }, "geometry": { "type": "Point", "coordinates": [ 15418595.790229, 4985805.799972999840975 ] } },
{ "type": "Feature", "properties": { "15380279.394525": 15418843.114793001, "5025475.223726": 4985902.6193340002 }, "geometry": { "type": "Point", "coordinates": [ 15418843.114793, 4985902.61933400016278 ] } },
{ "type": "Feature", "properties": { "15380279.394525": 15419070.283352001, "5025475.223726": 4986008.1140799997 }, "geometry": { "type": "Point", "coordinates": [ 15419070.283352, 4986008.114079999737442 ] } },
{ "type": "Feature", "properties": { "15380279.394525": 15419294.140345, "5025475.223726": 4986121.6654350003 }, "geometry": { "type": "Point", "coordinates": [ 15419294.140345, 4986121.665435000322759 ] } },
{ "type": "Feature", "properties": { "15380279.394525": 15419517.452676, "5025475.223726": 4986235.6467289999 }, "geometry": { "type": "Point", "coordinates": [ 15419517.452676, 4986235.646729 ] } },
{ "type": "Feature", "properties": { "15380279.394525": 15419742.987251, "5025475.223726": 4986342.431291 }, "geometry": { "type": "Point", "coordinates": [ 15419742.987251, 4986342.431291 ] } },
{ "type": "Feature", "properties": { "15380279.394525": 15419977.629699999, "5025475.223726": 4986438.5492479997 }, "geometry": { "type": "Point", "coordinates": [ 15419977.6297, 4986438.549247999675572 ] } },
{ "type": "Feature", "properties": { "15380279.394525": 15420215.713315001, "5025475.223726": 4986525.8625379996 }, "geometry": { "type": "Point", "coordinates": [ 15420215.713315, 4986525.862537999637425 ] } },
{ "type": "Feature", "properties": { "15380279.394525": 15420455.761124, "5025475.223726": 4986611.1923869997 }, "geometry": { "type": "Point", "coordinates": [ 15420455.761124, 4986611.192386999726295 ] } },
{ "type": "Feature", "properties": { "15380279.394525": 15420696.296156, "5025475.223726": 4986701.3600230003 }, "geometry": { "type": "Point", "coordinates": [ 15420696.296156, 4986701.360023000277579 ] } },
{ "type": "Feature", "properties": { "15380279.394525": 15420935.841438999, "5025475.223726": 4986803.1866739998 }, "geometry": { "type": "Point", "coordinates": [ 15420935.841439, 4986803.186673999764025 ] } },
{ "type": "Feature", "properties": { "15380279.394525": 15421231.498188, "5025475.223726": 4986958.3929199995 }, "geometry": { "type": "Point", "coordinates": [ 15421231.498188, 4986958.392919999547303 ] } },
{ "type": "Feature", "properties": { "15380279.394525": 15421497.886713, "5025475.223726": 4987151.1358249998 }, "geometry": { "type": "Point", "coordinates": [ 15421497.886713, 4987151.135824999772012 ] } },
{ "type": "Feature", "properties": { "15380279.394525": 15421710.150297999, "5025475.223726": 4987389.602616 }, "geometry": { "type": "Point", "coordinates": [ 15421710.150298, 4987389.602616 ] } },
{ "type": "Feature", "properties": { "15380279.394525": 15421833.222081, "5025475.223726": 4987625.1989310002 }, "geometry": { "type": "Point", "coordinates": [ 15421833.222081, 4987625.198931000195444 ] } },
{ "type": "Feature", "properties": { "15380279.394525": 15421922.149460999, "5025475.223726": 4987883.2640629997 }, "geometry": { "type": "Point", "coordinates": [ 15421922.149461, 4987883.264062999747694 ] } },
{ "type": "Feature", "properties": { "15380279.394525": 15421997.673663, "5025475.223726": 4988149.1915960005 }, "geometry": { "type": "Point", "coordinates": [ 15421997.673663, 4988149.19159600045532 ] } },
{ "type": "Feature", "properties": { "15380279.394525": 15422080.535909999, "5025475.223726": 4988408.375116 }, "geometry": { "type": "Point", "coordinates": [ 15422080.53591, 4988408.375116 ] } },
{ "type": "Feature", "properties": { "15380279.394525": 15422191.477427, "5025475.223726": 4988646.208207 }, "geometry": { "type": "Point", "coordinates": [ 15422191.477427, 4988646.208207 ] } },
{ "type": "Feature", "properties": { "15380279.394525": 15422376.13955, "5025475.223726": 4988884.3839990003 }, "geometry": { "type": "Point", "coordinates": [ 15422376.13955, 4988884.383999000303447 ] } },
{ "type": "Feature", "properties": { "15380279.394525": 15422608.642377, "5025475.223726": 4989088.5290989997 }, "geometry": { "type": "Point", "coordinates": [ 15422608.642377, 4989088.529098999686539 ] } },
{ "type": "Feature", "properties": { "15380279.394525": 15422870.192287, "5025475.223726": 4989274.114751 }, "geometry": { "type": "Point", "coordinates": [ 15422870.192287, 4989274.114751 ] } },
{ "type": "Feature", "properties": { "15380279.394525": 15423141.995661, "5025475.223726": 4989456.6121969996 }, "geometry": { "type": "Point", "coordinates": [ 15423141.995661, 4989456.61219699960202 ] } },
{ "type": "Feature", "properties": { "15380279.394525": 15423405.258881999, "5025475.223726": 4989651.4926789999 }, "geometry": { "type": "Point", "coordinates": [ 15423405.258882, 4989651.492679 ] } },
{ "type": "Feature", "properties": { "15380279.394525": 15423630.926199, "5025475.223726": 4989852.2973060003 }, "geometry": { "type": "Point", "coordinates": [ 15423630.926199, 4989852.297306000255048 ] } },
{ "type": "Feature", "properties": { "15380279.394525": 15423846.706224, "5025475.223726": 4990057.7772169998 }, "geometry": { "type": "Point", "coordinates": [ 15423846.706224, 4990057.777216999791563 ] } },
{ "type": "Feature", "properties": { "15380279.394525": 15424066.730691001, "5025475.223726": 4990248.6056979997 }, "geometry": { "type": "Point", "coordinates": [ 15424066.730691, 4990248.605697999708354 ] } },
{ "type": "Feature", "properties": { "15380279.394525": 15424305.131339001, "5025475.223726": 4990405.456034 }, "geometry": { "type": "Point", "coordinates": [ 15424305.131339, 4990405.456034 ] } },
{ "type": "Feature", "properties": { "15380279.394525": 15424507.906421, "5025475.223726": 4990492.9974889997 }, "geometry": { "type": "Point", "coordinates": [ 15424507.906421, 4990492.997488999739289 ] } },
{ "type": "Feature", "properties": { "15380279.394525": 15424724.947765, "5025475.223726": 4990553.3107629996 }, "geometry": { "type": "Point", "coordinates": [ 15424724.947765, 4990553.31076299957931 ] } },
{ "type": "Feature", "properties": { "15380279.394525": 15424951.516078999, "5025475.223726": 4990590.7967360001 }, "geometry": { "type": "Point", "coordinates": [ 15424951.516079, 4990590.796736000105739 ] } },
{ "type": "Feature", "properties": { "15380279.394525": 15425182.872075001, "5025475.223726": 4990609.856288 }, "geometry": { "type": "Point", "coordinates": [ 15425182.872075, 4990609.856288 ] } },
{ "type": "Feature", "properties": { "15380279.394525": 15425414.276462, "5025475.223726": 4990614.8902989998 }, "geometry": { "type": "Point", "coordinates": [ 15425414.276462, 4990614.890298999845982 ] } },
{ "type": "Feature", "properties": { "15380279.394525": 15425629.849617001, "5025475.223726": 4990610.6127699995 }, "geometry": { "type": "Point", "coordinates": [ 15425629.849617, 4990610.612769999541342 ] } },
{ "type": "Feature", "properties": { "15380279.394525": 15425842.685148001, "5025475.223726": 4990600.9634069996 }, "geometry": { "type": "Point", "coordinates": [ 15425842.685148, 4990600.963406999595463 ] } },
{ "type": "Feature", "properties": { "15380279.394525": 15426054.463159001, "5025475.223726": 4990589.2641230002 }, "geometry": { "type": "Point", "coordinates": [ 15426054.463159, 4990589.264123000204563 ] } },
{ "type": "Feature", "properties": { "15380279.394525": 15426266.863758, "5025475.223726": 4990578.8368319999 }, "geometry": { "type": "Point", "coordinates": [ 15426266.863758, 4990578.836832 ] } },
{ "type": "Feature", "properties": { "15380279.394525": 15426481.567051001, "5025475.223726": 4990573.0034459997 }, "geometry": { "type": "Point", "coordinates": [ 15426481.567051, 4990573.003445999696851 ] } },
{ "type": "Feature", "properties": { "15380279.394525": 15426674.104161, "5025475.223726": 4990575.4660719996 }, "geometry": { "type": "Point", "coordinates": [ 15426674.104161, 4990575.466071999631822 ] } },
{ "type": "Feature", "properties": { "15380279.394525": 15426864.216033, "5025475.223726": 4990593.3275830001 }, "geometry": { "type": "Point", "coordinates": [ 15426864.216033, 4990593.327583 ] } },
{ "type": "Feature", "properties": { "15380279.394525": 15427046.603244999, "5025475.223726": 4990635.8337249998 }, "geometry": { "type": "Point", "coordinates": [ 15427046.603245, 4990635.833724999800324 ] } },
{ "type": "Feature", "properties": { "15380279.394525": 15427299.246594001, "5025475.223726": 4990755.4416319998 }, "geometry": { "type": "Point", "coordinates": [ 15427299.246594, 4990755.441631999798119 ] } },
{ "type": "Feature", "properties": { "15380279.394525": 15427535.122175001, "5025475.223726": 4990918.44405 }, "geometry": { "type": "Point", "coordinates": [ 15427535.122175, 4990918.44405 ] } },
{ "type": "Feature", "properties": { "15380279.394525": 15427767.401854999, "5025475.223726": 4991091.9811479999 }, "geometry": { "type": "Point", "coordinates": [ 15427767.401855, 4991091.981147999875247 ] } },
{ "type": "Feature", "properties": { "15380279.394525": 15428009.257502999, "5025475.223726": 4991243.1930940002 }, "geometry": { "type": "Point", "coordinates": [ 15428009.257503, 4991243.193094000220299 ] } },
{ "type": "Feature", "properties": { "15380279.394525": 15428208.001805, "5025475.223726": 4991327.1194479996 }, "geometry": { "type": "Point", "coordinates": [ 15428208.001805, 4991327.119447999633849 ] } },
{ "type": "Feature", "properties": { "15380279.394525": 15428417.00636, "5025475.223726": 4991385.3035819996 }, "geometry": { "type": "Point", "coordinates": [ 15428417.00636, 4991385.303581999614835 ] } },
{ "type": "Feature", "properties": { "15380279.394525": 15428633.367822001, "5025475.223726": 4991424.5623080004 }, "geometry": { "type": "Point", "coordinates": [ 15428633.367822, 4991424.562308000400662 ] } },
{ "type": "Feature", "properties": { "15380279.394525": 15428854.182847001, "5025475.223726": 4991451.7124389997 }, "geometry": { "type": "Point", "coordinates": [ 15428854.182847, 4991451.712438999675214 ] } },
{ "type": "Feature", "properties": { "15380279.394525": 15429076.548092, "5025475.223726": 4991473.5707860002 }, "geometry": { "type": "Point", "coordinates": [ 15429076.548092, 4991473.570786000229418 ] } },
{ "type": "Feature", "properties": { "15380279.394525": 15429310.332439, "5025475.223726": 4991496.7011209996 }, "geometry": { "type": "Point", "coordinates": [ 15429310.332439, 4991496.701120999641716 ] } },
{ "type": "Feature", "properties": { "15380279.394525": 15429542.505573001, "5025475.223726": 4991519.1964119999 }, "geometry": { "type": "Point", "coordinates": [ 15429542.505573, 4991519.196411999873817 ] } },
{ "type": "Feature", "properties": { "15380279.394525": 15429773.200578, "5025475.223726": 4991538.782528 }, "geometry": { "type": "Point", "coordinates": [ 15429773.200578, 4991538.782528 ] } },
{ "type": "Feature", "properties": { "15380279.394525": 15430002.55054, "5025475.223726": 4991553.185335 }, "geometry": { "type": "Point", "coordinates": [ 15430002.55054, 4991553.185335 ] } },
{ "type": "Feature", "properties": { "15380279.394525": 15430230.688545, "5025475.223726": 4991560.1306999996 }, "geometry": { "type": "Point", "coordinates": [ 15430230.688545, 4991560.130699999630451 ] } },
{ "type": "Feature", "properties": { "15380279.394525": 15430457.747678, "5025475.223726": 4991557.3444919996 }, "geometry": { "type": "Point", "coordinates": [ 15430457.747678, 4991557.344491999596357 ] } },
{ "type": "Feature", "properties": { "15380279.394525": 15430719.05772, "5025475.223726": 4991540.4081690004 }, "geometry": { "type": "Point", "coordinates": [ 15430719.05772, 4991540.408169000409544 ] } },
{ "type": "Feature", "properties": { "15380279.394525": 15430980.144489, "5025475.223726": 4991512.3849980002 }, "geometry": { "type": "Point", "coordinates": [ 15430980.144489, 4991512.384998000226915 ] } },
{ "type": "Feature", "properties": { "15380279.394525": 15431242.306041, "5025475.223726": 4991478.2936420003 }, "geometry": { "type": "Point", "coordinates": [ 15431242.306041, 4991478.293642000295222 ] } },
{ "type": "Feature", "properties": { "15380279.394525": 15431506.840429001, "5025475.223726": 4991443.1527620004 }, "geometry": { "type": "Point", "coordinates": [ 15431506.840429, 4991443.152762000449002 ] } },
{ "type": "Feature", "properties": { "15380279.394525": 15431775.045707, "5025475.223726": 4991411.9810210001 }, "geometry": { "type": "Point", "coordinates": [ 15431775.045707, 4991411.981021 ] } },
{ "type": "Feature", "properties": { "15380279.394525": 15432048.219929, "5025475.223726": 4991389.7970799999 }, "geometry": { "type": "Point", "coordinates": [ 15432048.219929, 4991389.79708 ] } },
{ "type": "Feature", "properties": { "15380279.394525": 15432288.097175, "5025475.223726": 4991383.2589499997 }, "geometry": { "type": "Point", "coordinates": [ 15432288.097175, 4991383.258949999697506 ] } },
{ "type": "Feature", "properties": { "15380279.394525": 15432521.821742, "5025475.223726": 4991399.943252 }, "geometry": { "type": "Point", "coordinates": [ 15432521.821742, 4991399.943252 ] } },
{ "type": "Feature", "properties": { "15380279.394525": 15432738.819723001, "5025475.223726": 4991452.627359 }, "geometry": { "type": "Point", "coordinates": [ 15432738.819723, 4991452.627359 ] } },
{ "type": "Feature", "properties": { "15380279.394525": 15432999.556066999, "5025475.223726": 4991600.5591470003 }, "geometry": { "type": "Point", "coordinates": [ 15432999.556067, 4991600.559147000312805 ] } },
{ "type": "Feature", "properties": { "15380279.394525": 15433218.604527, "5025475.223726": 4991821.5060440004 }, "geometry": { "type": "Point", "coordinates": [ 15433218.604527, 4991821.506044000387192 ] } },
{ "type": "Feature", "properties": { "15380279.394525": 15433407.735693, "5025475.223726": 4992094.1476050001 }, "geometry": { "type": "Point", "coordinates": [ 15433407.735693, 4992094.147605 ] } },
{ "type": "Feature", "properties": { "15380279.394525": 15433578.720158, "5025475.223726": 4992397.1633879999 }, "geometry": { "type": "Point", "coordinates": [ 15433578.720158, 4992397.163387999869883 ] } },
{ "type": "Feature", "properties": { "15380279.394525": 15433743.328513, "5025475.223726": 4992709.2329500001 }, "geometry": { "type": "Point", "coordinates": [ 15433743.328513, 4992709.23295 ] } },
{ "type": "Feature", "properties": { "15380279.394525": 15433904.928812001, "5025475.223726": 4993001.2095480002 }, "geometry": { "type": "Point", "coordinates": [ 15433904.928812, 4993001.209548000246286 ] } },
{ "type": "Feature", "properties": { "15380279.394525": 15434072.207976, "5025475.223726": 4993281.432728 }, "geometry": { "type": "Point", "coordinates": [ 15434072.207976, 4993281.432728 ] } },
{ "type": "Feature", "properties": { "15380279.394525": 15434246.096019, "5025475.223726": 4993549.5864190003 }, "geometry": { "type": "Point", "coordinates": [ 15434246.096019, 4993549.586419000290334 ] } },
{ "type": "Feature", "properties": { "15380279.394525": 15434427.522957001, "5025475.223726": 4993805.354549 }, "geometry": { "type": "Point", "coordinates": [ 15434427.522957, 4993805.354549 ] } },
{ "type": "Feature", "properties": { "15380279.394525": 15434617.418806, "5025475.223726": 4994048.4210480005 }, "geometry": { "type": "Point", "coordinates": [ 15434617.418806, 4994048.421048000454903 ] } },
{ "type": "Feature", "properties": { "15380279.394525": 15434816.713582, "5025475.223726": 4994278.4698440004 }, "geometry": { "type": "Point", "coordinates": [ 15434816.713582, 4994278.469844000414014 ] } },
{ "type": "Feature", "properties": { "15380279.394525": 15435026.337300001, "5025475.223726": 4994495.184866 }, "geometry": { "type": "Point", "coordinates": [ 15435026.3373, 4994495.184866 ] } },
{ "type": "Feature", "properties": { "15380279.394525": 15435247.219977001, "5025475.223726": 4994698.2500449996 }, "geometry": { "type": "Point", "coordinates": [ 15435247.219977, 4994698.25004499964416 ] } },
{ "type": "Feature", "properties": { "15380279.394525": 15435480.291629, "5025475.223726": 4994887.3493069997 }, "geometry": { "type": "Point", "coordinates": [ 15435480.291629, 4994887.349306999705732 ] } },
{ "type": "Feature", "properties": { "15380279.394525": 15435698.496446, "5025475.223726": 4995043.9589539999 }, "geometry": { "type": "Point", "coordinates": [ 15435698.496446, 4995043.958954 ] } },
{ "type": "Feature", "properties": { "15380279.394525": 15435925.826726999, "5025475.223726": 4995190.4541610004 }, "geometry": { "type": "Point", "coordinates": [ 15435925.826727, 4995190.454161000438035 ] } },
{ "type": "Feature", "properties": { "15380279.394525": 15436161.151555, "5025475.223726": 4995328.1030409997 }, "geometry": { "type": "Point", "coordinates": [ 15436161.151555, 4995328.103040999732912 ] } },
{ "type": "Feature", "properties": { "15380279.394525": 15436403.34001, "5025475.223726": 4995458.173707 }, "geometry": { "type": "Point", "coordinates": [ 15436403.34001, 4995458.173707 ] } },
{ "type": "Feature", "properties": { "15380279.394525": 15436651.261178, "5025475.223726": 4995581.9342710003 }, "geometry": { "type": "Point", "coordinates": [ 15436651.261178, 4995581.93427100032568 ] } },
{ "type": "Feature", "properties": { "15380279.394525": 15436903.784138, "5025475.223726": 4995700.6528460002 }, "geometry": { "type": "Point", "coordinates": [ 15436903.784138, 4995700.652846000157297 ] } },
{ "type": "Feature", "properties": { "15380279.394525": 15437159.777975, "5025475.223726": 4995815.5975449998 }, "geometry": { "type": "Point", "coordinates": [ 15437159.777975, 4995815.597544999793172 ] } },
{ "type": "Feature", "properties": { "15380279.394525": 15437418.11177, "5025475.223726": 4995928.0364809996 }, "geometry": { "type": "Point", "coordinates": [ 15437418.11177, 4995928.036480999551713 ] } },
{ "type": "Feature", "properties": { "15380279.394525": 15437677.654607, "5025475.223726": 4996039.2377650002 }, "geometry": { "type": "Point", "coordinates": [ 15437677.654607, 4996039.237765000201762 ] } },
{ "type": "Feature", "properties": { "15380279.394525": 15437766.397198999, "5025475.223726": 4996083.7349140001 }, "geometry": { "type": "Point", "coordinates": [ 15437766.397199, 4996083.734914000146091 ] } },
{ "type": "Feature", "properties": { "15380279.394525": 15438162.322307, "5025475.223726": 4996425.4050589995 }, "geometry": { "type": "Point", "coordinates": [ 15438162.322307, 4996425.405058999545872 ] } },
{ "type": "Feature", "properties": { "15380279.394525": 15438560.982983001, "5025475.223726": 4996762.5562110003 }, "geometry": { "type": "Point", "coordinates": [ 15438560.982983, 4996762.556211000308394 ] } },
{ "type": "Feature", "properties": { "15380279.394525": 15438965.347307, "5025475.223726": 4997090.7169700004 }, "geometry": { "type": "Point", "coordinates": [ 15438965.347307, 4997090.71697000041604 ] } },
{ "type": "Feature", "properties": { "15380279.394525": 15439378.383359, "5025475.223726": 4997405.4159350004 }, "geometry": { "type": "Point", "coordinates": [ 15439378.383359, 4997405.415935000404716 ] } },
{ "type": "Feature", "properties": { "15380279.394525": 15439803.059220999, "5025475.223726": 4997702.1817049999 }, "geometry": { "type": "Point", "coordinates": [ 15439803.059221, 4997702.181704999879003 ] } },
{ "type": "Feature", "properties": { "15380279.394525": 15440242.342971999, "5025475.223726": 4997976.5428799996 }, "geometry": { "type": "Point", "coordinates": [ 15440242.342972, 4997976.542879999615252 ] } },
{ "type": "Feature", "properties": { "15380279.394525": 15440597.241924999, "5025475.223726": 4998172.8471280001 }, "geometry": { "type": "Point", "coordinates": [ 15440597.241925, 4998172.847128000110388 ] } },
{ "type": "Feature", "properties": { "15380279.394525": 15440961.587264, "5025475.223726": 4998352.7504409999 }, "geometry": { "type": "Point", "coordinates": [ 15440961.587264, 4998352.750440999865532 ] } },
{ "type": "Feature", "properties": { "15380279.394525": 15441334.385267001, "5025475.223726": 4998516.3308370002 }, "geometry": { "type": "Point", "coordinates": [ 15441334.385267, 4998516.330837000161409 ] } },
{ "type": "Feature", "properties": { "15380279.394525": 15441714.642209001, "5025475.223726": 4998663.6663319999 }, "geometry": { "type": "Point", "coordinates": [ 15441714.642209, 4998663.666332 ] } },
{ "type": "Feature", "properties": { "15380279.394525": 15442101.364366001, "5025475.223726": 4998794.8349439995 }, "geometry": { "type": "Point", "coordinates": [ 15442101.364366, 4998794.834943999536335 ] } },
{ "type": "Feature", "properties": { "15380279.394525": 15442493.558011999, "5025475.223726": 4998909.91469 }, "geometry": { "type": "Point", "coordinates": [ 15442493.558012, 4998909.91469 ] } },
{ "type": "Feature", "properties": { "15380279.394525": 15442890.229424, "5025475.223726": 4999008.9835879998 }, "geometry": { "type": "Point", "coordinates": [ 15442890.229424, 4999008.98358799982816 ] } },
{ "type": "Feature", "properties": { "15380279.394525": 15443293.752485, "5025475.223726": 4999092.776424 }, "geometry": { "type": "Point", "coordinates": [ 15443293.752485, 4999092.776424 ] } },
{ "type": "Feature", "properties": { "15380279.394525": 15443699.957614999, "5025475.223726": 4999160.6262769997 }, "geometry": { "type": "Point", "coordinates": [ 15443699.957615, 4999160.62627699971199 ] } },
{ "type": "Feature", "properties": { "15380279.394525": 15444108.264679, "5025475.223726": 4999212.8462420003 }, "geometry": { "type": "Point", "coordinates": [ 15444108.264679, 4999212.846242000348866 ] } },
{ "type": "Feature", "properties": { "15380279.394525": 15444518.093537999, "5025475.223726": 4999249.7494139997 }, "geometry": { "type": "Point", "coordinates": [ 15444518.093538, 4999249.749413999728858 ] } },
{ "type": "Feature", "properties": { "15380279.394525": 15444928.864055, "5025475.223726": 4999271.6488889996 }, "geometry": { "type": "Point", "coordinates": [ 15444928.864055, 4999271.648888999596238 ] } },
{ "type": "Feature", "properties": { "15380279.394525": 15445339.996091999, "5025475.223726": 4999278.8577629998 }, "geometry": { "type": "Point", "coordinates": [ 15445339.996092, 4999278.85776299983263 ] } },
{ "type": "Feature", "properties": { "15380279.394525": 15445750.909511, "5025475.223726": 4999271.6891310001 }, "geometry": { "type": "Point", "coordinates": [ 15445750.909511, 4999271.689131 ] } },
{ "type": "Feature", "properties": { "15380279.394525": 15446161.024176, "5025475.223726": 4999250.456088 }, "geometry": { "type": "Point", "coordinates": [ 15446161.024176, 4999250.456088 ] } },
{ "type": "Feature", "properties": { "15380279.394525": 15446569.759948, "5025475.223726": 4999215.4717300003 }, "geometry": { "type": "Point", "coordinates": [ 15446569.759948, 4999215.471730000339448 ] } },
{ "type": "Feature", "properties": { "15380279.394525": 15447004.322761999, "5025475.223726": 4999163.3829460004 }, "geometry": { "type": "Point", "coordinates": [ 15447004.322762, 4999163.382946000434458 ] } },
{ "type": "Feature", "properties": { "15380279.394525": 15447436.551945001, "5025475.223726": 4999097.2038160004 }, "geometry": { "type": "Point", "coordinates": [ 15447436.551945, 4999097.203816000372171 ] } },
{ "type": "Feature", "properties": { "15380279.394525": 15447866.598680001, "5025475.223726": 4999018.2207690002 }, "geometry": { "type": "Point", "coordinates": [ 15447866.59868, 4999018.22076900023967 ] } },
{ "type": "Feature", "properties": { "15380279.394525": 15448294.614149, "5025475.223726": 4998927.7202359997 }, "geometry": { "type": "Point", "coordinates": [ 15448294.614149, 4998927.720235999673605 ] } },
{ "type": "Feature", "properties": { "15380279.394525": 15448720.749537, "5025475.223726": 4998826.9886459997 }, "geometry": { "type": "Point", "coordinates": [ 15448720.749537, 4998826.98864599969238 ] } },
{ "type": "Feature", "properties": { "15380279.394525": 15449145.156026, "5025475.223726": 4998717.3124280004 }, "geometry": { "type": "Point", "coordinates": [ 15449145.156026, 4998717.312428000383079 ] } },
{ "type": "Feature", "properties": { "15380279.394525": 15449567.9848, "5025475.223726": 4998599.978011 }, "geometry": { "type": "Point", "coordinates": [ 15449567.9848, 4998599.978011 ] } },
{ "type": "Feature", "properties": { "15380279.394525": 15449989.387042001, "5025475.223726": 4998476.271826 }, "geometry": { "type": "Point", "coordinates": [ 15449989.387042, 4998476.271826 ] } },
{ "type": "Feature", "properties": { "15380279.394525": 15450409.513935, "5025475.223726": 4998347.4803010002 }, "geometry": { "type": "Point", "coordinates": [ 15450409.513935, 4998347.48030100017786 ] } },
{ "type": "Feature", "properties": { "15380279.394525": 15450828.516663, "5025475.223726": 4998214.889866 }, "geometry": { "type": "Point", "coordinates": [ 15450828.516663, 4998214.889866 ] } },
{ "type": "Feature", "properties": { "15380279.394525": 15451246.546407999, "5025475.223726": 4998079.7869509999 }, "geometry": { "type": "Point", "coordinates": [ 15451246.546408, 4998079.786950999870896 ] } },
{ "type": "Feature", "properties": { "15380279.394525": 15451657.795085, "5025475.223726": 4997945.1749259997 }, "geometry": { "type": "Point", "coordinates": [ 15451657.795085, 4997945.174925999715924 ] } },
{ "type": "Feature", "properties": { "15380279.394525": 15452068.138714001, "5025475.223726": 4997809.4825860001 }, "geometry": { "type": "Point", "coordinates": [ 15452068.138714, 4997809.482586000114679 ] } },
{ "type": "Feature", "properties": { "15380279.394525": 15452477.706747999, "5025475.223726": 4997672.8464890001 }, "geometry": { "type": "Point", "coordinates": [ 15452477.706748, 4997672.84648900013417 ] } },
{ "type": "Feature", "properties": { "15380279.394525": 15452886.628643, "5025475.223726": 4997535.4031889997 }, "geometry": { "type": "Point", "coordinates": [ 15452886.628643, 4997535.40318899974227 ] } },
{ "type": "Feature", "properties": { "15380279.394525": 15453295.033853, "5025475.223726": 4997397.2892420003 }, "geometry": { "type": "Point", "coordinates": [ 15453295.033853, 4997397.289242000319064 ] } },
{ "type": "Feature", "properties": { "15380279.394525": 15453703.051833, "5025475.223726": 4997258.6412040005 }, "geometry": { "type": "Point", "coordinates": [ 15453703.051833, 4997258.641204000450671 ] } },
{ "type": "Feature", "properties": { "15380279.394525": 15454110.812036, "5025475.223726": 4997119.5956300003 }, "geometry": { "type": "Point", "coordinates": [ 15454110.812036, 4997119.595630000345409 ] } },
{ "type": "Feature", "properties": { "15380279.394525": 15454518.443918001, "5025475.223726": 4996980.2890769998 }, "geometry": { "type": "Point", "coordinates": [ 15454518.443918, 4996980.289076999761164 ] } },
{ "type": "Feature", "properties": { "15380279.394525": 15454926.076933, "5025475.223726": 4996840.8580999998 }, "geometry": { "type": "Point", "coordinates": [ 15454926.076933, 4996840.858099999837577 ] } }
]
}
