vertex1_x,vertex1_y,vertex2_x,vertex2_y,vertex3_x,vertex3_y,vertex4_x,vertex4_y,Area,Areal Frequency B20,Areal Frequency P20,Branch Mean Length,Branch Min Length,Branch Max Length,Connections per Branch,Connections per Trace,Connection Frequency,Dimensionless Intensity B22,Dimensionless Intensity P22,Fracture Density (Mauldon),Fracture Intensity B21,Fracture Intensity (Mauldon),Fracture Intensity P21,Number of Branches,Number of Branches (Real),Number of Traces,Number of Traces (Real),Trace Mean Length,Trace Min Length,Trace Max Length,Trace Mean Length (Mauldon)
14588402.02,4555166.66,14589152.02,4555166.66,14589152.02,4554416.66,14588402.02,4554416.66,3969694.1833468685,0.0,0.0,0.0,0.0,0.0,0.0,0.0,0.0,0.0,0.0,,0.0,,0.0,0.0,0,0.0,0,0.0,0.0,0.0,
14588402.02,4554416.66,14589152.02,4554416.66,14589152.02,4553666.66,14588402.02,4553666.66,3969694.1833468685,0.0,0.0,0.0,0.0,0.0,0.0,0.0,0.0,0.0,0.0,,0.0,,0.0,0.0,0,0.0,0,0.0,0.0,0.0,
14588402.02,4553666.66,14589152.02,4553666.66,14589152.02,4552916.66,14588402.02,4552916.66,3969694.1833468685,0.0,0.0,0.0,0.0,0.0,0.0,0.0,0.0,0.0,0.0,,0.0,,0.0,0.0,0,0.0,0,0.0,0.0,0.0,
14588402.02,4552916.66,14589152.02,4552916.66,14589152.02,4552166.66,14588402.02,4552166.66,3969694.1833468685,0.0,0.0,0.0,0.0,0.0,0.0,0.0,0.0,0.0,0.0,,0.0,,0.0,0.0,0,0.0,0,0.0,0.0,0.0,
14588402.02,4552166.66,14589152.02,4552166.66,14589152.02,4551416.66,14588402.02,4551416.66,3969694.1833468685,0.0,0.0,0.0,0.0,0.0,0.0,0.0,0.0,0.0,0.0,,0.0,,0.0,0.0,0,0.0,0,0.0,0.0,0.0,
14588402.02,4551416.66,14589152.02,4551416.66,14589152.02,4550666.66,14588402.02,4550666.66,3969694.1833468685,0.0,0.0,0.0,0.0,0.0,0.0,0.0,0.0,0.0,0.0,,0.0,,0.0,0.0,0,0.0,0,0.0,0.0,0.0,
14588402.02,4550666.66,14589152.02,4550666.66,14589152.02,4549916.66,14588402.02,4549916.66,3969694.1833468685,3.7786286064367375e-07,3.7786286064367375e-07,901.4183946096558,174.20392822284825,601.456530248049,0.0,0.0,0.0,0.3070344028827354,0.1535172014413677,,0.0003406125332240325,,0.0003406125332240325,1.5,3,1.5,3,450.7091973048279,174.20392822284825,601.456530248049,
14588402.02,4549916.66,14589152.02,4549916.66,14589152.02,4549166.66,14588402.02,4549166.66,3969694.1833468685,5.038171475248984e-07,5.038171475248984e-07,1462.7849434598809,333.7712407721802,937.3006620798044,0.0,0.0,0.0,1.0780375978528915,0.5390187989264458,,0.0007369761376563268,,0.0007369761376563268,2.0,4,2.0,4,731.3924717299404,333.7712407721802,937.3006620798044,
14588402.02,4549166.66,14589152.02,4549166.66,14589152.02,4548416.66,14588402.02,4548416.66,3969694.1833468685,5.038171475248984e-07,5.038171475248984e-07,1322.9914597752854,463.4187004382104,1107.629791026209,0.0,0.0,0.0,0.8818343790718149,0.5878895860478766,,0.0006665457834637855,,0.0006665457834637855,2.0,3,2.0,3,881.9943065168569,463.4187004382104,1107.629791026209,
14588402.02,4548416.66,14589152.02,4548416.66,14589152.02,4547666.66,14588402.02,4547666.66,3969694.1833468685,3.7786286064367375e-07,3.7786286064367375e-07,1605.998699662762,481.9535992458836,1118.1039530922246,0.0,0.0,0.0,0.9745959150223202,0.4872979575111601,,0.0006068472628445915,,0.0006068472628445915,1.5,3,1.5,3,802.999349831381,481.9535992458836,1118.1039530922246,
14588402.02,4547666.66,14589152.02,4547666.66,14589152.02,4546916.66,14588402.02,4546916.66,3969694.1833468685,2.519085737624492e-07,2.519085737624492e-07,2044.0974207370296,130.73351887032064,1241.2153508664856,0.0,0.0,0.0,1.0525582255157506,0.26313955637893766,,0.0005149256658893661,,0.0005149256658893661,1.0,4,1.0,4,511.0243551842574,130.73351887032064,1241.2153508664856,
14588402.02,4546916.66,14589152.02,4546916.66,14589152.02,4546166.66,14588402.02,4546166.66,3969694.1833468685,1.0076342950497967e-06,5.038171475248984e-07,776.6479356037239,186.218438243989,1677.8501156555062,1.0,1.0,2.519085737624492e-07,0.6077868853554662,0.8103825138072883,,0.0007825770950939382,,0.0007825770950939382,4.0,5,2.0,3,1035.5305808049652,388.5569033123982,1677.8501156555062,
14588402.02,4546166.66,14589152.02,4546166.66,14589152.02,4545416.66,14588402.02,4545416.66,3969694.1833468685,1.3854971556934704e-06,8.81680008168572e-07,594.976911975007,186.218438243989,1154.431025441221,0.7272727272727273,0.5714285714285714,2.519085737624492e-07,0.4904625650953092,0.5395088216048401,,0.0008243388192446565,,0.0008243388192446565,5.5,7,3.5,5,654.4746031725077,223.88647627972864,1154.431025441221,
14588402.02,4545416.66,14589152.02,4545416.66,14589152.02,4544666.66,14588402.02,4544666.66,3969694.1833468685,1.511451442574695e-06,1.0076342950497967e-06,405.997371710602,13.565241075506751,807.1603598267594,0.6666666666666666,0.5,2.519085737624492e-07,0.2491383843028601,0.2491383843028601,,0.0006136453131535241,,0.0006136453131535241,6.0,8,4.0,6,405.997371710602,95.96468159097867,822.4287177693194,
14588402.02,4544666.66,14589152.02,4544666.66,14589152.02,4543916.66,14588402.02,4543916.66,3969694.1833468685,8.81680008168572e-07,8.81680008168572e-07,655.7016616370066,223.88647627972864,898.2135710559979,0.0,0.0,0.0,0.37907361934078526,0.3316894169231871,,0.0005781190463882622,,0.0005781190463882622,3.5,4,3.5,4,573.7389539323808,223.88647627972864,898.2135710559979,
14588402.02,4543916.66,14589152.02,4543916.66,14589152.02,4543166.66,14588402.02,4543166.66,3969694.1833468685,5.038171475248984e-07,5.038171475248984e-07,759.9104513168129,245.67950324986452,707.5418810115973,0.0,0.0,0.0,0.2909362118840397,0.1939574745893598,,0.00038285591595679477,,0.00038285591595679477,2.0,3,2.0,3,506.60696754454193,245.67950324986452,707.5418810115973,
14588402.02,4543166.66,14589152.02,4543166.66,14589152.02,4542416.66,14588402.02,4542416.66,3969694.1833468685,1.3854971556934704e-06,8.81680008168572e-07,484.57835900064015,55.79281637592384,747.1546121822214,0.7272727272727273,0.5714285714285714,2.519085737624492e-07,0.32533715783007305,0.2982257280109003,,0.0006713819381059963,,0.0006713819381059963,5.5,8,3.5,6,444.19682908392014,166.10385011157547,747.1546121822214,
14588402.02,4542416.66,14589152.02,4542416.66,14589152.02,4541666.66,14588402.02,4541666.66,3969694.1833468685,7.557257212873475e-07,7.557257212873475e-07,849.948966249069,45.177861755351984,993.9252532234593,0.0,0.0,0.0,0.5459462708173588,0.32756776249041525,,0.000642328295576013,,0.000642328295576013,3.0,5,3.0,5,509.9693797494414,45.177861755351984,993.9252532234593,
14588402.02,4541666.66,14589152.02,4541666.66,14589152.02,4540916.66,14588402.02,4540916.66,3969694.1833468685,6.297714344061229e-07,6.297714344061229e-07,980.9014477760342,166.10385011157547,1344.2925767016263,0.0,0.0,0.0,0.605945701236557,0.5049547510304642,,0.0006177437117769557,,0.0006177437117769557,2.5,3,2.5,3,817.4178731466951,166.10385011157547,1344.2925767016263,
14588402.02,4540916.66,14589152.02,4540916.66,14589152.02,4540166.66,14588402.02,4540166.66,3969694.1833468685,3.7786286064367375e-07,3.7786286064367375e-07,1472.0514171832845,863.7845490733,1344.2925767016263,0.0,0.0,0.0,0.8188043995637325,0.6141032996727993,,0.0005562335595114498,,0.0005562335595114498,1.5,2,1.5,2,1104.0385628874633,863.7845490733,1344.2925767016263,
14588402.02,4540166.66,14589152.02,4540166.66,14589152.02,4539416.66,14588402.02,4539416.66,3969694.1833468685,1.259542868812246e-07,1.259542868812246e-07,1727.5690981466,863.7845490733,863.7845490733,0.0,0.0,0.0,0.37590993802384226,0.18795496901192113,,0.0002175947337950953,,0.0002175947337950953,0.5,1,0.5,1,863.7845490733,863.7845490733,863.7845490733,
14588402.02,4539416.66,14589152.02,4539416.66,14589152.02,4538666.66,14588402.02,4538666.66,3969694.1833468685,1.259542868812246e-07,1.259542868812246e-07,1727.5690981466,863.7845490733,863.7845490733,0.0,0.0,0.0,0.37590993802384226,0.18795496901192113,,0.0002175947337950953,,0.0002175947337950953,0.5,1,0.5,1,863.7845490733,863.7845490733,863.7845490733,
14588402.02,4538666.66,14589152.02,4538666.66,14589152.02,4537916.66,14588402.02,4537916.66,3969694.1833468685,1.259542868812246e-07,1.259542868812246e-07,598.0641051596006,299.0320525798003,299.0320525798003,0.0,0.0,0.0,0.04505141420979581,0.022525707104897905,,7.53287378746352e-05,,7.53287378746352e-05,0.5,1,0.5,1,299.0320525798003,299.0320525798003,299.0320525798003,
14588402.02,4537916.66,14589152.02,4537916.66,14589152.02,4537166.66,14588402.02,4537166.66,3969694.1833468685,1.259542868812246e-07,1.259542868812246e-07,598.0641051596006,299.0320525798003,299.0320525798003,0.0,0.0,0.0,0.04505141420979581,0.022525707104897905,,7.53287378746352e-05,,7.53287378746352e-05,0.5,1,0.5,1,299.0320525798003,299.0320525798003,299.0320525798003,
14588402.02,4537166.66,14589152.02,4537166.66,14589152.02,4536416.66,14588402.02,4536416.66,3969694.1833468685,1.259542868812246e-07,1.259542868812246e-07,598.0641051596006,299.0320525798003,299.0320525798003,0.0,0.0,0.0,0.04505141420979581,0.022525707104897905,,7.53287378746352e-05,,7.53287378746352e-05,0.5,1,0.5,1,299.0320525798003,299.0320525798003,299.0320525798003,
14588402.02,4536416.66,14589152.02,4536416.66,14589152.02,4535666.66,14588402.02,4535666.66,3969694.1833468685,0.0,0.0,0.0,0.0,0.0,0.0,0.0,0.0,0.0,0.0,,0.0,,0.0,0.0,0,0.0,0,0.0,0.0,0.0,
14588402.02,4535666.66,14589152.02,4535666.66,14589152.02,4534916.66,14588402.02,4534916.66,3969694.1833468685,0.0,0.0,0.0,0.0,0.0,0.0,0.0,0.0,0.0,0.0,,0.0,,0.0,0.0,0,0.0,0,0.0,0.0,0.0,
14588402.02,4534916.66,14589152.02,4534916.66,14589152.02,4534166.66,14588402.02,4534166.66,3969694.1833468685,0.0,0.0,0.0,0.0,0.0,0.0,0.0,0.0,0.0,0.0,,0.0,,0.0,0.0,0,0.0,0,0.0,0.0,0.0,
14588402.02,4534166.66,14589152.02,4534166.66,14589152.02,4533416.66,14588402.02,4533416.66,3969694.1833468685,0.0,0.0,0.0,0.0,0.0,0.0,0.0,0.0,0.0,0.0,,0.0,,0.0,0.0,0,0.0,0,0.0,0.0,0.0,
14588402.02,4533416.66,14589152.02,4533416.66,14589152.02,4532666.66,14588402.02,4532666.66,3969694.1833468685,0.0,0.0,0.0,0.0,0.0,0.0,0.0,0.0,0.0,0.0,,0.0,,0.0,0.0,0,0.0,0,0.0,0.0,0.0,
14589152.02,4555166.66,14589902.02,4555166.66,14589902.02,4554416.66,14589152.02,4554416.66,3969694.1833468685,0.0,0.0,0.0,0.0,0.0,0.0,0.0,0.0,0.0,0.0,,0.0,,0.0,0.0,0,0.0,0,0.0,0.0,0.0,
14589152.02,4554416.66,14589902.02,4554416.66,14589902.02,4553666.66,14589152.02,4553666.66,3969694.1833468685,0.0,0.0,0.0,0.0,0.0,0.0,0.0,0.0,0.0,0.0,,0.0,,0.0,0.0,0,0.0,0,0.0,0.0,0.0,
14589152.02,4553666.66,14589902.02,4553666.66,14589902.02,4552916.66,14589152.02,4552916.66,3969694.1833468685,0.0,0.0,0.0,0.0,0.0,0.0,0.0,0.0,0.0,0.0,,0.0,,0.0,0.0,0,0.0,0,0.0,0.0,0.0,
14589152.02,4552916.66,14589902.02,4552916.66,14589902.02,4552166.66,14589152.02,4552166.66,3969694.1833468685,0.0,0.0,0.0,0.0,0.0,0.0,0.0,0.0,0.0,0.0,,0.0,,0.0,0.0,0,0.0,0,0.0,0.0,0.0,
14589152.02,4552166.66,14589902.02,4552166.66,14589902.02,4551416.66,14589152.02,4551416.66,3969694.1833468685,0.0,0.0,0.0,0.0,0.0,0.0,0.0,0.0,0.0,0.0,,0.0,,0.0,0.0,0,0.0,0,0.0,0.0,0.0,
14589152.02,4551416.66,14589902.02,4551416.66,14589902.02,4550666.66,14589152.02,4550666.66,3969694.1833468685,1.259542868812246e-07,1.259542868812246e-07,238.0671946946711,119.03359734733554,119.03359734733554,0.0,0.0,0.0,0.007138583801688047,0.0035692919008440236,,2.998558373758095e-05,,2.998558373758095e-05,0.5,1,0.5,1,119.03359734733554,119.03359734733554,119.03359734733554,
14589152.02,4550666.66,14589902.02,4550666.66,14589902.02,4549916.66,14589152.02,4549916.66,3969694.1833468685,3.7786286064367375e-07,3.7786286064367375e-07,1786.2111676176885,421.96660762408726,1180.504809240515,0.0,0.0,0.0,1.2055904767324586,0.6027952383662293,,0.0006749428615096964,,0.0006749428615096964,1.5,3,1.5,3,893.1055838088442,421.96660762408726,1180.504809240515,
14589152.02,4549916.66,14589902.02,4549916.66,14589902.02,4549166.66,14589152.02,4549166.66,3969694.1833468685,6.297714344061229e-07,6.297714344061229e-07,1890.4275955591268,399.8310311585393,1623.1847515926916,0.0,0.0,0.0,2.2506245626196093,1.4066403516372556,,0.0011905372984961891,,0.0011905372984961891,2.5,4,2.5,4,1181.5172472244542,399.8310311585393,1623.1847515926916,
14589152.02,4549166.66,14589902.02,4549166.66,14589902.02,4548416.66,14589152.02,4548416.66,3969694.1833468685,6.297714344061229e-07,6.297714344061229e-07,2156.018081020397,1107.629791026209,1828.3939411459075,0.0,0.0,0.0,2.927438330884077,1.8296489568025482,,0.0013577985994897518,,0.0013577985994897518,2.5,4,2.5,4,1347.511300637748,1107.629791026209,1828.3939411459075,
14589152.02,4548416.66,14589902.02,4548416.66,14589902.02,4547666.66,14589152.02,4547666.66,3969694.1833468685,5.038171475248984e-07,5.038171475248984e-07,1113.3339082286907,355.6783333025699,1118.1039530922246,0.0,0.0,0.0,0.6244875972620801,0.4163250648413868,,0.0005609167138865259,,0.0005609167138865259,2.0,3,2.0,3,742.2226054857938,355.6783333025699,1118.1039530922246,
14589152.02,4547666.66,14589902.02,4547666.66,14589902.02,4546916.66,14589152.02,4546916.66,3969694.1833468685,3.7786286064367375e-07,3.7786286064367375e-07,1681.8136856960975,309.0794552528465,1605.3930281549178,0.0,0.0,0.0,1.0687840710477496,0.5343920355238748,,0.0006354949303468079,,0.0006354949303468079,1.5,3,1.5,3,840.9068428480488,309.0794552528465,1605.3930281549178,
14589152.02,4546916.66,14589902.02,4546916.66,14589902.02,4546166.66,14589152.02,4546166.66,3969694.1833468685,7.557257212873475e-07,2.519085737624492e-07,1190.6642171326257,125.1822932184098,2254.8810885771413,1.3333333333333333,2.0,2.519085737624492e-07,1.0713782063419262,1.0713782063419262,,0.0008998155743035885,,0.0008998155743035885,3.0,5,1.0,3,1190.6642171326257,327.52075828681933,2254.8810885771413,
14589152.02,4546166.66,14589902.02,4546166.66,14589902.02,4545416.66,14589152.02,4545416.66,3969694.1833468685,1.763360016337144e-06,1.2595428688122458e-06,608.4767072939883,87.60566972401632,2035.7469042162904,0.5714285714285714,0.4,2.519085737624492e-07,0.6528732954059087,0.57126413348017,,0.0010729634965146988,,0.0010729634965146988,7.0,10,5.0,8,532.4171188822397,87.60566972401632,2035.7469042162904,
14589152.02,4545416.66,14589902.02,4545416.66,14589902.02,4544666.66,14589152.02,4544666.66,3969694.1833468685,1.6374057294559196e-06,1.6374057294559196e-06,725.0204480696733,143.86240059470887,926.3213195850053,0.0,0.0,0.0,0.8607099358202427,0.6216238425368419,,0.001187152635641981,,0.001187152635641981,6.5,9,6.5,9,523.6258791614307,143.86240059470887,926.3213195850053,
14589152.02,4544666.66,14589902.02,4544666.66,14589902.02,4543916.66,14589152.02,4543916.66,3969694.1833468685,1.763360016337144e-06,1.763360016337144e-06,483.20145624365915,129.2413348903761,898.2135710559979,0.0,0.0,0.0,0.4117157281455851,0.36025126212738695,,0.0008520581277759506,,0.0008520581277759506,7.0,8,7.0,8,422.80127421320174,129.2413348903761,898.2135710559979,
14589152.02,4543916.66,14589902.02,4543916.66,14589902.02,4543166.66,14589152.02,4543166.66,3969694.1833468685,1.511451442574695e-06,1.0076342950497967e-06,516.0699826818708,98.0592521875339,770.0061395819391,0.6666666666666666,0.5,2.519085737624492e-07,0.40254218293569977,0.3450361568020283,,0.0007800147197940114,,0.0007800147197940114,6.0,9,4.0,7,442.3456994416035,245.67950324986452,770.0061395819391,
14589152.02,4543166.66,14589902.02,4543166.66,14589902.02,4542416.66,14589152.02,4542416.66,3969694.1833468685,1.6374057294559196e-06,1.1335885819310212e-06,444.02235950895977,152.09824503288527,941.8571926268838,0.6153846153846154,0.4444444444444444,2.519085737624492e-07,0.322824127790853,0.4196713661281089,,0.0007270447554665068,,0.0007270447554665068,6.5,7,4.5,5,577.2290673616477,245.67950324986452,941.8571926268838,
14589152.02,4542416.66,14589902.02,4542416.66,14589902.02,4541666.66,14589152.02,4541666.66,3969694.1833468685,1.511451442574695e-06,1.0076342950497967e-06,631.6786670308211,118.8267833479267,989.6737867685101,0.6666666666666666,0.5,2.519085737624492e-07,0.6030962385804052,0.6030962385804052,,0.0009547516325273949,,0.0009547516325273949,6.0,8,4.0,6,631.6786670308211,118.8267833479267,989.6737867685101,
14589152.02,4541666.66,14589902.02,4541666.66,14589902.02,4540916.66,14589152.02,4540916.66,3969694.1833468685,5.038171475248984e-07,5.038171475248984e-07,1670.205945378456,281.3379923559276,1322.441242598419,0.0,0.0,0.0,1.4054422185366564,0.7027211092683282,,0.0008414783951796998,,0.0008414783951796998,2.0,4,2.0,4,835.102972689228,281.3379923559276,1322.441242598419,
14589152.02,4540916.66,14589902.02,4540916.66,14589902.02,4540166.66,14589152.02,4540166.66,3969694.1833468685,3.7786286064367375e-07,3.7786286064367375e-07,1555.7571933847619,83.08243391738046,939.1719067826193,0.0,0.0,0.0,0.9145718787062068,0.34296445451482754,,0.0005878628635593392,,0.0005878628635593392,1.5,4,1.5,4,583.4089475192857,83.08243391738046,939.1719067826193,
14589152.02,4540166.66,14589902.02,4540166.66,14589902.02,4539416.66,14589152.02,4539416.66,3969694.1833468685,5.038171475248984e-07,5.038171475248984e-07,874.0961353818412,171.99183070896225,833.7165320593869,0.0,0.0,0.0,0.3849384958139525,0.25662566387596836,,0.0004403846215906166,,0.0004403846215906166,2.0,3,2.0,3,582.7307569212275,171.99183070896225,833.7165320593869,
14589152.02,4539416.66,14589902.02,4539416.66,14589902.02,4538666.66,14589152.02,4538666.66,3969694.1833468685,1.259542868812246e-07,1.259542868812246e-07,911.7118943460753,455.85594717303763,455.85594717303763,0.0,0.0,0.0,0.10469554327120795,0.052347771635603974,,0.00011483402149349027,,0.00011483402149349027,0.5,1,0.5,1,455.85594717303763,455.85594717303763,455.85594717303763,
14589152.02,4538666.66,14589902.02,4538666.66,14589902.02,4537916.66,14589152.02,4537916.66,3969694.1833468685,1.259542868812246e-07,1.259542868812246e-07,1620.3433676691063,810.1716838345532,810.1716838345532,0.0,0.0,0.0,0.3306945709021442,0.1653472854510721,,0.00020408919337748418,,0.00020408919337748418,0.5,1,0.5,1,810.1716838345532,810.1716838345532,810.1716838345532,
14589152.02,4537916.66,14589902.02,4537916.66,14589902.02,4537166.66,14589152.02,4537166.66,3969694.1833468685,5.038171475248984e-07,5.038171475248984e-07,987.1028671455807,158.94486252050655,1524.1995569917601,0.0,0.0,0.0,0.4909053571000918,0.3272702380667279,,0.0004973193508389351,,0.0004973193508389351,2.0,3,2.0,3,658.0685780970538,158.94486252050655,1524.1995569917601,
14589152.02,4537166.66,14589902.02,4537166.66,14589902.02,4536416.66,14589152.02,4536416.66,3969694.1833468685,3.7786286064367375e-07,3.7786286064367375e-07,927.4867612582889,285.6911340990237,1105.5390077884097,0.0,0.0,0.0,0.3250496080723747,0.24378720605428106,,0.0003504628008181931,,0.0003504628008181931,1.5,2,1.5,2,695.6150709437167,285.6911340990237,1105.5390077884097,
14589152.02,4536416.66,14589902.02,4536416.66,14589902.02,4535666.66,14589152.02,4535666.66,3969694.1833468685,1.259542868812246e-07,1.259542868812246e-07,772.2432202514825,386.12161012574126,386.12161012574126,0.0,0.0,0.0,0.07511404703744534,0.03755702351872267,,9.726734410563593e-05,,9.726734410563593e-05,0.5,1,0.5,1,386.12161012574126,386.12161012574126,386.12161012574126,
14589152.02,4535666.66,14589902.02,4535666.66,14589902.02,4534916.66,14589152.02,4534916.66,3969694.1833468685,0.0,0.0,0.0,0.0,0.0,0.0,0.0,0.0,0.0,0.0,,0.0,,0.0,0.0,0,0.0,0,0.0,0.0,0.0,
14589152.02,4534916.66,14589902.02,4534916.66,14589902.02,4534166.66,14589152.02,4534166.66,3969694.1833468685,0.0,0.0,0.0,0.0,0.0,0.0,0.0,0.0,0.0,0.0,,0.0,,0.0,0.0,0,0.0,0,0.0,0.0,0.0,
14589152.02,4534166.66,14589902.02,4534166.66,14589902.02,4533416.66,14589152.02,4533416.66,3969694.1833468685,0.0,0.0,0.0,0.0,0.0,0.0,0.0,0.0,0.0,0.0,,0.0,,0.0,0.0,0,0.0,0,0.0,0.0,0.0,
14589152.02,4533416.66,14589902.02,4533416.66,14589902.02,4532666.66,14589152.02,4532666.66,3969694.1833468685,0.0,0.0,0.0,0.0,0.0,0.0,0.0,0.0,0.0,0.0,,0.0,,0.0,0.0,0,0.0,0,0.0,0.0,0.0,
14589902.02,4555166.66,14590652.02,4555166.66,14590652.02,4554416.66,14589902.02,4554416.66,3969694.1833468685,0.0,0.0,0.0,0.0,0.0,0.0,0.0,0.0,0.0,0.0,,0.0,,0.0,0.0,0,0.0,0,0.0,0.0,0.0,
14589902.02,4554416.66,14590652.02,4554416.66,14590652.02,4553666.66,14589902.02,4553666.66,3969694.1833468685,0.0,0.0,0.0,0.0,0.0,0.0,0.0,0.0,0.0,0.0,,0.0,,0.0,0.0,0,0.0,0,0.0,0.0,0.0,
14589902.02,4553666.66,14590652.02,4553666.66,14590652.02,4552916.66,14589902.02,4552916.66,3969694.1833468685,0.0,0.0,0.0,0.0,0.0,0.0,0.0,0.0,0.0,0.0,,0.0,,0.0,0.0,0,0.0,0,0.0,0.0,0.0,
14589902.02,4552916.66,14590652.02,4552916.66,14590652.02,4552166.66,14589902.02,4552166.66,3969694.1833468685,0.0,0.0,0.0,0.0,0.0,0.0,0.0,0.0,0.0,0.0,,0.0,,0.0,0.0,0,0.0,0,0.0,0.0,0.0,
14589902.02,4552166.66,14590652.02,4552166.66,14590652.02,4551416.66,14589902.02,4551416.66,3969694.1833468685,0.0,0.0,0.0,0.0,0.0,0.0,0.0,0.0,0.0,0.0,,0.0,,0.0,0.0,0,0.0,0,0.0,0.0,0.0,
14589902.02,4551416.66,14590652.02,4551416.66,14590652.02,4550666.66,14589902.02,4550666.66,3969694.1833468685,1.259542868812246e-07,1.259542868812246e-07,774.553953185503,387.2769765927515,387.2769765927515,0.0,0.0,0.0,0.07556423727954319,0.03778211863977159,,9.755839082451343e-05,,9.755839082451343e-05,0.5,1,0.5,1,387.2769765927515,387.2769765927515,387.2769765927515,
14589902.02,4550666.66,14590652.02,4550666.66,14590652.02,4549916.66,14589902.02,4549916.66,3969694.1833468685,3.7786286064367375e-07,3.7786286064367375e-07,2703.179520010538,288.2354607442964,1607.3986105845634,0.0,0.0,0.0,2.761111755683287,1.0354169083812326,,0.0010214311462645748,,0.0010214311462645748,1.5,4,1.5,4,1013.6923200039517,288.2354607442964,1607.3986105845634,
14589902.02,4549916.66,14590652.02,4549916.66,14590652.02,4549166.66,14589902.02,4549166.66,3969694.1833468685,5.038171475248984e-07,5.038171475248984e-07,3066.2322088609367,190.4045645617909,2097.662727766145,0.0,0.0,0.0,4.736777960426933,1.894711184170773,,0.0015448203651172853,,0.0015448203651172853,2.0,5,2.0,5,1226.4928835443748,190.4045645617909,2097.662727766145,
14589902.02,4549166.66,14590652.02,4549166.66,14590652.02,4548416.66,14589902.02,4548416.66,3969694.1833468685,8.81680008168572e-07,8.81680008168572e-07,1463.949035910517,41.985157089550384,1758.0949245072027,0.0,0.0,0.0,1.8895696702705502,0.9447848351352751,,0.001290734597939958,,0.001290734597939958,3.5,7,3.5,7,731.9745179552585,41.985157089550384,1758.0949245072027,
14589902.02,4548416.66,14590652.02,4548416.66,14590652.02,4547666.66,14589902.02,4547666.66,3969694.1833468685,8.81680008168572e-07,8.81680008168572e-07,911.3812704961326,170.31489308934724,902.0836589026579,0.0,0.0,0.0,0.7323373631487073,0.42719679517007925,,0.0008035466460157137,,0.0008035466460157137,3.5,6,3.5,6,531.6390744560773,170.31489308934724,902.0836589026579,
14589902.02,4547666.66,14590652.02,4547666.66,14590652.02,4546916.66,14589902.02,4546916.66,3969694.1833468685,7.557257212873475e-07,7.557257212873475e-07,768.7221147250698,148.15663866263068,627.6624910614152,0.0,0.0,0.0,0.44658378885687683,0.22329189442843841,,0.0005809430746201384,,0.0005809430746201384,3.0,6,3.0,6,384.3610573625349,148.15663866263068,627.6624910614152,
14589902.02,4546916.66,14590652.02,4546916.66,14590652.02,4546166.66,14589902.02,4546166.66,3969694.1833468685,3.7786286064367375e-07,3.7786286064367375e-07,2631.366779207707,226.2789554252676,1975.1027727436867,0.0,0.0,0.0,2.61635688049912,0.9811338301871699,,0.0009942957785941545,,0.0009942957785941545,1.5,4,1.5,4,986.7625422028901,226.2789554252676,1975.1027727436867,
14589902.02,4546166.66,14590652.02,4546166.66,14590652.02,4545416.66,14589902.02,4545416.66,3969694.1833468685,1.6374057294559196e-06,1.1335885819310212e-06,748.3883562397967,56.73511720113424,1838.6816243185885,0.6153846153846154,0.4444444444444444,2.519085737624492e-07,0.9170866037192098,0.745132865521858,,0.001225415382365141,,0.001225415382365141,6.5,10,4.5,8,608.0655394448348,56.73511720113424,1904.2453816865618,
14589902.02,4545416.66,14590652.02,4545416.66,14590652.02,4544666.66,14589902.02,4544666.66,3969694.1833468685,4.282445753961636e-06,2.2671771638620423e-06,361.8928539765722,7.65793070701602,1208.1168511442595,0.9411764705882353,0.8888888888888888,1.0076342950497967e-06,0.560856665293832,0.8667784827268312,,0.0015497865159010298,,0.0015497865159010298,17.0,19,9.0,11,559.2889561456116,223.88647627972864,1273.6806085122328,
14589902.02,4544666.66,14590652.02,4544666.66,14590652.02,4543916.66,14589902.02,4543916.66,3969694.1833468685,4.282445753961636e-06,2.2671771638620423e-06,360.3001727122438,4.604996880378289,898.2135710559979,0.9411764705882353,0.8888888888888888,1.0076342950497967e-06,0.5559308963944947,0.7875687698922008,,0.0015429659447831925,,0.0015429659447831925,17.0,20,9.0,12,510.4252446756787,4.604996880378289,898.2135710559979,
14589902.02,4543916.66,14590652.02,4543916.66,14590652.02,4543166.66,14589902.02,4543166.66,3969694.1833468685,2.393131450743267e-06,1.3854971556934704e-06,534.3253074031261,27.517282640437486,927.080357453538,0.8421052631578947,0.7272727272727273,5.038171475248984e-07,0.6832474868283154,0.7212056805409994,,0.0012787106980744853,,0.0012787106980744853,9.5,13,5.5,9,564.0100467032997,222.81166471565777,1612.9009574125903,
14589902.02,4543166.66,14590652.02,4543166.66,14590652.02,4542416.66,14589902.02,4542416.66,3969694.1833468685,2.2671771638620423e-06,1.2595428688122458e-06,596.8042422871163,104.20196897827131,1657.2777080440646,0.8888888888888888,0.8,5.038171475248984e-07,0.807512514680527,0.9084515790155928,,0.0013530609494093395,,0.0013530609494093395,9.0,12,5.0,8,671.4047725730057,104.20196897827131,1951.6566824995039,
14589902.02,4542416.66,14590652.02,4542416.66,14590652.02,4541666.66,14589902.02,4541666.66,3969694.1833468685,1.763360016337144e-06,1.2595428688122458e-06,717.5364776819222,152.09824503288527,1280.7587271624493,0.5714285714285714,0.4,2.519085737624492e-07,0.9078810636719372,0.7943959307129451,,0.0012652751350076912,,0.0012652751350076912,7.0,10,5.0,8,627.8444179716819,237.83275501918177,1280.7587271624493,
14589902.02,4541666.66,14590652.02,4541666.66,14590652.02,4540916.66,14589902.02,4540916.66,3969694.1833468685,1.3854971556934704e-06,1.3854971556934704e-06,696.6906661850952,58.245499081331175,1609.5822157871849,0.0,0.0,0.0,0.6724896782026519,0.4109659144571761,,0.0009652629363976384,,0.0009652629363976384,5.5,9,5.5,9,425.75540711311373,58.245499081331175,1609.5822157871849,
14589902.02,4540916.66,14590652.02,4540916.66,14590652.02,4540166.66,14589902.02,4540166.66,3969694.1833468685,7.557257212873475e-07,7.557257212873475e-07,1115.9169335556546,196.54999999981374,1863.7935326717327,0.0,0.0,0.0,0.9410830243449848,0.5646498146069909,,0.0008433271295081121,,0.0008433271295081121,3.0,5,3.0,5,669.5501601333928,196.54999999981374,1863.7935326717327,
14589902.02,4540166.66,14590652.02,4540166.66,14590652.02,4539416.66,14589902.02,4539416.66,3969694.1833468685,3.7786286064367375e-07,3.7786286064367375e-07,673.9589122770225,5.641990411996714,742.4839079953333,0.0,0.0,0.0,0.1716331011125919,0.08581655055629595,,0.0002546640425492945,,0.0002546640425492945,1.5,3,1.5,3,336.97945613851124,5.641990411996714,742.4839079953333,
14589902.02,4539416.66,14590652.02,4539416.66,14590652.02,4538666.66,14589902.02,4538666.66,3969694.1833468685,3.7786286064367375e-07,3.7786286064367375e-07,628.7737071470568,113.58852938204792,612.7846390740568,0.0,0.0,0.0,0.14939049075543367,0.07469524537771684,,0.00023759023168011444,,0.00023759023168011444,1.5,3,1.5,3,314.3868535735284,113.58852938204792,612.7846390740568,
14589902.02,4538666.66,14590652.02,4538666.66,14590652.02,4537916.66,14589902.02,4537916.66,3969694.1833468685,1.259542868812246e-07,1.259542868812246e-07,1925.0712458343044,962.5356229171522,962.5356229171522,0.0,0.0,0.0,0.46677390377885214,0.23338695188942607,,0.00024247097596461037,,0.00024247097596461037,0.5,1,0.5,1,962.5356229171522,962.5356229171522,962.5356229171522,
14589902.02,4537916.66,14590652.02,4537916.66,14590652.02,4537166.66,14589902.02,4537166.66,3969694.1833468685,5.038171475248984e-07,5.038171475248984e-07,904.9453455453919,285.6911340990237,1524.1995569917601,0.0,0.0,0.0,0.41258900086546624,0.41258900086546624,,0.0004559269826586128,,0.0004559269826586128,2.0,2,2.0,2,904.9453455453919,285.6911340990237,1524.1995569917601,
14589902.02,4537166.66,14590652.02,4537166.66,14590652.02,4536416.66,14589902.02,4536416.66,3969694.1833468685,5.038171475248984e-07,5.038171475248984e-07,1011.4029414636067,285.6911340990237,1299.0302916015053,0.0,0.0,0.0,0.5153726522776088,0.3435817681850725,,0.000509562144966486,,0.000509562144966486,2.0,3,2.0,3,674.2686276424045,285.6911340990237,1299.0302916015053,
14589902.02,4536416.66,14590652.02,4536416.66,14590652.02,4535666.66,14589902.02,4535666.66,3969694.1833468685,5.038171475248984e-07,5.038171475248984e-07,634.1180364272067,285.6911340990237,532.8259155325243,0.0,0.0,0.0,0.2025877387780431,0.1350584925186954,,0.00031947954030684485,,0.00031947954030684485,2.0,3,2.0,3,422.7453576181378,285.6911340990237,532.8259155325243,
14589902.02,4535666.66,14590652.02,4535666.66,14590652.02,4534916.66,14589902.02,4534916.66,3969694.1833468685,1.259542868812246e-07,1.259542868812246e-07,64.08876927280626,32.04438463640313,32.04438463640313,0.0,0.0,0.0,0.0005173409030012549,0.00025867045150062743,,8.072255230851651e-06,,8.072255230851651e-06,0.5,1,0.5,1,32.04438463640313,32.04438463640313,32.04438463640313,
14589902.02,4534916.66,14590652.02,4534916.66,14590652.02,4534166.66,14589902.02,4534166.66,3969694.1833468685,0.0,0.0,0.0,0.0,0.0,0.0,0.0,0.0,0.0,0.0,,0.0,,0.0,0.0,0,0.0,0,0.0,0.0,0.0,
14589902.02,4534166.66,14590652.02,4534166.66,14590652.02,4533416.66,14589902.02,4533416.66,3969694.1833468685,0.0,0.0,0.0,0.0,0.0,0.0,0.0,0.0,0.0,0.0,,0.0,,0.0,0.0,0,0.0,0,0.0,0.0,0.0,
14589902.02,4533416.66,14590652.02,4533416.66,14590652.02,4532666.66,14589902.02,4532666.66,3969694.1833468685,0.0,0.0,0.0,0.0,0.0,0.0,0.0,0.0,0.0,0.0,,0.0,,0.0,0.0,0,0.0,0,0.0,0.0,0.0,
14590652.02,4555166.66,14591402.02,4555166.66,14591402.02,4554416.66,14590652.02,4554416.66,3969694.1833468685,0.0,0.0,0.0,0.0,0.0,0.0,0.0,0.0,0.0,0.0,,0.0,,0.0,0.0,0,0.0,0,0.0,0.0,0.0,
14590652.02,4554416.66,14591402.02,4554416.66,14591402.02,4553666.66,14590652.02,4553666.66,3969694.1833468685,0.0,0.0,0.0,0.0,0.0,0.0,0.0,0.0,0.0,0.0,,0.0,,0.0,0.0,0,0.0,0,0.0,0.0,0.0,
14590652.02,4553666.66,14591402.02,4553666.66,14591402.02,4552916.66,14590652.02,4552916.66,3969694.1833468685,0.0,0.0,0.0,0.0,0.0,0.0,0.0,0.0,0.0,0.0,,0.0,,0.0,0.0,0,0.0,0,0.0,0.0,0.0,
14590652.02,4552916.66,14591402.02,4552916.66,14591402.02,4552166.66,14590652.02,4552166.66,3969694.1833468685,1.259542868812246e-07,1.259542868812246e-07,499.0360791598834,249.5180395799417,249.5180395799417,0.0,0.0,0.0,0.031367278787871905,0.015683639393935953,,6.285573347858545e-05,,6.285573347858545e-05,0.5,1,0.5,1,249.5180395799417,249.5180395799417,249.5180395799417,
14590652.02,4552166.66,14591402.02,4552166.66,14591402.02,4551416.66,14590652.02,4551416.66,3969694.1833468685,1.259542868812246e-07,1.259542868812246e-07,235.78797699355826,117.89398849677913,117.89398849677913,0.0,0.0,0.0,0.007002550766749685,0.0035012753833748426,,2.969850649739022e-05,,2.969850649739022e-05,0.5,1,0.5,1,117.89398849677913,117.89398849677913,117.89398849677913,
14590652.02,4551416.66,14591402.02,4551416.66,14591402.02,4550666.66,14590652.02,4550666.66,3969694.1833468685,2.519085737624492e-07,2.519085737624492e-07,409.37720812200416,102.74511714973274,306.63209097227144,0.0,0.0,0.0,0.04221728193391235,0.021108640966956176,,0.00010312562862886738,,0.00010312562862886738,1.0,2,1.0,2,204.68860406100208,102.74511714973274,306.63209097227144,
14590652.02,4550666.66,14591402.02,4550666.66,14591402.02,4549916.66,14590652.02,4549916.66,3969694.1833468685,3.7786286064367375e-07,3.7786286064367375e-07,1480.6068954038956,621.6901346340936,1599.2202084717496,0.0,0.0,0.0,0.8283497459000647,0.6212623094250486,,0.0005594663569860646,,0.0005594663569860646,1.5,2,1.5,2,1110.4551715529217,621.6901346340936,1599.2202084717496,
14590652.02,4549916.66,14591402.02,4549916.66,14591402.02,4549166.66,14590652.02,4549166.66,3969694.1833468685,7.557257212873475e-07,7.557257212873475e-07,1917.279567529349,438.30373513445227,2121.5931795393913,0.0,0.0,0.0,2.7780182328551364,1.6668109397130817,,0.0014489374840806109,,0.0014489374840806109,3.0,5,3.0,5,1150.3677405176093,438.30373513445227,2121.5931795393913,
14590652.02,4549166.66,14591402.02,4549166.66,14591402.02,4548416.66,14590652.02,4548416.66,3969694.1833468685,8.81680008168572e-07,8.81680008168572e-07,1655.6271238367056,135.89787287409814,1673.5034577405308,0.0,0.0,0.0,2.416774104763577,1.2083870523817886,,0.001459733336068456,,0.001459733336068456,3.5,7,3.5,7,827.8135619183528,135.89787287409814,1673.5034577405308,
14590652.02,4548416.66,14591402.02,4548416.66,14591402.02,4547666.66,14590652.02,4547666.66,3969694.1833468685,1.1335885819310212e-06,1.1335885819310212e-06,880.0669394159468,47.67844081601673,831.5138678638032,0.0,0.0,0.0,0.8779845548202365,0.5644186423844378,,0.000997633833856897,,0.000997633833856897,4.5,7,4.5,7,565.7573181959658,47.67844081601673,831.5138678638032,
14590652.02,4547666.66,14591402.02,4547666.66,14591402.02,4546916.66,14590652.02,4546916.66,3969694.1833468685,1.0076342950497967e-06,1.0076342950497967e-06,1026.2757549555322,627.6624910614152,1135.3208022197643,0.0,0.0,0.0,1.061282684825413,0.8490261478603305,,0.0010341106468713156,,0.0010341106468713156,4.0,5,4.0,5,821.0206039644257,627.6624910614152,1135.3208022197643,
14590652.02,4546916.66,14591402.02,4546916.66,14591402.02,4546166.66,14590652.02,4546166.66,3969694.1833468685,5.038171475248984e-07,5.038171475248984e-07,1906.3600352049532,91.95901027261704,1616.644649487381,0.0,0.0,0.0,1.8309766022140332,0.7323906408856132,,0.0009604568750924242,,0.0009604568750924242,2.0,5,2.0,5,762.5440140819812,91.95901027261704,1616.644649487381,
14590652.02,4546166.66,14591402.02,4546166.66,14591402.02,4545416.66,14590652.02,4545416.66,3969694.1833468685,3.2748114589118393e-06,1.2595428688122458e-06,545.4768121079492,7.65793070701602,1724.5828309632088,1.2307692307692308,1.6,1.0076342950497967e-06,0.9744036201437717,1.407471895763226,,0.0017863337148618123,,0.0017863337148618123,13.0,17,5.0,9,787.9109508225933,81.22549202114266,1724.5828309632088,
14590652.02,4545416.66,14591402.02,4545416.66,14591402.02,4544666.66,14590652.02,4544666.66,3969694.1833468685,4.534354327724085e-06,2.5190857376244915e-06,449.89944465040963,7.65793070701602,950.464963505674,0.8888888888888888,0.8,1.0076342950497967e-06,0.9177964389865675,1.101355726783881,,0.002040003493891247,,0.002040003493891247,18.0,23,10.0,15,539.8793335804916,189.2217623047524,1281.4354703749025,
14590652.02,4544666.66,14591402.02,4544666.66,14591402.02,4543916.66,14590652.02,4543916.66,3969694.1833468685,4.786262901486534e-06,2.2671771638620423e-06,398.0342657871426,7.65793070701602,997.5342191087915,1.0526315789473684,1.1111111111111112,1.2595428688122458e-06,0.7582937422992052,1.108275469514223,,0.0019050966398574316,,0.0019050966398574316,19.0,23,9.0,13,581.7423884581315,26.539670030987626,1509.7225820462816,
14590652.02,4543916.66,14591402.02,4543916.66,14591402.02,4543166.66,14590652.02,4543166.66,3969694.1833468685,1.8893143032183687e-06,1.3854971556934704e-06,820.1783943282753,5.102082052702205,1194.5319956314554,0.5333333333333333,0.36363636363636365,2.519085737624492e-07,1.2709277480584615,1.0591064567153847,,0.001549574771595086,,0.001549574771595086,7.5,11,5.5,9,683.4819952735628,5.102082052702205,1805.0262209627308,
14590652.02,4543166.66,14591402.02,4543166.66,14591402.02,4542416.66,14590652.02,4542416.66,3969694.1833468685,1.511451442574695e-06,1.0076342950497967e-06,1063.664594044421,28.494305867847235,1675.774610964899,0.6666666666666666,0.5,2.519085737624492e-07,1.7100295131598406,1.4657395827084347,,0.0016076773850840673,,0.0016076773850840673,6.0,9,4.0,7,911.7125091809322,28.494305867847235,2163.46931866746,
14590652.02,4542416.66,14591402.02,4542416.66,14591402.02,4541666.66,14590652.02,4541666.66,3969694.1833468685,1.2595428688122458e-06,1.2595428688122458e-06,907.9164775162815,172.18997219423628,1385.9991253835376,0.0,0.0,0.0,1.0382567171088615,0.741611940792044,,0.0011435597247327661,,0.0011435597247327661,5.0,7,5.0,7,648.5117696544868,172.18997219423628,1385.9991253835376,
14590652.02,4541666.66,14591402.02,4541666.66,14591402.02,4540916.66,14590652.02,4540916.66,3969694.1833468685,1.3854971556934704e-06,1.3854971556934704e-06,886.9538843820902,196.54999999981374,2028.0835573226957,0.0,0.0,0.0,1.0899528683503528,0.7493425969908676,,0.0012288720840426613,,0.0012288720840426613,5.5,8,5.5,8,609.7807955126871,196.54999999981374,2028.0835573226957,
14590652.02,4540916.66,14591402.02,4540916.66,14591402.02,4540166.66,14590652.02,4540166.66,3969694.1833468685,1.3854971556934704e-06,1.3854971556934704e-06,713.6078866228105,196.54999999981374,1627.6194497593956,0.0,0.0,0.0,0.7055453286366606,0.5543570439288048,,0.0009887016971963324,,0.0009887016971963324,5.5,7,5.5,7,560.6919109179225,196.54999999981374,1627.6194497593956,
14590652.02,4540166.66,14591402.02,4540166.66,14591402.02,4539416.66,14590652.02,4539416.66,3969694.1833468685,1.1335885819310212e-06,1.1335885819310212e-06,737.3369761492717,196.54999999981374,945.6522815575269,0.0,0.0,0.0,0.6162933618537912,0.39618858976315147,,0.00083583677719836,,0.00083583677719836,4.5,7,4.5,7,474.00234181024604,196.54999999981374,945.6522815575269,
14590652.02,4539416.66,14591402.02,4539416.66,14591402.02,4538666.66,14590652.02,4538666.66,3969694.1833468685,6.297714344061229e-07,6.297714344061229e-07,750.0289205859102,212.00499246078482,932.2951609910982,0.0,0.0,0.0,0.35427375241849396,0.22142109526155873,,0.0004723467891634647,,0.0004723467891634647,2.5,4,2.5,4,468.7680753661939,212.00499246078482,932.2951609910982,
14590652.02,4538666.66,14591402.02,4538666.66,14591402.02,4537916.66,14590652.02,4537916.66,3969694.1833468685,5.038171475248984e-07,5.038171475248984e-07,998.0414678305018,541.6700287917344,773.225105580039,0.0,0.0,0.0,0.5018455959090818,0.3345637306060546,,0.000502830405433926,,0.000502830405433926,2.0,3,2.0,3,665.3609785536679,541.6700287917344,773.225105580039,
14590652.02,4537916.66,14591402.02,4537916.66,14591402.02,4537166.66,14590652.02,4537166.66,3969694.1833468685,6.297714344061229e-07,6.297714344061229e-07,951.3387350534622,285.6911340990237,1246.3489281790096,0.0,0.0,0.0,0.5699717327154868,0.35623233294717926,,0.0005991259597807254,,0.0005991259597807254,2.5,4,2.5,4,594.5867094084139,285.6911340990237,1246.3489281790096,
14590652.02,4537166.66,14591402.02,4537166.66,14591402.02,4536416.66,14590652.02,4536416.66,3969694.1833468685,6.297714344061229e-07,6.297714344061229e-07,1179.2834163806704,285.6911340990237,1062.5865126747126,0.0,0.0,0.0,0.8758290386603229,0.5473931491627018,,0.0007426790087054078,,0.0007426790087054078,2.5,4,2.5,4,737.052135237919,285.6911340990237,1062.5865126747126,
14590652.02,4536416.66,14591402.02,4536416.66,14591402.02,4535666.66,14590652.02,4535666.66,3969694.1833468685,6.297714344061229e-07,6.297714344061229e-07,952.0028934923021,74.44524976673604,1062.5865126747126,0.0,0.0,0.0,0.5707678396359499,0.3567298997724687,,0.0005995442277934265,,0.0005995442277934265,2.5,4,2.5,4,595.0018084326888,74.44524976673604,1062.5865126747126,
14590652.02,4535666.66,14591402.02,4535666.66,14591402.02,4534916.66,14590652.02,4534916.66,3969694.1833468685,2.519085737624492e-07,2.519085737624492e-07,846.4970536792672,407.3388842848252,439.158169394442,0.0,0.0,0.0,0.18050691786125128,0.09025345893062564,,0.00021323986548645957,,0.00021323986548645957,1.0,2,1.0,2,423.2485268396336,407.3388842848252,439.158169394442,
14590652.02,4534916.66,14591402.02,4534916.66,14591402.02,4534166.66,14590652.02,4534166.66,3969694.1833468685,0.0,0.0,0.0,0.0,0.0,0.0,0.0,0.0,0.0,0.0,,0.0,,0.0,0.0,0,0.0,0,0.0,0.0,0.0,
14590652.02,4534166.66,14591402.02,4534166.66,14591402.02,4533416.66,14590652.02,4533416.66,3969694.1833468685,0.0,0.0,0.0,0.0,0.0,0.0,0.0,0.0,0.0,0.0,,0.0,,0.0,0.0,0,0.0,0,0.0,0.0,0.0,
14590652.02,4533416.66,14591402.02,4533416.66,14591402.02,4532666.66,14590652.02,4532666.66,3969694.1833468685,0.0,0.0,0.0,0.0,0.0,0.0,0.0,0.0,0.0,0.0,,0.0,,0.0,0.0,0,0.0,0,0.0,0.0,0.0,
14591402.02,4555166.66,14592152.02,4555166.66,14592152.02,4554416.66,14591402.02,4554416.66,3969694.1833468685,0.0,0.0,0.0,0.0,0.0,0.0,0.0,0.0,0.0,0.0,,0.0,,0.0,0.0,0,0.0,0,0.0,0.0,0.0,
14591402.02,4554416.66,14592152.02,4554416.66,14592152.02,4553666.66,14591402.02,4553666.66,3969694.1833468685,0.0,0.0,0.0,0.0,0.0,0.0,0.0,0.0,0.0,0.0,,0.0,,0.0,0.0,0,0.0,0,0.0,0.0,0.0,
14591402.02,4553666.66,14592152.02,4553666.66,14592152.02,4552916.66,14591402.02,4552916.66,3969694.1833468685,1.259542868812246e-07,1.259542868812246e-07,633.4915131497776,316.7457565748888,316.7457565748888,0.0,0.0,0.0,0.050546903451193205,0.025273451725596602,,7.979097178408814e-05,,7.979097178408814e-05,0.5,1,0.5,1,316.7457565748888,316.7457565748888,316.7457565748888,
14591402.02,4552916.66,14592152.02,4552916.66,14592152.02,4552166.66,14591402.02,4552166.66,3969694.1833468685,1.259542868812246e-07,1.259542868812246e-07,1891.7658757263837,945.8829378631918,945.8829378631918,0.0,0.0,0.0,0.4507624470892524,0.2253812235446262,,0.00023827602182335198,,0.00023827602182335198,0.5,1,0.5,1,945.8829378631918,945.8829378631918,945.8829378631918,
14591402.02,4552166.66,14592152.02,4552166.66,14592152.02,4551416.66,14591402.02,4551416.66,3969694.1833468685,2.519085737624492e-07,2.519085737624492e-07,1446.619764940302,332.8967762516103,1113.7229886886919,0.0,0.0,0.0,0.527171275080833,0.2635856375404165,,0.0003644159217626809,,0.0003644159217626809,1.0,2,1.0,2,723.309882470151,332.8967762516103,1113.7229886886919,
14591402.02,4551416.66,14592152.02,4551416.66,14592152.02,4550666.66,14591402.02,4550666.66,3969694.1833468685,2.519085737624492e-07,2.519085737624492e-07,1110.8156810815778,236.77535755502376,874.0403235265541,0.0,0.0,0.0,0.31083288040501217,0.15541644020250608,,0.00027982399393422383,,0.00027982399393422383,1.0,2,1.0,2,555.4078405407889,236.77535755502376,874.0403235265541,
14591402.02,4550666.66,14592152.02,4550666.66,14592152.02,4549916.66,14591402.02,4549916.66,3969694.1833468685,5.038171475248984e-07,5.038171475248984e-07,1435.6865950023118,621.6901346340936,1279.4241240388333,0.0,0.0,0.0,1.0384658887408438,0.6923105924938959,,0.0007233235250337987,,0.0007233235250337987,2.0,3,2.0,3,957.1243966682079,621.6901346340936,1279.4241240388333,
14591402.02,4549916.66,14592152.02,4549916.66,14592152.02,4549166.66,14591402.02,4549166.66,3969694.1833468685,6.297714344061229e-07,6.297714344061229e-07,1518.9233051915085,323.1266373266581,2013.92945507557,0.0,0.0,0.0,1.452963314360872,0.9081020714755451,,0.0009565745086633456,,0.0009565745086633456,2.5,4,2.5,4,949.3270657446928,323.1266373266581,2013.92945507557,
14591402.02,4549166.66,14592152.02,4549166.66,14592152.02,4548416.66,14591402.02,4548416.66,3969694.1833468685,1.0076342950497967e-06,1.0076342950497967e-06,1198.1174647305686,96.51008020619012,1584.9356465092567,0.0,0.0,0.0,1.4464443788283365,0.8265396450447637,,0.0012072642469606362,,0.0012072642469606362,4.0,7,4.0,7,684.6385512746107,96.51008020619012,1584.9356465092567,
14591402.02,4548416.66,14592152.02,4548416.66,14592152.02,4547666.66,14591402.02,4547666.66,3969694.1833468685,1.2595428688122458e-06,1.2595428688122458e-06,953.5217661515959,4.536693539890356,1795.804618780833,0.0,0.0,0.0,1.1451811103472769,0.7157381939670481,,0.0012010015408135005,,0.0012010015408135005,5.0,8,5.0,8,595.9511038447474,4.536693539890356,1795.804618780833,
14591402.02,4547666.66,14592152.02,4547666.66,14592152.02,4546916.66,14591402.02,4546916.66,3969694.1833468685,7.557257212873475e-07,7.557257212873475e-07,972.6223256837433,266.76226365344803,1135.3208022197643,0.0,0.0,0.0,0.7149121403761747,0.4289472842257048,,0.0007350357086175242,,0.0007350357086175242,3.0,5,3.0,5,583.5733954102459,266.76226365344803,1135.3208022197643,
14591402.02,4546916.66,14592152.02,4546916.66,14592152.02,4546166.66,14591402.02,4546166.66,3969694.1833468685,8.81680008168572e-07,8.81680008168572e-07,1238.3105843956525,38.4186008467114,1612.4760506878858,0.0,0.0,0.0,1.351979677554698,0.788654811906907,,0.0010917936861651882,,0.0010917936861651882,3.5,6,3.5,6,722.3478408974639,38.4186008467114,1612.4760506878858,
14591402.02,4546166.66,14592152.02,4546166.66,14592152.02,4545416.66,14591402.02,4545416.66,3969694.1833468685,1.8893143032183687e-06,1.3854971556934704e-06,734.7685243761476,65.56375736797371,1320.1784898577948,0.5333333333333333,0.36363636363636365,2.519085737624492e-07,1.0200120452831496,0.8500100377359578,,0.0013882086826585104,,0.0013882086826585104,7.5,11,5.5,9,612.3071036467896,182.0280037846303,1320.1784898577948,
14591402.02,4545416.66,14592152.02,4545416.66,14592152.02,4544666.66,14591402.02,4544666.66,3969694.1833468685,4.408400040842861e-06,2.393131450743267e-06,483.74097670845515,7.65793070701602,1134.1223639964624,0.9142857142857143,0.8421052631578947,1.0076342950497967e-06,1.0315891175569811,1.2894863969462265,,0.0021325237414789185,,0.0021325237414789185,17.5,22,9.5,14,604.6762208855689,129.63901060877768,1509.7225820462816,
14591402.02,4544666.66,14592152.02,4544666.66,14592152.02,4543916.66,14591402.02,4543916.66,3969694.1833468685,4.030537180199187e-06,2.0152685900995935e-06,549.0706269887927,7.65793070701602,1287.5332592942352,1.0,1.0,1.0076342950497967e-06,1.2151205185994973,1.4955329459686122,,0.002213049576633608,,0.002213049576633608,16.0,21,8.0,13,675.7792332169756,57.08660083082518,1427.634757774176,
14591402.02,4543916.66,14592152.02,4543916.66,14592152.02,4543166.66,14591402.02,4543166.66,3969694.1833468685,2.2671771638620423e-06,1.2595428688122458e-06,854.8170123656095,110.11716017756846,1669.5880973364258,0.8888888888888888,0.8,5.038171475248984e-07,1.6566538423174946,1.6566538423174946,,0.001938021609716087,,0.001938021609716087,9.0,13,5.0,9,854.8170123656095,110.11716017756846,1898.0874549433331,
14591402.02,4543166.66,14592152.02,4543166.66,14592152.02,4542416.66,14591402.02,4542416.66,3969694.1833468685,1.763360016337144e-06,1.2595428688122458e-06,924.5747797389038,10.427666777354265,1726.0547937625151,0.5714285714285714,0.4,2.519085737624492e-07,1.507388072463473,1.172412945249368,,0.0016303581987053048,,0.0016303581987053048,7.0,11,5.0,9,719.113717574703,52.395017887410155,1736.4824605398696,
14591402.02,4542416.66,14592152.02,4542416.66,14592152.02,4541666.66,14591402.02,4541666.66,3969694.1833468685,1.6374057294559196e-06,1.6374057294559196e-06,803.6687485536694,12.908781871347887,1068.2924636008486,0.0,0.0,0.0,1.05757327371054,0.7638029199020567,,0.001315931813466447,,0.001315931813466447,6.5,9,6.5,9,580.4274295109834,12.908781871347887,1068.2924636008486,
14591402.02,4541666.66,14592152.02,4541666.66,14592152.02,4540916.66,14591402.02,4540916.66,3969694.1833468685,1.8893143032183687e-06,1.8893143032183687e-06,634.2848103077885,36.20480317466613,914.777922205153,0.0,0.0,0.0,0.7601036792864324,0.47506479955402026,,0.0011983633644286546,,0.0011983633644286546,7.5,12,7.5,12,396.4280064423678,36.20480317466613,914.777922205153,
14591402.02,4540916.66,14592152.02,4540916.66,14592152.02,4540166.66,14591402.02,4540166.66,3969694.1833468685,1.6374057294559196e-06,1.6374057294559196e-06,599.1127834085927,174.3398321299491,976.7434434369463,0.0,0.0,0.0,0.5877240712573754,0.42446738479699325,,0.000980990704143513,,0.000980990704143513,6.5,9,6.5,9,432.6925657950947,174.3398321299491,976.7434434369463,
14591402.02,4540166.66,14592152.02,4540166.66,14592152.02,4539416.66,14591402.02,4539416.66,3969694.1833468685,1.511451442574695e-06,1.511451442574695e-06,603.5921152852242,34.911481506191194,1154.5528014924685,0.0,0.0,0.0,0.5506571914222297,0.4129928935666723,,0.0009123001733745637,,0.0009123001733745637,6.0,8,6.0,8,452.69408646391815,34.911481506191194,1154.5528014924685,
14591402.02,4539416.66,14592152.02,4539416.66,14592152.02,4538666.66,14591402.02,4538666.66,3969694.1833468685,7.557257212873475e-07,7.557257212873475e-07,953.3808706564697,210.01811091953746,1664.8944030090481,0.0,0.0,0.0,0.6869056223625978,0.5151792167719483,,0.00072049444613842,,0.00072049444613842,3.0,4,3.0,4,715.0356529923523,210.01811091953746,1664.8944030090481,
14591402.02,4538666.66,14592152.02,4538666.66,14592152.02,4537916.66,14591402.02,4537916.66,3969694.1833468685,1.0076342950497967e-06,5.038171475248984e-07,899.044984867123,112.87730693699568,1666.6873120032617,1.0,1.0,2.519085737624492e-07,0.8144525472068068,0.8144525472068068,,0.0009059085595446386,,0.0009059085595446386,4.0,6,2.0,4,899.044984867123,236.26988219571822,1666.6873120032617,
14591402.02,4537916.66,14592152.02,4537916.66,14592152.02,4537166.66,14591402.02,4537166.66,3969694.1833468685,1.0076342950497967e-06,5.038171475248984e-07,834.5509961935935,123.39257525872247,1348.4866037352288,1.0,1.0,2.519085737624492e-07,0.7017924636809353,0.7017924636809353,,0.0008409222047326371,,0.0008409222047326371,4.0,6,2.0,4,834.5509961935935,379.8519159138624,1755.9079220796,
14591402.02,4537166.66,14592152.02,4537166.66,14592152.02,4536416.66,14591402.02,4536416.66,3969694.1833468685,5.038171475248984e-07,5.038171475248984e-07,1752.9964732203157,109.28236113356384,2161.8396192896034,0.0,0.0,0.0,1.5482283990612125,0.7741141995306062,,0.0008831896827590662,,0.0008831896827590662,2.0,4,2.0,4,876.4982366101578,109.28236113356384,2161.8396192896034,
14591402.02,4536416.66,14592152.02,4536416.66,14592152.02,4535666.66,14591402.02,4535666.66,3969694.1833468685,5.038171475248984e-07,5.038171475248984e-07,1637.5734863260463,502.9553045813727,1709.6051553960076,0.0,0.0,0.0,1.3510597034742522,0.9007064689828349,,0.0008250376027431918,,0.0008250376027431918,2.0,3,2.0,3,1091.7156575506976,502.9553045813727,1709.6051553960076,
14591402.02,4535666.66,14592152.02,4535666.66,14592152.02,4534916.66,14591402.02,4534916.66,3969694.1833468685,3.7786286064367375e-07,3.7786286064367375e-07,962.0660849880502,221.80391520906105,964.3954684775531,0.0,0.0,0.0,0.349738963180237,0.1748694815901185,,0.0003635290430018444,,0.0003635290430018444,1.5,3,1.5,3,481.0330424940251,221.80391520906105,964.3954684775531,
14591402.02,4534916.66,14592152.02,4534916.66,14592152.02,4534166.66,14591402.02,4534166.66,3969694.1833468685,1.259542868812246e-07,1.259542868812246e-07,427.1425601791677,213.57128008958384,213.57128008958384,0.0,0.0,0.0,0.022980456212698574,0.011490228106349287,,5.380043656398762e-05,,5.380043656398762e-05,0.5,1,0.5,1,213.57128008958384,213.57128008958384,213.57128008958384,
14591402.02,4534166.66,14592152.02,4534166.66,14592152.02,4533416.66,14591402.02,4533416.66,3969694.1833468685,0.0,0.0,0.0,0.0,0.0,0.0,0.0,0.0,0.0,0.0,,0.0,,0.0,0.0,0,0.0,0,0.0,0.0,0.0,
14591402.02,4533416.66,14592152.02,4533416.66,14592152.02,4532666.66,14591402.02,4532666.66,3969694.1833468685,0.0,0.0,0.0,0.0,0.0,0.0,0.0,0.0,0.0,0.0,,0.0,,0.0,0.0,0,0.0,0,0.0,0.0,0.0,
14592152.02,4555166.66,14592902.02,4555166.66,14592902.02,4554416.66,14592152.02,4554416.66,3969694.1833468685,0.0,0.0,0.0,0.0,0.0,0.0,0.0,0.0,0.0,0.0,,0.0,,0.0,0.0,0,0.0,0,0.0,0.0,0.0,
14592152.02,4554416.66,14592902.02,4554416.66,14592902.02,4553666.66,14592152.02,4553666.66,3969694.1833468685,0.0,0.0,0.0,0.0,0.0,0.0,0.0,0.0,0.0,0.0,,0.0,,0.0,0.0,0,0.0,0,0.0,0.0,0.0,
14592152.02,4553666.66,14592902.02,4553666.66,14592902.02,4552916.66,14592152.02,4552916.66,3969694.1833468685,1.259542868812246e-07,1.259542868812246e-07,774.5373073922866,387.2686536961433,387.2686536961433,0.0,0.0,0.0,0.07556098944084252,0.03778049472042126,,9.75562942154993e-05,,9.75562942154993e-05,0.5,1,0.5,1,387.2686536961433,387.2686536961433,387.2686536961433,
14592152.02,4552916.66,14592902.02,4552916.66,14592902.02,4552166.66,14592152.02,4552166.66,3969694.1833468685,2.519085737624492e-07,2.519085737624492e-07,1781.4722953924536,210.5104428629107,1570.961852529543,0.0,0.0,0.0,0.7994680176030948,0.3997340088015474,,0.0004487681451296295,,0.0004487681451296295,1.0,2,1.0,2,890.7361476962268,210.5104428629107,1570.961852529543,
14592152.02,4552166.66,14592902.02,4552166.66,14592902.02,4551416.66,14592152.02,4551416.66,3969694.1833468685,3.7786286064367375e-07,3.7786286064367375e-07,2146.0551819605466,602.9969205012234,1902.7100092048286,0.0,0.0,0.0,1.7402673724868967,0.8701336862434483,,0.0008109145501547919,,0.0008109145501547919,1.5,3,1.5,3,1073.0275909802733,602.9969205012234,1902.7100092048286,
14592152.02,4551416.66,14592902.02,4551416.66,14592902.02,4550666.66,14592152.02,4550666.66,3969694.1833468685,3.7786286064367375e-07,3.7786286064367375e-07,1955.8793279921738,793.8970665330088,1169.662994123555,0.0,0.0,0.0,1.4455007497990122,0.7227503748995061,,0.000739054157948949,,0.000739054157948949,1.5,3,1.5,3,977.9396639960869,793.8970665330088,1169.662994123555,
14592152.02,4550666.66,14592902.02,4550666.66,14592902.02,4549916.66,14592152.02,4549916.66,3969694.1833468685,3.7786286064367375e-07,3.7786286064367375e-07,765.9115321436994,178.60836688385268,970.2589313316965,0.0,0.0,0.0,0.22166209082236907,0.16624656811677682,,0.00028940952253579737,,0.00028940952253579737,1.5,2,1.5,2,574.4336491077746,178.60836688385268,970.2589313316965,
14592152.02,4549916.66,14592902.02,4549916.66,14592902.02,4549166.66,14592152.02,4549166.66,3969694.1833468685,5.038171475248984e-07,5.038171475248984e-07,935.7209365779634,112.32500892019316,1196.2266675274004,0.0,0.0,0.0,0.4411290294468681,0.22056451472343405,,0.0004714322531460358,,0.0004714322531460358,2.0,4,2.0,4,467.8604682889817,112.32500892019316,1196.2266675274004,
14592152.02,4549166.66,14592902.02,4549166.66,14592902.02,4548416.66,14592152.02,4548416.66,3969694.1833468685,3.7786286064367375e-07,3.7786286064367375e-07,2729.920561996814,307.06729941751587,2005.139308592991,0.0,0.0,0.0,2.8160102254513433,1.0560038345442537,,0.0010315355928861016,,0.0010315355928861016,1.5,4,1.5,4,1023.7202107488052,307.06729941751587,2005.139308592991,
14592152.02,4548416.66,14592902.02,4548416.66,14592902.02,4547666.66,14592152.02,4547666.66,3969694.1833468685,1.2595428688122458e-06,1.2595428688122458e-06,1200.9722932979735,83.65217114670611,2019.1970747079083,0.0,0.0,0.0,1.8166820700195025,1.135426293762189,,0.0015126760876645513,,0.0015126760876645513,5.0,8,5.0,8,750.6076833112334,83.65217114670611,2019.1970747079083,
14592152.02,4547666.66,14592902.02,4547666.66,14592902.02,4546916.66,14592152.02,4546916.66,3969694.1833468685,8.81680008168572e-07,8.81680008168572e-07,1167.2303091358924,83.28864855686601,1339.267255542829,0.0,0.0,0.0,1.2012242910255642,0.7007141697649125,,0.0010291236284935385,,0.0010291236284935385,3.5,6,3.5,6,680.8843469959372,83.28864855686601,1339.267255542829,
14592152.02,4546916.66,14592902.02,4546916.66,14592902.02,4546166.66,14592152.02,4546166.66,3969694.1833468685,1.1335885819310212e-06,1.1335885819310212e-06,809.5129022173912,159.59163789469662,683.7651341912483,0.0,0.0,0.0,0.7428532246198558,0.3714266123099279,,0.000917654582879478,,0.000917654582879478,4.5,9,4.5,9,404.7564511086956,159.59163789469662,683.7651341912483,
14592152.02,4546166.66,14592902.02,4546166.66,14592902.02,4545416.66,14592152.02,4545416.66,3969694.1833468685,1.511451442574695e-06,1.511451442574695e-06,885.5505509973445,403.3555373405162,1096.1059053504946,0.0,0.0,0.0,1.1852798862866627,0.8889599147149971,,0.0013384666577777524,,0.0013384666577777524,6.0,8,6.0,8,664.1629132480084,403.3555373405162,1096.1059053504946,
14592152.02,4545416.66,14592902.02,4545416.66,14592902.02,4544666.66,14592152.02,4544666.66,3969694.1833468685,2.7709943113869408e-06,2.2671771638620423e-06,690.4007786996176,65.84172256676293,1719.7414528297445,0.36363636363636365,0.2222222222222222,2.519085737624492e-07,1.3208034033238467,1.1176028797355626,,0.0019130966303537546,,0.0019130966303537546,11.0,15,9.0,13,584.1852742842918,65.84172256676293,1719.7414528297445,
14592152.02,4544666.66,14592902.02,4544666.66,14592902.02,4543916.66,14592152.02,4543916.66,3969694.1833468685,2.141222876980818e-06,1.6374057294559196e-06,921.026873548809,66.25133822194108,2079.3536448862687,0.47058823529411764,0.3076923076923077,2.519085737624492e-07,1.8163790287777573,1.5439221744610938,,0.0019721238119568287,,0.0019721238119568287,8.5,12,6.5,10,782.8728425164877,66.25133822194108,2079.3536448862687,
14592152.02,4543916.66,14592902.02,4543916.66,14592902.02,4543166.66,14592152.02,4543166.66,3969694.1833468685,2.2671771638620423e-06,1.763360016337144e-06,983.4683263971045,134.66672459182303,1746.4571799607882,0.4444444444444444,0.2857142857142857,2.519085737624492e-07,2.192836309092647,1.7941387983485293,,0.002229696930989137,,0.002229696930989137,9.0,13,7.0,11,804.6559034158128,233.81440486300468,1746.4571799607882,
14592152.02,4543166.66,14592902.02,4543166.66,14592902.02,4542416.66,14592152.02,4542416.66,3969694.1833468685,1.8893143032183687e-06,1.3854971556934704e-06,1004.7547600845878,50.86474669366549,1446.1734553003141,0.5333333333333333,0.36363636363636365,2.519085737624492e-07,1.907323488823822,1.4304926166178664,,0.0018982975394545522,,0.0018982975394545522,7.5,12,5.5,10,753.5660700634409,50.86474669366549,1446.1734553003141,
14592152.02,4542416.66,14592902.02,4542416.66,14592902.02,4541666.66,14592152.02,4541666.66,3969694.1833468685,1.8893143032183687e-06,1.3854971556934704e-06,750.9067285605863,6.797977904209541,1194.2159769908135,0.5333333333333333,0.36363636363636365,2.519085737624492e-07,1.0653104917306906,0.7989828687980179,,0.0014186988226524287,,0.0014186988226524287,7.5,12,5.5,10,563.1800464204397,255.9507226583672,1194.2159769908135,
14592152.02,4541666.66,14592902.02,4541666.66,14592902.02,4540916.66,14592152.02,4540916.66,3969694.1833468685,1.763360016337144e-06,1.2595428688122458e-06,624.2978693795995,37.799222971058526,1098.4230549417987,0.5714285714285714,0.4,2.519085737624492e-07,0.6872657393681558,0.5345400195085656,,0.001100861901148455,,0.001100861901148455,7.0,11,5.0,9,485.5650095174663,113.1349671040907,1098.4230549417987,
14592152.02,4540916.66,14592902.02,4540916.66,14592902.02,4540166.66,14592152.02,4540166.66,3969694.1833468685,1.763360016337144e-06,1.763360016337144e-06,522.0312687192634,61.952857102396514,1312.0797990906904,0.0,0.0,0.0,0.4805449564974262,0.373757188386887,,0.0009205290665373004,,0.0009205290665373004,7.0,9,7.0,9,406.02432011498263,61.952857102396514,1312.0797990906904,
14592152.02,4540166.66,14592902.02,4540166.66,14592902.02,4539416.66,14592152.02,4539416.66,3969694.1833468685,1.2595428688122458e-06,1.2595428688122458e-06,839.1983694028128,64.85192751206168,1191.5237814590944,0.0,0.0,0.0,0.8870379816192541,0.5543987385120338,,0.0010570063217001777,,0.0010570063217001777,5.0,8,5.0,8,524.498980876758,64.85192751206168,1191.5237814590944,
14592152.02,4539416.66,14592902.02,4539416.66,14592902.02,4538666.66,14592152.02,4538666.66,3969694.1833468685,7.557257212873475e-07,7.557257212873475e-07,1474.0023878331351,187.0619609872078,1605.8661436437008,0.0,0.0,0.0,1.6419524570323332,0.8209762285161666,,0.0011139415177244686,,0.0011139415177244686,3.0,6,3.0,6,737.0011939165676,187.0619609872078,1605.8661436437008,
14592152.02,4538666.66,14592902.02,4538666.66,14592902.02,4537916.66,14592152.02,4537916.66,3969694.1833468685,1.2595428688122458e-06,7.557257212873475e-07,1020.1817535728915,123.39257525872247,1468.1572280366101,0.8,0.6666666666666666,2.519085737624492e-07,1.3108954522103524,1.3108954522103524,,0.0012849626526051073,,0.0012849626526051073,5.0,7,3.0,5,1020.1817535728915,379.8519159138624,2026.4607593280743,
14592152.02,4537916.66,14592902.02,4537916.66,14592902.02,4537166.66,14592152.02,4537166.66,3969694.1833468685,1.2595428688122458e-06,7.557257212873475e-07,818.1700137945029,91.13461806366327,1288.2708404471834,0.8,0.6666666666666666,2.519085737624492e-07,0.8431407314456157,0.7026172762046798,,0.0010305202063508828,,0.0010305202063508828,5.0,8,3.0,6,681.8083448287524,91.13461806366327,2352.072060051107,
14592152.02,4537166.66,14592902.02,4537166.66,14592902.02,4536416.66,14592152.02,4536416.66,3969694.1833468685,1.2595428688122458e-06,7.557257212873475e-07,884.9949753197227,123.39257525872247,2005.3231314149627,0.8,0.6666666666666666,2.519085737624492e-07,0.9864942614808972,0.9864942614808972,,0.001114689110098626,,0.001114689110098626,5.0,7,3.0,5,884.9949753197227,345.6932722112118,2398.8905688472187,
14592152.02,4536416.66,14592902.02,4536416.66,14592902.02,4535666.66,14592152.02,4535666.66,3969694.1833468685,5.038171475248984e-07,5.038171475248984e-07,1422.975548986406,353.4162832606901,1667.6751674909715,0.0,0.0,0.0,1.020158893603232,0.6801059290688214,,0.0007169194820880073,,0.0007169194820880073,2.0,3,2.0,3,948.6503659909373,353.4162832606901,1667.6751674909715,
14592152.02,4535666.66,14592902.02,4535666.66,14592902.02,4534916.66,14592152.02,4534916.66,3969694.1833468685,2.519085737624492e-07,2.519085737624492e-07,1708.1397951256931,802.5757820250581,905.5640131006351,0.0,0.0,0.0,0.735004114909447,0.3675020574547235,,0.00043029505957699544,,0.00043029505957699544,1.0,2,1.0,2,854.0698975628466,802.5757820250581,905.5640131006351,
14592152.02,4534916.66,14592902.02,4534916.66,14592902.02,4534166.66,14592152.02,4534166.66,3969694.1833468685,0.0,0.0,0.0,0.0,0.0,0.0,0.0,0.0,0.0,0.0,,0.0,,0.0,0.0,0,0.0,0,0.0,0.0,0.0,
14592152.02,4534166.66,14592902.02,4534166.66,14592902.02,4533416.66,14592152.02,4533416.66,3969694.1833468685,0.0,0.0,0.0,0.0,0.0,0.0,0.0,0.0,0.0,0.0,,0.0,,0.0,0.0,0,0.0,0,0.0,0.0,0.0,
14592152.02,4533416.66,14592902.02,4533416.66,14592902.02,4532666.66,14592152.02,4532666.66,3969694.1833468685,0.0,0.0,0.0,0.0,0.0,0.0,0.0,0.0,0.0,0.0,,0.0,,0.0,0.0,0,0.0,0,0.0,0.0,0.0,
14592902.02,4555166.66,14593652.02,4555166.66,14593652.02,4554416.66,14592902.02,4554416.66,3969694.1833468685,0.0,0.0,0.0,0.0,0.0,0.0,0.0,0.0,0.0,0.0,,0.0,,0.0,0.0,0,0.0,0,0.0,0.0,0.0,
14592902.02,4554416.66,14593652.02,4554416.66,14593652.02,4553666.66,14592902.02,4553666.66,3969694.1833468685,0.0,0.0,0.0,0.0,0.0,0.0,0.0,0.0,0.0,0.0,,0.0,,0.0,0.0,0,0.0,0,0.0,0.0,0.0,
14592902.02,4553666.66,14593652.02,4553666.66,14593652.02,4552916.66,14592902.02,4552916.66,3969694.1833468685,0.0,0.0,0.0,0.0,0.0,0.0,0.0,0.0,0.0,0.0,,0.0,,0.0,0.0,0,0.0,0,0.0,0.0,0.0,
14592902.02,4552916.66,14593652.02,4552916.66,14593652.02,4552166.66,14592902.02,4552166.66,3969694.1833468685,2.519085737624492e-07,2.519085737624492e-07,2168.849393908487,543.0185376365521,1625.8308562719349,0.0,0.0,0.0,1.1849546781690181,0.5924773390845091,,0.0005463517575250393,,0.0005463517575250393,1.0,2,1.0,2,1084.4246969542435,543.0185376365521,1625.8308562719349,
14592902.02,4552166.66,14593652.02,4552166.66,14593652.02,4551416.66,14592902.02,4551416.66,3969694.1833468685,5.038171475248984e-07,5.038171475248984e-07,1517.8861536237273,335.2136590679392,1584.3940067556368,0.0,0.0,0.0,1.1607838130342514,0.7738558753561676,,0.0007647370721862458,,0.0007647370721862458,2.0,3,2.0,3,1011.9241024158182,335.2136590679392,1584.3940067556368,
14592902.02,4551416.66,14593652.02,4551416.66,14593652.02,4550666.66,14592902.02,4550666.66,3969694.1833468685,7.557257212873475e-07,7.557257212873475e-07,1255.5627901219004,702.3283280675109,1116.1646414238783,0.0,0.0,0.0,1.1913546841103932,0.8935160130827949,,0.0009488610951864277,,0.0009488610951864277,3.0,4,3.0,4,941.6720925914253,702.3283280675109,1116.1646414238783,
14592902.02,4550666.66,14593652.02,4550666.66,14593652.02,4549916.66,14592902.02,4549916.66,3969694.1833468685,3.7786286064367375e-07,3.7786286064367375e-07,880.9459610383677,110.35638235400371,680.1490400332483,0.0,0.0,0.0,0.29324643804759354,0.14662321902379677,,0.00033287676091044795,,0.00033287676091044795,1.5,3,1.5,3,440.47298051918386,110.35638235400371,680.1490400332483,
14592902.02,4549916.66,14593652.02,4549916.66,14593652.02,4549166.66,14592902.02,4549166.66,3969694.1833468685,3.7786286064367375e-07,3.7786286064367375e-07,173.2601258059204,30.852551660352155,146.7659826740878,0.0,0.0,0.0,0.011343092115338016,0.005671546057669008,,6.546856677250788e-05,,6.546856677250788e-05,1.5,3,1.5,3,86.6300629029602,30.852551660352155,146.7659826740878,
14592902.02,4549166.66,14593652.02,4549166.66,14593652.02,4548416.66,14592902.02,4548416.66,3969694.1833468685,8.81680008168572e-07,8.81680008168572e-07,1094.2500599992513,287.9763633720262,1313.2002696713666,0.0,0.0,0.0,1.0557088240978705,0.7389961768685093,,0.0009647784018386005,,0.0009647784018386005,3.5,5,3.5,5,765.9750419994759,287.9763633720262,1313.2002696713666,
14592902.02,4548416.66,14593652.02,4548416.66,14593652.02,4547666.66,14592902.02,4547666.66,3969694.1833468685,1.1335885819310212e-06,1.1335885819310212e-06,1112.667370179023,617.2887878010462,1353.3652203181475,0.0,0.0,0.0,1.4034151719661985,1.2630736547695784,,0.0012613070263221573,,0.0012613070263221573,4.5,5,4.5,5,1001.4006331611206,617.2887878010462,1353.3652203181475,
14592902.02,4547666.66,14593652.02,4547666.66,14593652.02,4546916.66,14592902.02,4546916.66,3969694.1833468685,2.0152685900995935e-06,2.0152685900995935e-06,758.6613347952009,155.001952043638,1340.9181109369279,0.0,0.0,0.0,1.15992213874364,0.927937710994912,,0.0015289063585358,,0.0015289063585358,8.0,10,8.0,10,606.9290678361607,155.001952043638,1340.9181109369279,
14592902.02,4546916.66,14593652.02,4546916.66,14593652.02,4546166.66,14592902.02,4546166.66,3969694.1833468685,1.6374057294559196e-06,1.6374057294559196e-06,688.0545613103131,21.952312058528918,824.1271869571148,0.0,0.0,0.0,0.7751791129449438,0.5598515815713483,,0.001126624480867786,,0.001126624480867786,6.5,9,6.5,9,496.9282942796706,21.952312058528918,824.1271869571148,
14592902.02,4546166.66,14593652.02,4546166.66,14593652.02,4545416.66,14592902.02,4545416.66,3969694.1833468685,2.141222876980818e-06,2.141222876980818e-06,657.5395321059436,137.29769927077132,1096.1059053504946,0.0,0.0,0.0,0.9257753465783175,0.715371858719609,,0.0014079386886645096,,0.0014079386886645096,8.5,11,8.5,11,508.0987293545928,137.29769927077132,1096.1059053504946,
14592902.02,4545416.66,14593652.02,4545416.66,14593652.02,4544666.66,14592902.02,4544666.66,3969694.1833468685,1.763360016337144e-06,1.763360016337144e-06,981.6833233782219,279.9690957992835,1614.3864812625031,0.0,0.0,0.0,1.6993538343814838,1.1895476840670387,,0.0017310611211501232,,0.0017310611211501232,7.0,10,7.0,10,687.1783263647553,279.9690957992835,1614.3864812625031,
14592902.02,4544666.66,14593652.02,4544666.66,14593652.02,4543916.66,14592902.02,4543916.66,3969694.1833468685,2.7709943113869408e-06,1.763360016337144e-06,671.0002113886362,15.805724071183956,1597.590776700529,0.7272727272727273,0.5714285714285714,5.038171475248984e-07,1.247616035838794,1.1436480328522278,,0.0018593377686973455,,0.0018593377686973455,11.0,16,7.0,12,615.0835271062498,120.16189387037359,1597.590776700529,
14592902.02,4543916.66,14593652.02,4543916.66,14593652.02,4543166.66,14592902.02,4543166.66,3969694.1833468685,3.904582893317962e-06,2.393131450743267e-06,598.6025716857998,15.805724071183956,2219.873170764882,0.7741935483870968,0.631578947368421,7.557257212873475e-07,1.3991098168586344,1.4457468107539224,,0.002337293361300513,,0.002337293361300513,15.5,21,9.5,15,618.5559907419932,23.073610041394037,2219.873170764882,
14592902.02,4543166.66,14593652.02,4543166.66,14593652.02,4542416.66,14592902.02,4542416.66,3969694.1833468685,3.526720032674288e-06,2.0152685900995935e-06,592.4779724117604,15.805724071183956,1828.1084857317253,0.8571428571428571,0.75,7.557257212873475e-07,1.2379850542947208,1.444315896677174,,0.0020895039342227997,,0.0020895039342227997,14.0,18,8.0,12,691.2243011470538,18.547685844589687,1828.1084857317253,
14592902.02,4542416.66,14593652.02,4542416.66,14593652.02,4541666.66,14592902.02,4541666.66,3969694.1833468685,3.526720032674288e-06,2.0152685900995935e-06,596.5368197997504,54.15215059688316,1753.1526011574276,0.8571428571428571,0.75,7.557257212873475e-07,1.2550051095056554,1.5972792302799248,,0.002103818352615592,,0.002103818352615592,14.0,17,8.0,11,759.2286797451369,56.897167713297385,1753.1526011574276,
14592902.02,4541666.66,14593652.02,4541666.66,14593652.02,4540916.66,14592902.02,4540916.66,3969694.1833468685,3.1488571720306144e-06,1.6374057294559196e-06,599.7305266189846,99.36337748285305,1312.0797990906904,0.96,0.9230769230769231,7.557257212873475e-07,1.1325705707619504,1.2870120122294892,,0.001888465770029887,,0.001888465770029887,12.5,17,6.5,11,681.511962067028,99.36337748285305,1380.4115130956707,
14592902.02,4540916.66,14593652.02,4540916.66,14593652.02,4540166.66,14592902.02,4540166.66,3969694.1833468685,2.896948598268165e-06,1.8893143032183687e-06,511.422745617054,168.64514112801822,1312.0797990906904,0.6956521739130435,0.5333333333333333,5.038171475248984e-07,0.7577062477670873,0.7921474408474094,,0.0014815654060377809,,0.0014815654060377809,11.5,15,7.5,11,534.6692340541928,168.64514112801822,1312.0797990906904,
14592902.02,4540166.66,14593652.02,4540166.66,14593652.02,4539416.66,14592902.02,4539416.66,3969694.1833468685,1.3854971556934704e-06,1.3854971556934704e-06,734.249947446879,226.50639671611816,867.7258761166672,0.0,0.0,0.0,0.7469533627377917,0.5135304368822318,,0.001017301213755731,,0.001017301213755731,5.5,8,5.5,8,504.7968388697293,226.50639671611816,867.7258761166672,
14592902.02,4539416.66,14593652.02,4539416.66,14593652.02,4538666.66,14592902.02,4538666.66,3969694.1833468685,6.297714344061229e-07,6.297714344061229e-07,2006.3257899681607,225.29639184063726,1996.4330190097683,0.0,0.0,0.0,2.535046145606094,1.267523072803047,,0.0012635266706342463,,0.0012635266706342463,2.5,5,2.5,5,1003.1628949840804,225.29639184063726,1996.4330190097683,
14592902.02,4538666.66,14593652.02,4538666.66,14593652.02,4537916.66,14592902.02,4537916.66,3969694.1833468685,1.763360016337144e-06,1.2595428688122458e-06,869.8486556882583,123.39257525872247,2125.4056245699303,0.5714285714285714,0.4,2.519085737624492e-07,1.334222875111559,1.1674450157226142,,0.00153385633970529,,0.00153385633970529,7.0,10,5.0,8,761.117573727226,333.9417697017807,2250.3488913481906,
14592902.02,4537916.66,14593652.02,4537916.66,14593652.02,4537166.66,14592902.02,4537166.66,3969694.1833468685,1.511451442574695e-06,1.0076342950497967e-06,835.4735296712632,123.39257525872247,1454.5224119824236,0.6666666666666666,0.5,2.519085737624492e-07,1.0550173185273306,1.0550173185273306,,0.001262777671654603,,0.001262777671654603,6.0,8,4.0,6,835.4735296712632,363.2480614651612,1936.0248504410388,
14592902.02,4537166.66,14593652.02,4537166.66,14593652.02,4536416.66,14592902.02,4536416.66,3969694.1833468685,1.3854971556934704e-06,8.81680008168572e-07,503.2222330651664,10.466033085923518,716.8259823144762,0.7272727272727273,0.5714285714285714,2.519085737624492e-07,0.35085306899050606,0.3216153132412972,,0.0006972129725935047,,0.0006972129725935047,5.5,8,3.5,6,461.2870469764025,150.5260703650014,716.8259823144762,
14592902.02,4536416.66,14593652.02,4536416.66,14593652.02,4535666.66,14592902.02,4535666.66,3969694.1833468685,6.297714344061229e-07,6.297714344061229e-07,589.6889463698994,27.04527851348982,824.8596472211506,0.0,0.0,0.0,0.21899234387475328,0.1368702149217208,,0.00037136925360880684,,0.00037136925360880684,2.5,4,2.5,4,368.55559148118715,27.04527851348982,824.8596472211506,
14592902.02,4535666.66,14593652.02,4535666.66,14593652.02,4534916.66,14592902.02,4534916.66,3969694.1833468685,3.7786286064367375e-07,3.7786286064367375e-07,777.8544131066074,341.92197243876035,824.8596472211506,0.0,0.0,0.0,0.2286287532655592,0.1714715649491694,,0.0002939222937007686,,0.0002939222937007686,1.5,2,1.5,2,583.3908098299555,341.92197243876035,824.8596472211506,
14592902.02,4534916.66,14593652.02,4534916.66,14593652.02,4534166.66,14592902.02,4534166.66,3969694.1833468685,1.259542868812246e-07,1.259542868812246e-07,53.47664956788062,26.73832478394031,26.73832478394031,0.0,0.0,0.0,0.0003601980299896598,0.0001800990149948299,,6.73561326111955e-06,,6.73561326111955e-06,0.5,1,0.5,1,26.73832478394031,26.73832478394031,26.73832478394031,
14592902.02,4534166.66,14593652.02,4534166.66,14593652.02,4533416.66,14592902.02,4533416.66,3969694.1833468685,1.259542868812246e-07,1.259542868812246e-07,197.22949069725706,98.61474534862853,98.61474534862853,0.0,0.0,0.0,0.004899555255904257,0.0024497776279521284,,2.484189985272013e-05,,2.484189985272013e-05,0.5,1,0.5,1,98.61474534862853,98.61474534862853,98.61474534862853,
14592902.02,4533416.66,14593652.02,4533416.66,14593652.02,4532666.66,14592902.02,4532666.66,3969694.1833468685,0.0,0.0,0.0,0.0,0.0,0.0,0.0,0.0,0.0,0.0,,0.0,,0.0,0.0,0,0.0,0,0.0,0.0,0.0,
14593652.02,4555166.66,14594402.02,4555166.66,14594402.02,4554416.66,14593652.02,4554416.66,3969694.1833468685,0.0,0.0,0.0,0.0,0.0,0.0,0.0,0.0,0.0,0.0,,0.0,,0.0,0.0,0,0.0,0,0.0,0.0,0.0,
14593652.02,4554416.66,14594402.02,4554416.66,14594402.02,4553666.66,14593652.02,4553666.66,3969694.1833468685,0.0,0.0,0.0,0.0,0.0,0.0,0.0,0.0,0.0,0.0,,0.0,,0.0,0.0,0,0.0,0,0.0,0.0,0.0,
14593652.02,4553666.66,14594402.02,4553666.66,14594402.02,4552916.66,14593652.02,4552916.66,3969694.1833468685,0.0,0.0,0.0,0.0,0.0,0.0,0.0,0.0,0.0,0.0,,0.0,,0.0,0.0,0,0.0,0,0.0,0.0,0.0,
14593652.02,4552916.66,14594402.02,4552916.66,14594402.02,4552166.66,14593652.02,4552166.66,3969694.1833468685,3.7786286064367375e-07,3.7786286064367375e-07,747.7551078405635,88.2652129735383,554.557646258023,0.0,0.0,0.0,0.21127737130757046,0.10563868565378523,,0.00028254888410955405,,0.00028254888410955405,1.5,3,1.5,3,373.87755392028174,88.2652129735383,554.557646258023,
14593652.02,4552166.66,14594402.02,4552166.66,14594402.02,4551416.66,14593652.02,4551416.66,3969694.1833468685,7.557257212873475e-07,7.557257212873475e-07,1108.888567225753,667.1730058928553,1116.1646414238783,0.0,0.0,0.0,0.9292659316294785,0.6969494487221088,,0.0008380156122939754,,0.0008380156122939754,3.0,4,3.0,4,831.6664254193147,667.1730058928553,1116.1646414238783,
14593652.02,4551416.66,14594402.02,4551416.66,14594402.02,4550666.66,14593652.02,4550666.66,3969694.1833468685,5.038171475248984e-07,5.038171475248984e-07,1104.2766649496346,534.7524491602709,971.4725526714874,0.0,0.0,0.0,0.6143682089506365,0.40957880596709095,,0.0005563535194132328,,0.0005563535194132328,2.0,3,2.0,3,736.1844432997564,534.7524491602709,971.4725526714874,
14593652.02,4550666.66,14594402.02,4550666.66,14594402.02,4549916.66,14593652.02,4549916.66,3969694.1833468685,2.519085737624492e-07,2.519085737624492e-07,953.7280420907628,377.40995551925437,576.3180865715084,0.0,0.0,0.0,0.22913532787641439,0.11456766393820719,,0.00024025227084033713,,0.00024025227084033713,1.0,2,1.0,2,476.8640210453814,377.40995551925437,576.3180865715084,
14593652.02,4549916.66,14594402.02,4549916.66,14594402.02,4549166.66,14593652.02,4549166.66,3969694.1833468685,0.0,0.0,0.0,0.0,0.0,0.0,0.0,0.0,0.0,0.0,,0.0,,0.0,0.0,0,0.0,0,0.0,0.0,0.0,
14593652.02,4549166.66,14594402.02,4549166.66,14594402.02,4548416.66,14593652.02,4548416.66,3969694.1833468685,5.038171475248984e-07,5.038171475248984e-07,651.8983069153772,72.01588294152019,617.2887878010462,0.0,0.0,0.0,0.21410787981699886,0.1427385865446659,,0.00032843754546641607,,0.00032843754546641607,2.0,3,2.0,3,434.59887127691815,72.01588294152019,617.2887878010462,
14593652.02,4548416.66,14594402.02,4548416.66,14594402.02,4547666.66,14593652.02,4547666.66,3969694.1833468685,1.511451442574695e-06,1.511451442574695e-06,758.0033513891885,41.585080289146,1340.9181109369279,0.0,0.0,0.0,0.8684332659088911,0.6513249494316684,,0.0011456852589336423,,0.0011456852589336423,6.0,8,6.0,8,568.5025135418914,41.585080289146,1340.9181109369279,
14593652.02,4547666.66,14594402.02,4547666.66,14594402.02,4546916.66,14593652.02,4546916.66,3969694.1833468685,2.2671771638620423e-06,2.2671771638620423e-06,620.8441886518066,35.56139843106879,1153.6920272971274,0.0,0.0,0.0,0.8738777847919071,0.6049923125482434,,0.0014075637668278338,,0.0014075637668278338,9.0,13,9.0,13,429.8152075281738,35.56139843106879,1153.6920272971274,
14593652.02,4546916.66,14594402.02,4546916.66,14594402.02,4546166.66,14593652.02,4546166.66,3969694.1833468685,1.8893143032183687e-06,1.8893143032183687e-06,781.3178197311731,115.29962828574142,1016.9243134330492,0.0,0.0,0.0,1.1533461531943392,0.720841345746462,,0.0014761549321774964,,0.0014761549321774964,7.5,12,7.5,12,488.3236373319832,115.29962828574142,1016.9243134330492,
14593652.02,4546166.66,14594402.02,4546166.66,14594402.02,4545416.66,14593652.02,4545416.66,3969694.1833468685,2.5190857376244915e-06,2.5190857376244915e-06,679.5929214274043,8.6165489354143,1254.1861610756982,0.0,0.0,0.0,1.163431028998937,0.8949469453837976,,0.001711952835758336,,0.001711952835758336,10.0,13,10.0,13,522.763785713388,8.6165489354143,1254.1861610756982,
14593652.02,4545416.66,14594402.02,4545416.66,14594402.02,4544666.66,14593652.02,4544666.66,3969694.1833468685,1.6374057294559196e-06,1.6374057294559196e-06,895.5172869849812,308.66693060466963,1098.8715321628747,0.0,0.0,0.0,1.3131195081086269,0.9483640891895639,,0.001466325136536029,,0.001466325136536029,6.5,9,6.5,9,646.7624850447087,308.66693060466963,1098.8715321628747,
14593652.02,4544666.66,14594402.02,4544666.66,14594402.02,4543916.66,14593652.02,4543916.66,3969694.1833468685,2.393131450743267e-06,1.8893143032183687e-06,576.4530968080365,15.805724071183956,1034.2256411924413,0.42105263157894735,0.26666666666666666,2.519085737624492e-07,0.7952332083990477,0.6295596233159126,,0.0013795280358496653,,0.0013795280358496653,9.5,14,7.5,12,456.35870163969554,41.86577603303246,1034.2256411924413,
14593652.02,4543916.66,14594402.02,4543916.66,14594402.02,4543166.66,14593652.02,4543166.66,3969694.1833468685,3.4007657457930637e-06,2.393131450743267e-06,570.9788910608809,15.805724071183956,1511.0144067814676,0.5925925925925926,0.42105263157894735,5.038171475248984e-07,1.1087070857912615,1.1513496660140023,,0.0019417654542907528,,0.0019417654542907528,13.5,17,9.5,13,592.9396176401455,126.02712310986054,1511.0144067814676,
14593652.02,4543166.66,14594402.02,4543166.66,14594402.02,4542416.66,14593652.02,4542416.66,3969694.1833468685,3.2748114589118393e-06,2.2671771638620423e-06,682.9382173382008,15.805724071183956,1440.6229134487874,0.6153846153846154,0.4444444444444444,5.038171475248984e-07,1.5273871570635882,1.4182880744161892,,0.0022364938998679644,,0.0022364938998679644,13.0,18,9.0,14,634.156916099758,60.55186278649853,1440.6229134487874,
14593652.02,4542416.66,14594402.02,4542416.66,14594402.02,4541666.66,14593652.02,4541666.66,3969694.1833468685,4.786262901486534e-06,2.2671771638620423e-06,518.2446941006008,53.88425508680375,1216.2771456713792,1.0526315789473684,1.1111111111111112,1.2595428688122458e-06,1.2854828257835063,1.7445838349919014,,0.002480455353265943,,0.002480455353265943,19.0,24,9.0,14,703.3320848508154,71.86756740431595,1653.683200630104,
14593652.02,4541666.66,14594402.02,4541666.66,14594402.02,4540916.66,14593652.02,4540916.66,3969694.1833468685,4.6603086146053094e-06,2.141222876980818e-06,519.0978534105838,87.28208312512325,934.0296776520134,1.0810810810810811,1.1764705882352942,1.2595428688122458e-06,1.2557787894843269,1.9359923004550041,,0.0024191561980724677,,0.0024191561980724677,18.5,22,8.5,12,800.2758573413166,126.47586108328686,1867.1341669180326,
14593652.02,4540916.66,14594402.02,4540916.66,14594402.02,4540166.66,14593652.02,4540166.66,3969694.1833468685,3.904582893317962e-06,1.8893143032183687e-06,524.6571884274618,18.651683595963554,934.0296776520134,1.032258064516129,1.0666666666666667,1.0076342950497967e-06,1.0747956558246115,1.3882777221067897,,0.002048567482790166,,0.002048567482790166,15.5,20,7.5,12,677.6822017188049,224.14512607788416,1351.8131439081458,
14593652.02,4540166.66,14594402.02,4540166.66,14594402.02,4539416.66,14593652.02,4539416.66,3969694.1833468685,2.141222876980818e-06,1.6374057294559196e-06,840.8713818405638,93.7701727879454,1980.1472280113862,0.47058823529411764,0.3076923076923077,2.519085737624492e-07,1.5139830700308006,1.2868856095261803,,0.0018004930393954878,,0.0018004930393954878,8.5,12,6.5,10,714.7406745644791,93.7701727879454,1980.1472280113862,
14593652.02,4539416.66,14594402.02,4539416.66,14594402.02,4538666.66,14593652.02,4538666.66,3969694.1833468685,8.81680008168572e-07,8.81680008168572e-07,1925.3180239862897,434.5246820524652,2252.1790782714206,0.0,0.0,0.0,3.268255091696819,1.6341275458484095,,0.0016975144111153308,,0.0016975144111153308,3.5,7,3.5,7,962.6590119931449,434.5246820524652,2252.1790782714206,
14593652.02,4538666.66,14594402.02,4538666.66,14594402.02,4537916.66,14593652.02,4537916.66,3969694.1833468685,1.2595428688122458e-06,1.2595428688122458e-06,1137.2872765327695,39.62095046391112,1976.1528387258466,0.0,0.0,0.0,1.629120896502956,1.0182005603143474,,0.0014324620789477503,,0.0014324620789477503,5.0,8,5.0,8,710.8045478329809,39.62095046391112,1976.1528387258466,
14593652.02,4537916.66,14594402.02,4537916.66,14594402.02,4537166.66,14593652.02,4537166.66,3969694.1833468685,1.1335885819310212e-06,1.1335885819310212e-06,888.0309812807182,363.2480614651612,1130.7616010636275,0.0,0.0,0.0,0.8939468490045889,0.6704601367534417,,0.0010066617807808224,,0.0010066617807808224,4.5,6,4.5,6,666.0232359605386,363.2480614651612,1130.7616010636275,
14593652.02,4537166.66,14594402.02,4537166.66,14594402.02,4536416.66,14593652.02,4536416.66,3969694.1833468685,8.81680008168572e-07,8.81680008168572e-07,530.938929960339,108.31903415506605,716.8259823144762,0.0,0.0,0.0,0.24854219749597087,0.2174744228089745,,0.0004681182401044446,,0.0004681182401044446,3.5,4,3.5,4,464.57156371529663,108.31903415506605,716.8259823144762,
14593652.02,4536416.66,14594402.02,4536416.66,14594402.02,4535666.66,14593652.02,4535666.66,3969694.1833468685,5.038171475248984e-07,5.038171475248984e-07,684.2744870147831,318.33643925290585,676.0036733821976,0.0,0.0,0.0,0.23590309578183988,0.15726873052122659,,0.00034474922017185106,,0.00034474922017185106,2.0,3,2.0,3,456.1829913431887,318.33643925290585,676.0036733821976,
14593652.02,4535666.66,14594402.02,4535666.66,14594402.02,4534916.66,14593652.02,4534916.66,3969694.1833468685,2.519085737624492e-07,2.519085737624492e-07,374.2088613944626,374.2088613944626,374.2088613944626,0.0,0.0,0.0,0.035275329906667575,0.035275329906667575,,9.42664205631491e-05,,9.42664205631491e-05,1.0,1,1.0,1,374.2088613944626,374.2088613944626,374.2088613944626,
14593652.02,4534916.66,14594402.02,4534916.66,14594402.02,4534166.66,14593652.02,4534166.66,3969694.1833468685,3.7786286064367375e-07,3.7786286064367375e-07,836.8483256884219,374.2088613944626,881.0636271381703,0.0,0.0,0.0,0.2646230746736299,0.19846730600522242,,0.00031621390226949586,,0.00031621390226949586,1.5,2,1.5,2,627.6362442663165,374.2088613944626,881.0636271381703,
14593652.02,4534166.66,14594402.02,4534166.66,14594402.02,4533416.66,14593652.02,4533416.66,3969694.1833468685,1.259542868812246e-07,1.259542868812246e-07,1630.1822150262722,815.0911075131361,815.0911075131361,0.0,0.0,0.0,0.33472276848633925,0.16736138424316963,,0.0002053284383800892,,0.0002053284383800892,0.5,1,0.5,1,815.0911075131361,815.0911075131361,815.0911075131361,
14593652.02,4533416.66,14594402.02,4533416.66,14594402.02,4532666.66,14593652.02,4532666.66,3969694.1833468685,1.259542868812246e-07,1.259542868812246e-07,317.1771246972202,158.5885623486101,158.5885623486101,0.0,0.0,0.0,0.012671168581855154,0.006335584290927577,,3.994981855627562e-05,,3.994981855627562e-05,0.5,1,0.5,1,158.5885623486101,158.5885623486101,158.5885623486101,
14594402.02,4555166.66,14595152.02,4555166.66,14595152.02,4554416.66,14594402.02,4554416.66,3969694.1833468685,0.0,0.0,0.0,0.0,0.0,0.0,0.0,0.0,0.0,0.0,,0.0,,0.0,0.0,0,0.0,0,0.0,0.0,0.0,
14594402.02,4554416.66,14595152.02,4554416.66,14595152.02,4553666.66,14594402.02,4553666.66,3969694.1833468685,0.0,0.0,0.0,0.0,0.0,0.0,0.0,0.0,0.0,0.0,,0.0,,0.0,0.0,0,0.0,0,0.0,0.0,0.0,
14594402.02,4553666.66,14595152.02,4553666.66,14595152.02,4552916.66,14594402.02,4552916.66,3969694.1833468685,0.0,0.0,0.0,0.0,0.0,0.0,0.0,0.0,0.0,0.0,,0.0,,0.0,0.0,0,0.0,0,0.0,0.0,0.0,
14594402.02,4552916.66,14595152.02,4552916.66,14595152.02,4552166.66,14594402.02,4552166.66,3969694.1833468685,2.519085737624492e-07,2.519085737624492e-07,839.9161116308647,839.9161116308647,839.9161116308647,0.0,0.0,0.0,0.17771118932449734,0.17771118932449734,,0.00021158206976103317,,0.00021158206976103317,1.0,1,1.0,1,839.9161116308647,839.9161116308647,839.9161116308647,
14594402.02,4552166.66,14595152.02,4552166.66,14595152.02,4551416.66,14594402.02,4551416.66,3969694.1833468685,1.0076342950497967e-06,1.0076342950497967e-06,489.1506737788149,9.78890129475022,839.9161116308647,0.0,0.0,0.0,0.24109502707993516,0.1377685869028201,,0.0004928849943462492,,0.0004928849943462492,4.0,7,4.0,7,279.5146707307514,9.78890129475022,839.9161116308647,
14594402.02,4551416.66,14595152.02,4551416.66,14595152.02,4550666.66,14594402.02,4550666.66,3969694.1833468685,1.1335885819310212e-06,1.1335885819310212e-06,578.6189461728451,67.8971738004772,839.9161116308647,0.0,0.0,0.0,0.37952532672064954,0.28464399504048715,,0.0006559158306704974,,0.0006559158306704974,4.5,6,4.5,6,433.96420962963384,67.8971738004772,839.9161116308647,
14594402.02,4550666.66,14595152.02,4550666.66,14595152.02,4549916.66,14594402.02,4549916.66,3969694.1833468685,5.038171475248984e-07,5.038171475248984e-07,709.3081833650781,378.86870425002263,588.2373643302017,0.0,0.0,0.0,0.25347952550061975,0.1689863503337465,,0.0003573616256590612,,0.0003573616256590612,2.0,3,2.0,3,472.8721222433854,378.86870425002263,588.2373643302017,
14594402.02,4549916.66,14595152.02,4549916.66,14595152.02,4549166.66,14594402.02,4549166.66,3969694.1833468685,0.0,0.0,0.0,546.2385144490268,546.2385144490268,0.0,0.0,0.0,0.0,0.07516360225409528,,0.0001376021651089733,,0.0001376021651089733,0.0,1,0.0,1,546.2385144490268,546.2385144490268,546.2385144490268,
14594402.02,4549166.66,14595152.02,4549166.66,14595152.02,4548416.66,14594402.02,4548416.66,3969694.1833468685,2.519085737624492e-07,2.519085737624492e-07,237.6210899513298,69.98459734536975,167.63649260596006,0.0,0.0,0.0,0.01422371089101203,0.007111855445506015,,5.985878986551813e-05,,5.985878986551813e-05,1.0,2,1.0,2,118.8105449756649,69.98459734536975,167.63649260596006,
14594402.02,4548416.66,14595152.02,4548416.66,14595152.02,4547666.66,14594402.02,4547666.66,3969694.1833468685,7.557257212873475e-07,7.557257212873475e-07,616.7519412316151,201.99977686447187,792.8118752338735,0.0,0.0,0.0,0.2874651845540375,0.21559888841552813,,0.00046609530564263406,,0.00046609530564263406,3.0,4,3.0,4,462.5639559237113,201.99977686447187,792.8118752338735,
14594402.02,4547666.66,14595152.02,4547666.66,14595152.02,4546916.66,14594402.02,4546916.66,3969694.1833468685,1.3854971556934704e-06,1.3854971556934704e-06,629.8758878404407,30.385724677862324,1096.9014725585425,0.0,0.0,0.0,0.5496871765611874,0.3779099338858164,,0.00087269125104283,,0.00087269125104283,5.5,8,5.5,8,433.039672890303,30.385724677862324,1096.9014725585425,
14594402.02,4546916.66,14595152.02,4546916.66,14595152.02,4546166.66,14594402.02,4546166.66,3969694.1833468685,1.6374057294559196e-06,1.6374057294559196e-06,750.2013352720962,33.88307314361881,1254.1861610756982,0.0,0.0,0.0,0.921535290484764,0.7487474235188707,,0.0012283839646200115,,0.0012283839646200115,6.5,8,6.5,8,609.5385849085782,33.88307314361881,1254.1861610756982,
14594402.02,4546166.66,14595152.02,4546166.66,14595152.02,4545416.66,14594402.02,4545416.66,3969694.1833468685,1.763360016337144e-06,1.763360016337144e-06,784.9238684013443,53.95778418967001,1254.1861610756982,0.0,0.0,0.0,1.0864157678430597,0.7604910374901417,,0.0013841033654076087,,0.0013841033654076087,7.0,10,7.0,10,549.446707880941,53.95778418967001,1254.1861610756982,
14594402.02,4545416.66,14595152.02,4545416.66,14595152.02,4544666.66,14594402.02,4544666.66,3969694.1833468685,1.763360016337144e-06,1.763360016337144e-06,779.1138741451292,0.4500115431127322,1098.8715321628747,0.0,0.0,0.0,1.0703920266763634,0.7492744186734542,,0.0013738582538410505,,0.0013738582538410505,7.0,10,7.0,10,545.3797119015904,0.4500115431127322,1098.8715321628747,
14594402.02,4544666.66,14595152.02,4544666.66,14595152.02,4543916.66,14594402.02,4543916.66,3969694.1833468685,1.763360016337144e-06,1.763360016337144e-06,862.2052408900597,114.00160110924168,1031.731325392432,0.0,0.0,0.0,1.3108780932693067,0.8341951502622862,,0.0015203782476618669,,0.0015203782476618669,7.0,11,7.0,11,548.6760623845835,114.00160110924168,1031.731325392432,
14594402.02,4543916.66,14595152.02,4543916.66,14595152.02,4543166.66,14594402.02,4543166.66,3969694.1833468685,2.393131450743267e-06,1.8893143032183687e-06,753.1259939024065,15.805724071183956,1276.480540589502,0.42105263157894735,0.26666666666666666,2.519085737624492e-07,1.357381197819666,1.172283761753348,,0.001802329502380131,,0.001802329502380131,9.5,13,7.5,11,650.4269947338965,66.51326251266984,1276.480540589502,
14594402.02,4543166.66,14595152.02,4543166.66,14595152.02,4542416.66,14594402.02,4542416.66,3969694.1833468685,2.393131450743267e-06,1.8893143032183687e-06,918.6826876980782,40.64190061271824,1453.1967216423486,0.42105263157894735,0.26666666666666666,2.519085737624492e-07,2.019750009977778,1.475971161137607,,0.0021985284331836256,,0.0021985284331836256,9.5,15,7.5,13,671.3450410101341,40.64190061271824,1453.1967216423486,
14594402.02,4542416.66,14595152.02,4542416.66,14595152.02,4541666.66,14594402.02,4541666.66,3969694.1833468685,3.4007657457930637e-06,1.8893143032183687e-06,713.2576596199565,27.74132920067367,1097.3334690465615,0.8888888888888888,0.8,7.557257212873475e-07,1.730093625448463,1.6683045673967323,,0.0024256222167600766,,0.0024256222167600766,13.5,20,7.5,14,687.7841717763866,78.20172535169344,1281.7689443796357,
14594402.02,4541666.66,14595152.02,4541666.66,14595152.02,4540916.66,14594402.02,4540916.66,3969694.1833468685,3.652674319555513e-06,1.6374057294559196e-06,687.0398815779481,108.99591704767302,1064.6680544650549,1.103448275862069,1.2307692307692308,1.0076342950497967e-06,1.7241492083830483,2.272742138323109,,0.002509532931950232,,0.002509532931950232,14.5,19,6.5,11,905.6434802618406,143.63916482861873,2237.195591782348,
14594402.02,4540916.66,14595152.02,4540916.66,14595152.02,4540166.66,14594402.02,4540166.66,3969694.1833468685,3.02290288514939e-06,1.511451442574695e-06,735.4263503554279,21.172454590193283,1718.7195030061182,1.0,1.0,7.557257212873475e-07,1.634942819724545,1.783573985154049,,0.0022231224363043088,,0.0022231224363043088,12.0,17,6.0,11,802.2832912968304,21.172454590193283,1959.993442357214,
14594402.02,4540166.66,14595152.02,4540166.66,14595152.02,4539416.66,14594402.02,4539416.66,3969694.1833468685,1.3854971556934704e-06,8.81680008168572e-07,1365.9315709541472,19.60143370058164,1981.139814285383,0.7272727272727273,0.5714285714285714,2.519085737624492e-07,2.5850177210021856,1.579733051723558,,0.0018924943064288846,,0.0018924943064288846,5.5,11,3.5,9,834.7359600275345,19.60143370058164,1981.139814285383,
14594402.02,4539416.66,14595152.02,4539416.66,14595152.02,4538666.66,14594402.02,4538666.66,3969694.1833468685,7.557257212873475e-07,7.557257212873475e-07,2053.625198231346,40.51917522717585,1969.4100719188787,0.0,0.0,0.0,3.1871798632521195,1.5935899316260598,,0.001551977384187256,,0.001551977384187256,3.0,6,3.0,6,1026.812599115673,40.51917522717585,1969.4100719188787,
14594402.02,4538666.66,14595152.02,4538666.66,14595152.02,4537916.66,14594402.02,4537916.66,3969694.1833468685,1.763360016337144e-06,1.2595428688122458e-06,905.8194989000442,177.74748912032513,1537.4860920026617,0.5714285714285714,0.4,2.519085737624492e-07,1.4468527011998353,1.2659961135498559,,0.0015972858863788858,,0.0015972858863788858,7.0,10,5.0,8,792.5920615375387,338.97530705169675,1537.4860920026617,
14594402.02,4537916.66,14595152.02,4537916.66,14595152.02,4537166.66,14594402.02,4537166.66,3969694.1833468685,2.0152685900995935e-06,1.511451442574695e-06,433.60217573675783,58.242594500950126,665.42401028668,0.5,0.3333333333333333,2.519085737624492e-07,0.3788923541614228,0.33679320369904253,,0.000873824845361132,,0.000873824845361132,8.0,11,6.0,9,385.42415621045143,58.242594500950126,909.7311938608767,
14594402.02,4537166.66,14595152.02,4537166.66,14595152.02,4536416.66,14594402.02,4536416.66,3969694.1833468685,8.81680008168572e-07,8.81680008168572e-07,855.6050322028926,81.2765860113953,931.1836211137306,0.0,0.0,0.0,0.645442641326588,0.3765082074405097,,0.0007543698517817178,,0.0007543698517817178,3.5,6,3.5,6,499.1029354516874,81.2765860113953,931.1836211137306,
14594402.02,4536416.66,14595152.02,4536416.66,14595152.02,4535666.66,14594402.02,4535666.66,3969694.1833468685,6.297714344061229e-07,6.297714344061229e-07,851.6322625755022,78.14806329325424,1123.2707303672628,0.0,0.0,0.0,0.45675905823051594,0.2854744113940725,,0.0005363336715887059,,0.0005363336715887059,2.5,4,2.5,4,532.2701641096888,78.14806329325424,1123.2707303672628,
14594402.02,4535666.66,14595152.02,4535666.66,14595152.02,4534916.66,14594402.02,4534916.66,3969694.1833468685,5.038171475248984e-07,5.038171475248984e-07,1011.9268904042677,31.403936898559166,1346.509461686217,0.0,0.0,0.0,0.5159067596788601,0.25795337983943006,,0.0005098261194272186,,0.0005098261194272186,2.0,4,2.0,4,505.96344520213387,31.403936898559166,1346.509461686217,
14594402.02,4534916.66,14595152.02,4534916.66,14595152.02,4534166.66,14594402.02,4534166.66,3969694.1833468685,7.557257212873475e-07,7.557257212873475e-07,714.2187050623337,76.96620527696847,900.4627670531506,0.0,0.0,0.0,0.3855020072837263,0.2891265054627947,,0.0005397534460401474,,0.0005397534460401474,3.0,4,3.0,4,535.6640287967502,76.96620527696847,900.4627670531506,
14594402.02,4534166.66,14595152.02,4534166.66,14595152.02,4533416.66,14594402.02,4533416.66,3969694.1833468685,3.7786286064367375e-07,3.7786286064367375e-07,675.2494803300516,112.41145344192681,900.4627670531506,0.0,0.0,0.0,0.172291053023226,0.1292182897674195,,0.0002551517002856674,,0.0002551517002856674,1.5,2,1.5,2,506.4371102475387,112.41145344192681,900.4627670531506,
14594402.02,4533416.66,14595152.02,4533416.66,14595152.02,4532666.66,14594402.02,4532666.66,3969694.1833468685,0.0,0.0,0.0,534.5047220661288,534.5047220661288,0.0,0.0,0.0,0.0,0.0719690950273954,,0.00013464632220497278,,0.00013464632220497278,0.0,1,0.0,1,534.5047220661288,534.5047220661288,534.5047220661288,
14595152.02,4555166.66,14595902.02,4555166.66,14595902.02,4554416.66,14595152.02,4554416.66,3969694.1833468685,0.0,0.0,0.0,0.0,0.0,0.0,0.0,0.0,0.0,0.0,,0.0,,0.0,0.0,0,0.0,0,0.0,0.0,0.0,
14595152.02,4554416.66,14595902.02,4554416.66,14595902.02,4553666.66,14595152.02,4553666.66,3969694.1833468685,0.0,0.0,0.0,0.0,0.0,0.0,0.0,0.0,0.0,0.0,,0.0,,0.0,0.0,0,0.0,0,0.0,0.0,0.0,
14595152.02,4553666.66,14595902.02,4553666.66,14595902.02,4552916.66,14595152.02,4552916.66,3969694.1833468685,0.0,0.0,0.0,0.0,0.0,0.0,0.0,0.0,0.0,0.0,,0.0,,0.0,0.0,0,0.0,0,0.0,0.0,0.0,
14595152.02,4552916.66,14595902.02,4552916.66,14595902.02,4552166.66,14595152.02,4552166.66,3969694.1833468685,7.557257212873475e-07,7.557257212873475e-07,476.1992350791059,128.62758887380735,839.9161116308647,0.0,0.0,0.0,0.17137268087896254,0.1285295106592219,,0.00035987601040664047,,0.00035987601040664047,3.0,4,3.0,4,357.14942630932944,128.62758887380735,839.9161116308647,
14595152.02,4552166.66,14595902.02,4552166.66,14595902.02,4551416.66,14595152.02,4551416.66,3969694.1833468685,1.6374057294559196e-06,1.1335885819310212e-06,518.0299022322723,137.28229463230144,919.5228572025471,0.6153846153846154,0.4444444444444444,2.519085737624492e-07,0.4394059811361641,0.47602314623084435,,0.0008482251299446124,,0.0008482251299446124,6.5,8,4.5,6,561.1990607516283,137.28229463230144,919.5228572025471,
14595152.02,4551416.66,14595902.02,4551416.66,14595902.02,4550666.66,14595152.02,4550666.66,3969694.1833468685,1.6374057294559196e-06,1.1335885819310212e-06,581.184308737835,55.36783108105282,1238.8415238731775,0.6153846153846154,0.4444444444444444,2.519085737624492e-07,0.5530750489320864,0.5135696882940803,,0.0009516345169972091,,0.0009516345169972091,6.5,9,4.5,7,539.6711438279897,55.36783108105282,1238.8415238731775,
14595152.02,4550666.66,14595902.02,4550666.66,14595902.02,4549916.66,14595152.02,4549916.66,3969694.1833468685,5.038171475248984e-07,5.038171475248984e-07,1347.655628405429,378.86870425002263,1190.5767900306091,0.0,0.0,0.0,0.9150204569368643,0.45751022846843215,,0.0006789720145490976,,0.0006789720145490976,2.0,4,2.0,4,673.8278142027145,378.86870425002263,1190.5767900306091,
14595152.02,4549916.66,14595902.02,4549916.66,14595902.02,4549166.66,14595152.02,4549166.66,3969694.1833468685,8.81680008168572e-07,8.81680008168572e-07,632.1506450633424,114.95878209435715,1194.2380072692813,0.0,0.0,0.0,0.35233206100772996,0.2055270355878425,,0.0005573545859032158,,0.0005573545859032158,3.5,6,3.5,6,368.7545429536164,114.95878209435715,1194.2380072692813,
14595152.02,4549166.66,14595902.02,4549166.66,14595902.02,4548416.66,14595152.02,4548416.66,3969694.1833468685,3.7786286064367375e-07,3.7786286064367375e-07,975.4997912617363,197.73469223702418,658.7296480824267,0.0,0.0,0.0,0.3595742387702241,0.17978711938511205,,0.00036860514168346627,,0.00036860514168346627,1.5,3,1.5,3,487.74989563086814,197.73469223702418,658.7296480824267,
14595152.02,4548416.66,14595902.02,4548416.66,14595902.02,4547666.66,14595152.02,4547666.66,3969694.1833468685,2.519085737624492e-07,2.519085737624492e-07,906.7151412486566,252.83761357541377,653.8775276732428,0.0,0.0,0.0,0.2071021870698431,0.10355109353492155,,0.0002284093180407667,,0.0002284093180407667,1.0,2,1.0,2,453.3575706243283,252.83761357541377,653.8775276732428,
14595152.02,4547666.66,14595902.02,4547666.66,14595902.02,4546916.66,14595152.02,4546916.66,3969694.1833468685,2.519085737624492e-07,2.519085737624492e-07,2063.0105876250555,398.4253758803034,934.0380515022091,0.0,0.0,0.0,1.0721260853058487,0.3573753617686163,,0.0005196900547854599,,0.0005196900547854599,1.0,3,1.0,3,687.6701958750185,398.4253758803034,934.0380515022091,
14595152.02,4546916.66,14595902.02,4546916.66,14595902.02,4546166.66,14595152.02,4546166.66,3969694.1833468685,7.557257212873475e-07,7.557257212873475e-07,805.029478081216,162.49088113120118,1096.9014725585425,0.0,0.0,0.0,0.48976502771807123,0.3673237707885534,,0.0006083814829805039,,0.0006083814829805039,3.0,4,3.0,4,603.772108560912,162.49088113120118,1096.9014725585425,
14595152.02,4546166.66,14595902.02,4546166.66,14595902.02,4545416.66,14595152.02,4545416.66,3969694.1833468685,1.2595428688122458e-06,1.2595428688122458e-06,892.1101005864919,123.44617308819073,972.4692741175077,0.0,0.0,0.0,1.0024203311518658,0.7160145222513328,,0.0011236509153890913,,0.0011236509153890913,5.0,7,5.0,7,637.2215004189228,123.44617308819073,972.4692741175077,
14595152.02,4545416.66,14595902.02,4545416.66,14595902.02,4544666.66,14595152.02,4544666.66,3969694.1833468685,1.8893143032183687e-06,1.8893143032183687e-06,711.7788448411424,56.56379302707362,972.4692741175077,0.0,0.0,0.0,0.9571816503310265,0.6526238524984271,,0.0013447739522866181,,0.0013447739522866181,7.5,11,7.5,11,485.3037578462334,56.56379302707362,972.4692741175077,
14595152.02,4544666.66,14595902.02,4544666.66,14595902.02,4543916.66,14595152.02,4543916.66,3969694.1833468685,1.511451442574695e-06,1.511451442574695e-06,928.192114275667,59.34812353212509,1461.1097314775288,0.0,0.0,0.0,1.3021767842234595,0.868117856148973,,0.001402917310108413,,0.001402917310108413,6.0,9,6.0,9,618.7947428504447,59.34812353212509,1461.1097314775288,
14595152.02,4543916.66,14595902.02,4543916.66,14595902.02,4543166.66,14595152.02,4543166.66,3969694.1833468685,1.511451442574695e-06,1.511451442574695e-06,1314.7978345821127,204.12361119984652,1453.1967216423486,0.0,0.0,0.0,2.6128360513116546,1.7418907008744362,,0.0019872530837732193,,0.0019872530837732193,6.0,9,6.0,9,876.5318897214084,204.12361119984652,1453.1967216423486,
14595152.02,4543166.66,14595902.02,4543166.66,14595902.02,4542416.66,14595152.02,4542416.66,3969694.1833468685,2.2671771638620423e-06,1.763360016337144e-06,1062.9840966447418,10.788330868752448,1629.857811625157,0.4444444444444444,0.2857142857142857,2.519085737624492e-07,2.5617632587764874,1.921322444082366,,0.002409973269461481,,0.002409973269461481,9.0,14,7.0,12,797.2380724835565,10.788330868752448,1629.857811625157,
14595152.02,4542416.66,14595902.02,4542416.66,14595902.02,4541666.66,14595152.02,4541666.66,3969694.1833468685,2.393131450743267e-06,1.8893143032183687e-06,1016.7017467088086,56.67281614650695,1480.642955416702,0.42105263157894735,0.26666666666666666,2.519085737624492e-07,2.473737961458728,2.136410057623447,,0.0024331009260744646,,0.0024331009260744646,9.5,13,7.5,11,878.0605994303347,56.67281614650695,1480.642955416702,
14595152.02,4541666.66,14595902.02,4541666.66,14595902.02,4540916.66,14595152.02,4540916.66,3969694.1833468685,2.6450400245057164e-06,1.6374057294559196e-06,827.7571149946882,21.833609341649392,1992.4169730870756,0.7619047619047619,0.6153846153846154,5.038171475248984e-07,1.81233339463188,1.4638077418180568,,0.002189450699730331,,0.002189450699730331,10.5,17,6.5,13,668.5730544187866,21.833609341649392,1992.4169730870756,
14595152.02,4540916.66,14595902.02,4540916.66,14595902.02,4540166.66,14595152.02,4540166.66,3969694.1833468685,1.763360016337144e-06,1.2595428688122458e-06,1130.656975813627,108.99591704767302,2260.281809171219,0.5714285714285714,0.4,2.519085737624492e-07,2.2542533417895245,1.4345248538660609,,0.001993755303342423,,0.001993755303342423,7.0,13,5.0,11,719.5089846086717,128.83725816495655,2260.281809171219,
14595152.02,4540166.66,14595902.02,4540166.66,14595902.02,4539416.66,14595152.02,4539416.66,3969694.1833468685,7.557257212873475e-07,7.557257212873475e-07,1795.1929746419262,194.64293170214174,2465.7130580101784,0.0,0.0,0.0,2.4354907461561472,1.2177453730780736,,0.0013566735056112485,,0.0013566735056112485,3.0,6,3.0,6,897.5964873209631,194.64293170214174,2465.7130580101784,
14595152.02,4539416.66,14595902.02,4539416.66,14595902.02,4538666.66,14595152.02,4538666.66,3969694.1833468685,8.81680008168572e-07,8.81680008168572e-07,1202.3393374606198,89.15999133495627,2355.3415878386195,0.0,0.0,0.0,1.274574149727704,0.7435015873411607,,0.0010600785568736747,,0.0010600785568736747,3.5,6,3.5,6,701.3646135186949,89.15999133495627,2355.3415878386195,
14595152.02,4538666.66,14595902.02,4538666.66,14595902.02,4537916.66,14595152.02,4537916.66,3969694.1833468685,1.3854971556934704e-06,8.81680008168572e-07,653.1071083539458,177.74748912032513,1470.9312088700058,0.7272727272727273,0.5714285714285714,2.519085737624492e-07,0.590982280762381,0.6500805088386192,,0.0009048780409875791,,0.0009048780409875791,5.5,7,3.5,5,718.4178191893404,283.5205108963586,1470.9312088700058,
14595152.02,4537916.66,14595902.02,4537916.66,14595902.02,4537166.66,14595152.02,4537166.66,3969694.1833468685,1.3854971556934704e-06,8.81680008168572e-07,608.368081645204,177.74748912032513,1035.956824894932,0.7272727272727273,0.5714285714285714,2.519085737624492e-07,0.5127887391792545,0.5640676130971798,,0.0008428922467341231,,0.0008428922467341231,5.5,7,3.5,5,669.2048898097244,257.3868892485087,1035.956824894932,
14595152.02,4537166.66,14595902.02,4537166.66,14595902.02,4536416.66,14595152.02,4536416.66,3969694.1833468685,1.2595428688122458e-06,7.557257212873475e-07,695.0764956676612,53.98079891288844,1809.1346710634352,0.8,0.6666666666666666,2.519085737624492e-07,0.6085246274844097,0.6085246274844097,,0.0008754786433972085,,0.0008754786433972085,5.0,7,3.0,5,695.0764956676612,100.33723421428817,1809.1346710634352,
14595152.02,4536416.66,14595902.02,4536416.66,14595902.02,4535666.66,14595152.02,4535666.66,3969694.1833468685,3.7786286064367375e-07,3.7786286064367375e-07,1996.9734336878844,226.56885600621985,2215.438293141831,0.0,0.0,0.0,1.5068803958191654,0.7534401979095827,,0.0007545820942827236,,0.0007545820942827236,1.5,3,1.5,3,998.4867168439422,226.56885600621985,2215.438293141831,
14595152.02,4535666.66,14595902.02,4535666.66,14595902.02,4534916.66,14595152.02,4534916.66,3969694.1833468685,5.038171475248984e-07,5.038171475248984e-07,1383.124629645882,49.99770646864682,1953.574229700545,0.0,0.0,0.0,0.9638192025765421,0.48190960128827104,,0.0006968419055796197,,0.0006968419055796197,2.0,4,2.0,4,691.562314822941,49.99770646864682,1953.574229700545,
14595152.02,4534916.66,14595902.02,4534916.66,14595902.02,4534166.66,14595152.02,4534166.66,3969694.1833468685,3.7786286064367375e-07,3.7786286064367375e-07,1813.7035677503197,672.5712278501311,1216.387716677724,0.0,0.0,0.0,1.242987676029301,0.6214938380146505,,0.0006853312184697729,,0.0006853312184697729,1.5,3,1.5,3,906.8517838751599,672.5712278501311,1216.387716677724,
14595152.02,4534166.66,14595902.02,4534166.66,14595902.02,4533416.66,14595152.02,4533416.66,3969694.1833468685,3.7786286064367375e-07,3.7786286064367375e-07,1194.7699139694396,473.76720075825136,717.1737918206986,0.0,0.0,0.0,0.5393898426665568,0.2696949213332784,,0.0004514591775034884,,0.0004514591775034884,1.5,3,1.5,3,597.3849569847198,473.76720075825136,717.1737918206986,
14595152.02,4533416.66,14595902.02,4533416.66,14595902.02,4532666.66,14595152.02,4532666.66,3969694.1833468685,0.0,0.0,0.0,0.0,0.0,0.0,0.0,0.0,0.0,0.0,,0.0,,0.0,0.0,0,0.0,0,0.0,0.0,0.0,
14595902.02,4555166.66,14596652.02,4555166.66,14596652.02,4554416.66,14595902.02,4554416.66,3969694.1833468685,0.0,0.0,0.0,0.0,0.0,0.0,0.0,0.0,0.0,0.0,,0.0,,0.0,0.0,0,0.0,0,0.0,0.0,0.0,
14595902.02,4554416.66,14596652.02,4554416.66,14596652.02,4553666.66,14595902.02,4553666.66,3969694.1833468685,0.0,0.0,0.0,0.0,0.0,0.0,0.0,0.0,0.0,0.0,,0.0,,0.0,0.0,0,0.0,0,0.0,0.0,0.0,
14595902.02,4553666.66,14596652.02,4553666.66,14596652.02,4552916.66,14595902.02,4552916.66,3969694.1833468685,1.259542868812246e-07,1.259542868812246e-07,165.23271791900603,82.61635895950302,82.61635895950302,0.0,0.0,0.0,0.0034387851821728365,0.0017193925910864182,,2.0811769154934945e-05,,2.0811769154934945e-05,0.5,1,0.5,1,82.61635895950302,82.61635895950302,82.61635895950302,
14595902.02,4552916.66,14596652.02,4552916.66,14596652.02,4552166.66,14595902.02,4552166.66,3969694.1833468685,1.0076342950497967e-06,5.038171475248984e-07,322.2655015511829,98.52722900454499,490.6560986390475,1.0,1.0,2.519085737624492e-07,0.10464791361079083,0.13953055148105445,,0.00032472577147439537,,0.00032472577147439537,4.0,5,2.0,3,429.68733540157723,228.70336423589384,778.4890096472047,
14595902.02,4552166.66,14596652.02,4552166.66,14596652.02,4551416.66,14595902.02,4551416.66,3969694.1833468685,1.511451442574695e-06,1.0076342950497967e-06,587.9216631378386,165.15943078005608,1388.6569527639638,0.6666666666666666,0.5,2.519085737624492e-07,0.5224360356575498,0.6269232427890598,,0.0008886150458705999,,0.0008886150458705999,6.0,7,4.0,5,705.5059957654063,165.15943078005608,1388.6569527639638,
14595902.02,4551416.66,14596652.02,4551416.66,14596652.02,4550666.66,14595902.02,4550666.66,3969694.1833468685,1.6374057294559196e-06,1.1335885819310212e-06,769.2576561818964,98.72727668158525,1992.777992459335,0.6153846153846154,0.4444444444444444,2.519085737624492e-07,0.9689468615743805,0.8997363714619248,,0.0012595868936600692,,0.0012595868936600692,6.5,9,4.5,7,714.3106807403325,98.72727668158525,1992.777992459335,
14595902.02,4550666.66,14596652.02,4550666.66,14596652.02,4549916.66,14595902.02,4549916.66,3969694.1833468685,1.1335885819310212e-06,1.1335885819310212e-06,1274.135867221911,207.248653524373,1846.8519406677772,0.0,0.0,0.0,1.8402928788022586,1.0351647443262704,,0.0014443458709115379,,0.0014443458709115379,4.5,8,4.5,8,716.7014253123249,207.248653524373,1846.8519406677772,
14595902.02,4549916.66,14596652.02,4549916.66,14596652.02,4549166.66,14595902.02,4549166.66,3969694.1833468685,1.3854971556934704e-06,1.3854971556934704e-06,800.2805790348965,149.30435461086367,1559.853269981718,0.0,0.0,0.0,0.8873402750441973,0.6971959303918693,,0.0011087864660095726,,0.0011087864660095726,5.5,7,5.5,7,628.7918835274187,149.30435461086367,1559.853269981718,
14595902.02,4549166.66,14596652.02,4549166.66,14596652.02,4548416.66,14595902.02,4548416.66,3969694.1833468685,1.0076342950497967e-06,1.0076342950497967e-06,695.0454266579085,149.30435461086367,1258.1450899551073,0.0,0.0,0.0,0.4867761825529644,0.38942094604237154,,0.0007003516085180268,,0.0007003516085180268,4.0,5,4.0,5,556.0363413263268,149.30435461086367,1258.1450899551073,
14595902.02,4548416.66,14596652.02,4548416.66,14596652.02,4547666.66,14595902.02,4547666.66,3969694.1833468685,6.297714344061229e-07,6.297714344061229e-07,726.4792965455375,35.81305737853772,1514.3454468856103,0.0,0.0,0.0,0.332375835475777,0.20773489717236063,,0.0004575159086518343,,0.0004575159086518343,2.5,4,2.5,4,454.04956034096097,35.81305737853772,1514.3454468856103,
14595902.02,4547666.66,14596652.02,4547666.66,14596652.02,4546916.66,14595902.02,4546916.66,3969694.1833468685,5.038171475248984e-07,5.038171475248984e-07,666.8226818393235,13.501566818312833,492.4575325330793,0.0,0.0,0.0,0.2240235486555788,0.08960941946223151,,0.0003359567014691908,,0.0003359567014691908,2.0,5,2.0,5,266.7290727357294,13.501566818312833,492.4575325330793,
14595902.02,4546916.66,14596652.02,4546916.66,14596652.02,4546166.66,14595902.02,4546166.66,3969694.1833468685,7.557257212873475e-07,7.557257212873475e-07,704.8051317709718,56.68426608497155,753.2881847476565,0.0,0.0,0.0,0.3754069589450473,0.22524417536702834,,0.0005326393665746416,,0.0005326393665746416,3.0,5,3.0,5,422.8830790625831,56.68426608497155,753.2881847476565,
14595902.02,4546166.66,14596652.02,4546166.66,14596652.02,4545416.66,14595902.02,4545416.66,3969694.1833468685,5.038171475248984e-07,5.038171475248984e-07,1279.6518772690665,72.71887484138304,1514.1156055792426,0.0,0.0,0.0,0.8250050766468133,0.5500033844312089,,0.0006447105586305824,,0.0006447105586305824,2.0,3,2.0,3,853.101251512711,72.71887484138304,1514.1156055792426,
14595902.02,4545416.66,14596652.02,4545416.66,14596652.02,4544666.66,14595902.02,4544666.66,3969694.1833468685,1.3854971556934704e-06,1.3854971556934704e-06,1031.704157483968,222.72821238776305,1893.6984093180536,0.0,0.0,0.0,1.4747418331851463,1.3518466804197176,,0.0014294231757111659,,0.0014294231757111659,5.5,6,5.5,6,945.7288110269707,222.72821238776305,1893.6984093180536,
14595902.02,4544666.66,14596652.02,4544666.66,14596652.02,4543916.66,14595902.02,4543916.66,3969694.1833468685,1.511451442574695e-06,1.511451442574695e-06,1201.4846208577244,170.56537912361304,1695.254847176054,0.0,0.0,0.0,2.181878846305313,1.4545858975368755,,0.0018159856634267179,,0.0018159856634267179,6.0,9,6.0,9,800.9897472384829,170.56537912361304,1695.254847176054,
14595902.02,4543916.66,14596652.02,4543916.66,14596652.02,4543166.66,14595902.02,4543166.66,3969694.1833468685,1.3854971556934704e-06,1.3854971556934704e-06,1521.5761589142633,222.72821238776305,2029.745656166404,0.0,0.0,0.0,3.207694712098408,1.7642320916541243,,0.0021081394403467076,,0.0021081394403467076,5.5,10,5.5,10,836.8668874028448,222.72821238776305,2029.745656166404,
14595902.02,4543166.66,14596652.02,4543166.66,14596652.02,4542416.66,14595902.02,4542416.66,3969694.1833468685,2.2671771638620423e-06,1.763360016337144e-06,947.1638020910559,5.396434314633658,2282.589331580902,0.4444444444444444,0.2857142857142857,2.519085737624492e-07,2.0339283176511533,1.525446238238365,,0.002147388142537589,,0.002147388142537589,9.0,14,7.0,12,710.3728515682919,5.396434314633658,2282.589331580902,
14595902.02,4542416.66,14596652.02,4542416.66,14596652.02,4541666.66,14595902.02,4541666.66,3969694.1833468685,2.2671771638620423e-06,1.763360016337144e-06,1062.985524963614,96.24900706438738,1858.3365332228034,0.4444444444444444,0.2857142857142857,2.519085737624492e-07,2.561770143201717,1.773533176062727,,0.0024099765077134107,,0.0024099765077134107,9.0,15,7.0,13,735.9130557440404,96.24900706438738,2126.876661994227,
14595902.02,4541666.66,14596652.02,4541666.66,14596652.02,4540916.66,14595902.02,4540916.66,3969694.1833468685,2.2671771638620423e-06,1.2595428688122458e-06,977.2225285979595,45.78038690701172,1881.877184897022,0.8888888888888888,0.8,5.038171475248984e-07,2.1650722792828074,1.7714227739586605,,0.0022155366008488153,,0.0022155366008488153,9.0,15,5.0,11,799.5457052165123,45.78038690701172,2250.2496460193606,
14595902.02,4540916.66,14596652.02,4540916.66,14596652.02,4540166.66,14595902.02,4540166.66,3969694.1833468685,1.6374057294559196e-06,1.1335885819310212e-06,1047.3452276002604,43.666062535749234,2002.6124755438261,0.6153846153846154,0.4444444444444444,2.519085737624492e-07,1.7961227838310159,1.4593497618627005,,0.0017149290763909806,,0.0017149290763909806,6.5,10,4.5,8,850.9679974252116,43.666062535749234,2002.6124755438261,
14595902.02,4540166.66,14596652.02,4540166.66,14596652.02,4539416.66,14595902.02,4539416.66,3969694.1833468685,1.2595428688122458e-06,7.557257212873475e-07,1063.6383656278467,127.77773337099804,1270.7735072791324,0.8,0.6666666666666666,2.519085737624492e-07,1.4249543171127228,1.187461930927269,,0.0013396981184216664,,0.0013396981184216664,5.0,8,3.0,6,886.3653046898722,280.11798473729823,1398.551240650133,
14595902.02,4539416.66,14596652.02,4539416.66,14596652.02,4538666.66,14595902.02,4538666.66,3969694.1833468685,3.7786286064367375e-07,3.7786286064367375e-07,2584.740175129729,175.209103822261,1624.6825565951624,0.0,0.0,0.0,2.5244570983413808,0.7573371295024142,,0.0009766773165951496,,0.0009766773165951496,1.5,5,1.5,5,775.4220525389186,175.209103822261,1624.6825565951624,
14595902.02,4538666.66,14596652.02,4538666.66,14596652.02,4537916.66,14595902.02,4537916.66,3969694.1833468685,1.3854971556934704e-06,8.81680008168572e-07,839.3394293900639,69.25800070207042,1495.752908800139,0.7272727272727273,0.5714285714285714,2.519085737624492e-07,0.9760698302058703,0.7669120094474696,,0.001162902392081314,,0.001162902392081314,5.5,9,3.5,7,659.4809802350502,69.25800070207042,1495.752908800139,
14595902.02,4537916.66,14596652.02,4537916.66,14596652.02,4537166.66,14595902.02,4537166.66,3969694.1833468685,1.6374057294559196e-06,1.1335885819310212e-06,738.171544646287,54.225235656279864,1123.8566528076356,0.6153846153846154,0.4444444444444444,2.519085737624492e-07,0.8922178452622056,0.828487999172048,,0.0012086863165251564,,0.0012086863165251564,6.5,9,4.5,7,685.4450057429807,54.225235656279864,1123.8566528076356,
14595902.02,4537166.66,14596652.02,4537166.66,14596652.02,4536416.66,14595902.02,4536416.66,3969694.1833468685,7.557257212873475e-07,7.557257212873475e-07,1167.3380162115452,0.13126107816022545,1684.725697735579,0.0,0.0,0.0,1.029810847754392,0.6178865086526353,,0.0008821873642876113,,0.0008821873642876113,3.0,5,3.0,5,700.4028097269272,0.13126107816022545,1684.725697735579,
14595902.02,4536416.66,14596652.02,4536416.66,14596652.02,4535666.66,14595902.02,4535666.66,3969694.1833468685,3.7786286064367375e-07,3.7786286064367375e-07,2411.12296861136,553.4530013837756,1970.9323301192555,0.0,0.0,0.0,2.19671101900746,1.09835550950373,,0.0009110738222831553,,0.0009110738222831553,1.5,3,1.5,3,1205.56148430568,553.4530013837756,1970.9323301192555,
14595902.02,4535666.66,14596652.02,4535666.66,14596652.02,4534916.66,14595902.02,4534916.66,3969694.1833468685,5.038171475248984e-07,5.038171475248984e-07,1823.9688149430483,860.0167621027291,1875.5519125693486,0.0,0.0,0.0,1.6761302428993934,1.117420161932929,,0.0009189467655189757,,0.0009189467655189757,2.0,3,2.0,3,1215.9792099620322,860.0167621027291,1875.5519125693486,
14595902.02,4534916.66,14596652.02,4534916.66,14596652.02,4534166.66,14595902.02,4534166.66,3969694.1833468685,3.7786286064367375e-07,3.7786286064367375e-07,1321.4033037688664,912.368955214019,1069.7360004392806,0.0,0.0,0.0,0.6597888693301522,0.4948416519976142,,0.0004993092324261052,,0.0004993092324261052,1.5,2,1.5,2,991.0524778266498,912.368955214019,1069.7360004392806,
14595902.02,4534166.66,14596652.02,4534166.66,14596652.02,4533416.66,14595902.02,4533416.66,3969694.1833468685,3.7786286064367375e-07,3.7786286064367375e-07,784.0577318336718,263.7176425364886,912.368955214019,0.0,0.0,0.0,0.23228988120560948,0.17421741090420712,,0.00029626629746046164,,0.00029626629746046164,1.5,2,1.5,2,588.0432988752539,263.7176425364886,912.368955214019,
14595902.02,4533416.66,14596652.02,4533416.66,14596652.02,4532666.66,14595902.02,4532666.66,3969694.1833468685,0.0,0.0,0.0,0.0,0.0,0.0,0.0,0.0,0.0,0.0,,0.0,,0.0,0.0,0,0.0,0,0.0,0.0,0.0,
14596652.02,4555166.66,14597402.02,4555166.66,14597402.02,4554416.66,14596652.02,4554416.66,3969694.1833468685,0.0,0.0,0.0,0.0,0.0,0.0,0.0,0.0,0.0,0.0,,0.0,,0.0,0.0,0,0.0,0,0.0,0.0,0.0,
14596652.02,4554416.66,14597402.02,4554416.66,14597402.02,4553666.66,14596652.02,4553666.66,3969694.1833468685,1.259542868812246e-07,1.259542868812246e-07,187.46635997942994,93.73317998971497,93.73317998971497,0.0,0.0,0.0,0.004426491626403755,0.0022132458132018773,,2.3612191685428035e-05,,2.3612191685428035e-05,0.5,1,0.5,1,93.73317998971497,93.73317998971497,93.73317998971497,
14596652.02,4553666.66,14597402.02,4553666.66,14597402.02,4552916.66,14596652.02,4552916.66,3969694.1833468685,1.259542868812246e-07,1.259542868812246e-07,1217.9967751785418,608.9983875892709,608.9983875892709,0.0,0.0,0.0,0.18685521803779953,0.09342760901889977,,0.00015341191524124444,,0.00015341191524124444,0.5,1,0.5,1,608.9983875892709,608.9983875892709,608.9983875892709,
14596652.02,4552916.66,14597402.02,4552916.66,14597402.02,4552166.66,14596652.02,4552166.66,3969694.1833468685,8.81680008168572e-07,8.81680008168572e-07,547.9699754292586,41.846231671811694,769.0319572900172,0.0,0.0,0.0,0.2647430205859682,0.18532011441017776,,0.00048313417241260104,,0.00048313417241260104,3.5,5,3.5,5,383.57898280048107,41.846231671811694,769.0319572900172,
14596652.02,4552166.66,14597402.02,4552166.66,14597402.02,4551416.66,14596652.02,4551416.66,3969694.1833468685,1.3854971556934704e-06,8.81680008168572e-07,656.4211111526333,183.34240331708799,903.7662800582239,0.7272727272727273,0.5714285714285714,2.519085737624492e-07,0.5969950338642092,0.6566945372506301,,0.0009094695824391209,,0.0009094695824391209,5.5,7,3.5,5,722.0632222678967,228.70336423589384,1212.154339241895,
14596652.02,4551416.66,14597402.02,4551416.66,14597402.02,4550666.66,14596652.02,4550666.66,3969694.1833468685,1.3854971556934704e-06,8.81680008168572e-07,874.959792050649,183.34240331708799,1745.1336749279249,0.7272727272727273,0.5714285714285714,2.519085737624492e-07,1.0606737730686588,0.9722842919796039,,0.0012122543032323243,,0.0012122543032323243,5.5,8,3.5,6,802.0464760464282,264.54900279157306,1745.1336749279249,
14596652.02,4550666.66,14597402.02,4550666.66,14597402.02,4549916.66,14596652.02,4549916.66,3969694.1833468685,8.81680008168572e-07,8.81680008168572e-07,1230.7009347451035,152.42066330462777,1543.2498707657037,0.0,0.0,0.0,1.335414397909411,0.9347900785365878,,0.001085084410199132,,0.001085084410199132,3.5,5,3.5,5,861.4906543215724,152.42066330462777,1543.2498707657037,
14596652.02,4549916.66,14597402.02,4549916.66,14597402.02,4549166.66,14596652.02,4549166.66,3969694.1833468685,1.511451442574695e-06,1.511451442574695e-06,741.0656617478804,149.30435461086367,1643.8547131007515,0.0,0.0,0.0,0.830056356470476,0.7114768769746938,,0.0011200847634914048,,0.0011200847634914048,6.0,7,6.0,7,635.1991386410403,149.30435461086367,1643.8547131007515,
14596652.02,4549166.66,14597402.02,4549166.66,14597402.02,4548416.66,14596652.02,4548416.66,3969694.1833468685,1.511451442574695e-06,1.511451442574695e-06,777.8184119199582,102.40015775944929,1734.4445575028853,0.0,0.0,0.0,0.9144303626103601,0.783797453666023,,0.0011756347607575792,,0.0011756347607575792,6.0,7,6.0,7,666.7014959313927,102.40015775944929,1734.4445575028853,
14596652.02,4548416.66,14597402.02,4548416.66,14597402.02,4547666.66,14596652.02,4547666.66,3969694.1833468685,7.557257212873475e-07,7.557257212873475e-07,1033.4084427701866,149.30435461086367,1692.058850235811,0.0,0.0,0.0,0.8070644439579897,0.6052983329684923,,0.0007809733407969339,,0.0007809733407969339,3.0,4,3.0,4,775.05633207764,149.30435461086367,1692.058850235811,
14596652.02,4547666.66,14597402.02,4547666.66,14597402.02,4546916.66,14596652.02,4546916.66,3969694.1833468685,6.297714344061229e-07,6.297714344061229e-07,925.3339926481837,290.15139344781255,1070.3770638322965,0.0,0.0,0.0,0.5392373810193146,0.3370233631370716,,0.0005827489158547914,,0.0005827489158547914,2.5,4,2.5,4,578.3337454051148,290.15139344781255,1070.3770638322965,
14596652.02,4546916.66,14597402.02,4546916.66,14597402.02,4546166.66,14596652.02,4546166.66,3969694.1833468685,3.7786286064367375e-07,3.7786286064367375e-07,988.9900544963087,411.9814194367158,1071.5036623077472,0.0,0.0,0.0,0.3695881657568782,0.27719112431765863,,0.000373702611140118,,0.000373702611140118,1.5,2,1.5,2,741.7425408722315,411.9814194367158,1071.5036623077472,
14596652.02,4546166.66,14597402.02,4546166.66,14597402.02,4545416.66,14596652.02,4545416.66,3969694.1833468685,2.519085737624492e-07,2.519085737624492e-07,3077.828441460414,1293.4923685422943,1784.3360729181197,0.0,0.0,0.0,2.386336951295297,1.1931684756476486,,0.0007753313729737946,,0.0007753313729737946,1.0,2,1.0,2,1538.914220730207,1293.4923685422943,1784.3360729181197,
14596652.02,4545416.66,14597402.02,4545416.66,14597402.02,4544666.66,14596652.02,4544666.66,3969694.1833468685,1.1335885819310212e-06,1.1335885819310212e-06,1028.6106451004382,152.28319018982384,1571.6491589043785,0.0,0.0,0.0,1.1993819036328273,0.7710312237639603,,0.0011660212825385587,,0.0011660212825385587,4.5,7,4.5,7,661.2497004217103,152.28319018982384,1571.6491589043785,
14596652.02,4544666.66,14597402.02,4544666.66,14597402.02,4543916.66,14596652.02,4543916.66,3969694.1833468685,1.1335885819310212e-06,1.1335885819310212e-06,1192.7251667431399,55.98820143691061,2149.381605875122,0.0,0.0,0.0,1.6126355481176509,0.9071074958161786,,0.0013520596304017966,,0.0013520596304017966,4.5,8,4.5,8,670.9079062930161,55.98820143691061,2149.381605875122,
14596652.02,4543916.66,14597402.02,4543916.66,14597402.02,4543166.66,14596652.02,4543166.66,3969694.1833468685,8.81680008168572e-07,8.81680008168572e-07,1909.6189724781864,0.6524367525808813,2312.6634886287675,0.0,0.0,0.0,3.215173658392368,1.406638475546661,,0.0016836728712534275,,0.0016836728712534275,3.5,8,3.5,8,835.4583004592065,0.6524367525808813,2312.6634886287675,
14596652.02,4543166.66,14597402.02,4543166.66,14597402.02,4542416.66,14596652.02,4542416.66,3969694.1833468685,2.0152685900995935e-06,1.511451442574695e-06,973.368588286028,61.04193602098838,2012.2611577397195,0.5,0.3333333333333333,2.519085737624492e-07,1.909358988179061,1.3886247186756806,,0.001961599142562415,,0.001961599142562415,8.0,13,6.0,11,707.9044278443839,61.04193602098838,2153.6030477615122,
14596652.02,4542416.66,14597402.02,4542416.66,14597402.02,4541666.66,14596652.02,4541666.66,3969694.1833468685,2.6450400245057164e-06,1.6374057294559196e-06,913.3245898517551,109.639327194261,1696.5861171053516,0.7619047619047619,0.6153846153846154,5.038171475248984e-07,2.2063913649157234,2.106100848328645,,0.0024157800955231594,,0.0024157800955231594,10.5,15,6.5,11,871.8098357675844,197.12643442853783,2222.9565940271195,
14596652.02,4541666.66,14597402.02,4541666.66,14597402.02,4540916.66,14596652.02,4540916.66,3969694.1833468685,3.2748114589118393e-06,1.763360016337144e-06,643.0924349502349,85.69685071696983,1143.9280757359468,0.9230769230769231,0.8571428571428571,7.557257212873475e-07,1.3543568321023742,1.6006035288482605,,0.0021060064751145455,,0.0021060064751145455,13.0,17,7.0,11,760.0183322139139,85.69685071696983,1778.9146923508347,
14596652.02,4540916.66,14597402.02,4540916.66,14597402.02,4540166.66,14596652.02,4540166.66,3969694.1833468685,2.7709943113869408e-06,1.763360016337144e-06,610.5996505997435,69.01968021601255,1075.1226437704527,0.7272727272727273,0.5714285714285714,5.038171475248984e-07,1.033115166312413,1.033115166312413,,0.0016919681583467431,,0.0016919681583467431,11.0,15,7.0,11,610.5996505997435,69.01968021601255,2177.6060608227112,
14596652.02,4540166.66,14597402.02,4540166.66,14597402.02,4539416.66,14596652.02,4539416.66,3969694.1833468685,2.0152685900995935e-06,1.511451442574695e-06,783.6980544123388,135.25550328621617,1270.7735072791324,0.5,0.3333333333333333,2.519085737624492e-07,1.2377429839632932,1.1002159857451494,,0.0015793620731793484,,0.0015793620731793484,8.0,11,6.0,9,696.6204928109678,135.25550328621617,1618.4016506316104,
14596652.02,4539416.66,14597402.02,4539416.66,14597402.02,4538666.66,14596652.02,4538666.66,3969694.1833468685,1.0076342950497967e-06,1.0076342950497967e-06,1184.8719680180573,257.0405179235007,2030.0524544914517,0.0,0.0,0.0,1.4146395321680232,0.9430930214453487,,0.0011939176302181403,,0.0011939176302181403,4.0,6,4.0,6,789.9146453453715,257.0405179235007,2030.0524544914517,
14596652.02,4538666.66,14597402.02,4538666.66,14597402.02,4537916.66,14596652.02,4537916.66,3969694.1833468685,3.7786286064367375e-07,3.7786286064367375e-07,2802.3921842800846,834.3636140415372,2245.368009570954,0.0,0.0,0.0,2.9675089283173177,1.4837544641586589,,0.001058919927397546,,0.001058919927397546,1.5,3,1.5,3,1401.1960921400423,834.3636140415372,2245.368009570954,
14596652.02,4537916.66,14597402.02,4537916.66,14597402.02,4537166.66,14596652.02,4537166.66,3969694.1833468685,5.038171475248984e-07,5.038171475248984e-07,1840.0999305145572,60.113863944536966,2076.7210556611994,0.0,0.0,0.0,1.7059086155724732,0.8529543077862366,,0.0009270738981526078,,0.0009270738981526078,2.0,4,2.0,4,920.0499652572786,60.113863944536966,2076.7210556611994,
14596652.02,4537166.66,14597402.02,4537166.66,14597402.02,4536416.66,14596652.02,4536416.66,3969694.1833468685,2.519085737624492e-07,2.519085737624492e-07,3559.6226110848547,661.0282298595132,1754.706336881084,0.0,0.0,0.0,3.1919116556892173,1.0639705518964058,,0.000896699455090951,,0.000896699455090951,1.0,3,1.0,3,1186.5408703616183,661.0282298595132,1754.706336881084,
14596652.02,4536416.66,14597402.02,4536416.66,14597402.02,4535666.66,14596652.02,4535666.66,3969694.1833468685,2.519085737624492e-07,2.519085737624492e-07,1689.7390071990837,465.6402789777724,1224.0987282213114,0.0,0.0,0.0,0.7192538721063134,0.3596269360531567,,0.000425659743334298,,0.000425659743334298,1.0,2,1.0,2,844.8695035995419,465.6402789777724,1224.0987282213114,
14596652.02,4535666.66,14597402.02,4535666.66,14597402.02,4534916.66,14596652.02,4534916.66,3969694.1833468685,2.519085737624492e-07,2.519085737624492e-07,1708.081919920442,104.00781648446728,1141.7487520053614,0.0,0.0,0.0,0.7349543089234416,0.2449847696411472,,0.0004302804803165845,,0.0004302804803165845,1.0,3,1.0,3,569.3606399734807,104.00781648446728,1141.7487520053614,
14596652.02,4534916.66,14597402.02,4534916.66,14597402.02,4534166.66,14596652.02,4534166.66,3969694.1833468685,1.259542868812246e-07,1.259542868812246e-07,1650.0420155047134,825.0210077523567,825.0210077523567,0.0,0.0,0.0,0.342928009965164,0.171464004982582,,0.00020782986538695467,,0.00020782986538695467,0.5,1,0.5,1,825.0210077523567,825.0210077523567,825.0210077523567,
14596652.02,4534166.66,14597402.02,4534166.66,14597402.02,4533416.66,14596652.02,4533416.66,3969694.1833468685,1.259542868812246e-07,1.259542868812246e-07,1244.781558539742,622.390779269871,622.390779269871,0.0,0.0,0.0,0.19516379057369276,0.09758189528684638,,0.0001567855735287725,,0.0001567855735287725,0.5,1,0.5,1,622.390779269871,622.390779269871,622.390779269871,
14596652.02,4533416.66,14597402.02,4533416.66,14597402.02,4532666.66,14596652.02,4532666.66,3969694.1833468685,0.0,0.0,0.0,0.0,0.0,0.0,0.0,0.0,0.0,0.0,,0.0,,0.0,0.0,0,0.0,0,0.0,0.0,0.0,
14597402.02,4555166.66,14598152.02,4555166.66,14598152.02,4554416.66,14597402.02,4554416.66,3969694.1833468685,0.0,0.0,0.0,0.0,0.0,0.0,0.0,0.0,0.0,0.0,,0.0,,0.0,0.0,0,0.0,0,0.0,0.0,0.0,
14597402.02,4554416.66,14598152.02,4554416.66,14598152.02,4553666.66,14597402.02,4553666.66,3969694.1833468685,2.519085737624492e-07,2.519085737624492e-07,1143.17318060266,1143.17318060266,1143.17318060266,0.0,0.0,0.0,0.3292054401398233,0.3292054401398233,,0.0002879751254890988,,0.0002879751254890988,1.0,1,1.0,1,1143.17318060266,1143.17318060266,1143.17318060266,
14597402.02,4553666.66,14598152.02,4553666.66,14598152.02,4552916.66,14597402.02,4552916.66,3969694.1833468685,3.7786286064367375e-07,3.7786286064367375e-07,987.2016324946266,337.6292681392798,1143.17318060266,0.0,0.0,0.0,0.368252698389877,0.27618952379240774,,0.0003730268328865243,,0.0003730268328865243,1.5,2,1.5,2,740.4012243709699,337.6292681392798,1143.17318060266,
14597402.02,4552916.66,14598152.02,4552916.66,14598152.02,4552166.66,14597402.02,4552166.66,3969694.1833468685,3.7786286064367375e-07,3.7786286064367375e-07,1215.403839415863,769.0319572900172,1054.0738018337772,0.0,0.0,0.0,0.5581814711560656,0.4186361033670492,,0.00045925597159898225,,0.00045925597159898225,1.5,2,1.5,2,911.5528795618973,769.0319572900172,1054.0738018337772,
14597402.02,4552166.66,14598152.02,4552166.66,14598152.02,4551416.66,14597402.02,4551416.66,3969694.1833468685,3.7786286064367375e-07,3.7786286064367375e-07,787.5427390034719,412.2821512151906,769.0319572900172,0.0,0.0,0.0,0.23435945079559392,0.17576958809669543,,0.000297583152239006,,0.000297583152239006,1.5,2,1.5,2,590.6570542526039,412.2821512151906,769.0319572900172,
14597402.02,4551416.66,14598152.02,4551416.66,14598152.02,4550666.66,14597402.02,4550666.66,3969694.1833468685,5.038171475248984e-07,5.038171475248984e-07,1144.257764229456,373.3666401389455,884.3764938738062,0.0,0.0,0.0,0.6596608053547813,0.32983040267739067,,0.0005764966828073021,,0.0005764966828073021,2.0,4,2.0,4,572.128882114728,373.3666401389455,884.3764938738062,
14597402.02,4550666.66,14598152.02,4550666.66,14598152.02,4549916.66,14597402.02,4549916.66,3969694.1833468685,6.297714344061229e-07,6.297714344061229e-07,1020.4140689807598,0.633483669048491,985.3105866450642,0.0,0.0,0.0,0.6557462767169587,0.32787313835847937,,0.0006426276319102016,,0.0006426276319102016,2.5,5,2.5,5,510.2070344903799,0.633483669048491,985.3105866450642,
14597402.02,4549916.66,14598152.02,4549916.66,14598152.02,4549166.66,14597402.02,4549166.66,3969694.1833468685,1.0076342950497967e-06,1.0076342950497967e-06,779.7912073326369,50.18959233308345,1077.3432370680002,0.0,0.0,0.0,0.6127165458580701,0.3501237404903258,,0.0007857443634866514,,0.0007857443634866514,4.0,7,4.0,7,445.59497561864964,50.18959233308345,1077.3432370680002,
14597402.02,4549166.66,14598152.02,4549166.66,14598152.02,4548416.66,14597402.02,4548416.66,3969694.1833468685,1.0076342950497967e-06,1.0076342950497967e-06,920.3663537958653,40.929775250303805,904.8797984561148,0.0,0.0,0.0,0.8535410397637467,0.4877377370078553,,0.0009273927020946485,,0.0009273927020946485,4.0,7,4.0,7,525.9236307404944,40.929775250303805,904.8797984561148,
14597402.02,4548416.66,14598152.02,4548416.66,14598152.02,4547666.66,14597402.02,4547666.66,3969694.1833468685,1.0076342950497967e-06,1.0076342950497967e-06,940.8748836173129,26.429410530236737,996.9151529335929,0.0,0.0,0.0,0.8920037723163221,0.5946691815442147,,0.0009480578000837905,,0.0009480578000837905,4.0,6,4.0,6,627.2499224115419,26.429410530236737,996.9151529335929,
14597402.02,4547666.66,14598152.02,4547666.66,14598152.02,4546916.66,14597402.02,4546916.66,3969694.1833468685,1.511451442574695e-06,1.0076342950497967e-06,764.1621826841446,1.4513859730413352,1047.139282614066,0.6666666666666666,0.5,2.519085737624492e-07,0.8826027615340435,0.6619520711505326,,0.0011549940333789779,,0.0011549940333789779,6.0,10,4.0,8,573.1216370131084,7.815454736150961,1050.0509761344838,
14597402.02,4546916.66,14598152.02,4546916.66,14598152.02,4546166.66,14597402.02,4546166.66,3969694.1833468685,6.297714344061229e-07,6.297714344061229e-07,1591.530990508831,411.9814194367158,1598.9713448076495,0.0,0.0,0.0,1.5951927130659098,0.9969954456661938,,0.0010023007547945442,,0.0010023007547945442,2.5,4,2.5,4,994.7068690680195,411.9814194367158,1598.9713448076495,
14597402.02,4546166.66,14598152.02,4546166.66,14598152.02,4545416.66,14597402.02,4545416.66,3969694.1833468685,5.038171475248984e-07,5.038171475248984e-07,2381.200033518091,270.25322721478716,2209.8059941652346,0.0,0.0,0.0,2.8567004599059858,1.1426801839623941,,0.0011996894085732769,,0.0011996894085732769,2.0,5,2.0,5,952.4800134072364,270.25322721478716,2209.8059941652346,
14597402.02,4545416.66,14598152.02,4545416.66,14598152.02,4544666.66,14597402.02,4544666.66,3969694.1833468685,6.297714344061229e-07,6.297714344061229e-07,1699.531219836556,223.86295306135628,1696.7857809837014,0.0,0.0,0.0,1.8190358210187756,0.9095179105093878,,0.0010703162141344556,,0.0010703162141344556,2.5,5,2.5,5,849.765609918278,223.86295306135628,1696.7857809837014,
14597402.02,4544666.66,14598152.02,4544666.66,14598152.02,4543916.66,14597402.02,4543916.66,3969694.1833468685,6.297714344061229e-07,6.297714344061229e-07,1869.36383934829,187.12136749734947,1736.6196276136977,0.0,0.0,0.0,2.200749605928542,0.9169790024702259,,0.0011772719465333095,,0.0011772719465333095,2.5,6,2.5,6,778.9015997284541,187.12136749734947,1736.6196276136977,
14597402.02,4543916.66,14598152.02,4543916.66,14598152.02,4543166.66,14597402.02,4543166.66,3969694.1833468685,5.038171475248984e-07,5.038171475248984e-07,2827.545511030932,92.25327446439222,2188.5580321053253,0.0,0.0,0.0,4.028024954915061,1.1508642728328746,,0.0014245659138644351,,0.0014245659138644351,2.0,7,2.0,7,807.8701460088378,92.25327446439222,2188.5580321053253,
14597402.02,4543166.66,14598152.02,4543166.66,14598152.02,4542416.66,14597402.02,4542416.66,3969694.1833468685,1.3854971556934704e-06,1.3854971556934704e-06,1202.4182921114914,40.92425836776758,2196.408790180368,0.0,0.0,0.0,2.0031652951964696,1.1017409123580584,,0.0016659471236742719,,0.0016659471236742719,5.5,10,5.5,10,661.3300606613203,40.92425836776758,2196.408790180368,
14597402.02,4542416.66,14598152.02,4542416.66,14598152.02,4541666.66,14597402.02,4541666.66,3969694.1833468685,3.1488571720306144e-06,2.141222876980818e-06,671.7438085890394,19.314117469058495,1651.4521628136526,0.64,0.47058823529411764,5.038171475248984e-07,1.4208895053890072,1.2686513440973277,,0.002115225309442757,,0.002115225309442757,12.5,18,8.5,14,599.7712576687852,19.314117469058495,1720.4395696888582,
14597402.02,4541666.66,14598152.02,4541666.66,14598152.02,4540916.66,14597402.02,4540916.66,3969694.1833468685,3.2748114589118393e-06,2.2671771638620423e-06,577.9431976028901,7.602817259391257,1006.6518259376519,0.6153846153846154,0.4444444444444444,5.038171475248984e-07,1.093847086190385,1.0157151514625005,,0.0018926550061100938,,0.0018926550061100938,13.0,18,9.0,14,536.6615406312551,7.602817259391257,1193.4849939093372,
14597402.02,4540916.66,14598152.02,4540916.66,14598152.02,4540166.66,14597402.02,4540166.66,3969694.1833468685,4.534354327724085e-06,2.5190857376244915e-06,445.9513619918776,71.1233483251943,1075.1226437704527,0.8888888888888888,0.8,1.0076342950497967e-06,0.9017589127496274,1.0144787768433308,,0.0020221014882023203,,0.0020221014882023203,18.0,24,10.0,16,501.6952822408623,71.1233483251943,1368.07502591508,
14597402.02,4540166.66,14598152.02,4540166.66,14598152.02,4539416.66,14597402.02,4539416.66,3969694.1833468685,2.6450400245057164e-06,2.141222876980818e-06,647.4857115132532,149.83956201342318,905.6964546923443,0.38095238095238093,0.23529411764705882,2.519085737624492e-07,1.1089006195771498,1.0584960459600068,,0.0017126256222481165,,0.0017126256222481165,10.5,13,8.5,11,618.0545428081055,149.83956201342318,1345.8437090418852,
14597402.02,4539416.66,14598152.02,4539416.66,14598152.02,4538666.66,14597402.02,4538666.66,3969694.1833468685,2.141222876980818e-06,1.6374057294559196e-06,800.4484360122415,189.9251342735971,1788.2315564604694,0.47058823529411764,0.3076923076923077,2.519085737624492e-07,1.3719193941738697,1.4576643563097365,,0.001713938503032928,,0.001713938503032928,8.5,10,6.5,8,850.4764632630066,257.0405179235007,1788.2315564604694,
14597402.02,4538666.66,14598152.02,4538666.66,14598152.02,4537916.66,14597402.02,4537916.66,3969694.1833468685,1.2595428688122458e-06,1.2595428688122458e-06,1222.0794596730107,96.63853768491623,2032.3131939191524,0.0,0.0,0.0,1.881099823784812,1.045055457658229,,0.001539261468553063,,0.001539261468553063,5.0,9,5.0,9,678.9330331516726,96.63853768491623,2032.3131939191524,
14597402.02,4537916.66,14598152.02,4537916.66,14598152.02,4537166.66,14597402.02,4537166.66,3969694.1833468685,2.0152685900995935e-06,1.0076342950497967e-06,829.5425422925421,151.58240259970935,2232.4200385144723,1.0,1.0,5.038171475248984e-07,1.3867885992023679,1.5849012562312776,,0.0016717510296335235,,0.0016717510296335235,8.0,11,4.0,7,948.0486197629052,252.08141770731973,2232.4200385144723,
14597402.02,4537166.66,14598152.02,4537166.66,14598152.02,4536416.66,14597402.02,4536416.66,3969694.1833468685,1.6374057294559196e-06,6.297714344061229e-07,803.0521772194847,151.58240259970935,2294.9869541265207,1.2307692307692308,1.6,5.038171475248984e-07,1.0559511645191964,1.143947094895796,,0.0013149222360312348,,0.0013149222360312348,6.5,10,2.5,6,869.9731919877751,227.33109893347253,2294.9869541265207,
14597402.02,4536416.66,14598152.02,4536416.66,14598152.02,4535666.66,14597402.02,4535666.66,3969694.1833468685,1.259542868812246e-07,1.259542868812246e-07,6596.643096231556,965.6921198265576,2332.6294282892204,0.0,0.0,0.0,5.480988979152438,1.3702472447881096,,0.000830875476995799,,0.000830875476995799,0.5,2,0.5,2,1649.160774057889,965.6921198265576,2332.6294282892204,
14597402.02,4535666.66,14598152.02,4535666.66,14598152.02,4534916.66,14597402.02,4534916.66,3969694.1833468685,2.519085737624492e-07,2.519085737624492e-07,2826.3869145333238,37.034231854707016,2151.143837048488,0.0,0.0,0.0,2.012362318527542,0.6707874395091807,,0.0007119910965409389,,0.0007119910965409389,1.0,3,1.0,3,942.1289715111079,37.034231854707016,2151.143837048488,
14597402.02,4534916.66,14598152.02,4534916.66,14598152.02,4534166.66,14597402.02,4534166.66,3969694.1833468685,2.519085737624492e-07,2.519085737624492e-07,2509.893236121024,71.93835713970176,2100.767416696031,0.0,0.0,0.0,1.586914196855052,0.528971398951684,,0.0006322636254072652,,0.0006322636254072652,1.0,3,1.0,3,836.631078707008,71.93835713970176,2100.767416696031,
14597402.02,4534166.66,14598152.02,4534166.66,14598152.02,4533416.66,14597402.02,4533416.66,3969694.1833468685,1.259542868812246e-07,1.259542868812246e-07,3044.660053480142,1522.330026740071,1522.330026740071,0.0,0.0,0.0,1.167590551451769,0.5837952757258845,,0.0003834879858318424,,0.0003834879858318424,0.5,1,0.5,1,1522.330026740071,1522.330026740071,1522.330026740071,
14597402.02,4533416.66,14598152.02,4533416.66,14598152.02,4532666.66,14597402.02,4532666.66,3969694.1833468685,1.259542868812246e-07,1.259542868812246e-07,1526.1076216601462,763.0538108300731,763.0538108300731,0.0,0.0,0.0,0.29334809752594,0.14667404876297,,0.00019221979719020538,,0.00019221979719020538,0.5,1,0.5,1,763.0538108300731,763.0538108300731,763.0538108300731,
14598152.02,4555166.66,14598902.02,4555166.66,14598902.02,4554416.66,14598152.02,4554416.66,3969694.1833468685,0.0,0.0,0.0,0.0,0.0,0.0,0.0,0.0,0.0,0.0,,0.0,,0.0,0.0,0,0.0,0,0.0,0.0,0.0,
14598152.02,4554416.66,14598902.02,4554416.66,14598902.02,4553666.66,14598152.02,4553666.66,3969694.1833468685,2.519085737624492e-07,2.519085737624492e-07,842.6950580570135,37.77762623283296,804.9174318241805,0.0,0.0,0.0,0.17888908517254978,0.08944454258627489,,0.00021228211019180658,,0.00021228211019180658,1.0,2,1.0,2,421.34752902850676,37.77762623283296,804.9174318241805,
14598152.02,4553666.66,14598902.02,4553666.66,14598902.02,4552916.66,14598152.02,4552916.66,3969694.1833468685,5.038171475248984e-07,5.038171475248984e-07,590.6296467666531,3.176682615217299,1143.17318060266,0.0,0.0,0.0,0.17575327646301953,0.11716885097534636,,0.0002975693438776134,,0.0002975693438776134,2.0,3,2.0,3,393.7530978444354,3.176682615217299,1143.17318060266,
14598152.02,4552916.66,14598902.02,4552916.66,14598902.02,4552166.66,14598152.02,4552166.66,3969694.1833468685,5.038171475248984e-07,5.038171475248984e-07,1009.6640701305305,151.85093845142154,1141.0623438015252,0.0,0.0,0.0,0.513602049643567,0.2568010248217835,,0.0005086860717715428,,0.0005086860717715428,2.0,4,2.0,4,504.83203506526525,151.85093845142154,1141.0623438015252,
14598152.02,4552166.66,14598902.02,4552166.66,14598902.02,4551416.66,14598152.02,4551416.66,3969694.1833468685,3.7786286064367375e-07,3.7786286064367375e-07,851.1985883698494,507.76592526475685,769.0319572900172,0.0,0.0,0.0,0.27377639310944174,0.2053322948320813,,0.0003216363335772882,,0.0003216363335772882,1.5,2,1.5,2,638.398941277387,507.76592526475685,769.0319572900172,
14598152.02,4551416.66,14598902.02,4551416.66,14598902.02,4550666.66,14598152.02,4550666.66,3969694.1833468685,2.519085737624492e-07,2.519085737624492e-07,746.6488109622219,257.36063486119133,489.28817610103056,0.0,0.0,0.0,0.14043511191617333,0.07021755595808667,,0.00018808723707092184,,0.00018808723707092184,1.0,2,1.0,2,373.32440548111094,257.36063486119133,489.28817610103056,
14598152.02,4550666.66,14598902.02,4550666.66,14598902.02,4549916.66,14598152.02,4549916.66,3969694.1833468685,1.2595428688122458e-06,7.557257212873475e-07,541.9607722112639,136.16865376027772,715.4136141124005,0.8,0.6666666666666666,2.519085737624492e-07,0.3699547938075566,0.3699547938075566,,0.0006826228258146753,,0.0006826228258146753,5.0,7,3.0,5,541.9607722112639,370.2965723591432,793.233389155553,
14598152.02,4549916.66,14598902.02,4549916.66,14598902.02,4549166.66,14598152.02,4549166.66,3969694.1833468685,2.141222876980818e-06,1.1335885819310212e-06,550.5079498251117,64.11348715606748,1747.4950691092529,0.9411764705882353,0.8888888888888888,5.038171475248984e-07,0.6489168699145652,0.6894741742842255,,0.0011787602161253375,,0.0011787602161253375,8.5,12,4.5,8,584.9146966891813,120.15602069414099,1747.4950691092529,
14598152.02,4549166.66,14598902.02,4549166.66,14598902.02,4548416.66,14598152.02,4548416.66,3969694.1833468685,1.511451442574695e-06,1.0076342950497967e-06,1037.0098274397872,64.11348715606748,1836.8284624257956,0.6666666666666666,0.5,2.519085737624492e-07,1.6253988330658222,1.3931989997707048,,0.0015673899996480017,,0.0015673899996480017,6.0,9,4.0,7,888.8655663769604,193.44394331791145,1836.8284624257956,
14598152.02,4548416.66,14598902.02,4548416.66,14598902.02,4547666.66,14598152.02,4547666.66,3969694.1833468685,1.1335885819310212e-06,6.297714344061229e-07,1343.68308910334,216.0452587416764,1251.3777935906498,0.8888888888888888,0.8,2.519085737624492e-07,2.0466763237893475,1.5350072428420107,,0.0015231838075413493,,0.0015231838075413493,4.5,8,2.5,6,1007.7623168275051,216.0452587416764,1905.7122334318428,
14598152.02,4547666.66,14598902.02,4547666.66,14598902.02,4546916.66,14598152.02,4546916.66,3969694.1833468685,1.2595428688122458e-06,7.557257212873475e-07,1220.3379202974656,6.776067343404417,1460.849995210391,0.8,0.6666666666666666,2.519085737624492e-07,1.8757422750137027,1.3398159107240735,,0.0015370679250518396,,0.0015370679250518396,5.0,9,3.0,7,871.6699430696183,6.776067343404417,2182.904602210846,
14598152.02,4546916.66,14598902.02,4546916.66,14598902.02,4546166.66,14598152.02,4546166.66,3969694.1833468685,1.0076342950497967e-06,5.038171475248984e-07,1709.993054959471,18.186433001090613,2140.6589724112296,1.0,1.0,2.519085737624492e-07,2.9463995088350323,1.9642663392233548,,0.0017230476464741348,,0.0017230476464741348,4.0,8,2.0,6,1139.9953699729806,453.14568299919813,2158.8454054123204,
14598152.02,4546166.66,14598902.02,4546166.66,14598902.02,4545416.66,14598152.02,4545416.66,3969694.1833468685,7.557257212873475e-07,7.557257212873475e-07,2139.3607063237614,116.06950220759393,1987.8110321737627,0.0,0.0,0.0,3.4588540227826767,1.7294270113913384,,0.0016167699128803337,,0.0016167699128803337,3.0,6,3.0,6,1069.6803531618807,116.06950220759393,1987.8110321737627,
14598152.02,4545416.66,14598902.02,4545416.66,14598902.02,4544666.66,14598152.02,4544666.66,3969694.1833468685,1.1335885819310212e-06,1.1335885819310212e-06,1266.108524372895,2.896167452175856,1458.0420715710075,0.0,0.0,0.0,1.8171774062509372,0.9085887031254686,,0.001435246166714648,,0.001435246166714648,4.5,9,4.5,9,633.0542621864475,2.896167452175856,1458.0420715710075,
14598152.02,4544666.66,14598902.02,4544666.66,14598902.02,4543916.66,14598152.02,4543916.66,3969694.1833468685,1.0076342950497967e-06,1.0076342950497967e-06,1639.5456420387284,540.6169837291258,1278.519057105917,0.0,0.0,0.0,2.7086317365251826,1.5477895637286758,,0.0016520624172176603,,0.0016520624172176603,4.0,7,4.0,7,936.8832240221305,540.6169837291258,1278.519057105917,
14598152.02,4543916.66,14598902.02,4543916.66,14598902.02,4543166.66,14598152.02,4543166.66,3969694.1833468685,1.0076342950497967e-06,1.0076342950497967e-06,1584.3631305471952,67.89002787146921,1811.1976994919328,0.0,0.0,0.0,2.529370186718959,1.4453543924108336,,0.0015964586261518119,,0.0015964586261518119,4.0,7,4.0,7,905.3503603126829,67.89002787146921,1811.1976994919328,
14598152.02,4543166.66,14598902.02,4543166.66,14598902.02,4542416.66,14598152.02,4542416.66,3969694.1833468685,1.511451442574695e-06,1.511451442574695e-06,1379.5364680527973,67.32337356532624,1556.135296838501,0.0,0.0,0.0,2.876474779348957,1.5689862432812491,,0.0020851023847228,,0.0020851023847228,6.0,11,6.0,11,752.4744371197077,67.32337356532624,1556.135296838501,
14598152.02,4542416.66,14598902.02,4542416.66,14598902.02,4541666.66,14598152.02,4541666.66,3969694.1833468685,2.393131450743267e-06,2.393131450743267e-06,781.8653518205718,2.6884664690228526,1244.2244411341235,0.0,0.0,0.0,1.4629533917119026,0.8175327777213574,,0.0018711065636882601,,0.0018711065636882601,9.5,17,9.5,17,436.9247554291431,2.6884664690228526,1244.2244411341235,
14598152.02,4541666.66,14598902.02,4541666.66,14598902.02,4540916.66,14598152.02,4540916.66,3969694.1833468685,2.7709943113869408e-06,2.2671771638620423e-06,593.7763816129954,82.89284216800247,1416.8918774725018,0.36363636363636365,0.2222222222222222,2.519085737624492e-07,0.9769705488259663,0.7676197169346877,,0.0016453509756855314,,0.0016453509756855314,11.0,16,9.0,14,466.5385855530677,82.89284216800247,1416.8918774725018,
14598152.02,4540916.66,14598902.02,4540916.66,14598902.02,4540166.66,14598152.02,4540166.66,3969694.1833468685,3.7786286064367373e-06,2.2671771638620423e-06,428.27047194169035,29.427680065711215,1082.3673838859268,0.8,0.6666666666666666,7.557257212873475e-07,0.6930594222091421,0.7996839487028562,,0.0016182750565710332,,0.0016182750565710332,15.0,19,9.0,13,494.15823685579653,47.0818738233617,1082.3673838859268,
14598152.02,4540166.66,14598902.02,4540166.66,14598902.02,4539416.66,14598152.02,4539416.66,3969694.1833468685,3.1488571720306144e-06,2.141222876980818e-06,522.7518426820167,4.704136975705341,1187.6762577139764,0.64,0.47058823529411764,5.038171475248984e-07,0.8604865904212081,0.9778256709331913,,0.0016460708890214878,,0.0016460708890214878,12.5,15,8.5,11,594.0361848659281,57.10425167092522,1345.8437090418852,
14598152.02,4539416.66,14598902.02,4539416.66,14598902.02,4538666.66,14598152.02,4538666.66,3969694.1833468685,2.2671771638620423e-06,1.763360016337144e-06,607.7854144983495,126.39617069818684,858.4814033558206,0.4444444444444444,0.2857142857142857,2.519085737624492e-07,0.8375022954260332,0.8375022954260332,,0.0013779572122790838,,0.0013779572122790838,9.0,11,7.0,9,607.7854144983495,126.39617069818684,1132.2427522710195,
14598152.02,4538666.66,14598902.02,4538666.66,14598902.02,4537916.66,14598152.02,4537916.66,3969694.1833468685,2.2671771638620423e-06,1.763360016337144e-06,602.8066690847018,81.95305858270656,884.6975451605956,0.4444444444444444,0.2857142857142857,2.519085737624492e-07,0.8238374976985412,0.6178781232739059,,0.0013666695143725789,,0.0013666695143725789,9.0,14,7.0,12,452.1050018135263,81.95305858270656,884.6975451605956,
14598152.02,4537916.66,14598902.02,4537916.66,14598902.02,4537166.66,14598152.02,4537166.66,3969694.1833468685,2.896948598268165e-06,1.3854971556934704e-06,517.6430640141351,79.71422988701585,1149.8068767830089,1.0434782608695652,1.0909090909090908,7.557257212873475e-07,0.7762499546512487,1.11585930981117,,0.0014995853486989867,,0.0014995853486989867,11.5,14,5.5,8,744.1119045203192,79.71422988701585,1487.1551864510068,
14598152.02,4537166.66,14598902.02,4537166.66,14598902.02,4536416.66,14598152.02,4536416.66,3969694.1833468685,2.6450400245057164e-06,1.1335885819310212e-06,631.1061196602244,151.58240259970935,1782.389210955057,1.1428571428571428,1.3333333333333333,7.557257212873475e-07,1.053506042708862,1.5802590640632932,,0.0016693009462117874,,0.0016693009462117874,10.5,13,4.5,7,946.6591794903367,195.59151686745182,1877.4403095385671,
14598152.02,4536416.66,14598902.02,4536416.66,14598902.02,4535666.66,14598152.02,4535666.66,3969694.1833468685,1.8893143032183687e-06,8.81680008168572e-07,608.099708603919,11.783415119179974,2033.6487821345975,1.0666666666666667,1.1428571428571428,5.038171475248984e-07,0.6986405725322211,0.748543470570237,,0.0011488914772483064,,0.0011488914772483064,7.5,11,3.5,7,651.5354020756275,163.36581771888933,2033.6487821345975,
14598152.02,4535666.66,14598902.02,4535666.66,14598902.02,4534916.66,14598152.02,4534916.66,3969694.1833468685,5.038171475248984e-07,5.038171475248984e-07,1515.9262735541101,187.34931266343384,2145.8608509153783,0.0,0.0,0.0,1.157788162368804,0.578894081184402,,0.0007637496510000804,,0.0007637496510000804,2.0,4,2.0,4,757.9631367770551,187.34931266343384,2145.8608509153783,
14598152.02,4534916.66,14598902.02,4534916.66,14598902.02,4534166.66,14598152.02,4534166.66,3969694.1833468685,3.7786286064367375e-07,3.7786286064367375e-07,2374.246062967904,187.34931266343384,2162.764299153509,0.0,0.0,0.0,2.1300297102858834,1.0650148551429417,,0.000897139409225032,,0.000897139409225032,1.5,3,1.5,3,1187.123031483952,187.34931266343384,2162.764299153509,
14598152.02,4534166.66,14598902.02,4534166.66,14598902.02,4533416.66,14598152.02,4533416.66,3969694.1833468685,2.519085737624492e-07,2.519085737624492e-07,2950.5108169959112,1413.671487877431,1536.8393291184805,0.0,0.0,0.0,2.1929936360664986,1.0964968180332493,,0.0007432589717801186,,0.0007432589717801186,1.0,2,1.0,2,1475.2554084979556,1413.671487877431,1536.8393291184805,
14598152.02,4533416.66,14598902.02,4533416.66,14598902.02,4532666.66,14598152.02,4532666.66,3969694.1833468685,1.259542868812246e-07,1.259542868812246e-07,3165.5254723194266,789.8534545463987,792.9092816133146,0.0,0.0,0.0,1.2621314203421525,0.31553285508553813,,0.000398711503470345,,0.000398711503470345,0.5,2,0.5,2,791.3813680798567,789.8534545463987,792.9092816133146,
14598902.02,4555166.66,14599652.02,4555166.66,14599652.02,4554416.66,14598902.02,4554416.66,3969694.1833468685,1.259542868812246e-07,1.259542868812246e-07,1539.1345397705977,32.23739666551194,737.3298732197869,0.0,0.0,0.0,0.29837753515783283,0.07459438378945821,,0.00019386059337106741,,0.00019386059337106741,0.5,2,0.5,2,384.7836349426494,32.23739666551194,737.3298732197869,
14598902.02,4554416.66,14599652.02,4554416.66,14599652.02,4553666.66,14598902.02,4553666.66,3969694.1833468685,5.038171475248984e-07,5.038171475248984e-07,835.7456526360548,128.6083240320586,740.0464099502985,0.0,0.0,0.0,0.3519015640198163,0.17595078200990816,,0.0004210629907674317,,0.0004210629907674317,2.0,4,2.0,4,417.8728263180274,128.6083240320586,740.0464099502985,
14598902.02,4553666.66,14599652.02,4553666.66,14599652.02,4552916.66,14598902.02,4552916.66,3969694.1833468685,6.297714344061229e-07,6.297714344061229e-07,837.9120479813877,522.2773279135027,811.3435432077804,0.0,0.0,0.0,0.44216038296961596,0.3684669858080133,,0.0005276930723634106,,0.0005276930723634106,2.5,3,2.5,3,698.2600399844897,522.2773279135027,811.3435432077804,
14598902.02,4552916.66,14599652.02,4552916.66,14599652.02,4552166.66,14598902.02,4552166.66,3969694.1833468685,5.038171475248984e-07,5.038171475248984e-07,1008.8383462754306,207.93009134173892,998.4030580013417,0.0,0.0,0.0,0.5127623247076789,0.34184154980511927,,0.0005082700579342231,,0.0005082700579342231,2.0,3,2.0,3,672.5588975169537,207.93009134173892,998.4030580013417,
14598902.02,4552166.66,14599652.02,4552166.66,14599652.02,4551416.66,14598902.02,4551416.66,3969694.1833468685,6.297714344061229e-07,6.297714344061229e-07,573.0408018589353,51.30129444080016,1023.4414363274351,0.0,0.0,0.0,0.2068016737741976,0.1292510461088735,,0.0003608847277599365,,0.0003608847277599365,2.5,4,2.5,4,358.15050116183454,51.30129444080016,1023.4414363274351,
14598902.02,4551416.66,14599652.02,4551416.66,14599652.02,4550666.66,14598902.02,4550666.66,3969694.1833468685,1.2595428688122458e-06,7.557257212873475e-07,816.6568496611038,136.16865376027772,1099.0128842834613,0.8,0.6666666666666666,2.519085737624492e-07,0.8400249229477271,0.8400249229477271,,0.0010286143112573176,,0.0010286143112573176,5.0,7,3.0,5,816.6568496611038,138.13507454426477,1235.181538043739,
14598902.02,4550666.66,14599652.02,4550666.66,14599652.02,4549916.66,14598902.02,4549916.66,3969694.1833468685,1.8893143032183687e-06,8.81680008168572e-07,859.6727228065073,136.16865376027772,1974.4673880873268,1.0666666666666667,1.1428571428571428,5.038171475248984e-07,1.3962735343150567,1.7453419178938212,,0.0016241919712850143,,0.0016241919712850143,7.5,10,3.5,6,1074.5909035081343,370.2965723591432,1974.4673880873268,
14598902.02,4549916.66,14599652.02,4549916.66,14599652.02,4549166.66,14598902.02,4549166.66,3969694.1833468685,2.5190857376244915e-06,1.0076342950497967e-06,834.3775115324485,64.11348715606748,2259.2310924831386,1.2,1.5,7.557257212873475e-07,1.7537517995003926,2.1921897493754905,,0.0021018684890960057,,0.0021018684890960057,10.0,14,4.0,8,1042.9718894155606,193.44394331791145,2259.2310924831386,
14598902.02,4549166.66,14599652.02,4549166.66,14599652.02,4548416.66,14598902.02,4548416.66,3969694.1833468685,1.2595428688122458e-06,7.557257212873475e-07,1533.0562804705544,64.11348715606748,2210.1704393894634,0.8,0.6666666666666666,2.519085737624492e-07,2.960255186595626,2.4668793221630216,,0.001930950105554513,,0.001930950105554513,5.0,8,3.0,6,1277.5469003921287,193.44394331791145,2210.1704393894634,
14598902.02,4548416.66,14599652.02,4548416.66,14599652.02,4547666.66,14598902.02,4547666.66,3969694.1833468685,1.763360016337144e-06,7.557257212873475e-07,1355.460661931095,64.11348715606748,1841.0684750707708,1.1428571428571428,1.3333333333333333,5.038171475248984e-07,3.239774815967228,3.239774815967228,,0.002390165134967172,,0.002390165134967172,7.0,11,3.0,7,1355.460661931095,193.44394331791145,2389.741740236901,
14598902.02,4547666.66,14599652.02,4547666.66,14599652.02,4546916.66,14598902.02,4546916.66,3969694.1833468685,1.0076342950497967e-06,5.038171475248984e-07,2078.7905763326758,56.62504915882686,2159.393763149971,1.0,1.0,2.519085737624492e-07,4.3543608758357,2.4882062147632573,,0.002094660676939136,,0.002094660676939136,4.0,9,2.0,7,1187.8803293329577,56.62504915882686,2281.7678439468973,
14598902.02,4546916.66,14599652.02,4546916.66,14599652.02,4546166.66,14598902.02,4546166.66,3969694.1833468685,5.038171475248984e-07,5.038171475248984e-07,4109.770659345193,778.0349559600237,2097.5075508091263,0.0,0.0,0.0,8.509579878102551,2.8365266260341837,,0.002070572930572816,,0.002070572930572816,2.0,6,2.0,6,1369.9235531150644,778.0349559600237,2097.5075508091263,
14598902.02,4546166.66,14599652.02,4546166.66,14599652.02,4545416.66,14598902.02,4545416.66,3969694.1833468685,8.81680008168572e-07,8.81680008168572e-07,2255.02350944837,218.2919275127035,2249.9095079780445,0.0,0.0,0.0,4.483458366450639,1.9615130353221548,,0.0019882091462307613,,0.0019882091462307613,3.5,8,3.5,8,986.572785383662,218.2919275127035,2249.9095079780445,
14598902.02,4545416.66,14599652.02,4545416.66,14599652.02,4544666.66,14598902.02,4544666.66,3969694.1833468685,1.3854971556934704e-06,1.3854971556934704e-06,1149.7553925219142,142.91586768130188,1542.7171079912653,0.0,0.0,0.0,1.8315405944829712,1.0073473269656341,,0.0015929828260823418,,0.0015929828260823418,5.5,10,5.5,10,632.3654658870529,142.91586768130188,1542.7171079912653,
14598902.02,4544666.66,14599652.02,4544666.66,14599652.02,4543916.66,14598902.02,4543916.66,3969694.1833468685,1.763360016337144e-06,1.763360016337144e-06,1061.9714530652986,30.449271644426705,1221.4837380724935,0.0,0.0,0.0,1.988688096679396,1.1600680563963146,,0.001872637998826806,,0.001872637998826806,7.0,12,7.0,12,619.4833476214243,30.449271644426705,1221.4837380724935,
14598902.02,4543916.66,14599652.02,4543916.66,14599652.02,4543166.66,14598902.02,4543166.66,3969694.1833468685,2.141222876980818e-06,1.6374057294559196e-06,1153.3575742177927,198.08374780683536,1836.4290894465964,0.47058823529411764,0.3076923076923077,2.519085737624492e-07,2.848326817335387,2.2009798133955263,,0.0024695956232542392,,0.0024695956232542392,8.5,13,6.5,11,891.230852804658,198.08374780683536,1836.4290894465964,
14598902.02,4543166.66,14599652.02,4543166.66,14599652.02,4542416.66,14598902.02,4542416.66,3969694.1833468685,2.0152685900995935e-06,1.511451442574695e-06,1194.821845031447,333.6677719618353,1516.4458948064453,0.5,0.3333333333333333,2.519085737624492e-07,2.8769959103715856,2.3015967282972682,,0.0024078869350567193,,0.0024078869350567193,8.0,12,6.0,10,955.8574760251577,368.452122667718,1516.4458948064453,
14598902.02,4542416.66,14599652.02,4542416.66,14599652.02,4541666.66,14598902.02,4541666.66,3969694.1833468685,2.141222876980818e-06,2.141222876980818e-06,1006.0535182744234,12.096229744860613,1433.2449981855407,0.0,0.0,0.0,2.167225205902768,1.4170318653979637,,0.002154184808796235,,0.002154184808796235,8.5,13,8.5,13,657.804223487123,12.096229744860613,1433.2449981855407,
14598902.02,4541666.66,14599652.02,4541666.66,14599652.02,4540916.66,14598902.02,4540916.66,3969694.1833468685,3.4007657457930637e-06,2.393131450743267e-06,515.3717203560938,29.427680065711215,1416.8918774725018,0.5925925925925926,0.42105263157894735,5.038171475248984e-07,0.9032706227018897,0.9380118004981162,,0.0017526584929374452,,0.0017526584929374452,13.5,17,9.5,13,535.1937096005588,181.78807165053388,1416.8918774725018,
14598902.02,4540916.66,14599652.02,4540916.66,14599652.02,4540166.66,14598902.02,4540166.66,3969694.1833468685,3.2748114589118393e-06,2.2671771638620423e-06,498.4425262874387,29.427680065711215,1187.6762577139764,0.6153846153846154,0.4444444444444444,5.038171475248984e-07,0.8136103757570577,0.9615395349856136,,0.00163230529669507,,0.00163230529669507,13.0,15,9.0,11,589.068440157882,209.13082424198743,1187.6762577139764,
14598902.02,4540166.66,14599652.02,4540166.66,14599652.02,4539416.66,14598902.02,4539416.66,3969694.1833468685,2.6450400245057164e-06,1.6374057294559196e-06,462.55523163173416,29.427680065711215,1187.6762577139764,0.7619047619047619,0.6153846153846154,5.038171475248984e-07,0.5659257339465221,0.6602466896042758,,0.0012234771012104495,,0.0012234771012104495,10.5,13,6.5,9,539.6477702370232,209.13082424198743,1187.6762577139764,
14598902.02,4539416.66,14599652.02,4539416.66,14599652.02,4538666.66,14598902.02,4538666.66,3969694.1833468685,1.2595428688122458e-06,1.2595428688122458e-06,888.1560501541559,340.86151861850766,958.8034782354849,0.0,0.0,0.0,0.9935540787179385,0.6209712991987115,,0.0011186706193641184,,0.0011186706193641184,5.0,8,5.0,8,555.0975313463474,340.86151861850766,958.8034782354849,
14598902.02,4538666.66,14599652.02,4538666.66,14599652.02,4537916.66,14598902.02,4537916.66,3969694.1833468685,1.6374057294559196e-06,1.6374057294559196e-06,669.3288687390176,8.784135693549034,1075.3737002605374,0.0,0.0,0.0,0.7335596244780037,0.596017194888378,,0.0010959629245635165,,0.0010959629245635165,6.5,8,6.5,8,543.8297058504518,8.784135693549034,1075.3737002605374,
14598902.02,4537916.66,14599652.02,4537916.66,14599652.02,4537166.66,14598902.02,4537166.66,3969694.1833468685,3.1488571720306144e-06,1.6374057294559196e-06,517.2481255041351,151.58240259970935,900.873086961558,0.96,0.9230769230769231,7.557257212873475e-07,0.8424629548918191,1.170087437349749,,0.0016287404697130875,,0.0016287404697130875,12.5,15,6.5,9,718.4001743112989,172.73963600771185,1837.719476917962,
14598902.02,4537166.66,14599652.02,4537166.66,14599652.02,4536416.66,14598902.02,4536416.66,3969694.1833468685,2.7709943113869408e-06,1.2595428688122458e-06,499.82064907154637,151.37640327426985,1231.6641123591469,1.0909090909090908,1.2,7.557257212873475e-07,0.6922516865781448,1.0878240789085134,,0.0013850001752909835,,0.0013850001752909835,11.0,13,5.0,7,785.4324485410015,220.43480179865134,2272.475438819455,
14598902.02,4536416.66,14599652.02,4536416.66,14599652.02,4535666.66,14598902.02,4535666.66,3969694.1833468685,2.0152685900995935e-06,1.0076342950497967e-06,570.999685031514,184.58390474050955,1236.356085235739,1.0,1.0,5.038171475248984e-07,0.657059461504819,0.7509250988626502,,0.001150717730200771,,0.001150717730200771,8.0,11,4.0,7,652.5710686074445,187.34931266343384,1894.6390240229534,
14598902.02,4535666.66,14599652.02,4535666.66,14599652.02,4534916.66,14598902.02,4534916.66,3969694.1833468685,1.0076342950497967e-06,1.0076342950497967e-06,548.466394941857,129.30754275987945,602.2520072882528,0.0,0.0,0.0,0.30311189979566444,0.2020745998637763,,0.0005526535492257413,,0.0005526535492257413,4.0,6,4.0,6,365.6442632945713,129.30754275987945,602.2520072882528,
14598902.02,4534916.66,14599652.02,4534916.66,14599652.02,4534166.66,14598902.02,4534166.66,3969694.1833468685,5.038171475248984e-07,5.038171475248984e-07,1099.2888019668248,185.0200437478092,1248.8916784304372,0.0,0.0,0.0,0.6088307130554923,0.30441535652774615,,0.0005538405485129885,,0.0005538405485129885,2.0,4,2.0,4,549.6444009834124,185.0200437478092,1248.8916784304372,
14598902.02,4534166.66,14599652.02,4534166.66,14599652.02,4533416.66,14598902.02,4533416.66,3969694.1833468685,1.259542868812246e-07,1.259542868812246e-07,3808.2955608789616,490.47629256204993,1413.671487877431,0.0,0.0,0.0,1.8267295173330906,0.45668237933327266,,0.0004796711516034428,,0.0004796711516034428,0.5,2,0.5,2,952.0738902197404,490.47629256204993,1413.671487877431,
14598902.02,4533416.66,14599652.02,4533416.66,14599652.02,4532666.66,14598902.02,4532666.66,3969694.1833468685,0.0,0.0,0.0,814.1794677425027,814.1794677425027,0.0,0.0,0.0,0.0,0.1669872224601898,,0.00020509878850568384,,0.00020509878850568384,0.0,1,0.0,1,814.1794677425027,814.1794677425027,814.1794677425027,
14599652.02,4555166.66,14600402.02,4555166.66,14600402.02,4554416.66,14599652.02,4554416.66,3969694.1833468685,1.259542868812246e-07,1.259542868812246e-07,2702.220650089637,1351.1103250448184,1351.1103250448184,0.0,0.0,0.0,0.919717754632488,0.459858877316244,,0.0003403562749777593,,0.0003403562749777593,0.5,1,0.5,1,1351.1103250448184,1351.1103250448184,1351.1103250448184,
14599652.02,4554416.66,14600402.02,4554416.66,14600402.02,4553666.66,14599652.02,4553666.66,3969694.1833468685,6.297714344061229e-07,6.297714344061229e-07,1069.2434675223249,193.2917940647319,1310.827263361948,0.0,0.0,0.0,0.720006088652438,0.4500038054077737,,0.0006733789922709112,,0.0006733789922709112,2.5,4,2.5,4,668.277167201453,193.2917940647319,1310.827263361948,
14599652.02,4553666.66,14600402.02,4553666.66,14600402.02,4552916.66,14599652.02,4552916.66,3969694.1833468685,8.81680008168572e-07,8.81680008168572e-07,1080.9661382917252,554.356907593504,952.4415349098706,0.0,0.0,0.0,1.0302323261129869,0.7211626282790907,,0.000953066233638998,,0.000953066233638998,3.5,5,3.5,5,756.6762968042076,554.356907593504,952.4415349098706,
14599652.02,4552916.66,14600402.02,4552916.66,14600402.02,4552166.66,14599652.02,4552166.66,3969694.1833468685,1.0076342950497967e-06,1.0076342950497967e-06,1133.2058472052265,28.9490332419677,1240.8535950905432,0.0,0.0,0.0,1.2939591140569298,0.7394052080325312,,0.001141857074994946,,0.001141857074994946,4.0,7,4.0,7,647.5461984029865,28.9490332419677,1240.8535950905432,
14599652.02,4552166.66,14600402.02,4552166.66,14600402.02,4551416.66,14599652.02,4551416.66,3969694.1833468685,1.2595428688122458e-06,1.2595428688122458e-06,825.4792616255029,126.18122450035689,1023.4414363274351,0.0,0.0,0.0,0.8582726778203356,0.5364204236377097,,0.0010397265173328002,,0.0010397265173328002,5.0,8,5.0,8,515.9245385159393,126.18122450035689,1023.4414363274351,
14599652.02,4551416.66,14600402.02,4551416.66,14600402.02,4550666.66,14599652.02,4550666.66,3969694.1833468685,1.763360016337144e-06,1.2595428688122458e-06,962.9655742376981,115.17252596858462,1938.2529332772076,0.5714285714285714,0.4,2.519085737624492e-07,1.6351684992257725,1.430772436822551,,0.0016980549907198946,,0.0016980549907198946,7.0,10,5.0,8,842.5948774579858,158.26046826222554,1938.2529332772076,
14599652.02,4550666.66,14600402.02,4550666.66,14600402.02,4549916.66,14599652.02,4549916.66,3969694.1833468685,1.8893143032183687e-06,8.81680008168572e-07,1138.5999168108747,136.16865376027772,2284.338061145784,1.0666666666666667,1.1428571428571428,5.038171475248984e-07,2.4493255223543215,2.62427734537963,,0.0021511731084740303,,0.0021511731084740303,7.5,11,3.5,7,1219.9284822973657,195.01724268574344,2284.338061145784,
14599652.02,4549916.66,14600402.02,4549916.66,14600402.02,4549166.66,14599652.02,4549166.66,3969694.1833468685,2.5190857376244915e-06,1.0076342950497967e-06,1091.1903575309145,64.11348715606748,2215.972934100237,1.2,1.5,7.557257212873475e-07,2.999466309932628,2.999466309932628,,0.002748802066689496,,0.002748802066689496,10.0,16,4.0,10,1091.1903575309145,70.73911788358936,2309.8089431459625,
14599652.02,4549166.66,14600402.02,4549166.66,14600402.02,4548416.66,14599652.02,4548416.66,3969694.1833468685,1.6374057294559196e-06,6.297714344061229e-07,1529.2396137091428,64.11348715606748,2280.107195748278,1.2307692307692308,1.6,5.038171475248984e-07,3.829194132550675,3.5556802659399125,,0.0025039857051983075,,0.0025039857051983075,6.5,11,2.5,7,1420.0082127299181,193.44394331791145,2280.107195748278,
14599652.02,4548416.66,14600402.02,4548416.66,14600402.02,4547666.66,14599652.02,4547666.66,3969694.1833468685,1.0076342950497967e-06,5.038171475248984e-07,2165.8635888616086,50.1668469190744,2268.989638672116,1.0,1.0,2.519085737624492e-07,4.726777297087921,2.7010155983359545,,0.0021823984305365898,,0.0021823984305365898,4.0,9,2.0,7,1237.6363364923477,50.1668469190744,2268.989638672116,
14599652.02,4547666.66,14600402.02,4547666.66,14600402.02,4546916.66,14599652.02,4546916.66,3969694.1833468685,3.7786286064367375e-07,3.7786286064367375e-07,4564.202797110122,101.95950455886859,2311.5083129894156,0.0,0.0,0.0,7.871619151623545,1.9679047879058862,,0.001724642725473888,,0.001724642725473888,1.5,6,1.5,6,1141.0506992775306,101.95950455886859,2311.5083129894156,
14599652.02,4546916.66,14600402.02,4546916.66,14600402.02,4546166.66,14599652.02,4546166.66,3969694.1833468685,5.038171475248984e-07,5.038171475248984e-07,3301.8361599089894,340.2231896907294,2246.66382742362,0.0,0.0,0.0,5.492676021552326,2.19707040862093,,0.0016635216756799112,,0.0016635216756799112,2.0,5,2.0,5,1320.7344639635958,340.2231896907294,2246.66382742362,
14599652.02,4546166.66,14600402.02,4546166.66,14600402.02,4545416.66,14599652.02,4545416.66,3969694.1833468685,6.297714344061229e-07,6.297714344061229e-07,2434.6213185095557,155.8469558977581,1900.2852732131646,0.0,0.0,0.0,3.7328952123106642,1.5553730051294432,,0.001533254959993489,,0.001533254959993489,2.5,6,2.5,6,1014.4255493789815,155.8469558977581,1900.2852732131646,
14599652.02,4545416.66,14600402.02,4545416.66,14600402.02,4544666.66,14599652.02,4544666.66,3969694.1833468685,8.81680008168572e-07,8.81680008168572e-07,1221.066316956023,41.116450971542314,1440.4845437473805,0.0,0.0,0.0,1.3145874934920458,0.7668427045370267,,0.0010765897603081545,,0.0010765897603081545,3.5,6,3.5,6,712.2886848910134,41.116450971542314,1440.4845437473805,
14599652.02,4544666.66,14600402.02,4544666.66,14600402.02,4543916.66,14599652.02,4543916.66,3969694.1833468685,2.2671771638620423e-06,1.763360016337144e-06,812.5861949371761,125.77988701984889,880.598438272042,0.4444444444444444,0.2857142857142857,2.519085737624492e-07,1.4970087476139065,1.1227565607104297,,0.0018422768648311155,,0.0018422768648311155,9.0,14,7.0,12,609.439646202882,125.77988701984889,956.0896084332352,
14599652.02,4543916.66,14600402.02,4543916.66,14600402.02,4543166.66,14599652.02,4543166.66,3969694.1833468685,1.8893143032183687e-06,1.3854971556934704e-06,1061.1411542699443,123.73010281683516,1133.9347794934727,0.5333333333333333,0.36363636363636365,2.519085737624492e-07,2.1274067294826153,1.5955550471119615,,0.0020048291604958554,,0.0020048291604958554,7.5,12,5.5,10,795.8558657024582,123.73010281683516,1706.8713643325582,
14599652.02,4543166.66,14600402.02,4543166.66,14600402.02,4542416.66,14599652.02,4542416.66,3969694.1833468685,2.0152685900995935e-06,1.511451442574695e-06,1188.7140202500043,405.7640845140598,1234.4268687352412,0.5,0.3333333333333333,2.519085737624492e-07,2.847657188035751,2.2781257504286008,,0.0023955780276208455,,0.0023955780276208455,8.0,12,6.0,10,950.9712162000035,405.7640845140598,1692.8577328273955,
14599652.02,4542416.66,14600402.02,4542416.66,14600402.02,4541666.66,14599652.02,4541666.66,3969694.1833468685,1.8893143032183687e-06,1.8893143032183687e-06,1127.1993994179022,156.05892729105878,1123.7519585209186,0.0,0.0,0.0,2.400522107052177,1.636719618444666,,0.0021296339478993976,,0.0021296339478993976,7.5,11,7.5,11,768.5450450576606,156.05892729105878,1123.7519585209186,
14599652.02,4541666.66,14600402.02,4541666.66,14600402.02,4540916.66,14599652.02,4540916.66,3969694.1833468685,3.4007657457930637e-06,2.896948598268165e-06,554.7999383934189,29.427680065711215,1025.4034319627106,0.2962962962962963,0.17391304347826086,2.519085737624492e-07,1.0467658024111874,0.9420892221700685,,0.0018867446262564407,,0.0018867446262564407,13.5,17,11.5,15,499.3199445540769,64.00447004167138,1025.4034319627106,
14599652.02,4540916.66,14600402.02,4540916.66,14600402.02,4540166.66,14599652.02,4540166.66,3969694.1833468685,2.7709943113869408e-06,2.2671771638620423e-06,468.4197351031189,29.427680065711215,940.7548039150771,0.36363636363636365,0.2222222222222222,2.519085737624492e-07,0.6080033924779388,0.6080033924779388,,0.00129798842131212,,0.00129798842131212,11.0,13,9.0,11,468.4197351031189,143.58958031229795,940.7548039150771,
14599652.02,4540166.66,14600402.02,4540166.66,14600402.02,4539416.66,14599652.02,4539416.66,3969694.1833468685,2.5190857376244915e-06,2.0152685900995935e-06,418.9654210154637,29.427680065711215,940.7548039150771,0.4,0.25,2.519085737624492e-07,0.44218021817154896,0.4019820165195899,,0.0010554098166378949,,0.0010554098166378949,10.0,13,8.0,11,380.87765546860334,78.77516911387225,940.7548039150771,
14599652.02,4539416.66,14600402.02,4539416.66,14600402.02,4538666.66,14599652.02,4538666.66,3969694.1833468685,1.511451442574695e-06,1.511451442574695e-06,656.5265132828389,30.234745926906772,1075.3737002605374,0.0,0.0,0.0,0.6514764756209818,0.48860735671573635,,0.0009923079455898814,,0.0009923079455898814,6.0,8,6.0,8,492.39488496212914,30.234745926906772,1075.3737002605374,
14599652.02,4538666.66,14600402.02,4538666.66,14600402.02,4537916.66,14599652.02,4537916.66,3969694.1833468685,1.511451442574695e-06,1.511451442574695e-06,685.1971585677043,21.40737053885065,1075.3737002605374,0.0,0.0,0.0,0.7096191158686516,0.6082449564588442,,0.0010356422337652385,,0.0010356422337652385,6.0,7,6.0,7,587.3118502008894,21.40737053885065,1075.3737002605374,
14599652.02,4537916.66,14600402.02,4537916.66,14600402.02,4537166.66,14599652.02,4537166.66,3969694.1833468685,1.511451442574695e-06,1.0076342950497967e-06,721.0705753746115,56.76257192036421,877.6465734394361,0.6666666666666666,0.5,2.519085737624492e-07,0.7858682568328833,0.6736013629996143,,0.0010898631613481219,,0.0010898631613481219,6.0,9,4.0,7,618.0604931782384,292.17125474691494,877.6465734394361,
14599652.02,4537166.66,14600402.02,4537166.66,14600402.02,4536416.66,14599652.02,4536416.66,3969694.1833468685,2.6450400245057164e-06,1.6374057294559196e-06,539.8651025457469,3.1386174993841114,1236.356085235739,0.7619047619047619,0.6153846153846154,5.038171475248984e-07,0.7709083653795554,0.8094537836485333,,0.0014279648040673835,,0.0014279648040673835,10.5,14,6.5,10,566.8583576730343,3.1386174993841114,1752.447548132711,
14599652.02,4536416.66,14600402.02,4536416.66,14600402.02,4535666.66,14599652.02,4535666.66,3969694.1833468685,1.8893143032183687e-06,1.3854971556934704e-06,591.747618724834,204.8995890087968,1207.0666645859574,0.5333333333333333,0.36363636363636365,2.519085737624492e-07,0.661572204482674,0.708827361945722,,0.0011179972399522385,,0.0011179972399522385,7.5,9,5.5,7,634.0153057766078,247.50096216269677,1411.9662535947566,
14599652.02,4535666.66,14600402.02,4535666.66,14600402.02,4534916.66,14599652.02,4534916.66,3969694.1833468685,2.141222876980818e-06,1.1335885819310212e-06,394.0740781825669,57.955580472494354,602.2520072882528,0.9411764705882353,0.8888888888888888,5.038171475248984e-07,0.3325198771856875,0.353302369509793,,0.0008438004314296396,,0.0008438004314296396,8.5,12,4.5,8,418.70370806897733,57.955580472494354,695.1397275699098,
14599652.02,4534916.66,14600402.02,4534916.66,14600402.02,4534166.66,14599652.02,4534166.66,3969694.1833468685,5.038171475248984e-07,5.038171475248984e-07,995.8272632263255,232.21902001019788,737.6692076126411,0.0,0.0,0.0,0.4996213271767701,0.24981066358838505,,0.0005017148511862134,,0.0005017148511862134,2.0,4,2.0,4,497.91363161316275,232.21902001019788,737.6692076126411,
14599652.02,4534166.66,14600402.02,4534166.66,14600402.02,4533416.66,14599652.02,4533416.66,3969694.1833468685,2.519085737624492e-07,2.519085737624492e-07,1984.406669358033,226.04460831653063,1137.059585257021,0.0,0.0,0.0,0.9919831723844794,0.33066105746149316,,0.0004998890538426741,,0.0004998890538426741,1.0,3,1.0,3,661.468889786011,226.04460831653063,1137.059585257021,
14599652.02,4533416.66,14600402.02,4533416.66,14600402.02,4532666.66,14599652.02,4532666.66,3969694.1833468685,0.0,0.0,0.0,83.50396101530498,657.1249587133188,0.0,0.0,0.0,0.0,0.0690898557172884,,0.00018657077485606107,,0.00018657077485606107,0.0,2,0.0,2,370.3144598643119,83.50396101530498,657.1249587133188,
14600402.02,4555166.66,14601152.02,4555166.66,14601152.02,4554416.66,14600402.02,4554416.66,3969694.1833468685,1.259542868812246e-07,1.259542868812246e-07,4419.093480066548,858.4364149884558,1351.1103250448184,0.0,0.0,0.0,2.459684081898495,0.6149210204746237,,0.0005566037679432511,,0.0005566037679432511,0.5,2,0.5,2,1104.773370016637,858.4364149884558,1351.1103250448184,
14600402.02,4554416.66,14601152.02,4554416.66,14601152.02,4553666.66,14600402.02,4553666.66,3969694.1833468685,5.038171475248984e-07,5.038171475248984e-07,1984.8833552301194,64.0629483837194,1819.969923273703,0.0,0.0,0.0,1.9849196194493468,0.7939678477797387,,0.0010000182702016882,,0.0010000182702016882,2.0,5,2.0,5,793.9533420920477,64.0629483837194,1819.969923273703,
14600402.02,4553666.66,14601152.02,4553666.66,14601152.02,4552916.66,14600402.02,4552916.66,3969694.1833468685,7.557257212873475e-07,7.557257212873475e-07,1557.1094050243876,514.3602636542855,1446.9293444974583,0.0,0.0,0.0,1.832324799265433,0.9161623996327165,,0.001176747628235368,,0.001176747628235368,3.0,6,3.0,6,778.5547025121938,514.3602636542855,1446.9293444974583,
14600402.02,4552916.66,14601152.02,4552916.66,14601152.02,4552166.66,14600402.02,4552166.66,3969694.1833468685,1.2595428688122458e-06,1.2595428688122458e-06,1007.4277576387263,47.7932658513817,1240.8535950905432,0.0,0.0,0.0,1.278323518117101,0.7101797322872785,,0.0012688984479773693,,0.0012688984479773693,5.0,9,5.0,9,559.6820875770702,47.7932658513817,1240.8535950905432,
14600402.02,4552166.66,14601152.02,4552166.66,14601152.02,4551416.66,14600402.02,4551416.66,3969694.1833468685,1.3854971556934704e-06,1.3854971556934704e-06,1218.7461963144556,55.9637690195388,1936.0833025666145,0.0,0.0,0.0,2.057937519454609,1.2576284841111498,,0.001688569388505914,,0.001688569388505914,5.5,9,5.5,9,744.7893421921673,55.9637690195388,1936.0833025666145,
14600402.02,4551416.66,14601152.02,4551416.66,14601152.02,4550666.66,14600402.02,4550666.66,3969694.1833468685,1.3854971556934704e-06,1.3854971556934704e-06,1437.3432714254654,48.33178309558139,2280.4839723186255,0.0,0.0,0.0,2.8623757183069283,1.4311878591534641,,0.0019914350143151304,,0.0019914350143151304,5.5,11,5.5,11,718.6716357127327,48.33178309558139,2280.4839723186255,
14600402.02,4550666.66,14601152.02,4550666.66,14601152.02,4549916.66,14600402.02,4549916.66,3969694.1833468685,2.0152685900995935e-06,1.0076342950497967e-06,1244.1293744472885,45.49684377471146,2181.481245166537,1.0,1.0,5.038171475248984e-07,3.1193494085382563,2.2686177516641863,,0.002507254850343876,,0.002507254850343876,8.0,15,4.0,11,904.8213632343916,45.49684377471146,2181.481245166537,
14600402.02,4549916.66,14601152.02,4549916.66,14601152.02,4549166.66,14600402.02,4549166.66,3969694.1833468685,1.2595428688122458e-06,7.557257212873475e-07,1924.6597393847037,128.41916155584136,2243.4859067471957,0.8,0.6666666666666666,2.519085737624492e-07,4.6657436836674275,2.5920798242596823,,0.002424191449632039,,0.002424191449632039,5.0,11,3.0,9,1069.25541076928,128.41916155584136,2243.4859067471957,
14600402.02,4549166.66,14601152.02,4549166.66,14601152.02,4548416.66,14600402.02,4548416.66,3969694.1833468685,8.81680008168572e-07,3.7786286064367375e-07,2439.1618982776627,115.32505140914054,2193.2376602071117,1.1428571428571428,1.3333333333333333,2.519085737624492e-07,5.245564700774255,3.059912742118316,,0.0021505602823979194,,0.0021505602823979194,3.5,8,1.5,6,1422.8444406619699,115.32505140914054,2193.2376602071117,
14600402.02,4548416.66,14601152.02,4548416.66,14601152.02,4547666.66,14600402.02,4547666.66,3969694.1833468685,1.0076342950497967e-06,5.038171475248984e-07,1690.4240896960691,295.02024309704035,1840.649568288271,1.0,1.0,2.519085737624492e-07,2.8793488576649837,2.8793488576649837,,0.0017033292859560927,,0.0017033292859560927,4.0,6,2.0,4,1690.4240896960691,1251.8564752046855,2178.763610630762,
14600402.02,4547666.66,14601152.02,4547666.66,14601152.02,4546916.66,14600402.02,4546916.66,3969694.1833468685,1.2595428688122458e-06,7.557257212873475e-07,1263.7587892511597,36.16448209675393,1768.7948288236757,0.8,0.6666666666666666,2.519085737624492e-07,2.011598631589104,1.25724914474319,,0.0015917583709000962,,0.0015917583709000962,5.0,10,3.0,8,789.8492432819749,48.13510518284303,1853.673990925273,
14600402.02,4546916.66,14601152.02,4546916.66,14601152.02,4546166.66,14600402.02,4546166.66,3969694.1833468685,3.7786286064367375e-07,3.7786286064367375e-07,3103.332920115791,96.37705660572992,1354.031700262544,0.0,0.0,0.0,3.6390744859424156,1.0917223457827248,,0.0011726342547246382,,0.0011726342547246382,1.5,5,1.5,5,930.9998760347373,96.37705660572992,1354.031700262544,
14600402.02,4546166.66,14601152.02,4546166.66,14601152.02,4545416.66,14600402.02,4545416.66,3969694.1833468685,5.038171475248984e-07,5.038171475248984e-07,2116.610487560308,84.43285512811272,2066.0183728974603,0.0,0.0,0.0,2.2571209514548247,1.1285604757274124,,0.0010663846582639185,,0.0010663846582639185,2.0,4,2.0,4,1058.305243780154,84.43285512811272,2066.0183728974603,
14600402.02,4545416.66,14601152.02,4545416.66,14601152.02,4544666.66,14600402.02,4544666.66,3969694.1833468685,1.0076342950497967e-06,1.0076342950497967e-06,1149.8584997786718,65.79202348486761,1575.7508652416536,0.0,0.0,0.0,1.33226844028426,0.8881789601895066,,0.0011586368588314988,,0.0011586368588314988,4.0,6,4.0,6,766.5723331857812,65.79202348486761,1575.7508652416536,
14600402.02,4544666.66,14601152.02,4544666.66,14601152.02,4543916.66,14600402.02,4543916.66,3969694.1833468685,1.2595428688122458e-06,1.2595428688122458e-06,1201.6091228091466,349.9652634882929,947.4337617770791,0.0,0.0,0.0,1.8186092143763546,1.0103384524313082,,0.0015134782017339986,,0.0015134782017339986,5.0,9,5.0,9,667.5606237828592,349.9652634882929,947.4337617770791,
14600402.02,4543916.66,14601152.02,4543916.66,14601152.02,4543166.66,14600402.02,4543166.66,3969694.1833468685,1.511451442574695e-06,1.0076342950497967e-06,1219.1838131170377,184.63682361660793,1494.3866965309282,0.6666666666666666,0.5,2.519085737624492e-07,2.2466352845045625,1.6849764633784219,,0.0018427371330994638,,0.0018427371330994638,6.0,10,4.0,8,914.3878598377783,184.63682361660793,1494.3866965309282,
14600402.02,4543166.66,14601152.02,4543166.66,14601152.02,4542416.66,14600402.02,4542416.66,3969694.1833468685,1.2595428688122458e-06,7.557257212873475e-07,1610.767346921696,107.33750908617975,2042.6416076526066,0.8,0.6666666666666666,2.519085737624492e-07,3.267973962318759,2.0424837264492246,,0.002028830525130843,,0.002028830525130843,5.0,10,3.0,8,1006.72959182606,107.33750908617975,2042.6416076526066,
14600402.02,4542416.66,14601152.02,4542416.66,14601152.02,4541666.66,14600402.02,4541666.66,3969694.1833468685,1.3854971556934704e-06,1.3854971556934704e-06,1249.8950132205882,469.5429285594832,1833.5228368290911,0.0,0.0,0.0,2.164475673831656,1.4880770257592637,,0.0017317259857325775,,0.0017317259857325775,5.5,8,5.5,8,859.3028215891544,469.5429285594832,1833.5228368290911,
14600402.02,4541666.66,14601152.02,4541666.66,14601152.02,4540916.66,14600402.02,4540916.66,3969694.1833468685,2.0152685900995935e-06,2.0152685900995935e-06,765.3431598433567,47.791474938931444,1034.7171076541906,0.0,0.0,0.0,1.180443883614561,0.8585046426287718,,0.0015423720306798892,,0.0015423720306798892,8.0,11,8.0,11,556.6132071588049,47.791474938931444,1034.7171076541906,
14600402.02,4540916.66,14601152.02,4540916.66,14601152.02,4540166.66,14600402.02,4540166.66,3969694.1833468685,2.141222876980818e-06,2.141222876980818e-06,635.4338884307662,70.07341087051415,941.9767218872514,0.0,0.0,0.0,0.8645748935046301,0.668080599526305,,0.0013606055787168331,,0.0013606055787168331,8.5,11,8.5,11,491.017095605592,70.07341087051415,941.9767218872514,
14600402.02,4540166.66,14601152.02,4540166.66,14601152.02,4539416.66,14600402.02,4539416.66,3969694.1833468685,1.6374057294559196e-06,1.6374057294559196e-06,584.0251274219165,42.49716700178658,1021.8882792451433,0.0,0.0,0.0,0.5584951054395828,0.40335757615080986,,0.0009562860897868697,,0.0009562860897868697,6.5,9,6.5,9,421.7959253602731,42.49716700178658,1021.8882792451433,
14600402.02,4539416.66,14601152.02,4539416.66,14601152.02,4538666.66,14600402.02,4538666.66,3969694.1833468685,1.2595428688122458e-06,1.2595428688122458e-06,665.4673516391022,29.80824976835834,907.8822994058945,0.0,0.0,0.0,0.557784524001033,0.3486153275006456,,0.0008381846571844023,,0.0008381846571844023,5.0,8,5.0,8,415.91709477443885,29.80824976835834,907.8822994058945,
14600402.02,4538666.66,14601152.02,4538666.66,14601152.02,4537916.66,14600402.02,4537916.66,3969694.1833468685,8.81680008168572e-07,8.81680008168572e-07,1171.7179072480628,337.5033447999387,926.2774801827904,0.0,0.0,0.0,1.210478633275704,0.706112536077494,,0.0010330802540337342,,0.0010330802540337342,3.5,6,3.5,6,683.5021125613699,337.5033447999387,926.2774801827904,
14600402.02,4537916.66,14601152.02,4537916.66,14601152.02,4537166.66,14600402.02,4537166.66,3969694.1833468685,1.2595428688122458e-06,1.2595428688122458e-06,578.9758303617282,79.46904069676515,877.6465734394361,0.0,0.0,0.0,0.4222151589778547,0.2638844743611592,,0.0007292448783467633,,0.0007292448783467633,5.0,8,5.0,8,361.8598939760801,79.46904069676515,877.6465734394361,
14600402.02,4537166.66,14601152.02,4537166.66,14601152.02,4536416.66,14600402.02,4536416.66,3969694.1833468685,2.0152685900995935e-06,1.511451442574695e-06,548.618547301839,181.85639003901773,715.38669305629,0.5,0.3333333333333333,2.519085737624492e-07,0.6065601964125519,0.6065601964125519,,0.0011056137263234641,,0.0011056137263234641,8.0,10,6.0,8,548.618547301839,181.85639003901773,995.336891741232,
14600402.02,4536416.66,14601152.02,4536416.66,14601152.02,4535666.66,14600402.02,4535666.66,3969694.1833468685,3.2748114589118393e-06,2.2671771638620423e-06,415.50363081528,138.91773841221985,646.3857344745028,0.6153846153846154,0.4444444444444444,5.038171475248984e-07,0.5653741497982633,0.6681694497615839,,0.0013606960514133534,,0.0013606960514133534,13.0,15,9.0,11,491.0497455089673,199.2490104771222,1002.0563621856822,
14600402.02,4535666.66,14601152.02,4535666.66,14601152.02,4534916.66,14600402.02,4534916.66,3969694.1833468685,3.2748114589118393e-06,2.2671771638620423e-06,383.9175582919765,90.19527463602026,843.0757275355512,0.6153846153846154,0.4444444444444444,5.038171475248984e-07,0.48268327529650507,0.5229068815712138,,0.0012572576191720187,,0.0012572576191720187,13.0,16,9.0,12,415.9106881496412,115.28228365140255,1025.4352500643563,
14600402.02,4534916.66,14601152.02,4534916.66,14601152.02,4534166.66,14600402.02,4534166.66,3969694.1833468685,1.511451442574695e-06,1.0076342950497967e-06,632.0900112531004,182.35952252880514,1065.9766274622468,0.6666666666666666,0.5,2.519085737624492e-07,0.6038819574596436,0.7246583489515723,,0.0009553733593455539,,0.0009553733593455539,6.0,7,4.0,5,758.5080135037206,397.1680387178732,1065.9766274622468,
14600402.02,4534166.66,14601152.02,4534166.66,14601152.02,4533416.66,14600402.02,4533416.66,3969694.1833468685,7.557257212873475e-07,7.557257212873475e-07,815.3038619106022,157.75236252236348,1256.3382859251838,0.0,0.0,0.0,0.502346294106147,0.3767597205796102,,0.0006161460991107498,,0.0006161460991107498,3.0,4,3.0,4,611.4778964329516,157.75236252236348,1256.3382859251838,
14600402.02,4533416.66,14601152.02,4533416.66,14601152.02,4532666.66,14600402.02,4532666.66,3969694.1833468685,1.259542868812246e-07,1.259542868812246e-07,2073.9121092410123,1036.9560546205062,1036.9560546205062,0.0,0.0,0.0,0.5417434238259402,0.2708717119129701,,0.000261218120773788,,0.000261218120773788,0.5,1,0.5,1,1036.9560546205062,1036.9560546205062,1036.9560546205062,
14601152.02,4555166.66,14601902.02,4555166.66,14601902.02,4554416.66,14601152.02,4554416.66,3969694.1833468685,1.259542868812246e-07,1.259542868812246e-07,3351.7569219386173,1675.8784609693087,1675.8784609693087,0.0,0.0,0.0,1.415005028711275,0.7075025143556375,,0.00042216815290198686,,0.00042216815290198686,0.5,1,0.5,1,1675.8784609693087,1675.8784609693087,1675.8784609693087,
14601152.02,4554416.66,14601902.02,4554416.66,14601902.02,4553666.66,14601152.02,4553666.66,3969694.1833468685,2.519085737624492e-07,2.519085737624492e-07,2998.293227904836,737.924886383575,2260.368341521261,0.0,0.0,0.0,2.2645981945442175,1.1322990972721088,,0.0007552957707631172,,0.0007552957707631172,1.0,2,1.0,2,1499.146613952418,737.924886383575,2260.368341521261,
14601152.02,4553666.66,14601902.02,4553666.66,14601902.02,4552916.66,14601152.02,4552916.66,3969694.1833468685,6.297714344061229e-07,6.297714344061229e-07,1988.2922892004358,118.17580796290862,1823.206902305362,0.0,0.0,0.0,2.4896793334095433,1.037366388920643,,0.0012521696869883922,,0.0012521696869883922,2.5,6,2.5,6,828.4551205001816,118.17580796290862,1823.206902305362,
14601152.02,4552916.66,14601902.02,4552916.66,14601902.02,4552166.66,14601152.02,4552166.66,3969694.1833468685,6.297714344061229e-07,6.297714344061229e-07,2995.645847625851,15.050748889795923,2115.8689275418387,0.0,0.0,0.0,5.6515021245490935,1.7660944139215915,,0.001886572182432078,,0.001886572182432078,2.5,8,2.5,8,936.1393273830784,15.050748889795923,2115.8689275418387,
14601152.02,4552166.66,14601902.02,4552166.66,14601902.02,4551416.66,14601152.02,4551416.66,3969694.1833468685,8.81680008168572e-07,8.81680008168572e-07,2230.9398005507924,206.56238324098987,2288.6204739537666,0.0,0.0,0.0,4.388202862316939,2.1941014311584697,,0.001966975021573215,,0.001966975021573215,3.5,7,3.5,7,1115.4699002753962,206.56238324098987,2288.6204739537666,
14601152.02,4551416.66,14601902.02,4551416.66,14601902.02,4550666.66,14601152.02,4550666.66,3969694.1833468685,1.6374057294559196e-06,1.1335885819310212e-06,1276.0665340439311,131.0680575529449,2260.8970427341387,0.6153846153846154,0.4444444444444444,2.519085737624492e-07,2.666262741320583,1.7330707818583788,,0.00208943865401049,,0.00208943865401049,6.5,12,4.5,10,829.4432471285552,166.650658615288,2260.8970427341387,
14601152.02,4550666.66,14601902.02,4550666.66,14601902.02,4549916.66,14601152.02,4549916.66,3969694.1833468685,1.8893143032183687e-06,8.81680008168572e-07,1132.3484283326081,78.08573093183854,2159.898671020675,1.0666666666666667,1.1428571428571428,5.038171475248984e-07,2.4225032910462536,2.018752742538545,,0.0021393620818756366,,0.0021393620818756366,7.5,13,3.5,9,943.6236902771735,78.08573093183854,2159.898671020675,
14601152.02,4549916.66,14601902.02,4549916.66,14601902.02,4549166.66,14601152.02,4549166.66,3969694.1833468685,1.763360016337144e-06,7.557257212873475e-07,1129.5432203234045,122.14103317069778,1761.8106695358804,1.1428571428571428,1.3333333333333333,5.038171475248984e-07,2.2498144173212196,2.2498144173212196,,0.001991791351442989,,0.001991791351442989,7.0,11,3.0,7,1129.5432203234045,122.14103317069778,2256.3676106883895,
14601152.02,4549166.66,14601902.02,4549166.66,14601902.02,4548416.66,14601152.02,4548416.66,3969694.1833468685,8.81680008168572e-07,3.7786286064367375e-07,1573.9419737822132,37.99540612692395,2268.9817318022756,1.1428571428571428,1.3333333333333333,2.519085737624492e-07,2.1841800094552646,1.5289260066186852,,0.0013877131723011602,,0.0013877131723011602,3.5,7,1.5,5,1101.7593816475492,429.9534900410413,2268.9817318022756,
14601152.02,4548416.66,14601902.02,4548416.66,14601902.02,4547666.66,14601152.02,4547666.66,3969694.1833468685,1.3854971556934704e-06,8.81680008168572e-07,820.3970192679936,9.558385410743615,1732.8787601414867,0.7272727272727273,0.5714285714285714,2.519085737624492e-07,0.9325106191454672,0.7326869150428671,,0.0011366577367352064,,0.0011366577367352064,5.5,9,3.5,7,644.5976579962808,9.558385410743615,1732.8787601414867,
14601152.02,4547666.66,14601902.02,4547666.66,14601902.02,4546916.66,14601152.02,4546916.66,3969694.1833468685,7.557257212873475e-07,7.557257212873475e-07,1420.2059350122236,221.1318743399017,1103.36587935408,0.0,0.0,0.0,1.5242873667488015,0.7621436833744007,,0.0010732861546136844,,0.0010732861546136844,3.0,6,3.0,6,710.1029675061118,221.1318743399017,1103.36587935408,
14601152.02,4546916.66,14601902.02,4546916.66,14601902.02,4546166.66,14601152.02,4546166.66,3969694.1833468685,7.557257212873475e-07,7.557257212873475e-07,1296.9756800781627,142.05969806408092,1323.1182086491408,0.0,0.0,0.0,1.2712409347079632,0.7627445608247778,,0.0009801578813192174,,0.0009801578813192174,3.0,5,3.0,5,778.1854080468976,142.05969806408092,1323.1182086491408,
14601152.02,4546166.66,14601902.02,4546166.66,14601902.02,4545416.66,14601152.02,4545416.66,3969694.1833468685,5.038171475248984e-07,5.038171475248984e-07,1885.921204742058,246.7437246190805,2094.7056254278095,0.0,0.0,0.0,1.7919258392328175,0.716770335693127,,0.0009501594418298634,,0.0009501594418298634,2.0,5,2.0,5,754.3684818968233,246.7437246190805,2094.7056254278095,
14601152.02,4545416.66,14601902.02,4545416.66,14601902.02,4544666.66,14601152.02,4544666.66,3969694.1833468685,1.1335885819310212e-06,1.1335885819310212e-06,830.8846744424025,3.929308960002642,1499.6838495650848,0.0,0.0,0.0,0.782594803659514,0.5030966594954018,,0.0009418813798493812,,0.0009418813798493812,4.5,7,4.5,7,534.1401478558302,3.929308960002642,1499.6838495650848,
14601152.02,4544666.66,14601902.02,4544666.66,14601902.02,4543916.66,14601152.02,4543916.66,3969694.1833468685,2.0152685900995935e-06,1.511451442574695e-06,846.1999122562353,91.88519998776894,907.1928803986305,0.5,0.3333333333333333,2.519085737624492e-07,1.4430417224709262,1.28270375330749,,0.0017053201041150228,,0.0017053201041150228,8.0,11,6.0,9,752.1776997833202,436.6335693217634,915.319655869429,
14601152.02,4543916.66,14601902.02,4543916.66,14601902.02,4543166.66,14601152.02,4543166.66,3969694.1833468685,1.8893143032183687e-06,1.3854971556934704e-06,909.3737459292614,58.603707313648414,1669.3251335326709,0.5333333333333333,0.36363636363636365,2.519085737624492e-07,1.5623885082657722,1.1717913811993292,,0.0017180928251554204,,0.0017180928251554204,7.5,12,5.5,10,682.0303094469461,58.603707313648414,1669.3251335326709,
14601152.02,4543166.66,14601902.02,4543166.66,14601902.02,4542416.66,14601152.02,4542416.66,3969694.1833468685,3.7786286064367375e-07,3.7786286064367375e-07,3727.6541224122316,78.86749489047658,2220.89213100145,0.0,0.0,0.0,5.250557579962603,1.5751672739887808,,0.0014085420501848689,,0.0014085420501848689,1.5,5,1.5,5,1118.2962367236694,78.86749489047658,2220.89213100145,
14601152.02,4542416.66,14601902.02,4542416.66,14601902.02,4541666.66,14601152.02,4541666.66,3969694.1833468685,1.0076342950497967e-06,1.0076342950497967e-06,1515.8044893999108,42.82480368652087,1977.7863718832857,0.0,0.0,0.0,2.3152042892611475,1.1576021446305738,,0.001527376588109796,,0.001527376588109796,4.0,8,4.0,8,757.9022446999554,42.82480368652087,1977.7863718832857,
14601152.02,4541666.66,14601902.02,4541666.66,14601902.02,4540916.66,14601152.02,4540916.66,3969694.1833468685,1.511451442574695e-06,1.511451442574695e-06,1000.0577882964416,315.0424938253826,1234.2235266646169,0.0,0.0,0.0,1.5116261360302088,1.0077507573534725,,0.0015115387867787155,,0.0015115387867787155,6.0,9,6.0,9,666.7051921976276,315.0424938253826,1234.2235266646169,
14601152.02,4540916.66,14601902.02,4540916.66,14601902.02,4540166.66,14601152.02,4540166.66,3969694.1833468685,2.0152685900995935e-06,2.0152685900995935e-06,649.5916054529675,119.39350144422093,1258.13627487358,0.0,0.0,0.0,0.8503813833219758,0.6184591878705278,,0.0013091015588617332,,0.0013091015588617332,8.0,11,8.0,11,472.4302585112491,119.39350144422093,1258.13627487358,
14601152.02,4540166.66,14601902.02,4540166.66,14601902.02,4539416.66,14601152.02,4539416.66,3969694.1833468685,1.763360016337144e-06,1.763360016337144e-06,547.4930940893599,55.01644564224989,1113.0719458118217,0.0,0.0,0.0,0.5285648515019231,0.3699953960513462,,0.0009654274313378874,,0.0009654274313378874,7.0,10,7.0,10,383.24516586255197,55.01644564224989,1113.0719458118217,
14601152.02,4539416.66,14601902.02,4539416.66,14601902.02,4538666.66,14601152.02,4538666.66,3969694.1833468685,1.763360016337144e-06,1.763360016337144e-06,664.610730477387,100.9601684395112,1113.0719458118217,0.0,0.0,0.0,0.7788892087533459,0.6058027179192691,,0.0011719479885524465,,0.0011719479885524465,7.0,9,7.0,9,516.9194570379677,100.9601684395112,1113.0719458118217,
14601152.02,4538666.66,14601902.02,4538666.66,14601902.02,4537916.66,14601152.02,4537916.66,3969694.1833468685,1.0076342950497967e-06,1.0076342950497967e-06,908.0558230975178,279.527709265504,1234.4427110801837,0.0,0.0,0.0,0.8308603532437507,0.6646882825950006,,0.0009149881891727301,,0.0009149881891727301,4.0,5,4.0,5,726.4446584780142,279.527709265504,1234.4427110801837,
14601152.02,4537916.66,14601902.02,4537916.66,14601902.02,4537166.66,14601152.02,4537166.66,3969694.1833468685,1.1335885819310212e-06,1.1335885819310212e-06,1000.2629914670654,140.9327207540204,1476.5026170718252,0.0,0.0,0.0,1.1341849085835431,0.7291188698037063,,0.0011338867060552318,,0.0011338867060552318,4.5,7,4.5,7,643.0262088002563,140.9327207540204,1476.5026170718252,
14601152.02,4537166.66,14601902.02,4537166.66,14601902.02,4536416.66,14601152.02,4536416.66,3969694.1833468685,2.141222876980818e-06,2.141222876980818e-06,503.46818794871933,36.453799218015135,814.7931088485255,0.0,0.0,0.0,0.5427576379530025,0.3548799940461939,,0.001078037601867876,,0.001078037601867876,8.5,13,8.5,13,329.19073827416264,36.453799218015135,814.7931088485255,
14601152.02,4536416.66,14601902.02,4536416.66,14601902.02,4535666.66,14601152.02,4535666.66,3969694.1833468685,2.896948598268165e-06,2.393131450743267e-06,300.56712636948845,4.663264157177511,572.6133543058697,0.34782608695652173,0.21052631578947367,2.519085737624492e-07,0.26171206716110873,0.23151452095021155,,0.00087072751542158,,0.00087072751542158,11.5,15,9.5,13,265.8863040960859,4.663264157177511,572.6133543058697,
14601152.02,4535666.66,14601902.02,4535666.66,14601902.02,4534916.66,14601152.02,4534916.66,3969694.1833468685,2.2671771638620423e-06,1.763360016337144e-06,469.61711214882064,182.35952252880514,790.4054761486346,0.4444444444444444,0.2857142857142857,2.519085737624492e-07,0.5000037777553774,0.5000037777553774,,0.001064705192422646,,0.001064705192422646,9.0,11,7.0,9,469.61711214882064,199.2490104771222,917.2371562141157,
14601152.02,4534916.66,14601902.02,4534916.66,14601902.02,4534166.66,14601152.02,4534166.66,3969694.1833468685,1.8893143032183687e-06,1.3854971556934704e-06,601.1552714785311,113.06134587182848,843.0757275355512,0.5333333333333333,0.36363636363636365,2.519085737624492e-07,0.6827748758502703,0.6401014461096284,,0.0011357712528595103,,0.0011357712528595103,7.5,10,5.5,8,563.5830670111229,113.06134587182848,1025.4352500643563,
14601152.02,4534166.66,14601902.02,4534166.66,14601902.02,4533416.66,14601152.02,4533416.66,3969694.1833468685,8.81680008168572e-07,8.81680008168572e-07,1088.4591756080906,397.1680387178732,1136.633733699132,0.0,0.0,0.0,1.0445645502805545,0.7311951851963883,,0.0009596726948412986,,0.0009596726948412986,3.5,5,3.5,5,761.9214229256635,397.1680387178732,1136.633733699132,
14601152.02,4533416.66,14601902.02,4533416.66,14601902.02,4532666.66,14601152.02,4532666.66,3969694.1833468685,3.7786286064367375e-07,3.7786286064367375e-07,1138.966419732504,108.74229389395441,910.2290353177189,0.0,0.0,0.0,0.4901805197187376,0.2450902598593688,,0.00043037310953720717,,0.00043037310953720717,1.5,3,1.5,3,569.483209866252,108.74229389395441,910.2290353177189,
14601902.02,4555166.66,14602652.02,4555166.66,14602652.02,4554416.66,14601902.02,4554416.66,3969694.1833468685,3.7786286064367375e-07,3.7786286064367375e-07,1391.6519013166435,47.80738158170757,1301.0860275787572,0.0,0.0,0.0,0.7318051183499702,0.3659025591749851,,0.0005258535684517145,,0.0005258535684517145,1.5,3,1.5,3,695.8259506583217,47.80738158170757,1301.0860275787572,
14601902.02,4554416.66,14602652.02,4554416.66,14602652.02,4553666.66,14601902.02,4553666.66,3969694.1833468685,5.038171475248984e-07,5.038171475248984e-07,2287.9124638406056,205.91999411770095,1902.1181243883975,0.0,0.0,0.0,2.637252745642951,1.3186263728214755,,0.001152689531318836,,0.001152689531318836,2.0,4,2.0,4,1143.9562319203028,205.91999411770095,1902.1181243883975,
14601902.02,4553666.66,14602652.02,4553666.66,14602652.02,4552916.66,14601902.02,4552916.66,3969694.1833468685,3.7786286064367375e-07,3.7786286064367375e-07,3334.1867316834305,737.924886383575,2199.4191303077464,0.0,0.0,0.0,4.200626288179663,1.5752348580673736,,0.0012598653363540822,,0.0012598653363540822,1.5,4,1.5,4,1250.3200243812864,737.924886383575,2199.4191303077464,
14601902.02,4552916.66,14602652.02,4552916.66,14602652.02,4552166.66,14601902.02,4552166.66,3969694.1833468685,3.7786286064367375e-07,3.7786286064367375e-07,4638.073478520165,249.59880466447132,2231.227508298445,0.0,0.0,0.0,8.128482169632335,2.4385446508897006,,0.0017525557124691842,,0.0017525557124691842,1.5,5,1.5,5,1391.4220435560496,249.59880466447132,2231.227508298445,
14601902.02,4552166.66,14602652.02,4552166.66,14602652.02,4551416.66,14601902.02,4551416.66,3969694.1833468685,1.259542868812246e-07,1.259542868812246e-07,13084.123069026184,297.60202190215756,2289.5045993127164,0.0,0.0,0.0,21.56265301286867,2.6953316266085836,,0.0016480013906253726,,0.0016480013906253726,0.5,4,0.5,4,1635.515383628273,297.60202190215756,2289.5045993127164,
14601902.02,4551416.66,14602652.02,4551416.66,14602652.02,4550666.66,14601902.02,4550666.66,3969694.1833468685,7.557257212873475e-07,2.519085737624492e-07,1925.1964439914511,23.67452772654294,2187.331262801873,1.3333333333333333,2.0,2.519085737624492e-07,2.8010077175510233,1.6806046305306142,,0.0014549204712552759,,0.0014549204712552759,3.0,7,1.0,5,1155.1178663948708,297.7671377602318,2187.331262801873,
14601902.02,4550666.66,14602652.02,4550666.66,14602652.02,4549916.66,14601902.02,4549916.66,3969694.1833468685,1.8893143032183687e-06,8.81680008168572e-07,724.1995749212934,108.00946725740215,1340.1133621226559,1.0666666666666667,1.1428571428571428,5.038171475248984e-07,0.9908792719783325,1.2385990899729156,,0.0013682406152834624,,0.0013682406152834624,7.5,10,3.5,6,905.2494686516169,108.00946725740215,1656.8786922029688,
14601902.02,4549916.66,14602652.02,4549916.66,14602652.02,4549166.66,14601902.02,4549166.66,3969694.1833468685,2.141222876980818e-06,1.1335885819310212e-06,599.7097219875654,124.59751704352757,1332.5316290923233,0.9411764705882353,0.8888888888888888,5.038171475248984e-07,0.7700945562302788,0.9351148182796243,,0.0012841121762675813,,0.0012841121762675813,8.5,11,4.5,7,728.218948127758,124.59751704352757,1934.4168283141607,
14601902.02,4549166.66,14602652.02,4549166.66,14602652.02,4548416.66,14601902.02,4548416.66,3969694.1833468685,1.6374057294559196e-06,1.1335885819310212e-06,769.3978145653564,217.9597792768991,1542.7099231886307,0.6153846153846154,0.4444444444444444,2.519085737624492e-07,0.9692999770658739,0.9000642644183116,,0.0012598163898001778,,0.0012598163898001778,6.5,9,4.5,7,714.4408278106881,217.9597792768991,1542.7099231886307,
14601902.02,4548416.66,14602652.02,4548416.66,14602652.02,4547666.66,14601902.02,4547666.66,3969694.1833468685,1.0076342950497967e-06,1.0076342950497967e-06,917.423364001062,217.9597792768991,1161.9853986625594,0.0,0.0,0.0,0.8480911525586717,0.4846235157478124,,0.0009244272446474231,,0.0009244272446474231,4.0,7,4.0,7,524.2419222863211,217.9597792768991,1161.9853986625594,
14601902.02,4547666.66,14602652.02,4547666.66,14602652.02,4546916.66,14601902.02,4546916.66,3969694.1833468685,1.6374057294559196e-06,1.1335885819310212e-06,623.1044507939507,50.919378627694684,1171.8357000242645,0.6153846153846154,0.4444444444444444,2.519085737624492e-07,0.6357377675293039,0.6887159148234125,,0.001020274797779499,,0.001020274797779499,6.5,8,4.5,6,675.0298216934467,175.02749922984444,1171.8357000242645,
14601902.02,4546916.66,14602652.02,4546916.66,14602652.02,4546166.66,14601902.02,4546166.66,3969694.1833468685,8.81680008168572e-07,8.81680008168572e-07,958.5139350481174,28.53541466131481,1171.8357000242645,0.0,0.0,0.0,0.8100425938035073,0.5670298156624551,,0.0008451025740829143,,0.0008451025740829143,3.5,5,3.5,5,670.9597545336821,28.53541466131481,1171.8357000242645,
14601902.02,4546166.66,14602652.02,4546166.66,14602652.02,4545416.66,14601902.02,4545416.66,3969694.1833468685,6.297714344061229e-07,6.297714344061229e-07,1185.423696229554,236.60330965661595,979.7382675444865,0.0,0.0,0.0,0.8849732968584638,0.4424866484292319,,0.0007465459815534945,,0.0007465459815534945,2.5,5,2.5,5,592.711848114777,236.60330965661595,979.7382675444865,
14601902.02,4545416.66,14602652.02,4545416.66,14602652.02,4544666.66,14601902.02,4544666.66,3969694.1833468685,1.0076342950497967e-06,1.0076342950497967e-06,1223.5811381637973,319.3334020710638,1057.9518313593312,0.0,0.0,0.0,1.5085804926242037,0.8620459957852592,,0.0012329223175899058,,0.0012329223175899058,4.0,7,4.0,7,699.1892218078841,319.3334020710638,1057.9518313593312,
14601902.02,4544666.66,14602652.02,4544666.66,14602652.02,4543916.66,14601902.02,4543916.66,3969694.1833468685,2.7709943113869408e-06,1.763360016337144e-06,541.9936322762887,93.45045563600996,1029.3440798691258,0.7272727272727273,0.5714285714285714,5.038171475248984e-07,0.8139992459026517,0.8953991704929168,,0.0015018612718455415,,0.0015018612718455415,11.0,14,7.0,10,596.1929955039176,93.45045563600996,1334.5071818563608,
14601902.02,4543916.66,14602652.02,4543916.66,14602652.02,4543166.66,14601902.02,4543166.66,3969694.1833468685,1.6374057294559196e-06,1.1335885819310212e-06,926.1719261927088,30.328491514257987,1453.3144572793872,0.6153846153846154,0.4444444444444444,2.519085737624492e-07,1.404557525622279,1.0144026573938683,,0.0015165192184091664,,0.0015165192184091664,6.5,11,4.5,9,668.9019466947342,30.328491514257987,1453.3144572793872,
14601902.02,4543166.66,14602652.02,4543166.66,14602652.02,4542416.66,14601902.02,4542416.66,3969694.1833468685,6.297714344061229e-07,6.297714344061229e-07,1991.325906890365,197.7121370069171,2082.175605035698,0.0,0.0,0.0,2.497282337319436,1.0405343072164317,,0.0012540801727524188,,0.0012540801727524188,2.5,6,2.5,6,829.7191278709855,197.7121370069171,2082.175605035698,
14601902.02,4542416.66,14602652.02,4542416.66,14602652.02,4541666.66,14601902.02,4541666.66,3969694.1833468685,7.557257212873475e-07,7.557257212873475e-07,1775.956609697684,474.23340597192106,1436.8026858867927,0.0,0.0,0.0,2.3835754598630468,1.1917877299315234,,0.0013421360898388144,,0.0013421360898388144,3.0,6,3.0,6,887.978304848842,474.23340597192106,1436.8026858867927,
14601902.02,4541666.66,14602652.02,4541666.66,14602652.02,4540916.66,14601902.02,4540916.66,3969694.1833468685,1.0076342950497967e-06,1.0076342950497967e-06,1191.2514104682937,172.05185405304658,1244.2004464265024,0.0,0.0,0.0,1.4299135977736865,0.7149567988868433,,0.0012003457752142951,,0.0012003457752142951,4.0,8,4.0,8,595.6257052341468,172.05185405304658,1244.2004464265024,
14601902.02,4540916.66,14602652.02,4540916.66,14602652.02,4540166.66,14601902.02,4540166.66,3969694.1833468685,1.2595428688122458e-06,1.2595428688122458e-06,746.3945823861077,99.97044806679747,1258.13627487358,0.0,0.0,0.0,0.7016974694831962,0.501212478202283,,0.0009401159735645163,,0.0009401159735645163,5.0,7,5.0,7,533.1389874186483,99.97044806679747,1258.13627487358,
14601902.02,4540166.66,14602652.02,4540166.66,14602652.02,4539416.66,14601902.02,4539416.66,3969694.1833468685,1.0076342950497967e-06,1.0076342950497967e-06,808.6882990920165,29.657417008971453,861.2623366239798,0.0,0.0,0.0,0.6589694166687345,0.376553952382134,,0.000814862064170603,,0.000814862064170603,4.0,7,4.0,7,462.10759948115225,29.657417008971453,861.2623366239798,
14601902.02,4539416.66,14602652.02,4539416.66,14602652.02,4538666.66,14601902.02,4538666.66,3969694.1833468685,1.2595428688122458e-06,1.2595428688122458e-06,858.8197187982256,3.906185751599259,1147.2479509229638,0.0,0.0,0.0,0.9290026829910777,0.5806266768694236,,0.0010817202524076432,,0.0010817202524076432,5.0,8,5.0,8,536.762324248891,3.906185751599259,1147.2479509229638,
14601902.02,4538666.66,14602652.02,4538666.66,14602652.02,4537916.66,14601902.02,4537916.66,3969694.1833468685,1.2595428688122458e-06,1.2595428688122458e-06,932.7400466195686,72.31904294245676,1323.1056223993446,0.0,0.0,0.0,1.0958073271961348,0.7827195194258105,,0.0011748260741752793,,0.0011748260741752793,5.0,7,5.0,7,666.242890442549,72.31904294245676,1323.1056223993446,
14601902.02,4537916.66,14602652.02,4537916.66,14602652.02,4537166.66,14601902.02,4537166.66,3969694.1833468685,1.3854971556934704e-06,1.3854971556934704e-06,918.2331730643233,361.66766887992543,1623.4809118814223,0.0,0.0,0.0,1.1681849196572125,0.917859579730667,,0.0012722094495440101,,0.0012722094495440101,5.5,7,5.5,7,721.4689216933969,361.66766887992543,1623.4809118814223,
14601902.02,4537166.66,14602652.02,4537166.66,14602652.02,4536416.66,14601902.02,4536416.66,3969694.1833468685,1.1335885819310212e-06,1.1335885819310212e-06,981.7993042010423,107.31079295424465,1112.560987927427,0.0,0.0,0.0,1.0926998986421432,0.7024499348413779,,0.001112956480990123,,0.001112956480990123,4.5,7,4.5,7,631.1566955578129,107.31079295424465,1112.560987927427,
14601902.02,4536416.66,14602652.02,4536416.66,14602652.02,4535666.66,14601902.02,4535666.66,3969694.1833468685,1.6374057294559196e-06,1.6374057294559196e-06,622.3670382748935,90.08337573486935,1104.331923583005,0.0,0.0,0.0,0.6342339310957223,0.4122520552122195,,0.001019067354295822,,0.001019067354295822,6.5,10,6.5,10,404.5385748786808,90.08337573486935,1104.331923583005,
14601902.02,4535666.66,14602652.02,4535666.66,14602652.02,4534916.66,14601902.02,4534916.66,3969694.1833468685,1.3854971556934704e-06,1.3854971556934704e-06,800.3974446126854,199.2490104771222,1081.1099043333775,0.0,0.0,0.0,0.8875994519087019,0.6102246231872326,,0.0011089483829351977,,0.0011089483829351977,5.5,8,5.5,8,550.2732431712212,199.2490104771222,1081.1099043333775,
14601902.02,4534916.66,14602652.02,4534916.66,14602652.02,4534166.66,14601902.02,4534166.66,3969694.1833468685,1.6374057294559196e-06,1.6374057294559196e-06,576.1721287499519,77.39570865592063,942.9497273440754,0.0,0.0,0.0,0.5435766567903104,0.4416560336421272,,0.0009434275447679849,,0.0009434275447679849,6.5,8,6.5,8,468.1398546093359,77.39570865592063,942.9497273440754,
14601902.02,4534166.66,14602652.02,4534166.66,14602652.02,4533416.66,14601902.02,4533416.66,3969694.1833468685,1.1335885819310212e-06,1.1335885819310212e-06,567.8547091194744,79.15134243796268,975.1121875130438,0.0,0.0,0.0,0.365535807291793,0.2741518554688448,,0.0006437136144535975,,0.0006437136144535975,4.5,6,4.5,6,425.8910318396058,79.15134243796268,975.1121875130438,
14601902.02,4533416.66,14602652.02,4533416.66,14602652.02,4532666.66,14601902.02,4532666.66,3969694.1833468685,3.7786286064367375e-07,3.7786286064367375e-07,751.4356036739904,152.04121799794171,975.1121875130438,0.0,0.0,0.0,0.2133623298380244,0.1600217473785183,,0.00028393960679375986,,0.00028393960679375986,1.5,2,1.5,2,563.5767027554928,152.04121799794171,975.1121875130438,
14602652.02,4555166.66,14603402.02,4555166.66,14603402.02,4554416.66,14602652.02,4554416.66,3969694.1833468685,2.519085737624492e-07,2.519085737624492e-07,1580.3618608265574,570.295613839609,1010.0662469869483,0.0,0.0,0.0,0.6291526489956181,0.31457632449780903,,0.00039810670238938826,,0.00039810670238938826,1.0,2,1.0,2,790.1809304132787,570.295613839609,1010.0662469869483,
14602652.02,4554416.66,14603402.02,4554416.66,14603402.02,4553666.66,14602652.02,4553666.66,3969694.1833468685,3.7786286064367375e-07,3.7786286064367375e-07,1641.4540986872953,241.29246358325105,1731.6465437257593,0.0,0.0,0.0,1.0181029445796062,0.5090514722898031,,0.0006202445413452646,,0.0006202445413452646,1.5,3,1.5,3,820.7270493436476,241.29246358325105,1731.6465437257593,
14602652.02,4553666.66,14603402.02,4553666.66,14603402.02,4552916.66,14602652.02,4552916.66,3969694.1833468685,5.038171475248984e-07,5.038171475248984e-07,2652.687984260642,62.82741754189793,2088.5912034206845,0.0,0.0,0.0,3.545237097285952,1.4180948389143808,,0.0013364696935037692,,0.0013364696935037692,2.0,5,2.0,5,1061.075193704257,62.82741754189793,2088.5912034206845,
14602652.02,4552916.66,14603402.02,4552916.66,14603402.02,4552166.66,14602652.02,4552166.66,3969694.1833468685,2.519085737624492e-07,2.519085737624492e-07,6144.961201773541,902.9523551544052,2210.9627490069843,0.0,0.0,0.0,9.512205834320975,2.3780514585802437,,0.0015479684121643582,,0.0015479684121643582,1.0,4,1.0,4,1536.2403004433852,902.9523551544052,2210.9627490069843,
14602652.02,4552166.66,14603402.02,4552166.66,14603402.02,4551416.66,14602652.02,4551416.66,3969694.1833468685,2.519085737624492e-07,2.519085737624492e-07,4473.808196694123,1153.1639582112377,2122.650828490142,0.0,0.0,0.0,5.041939972296004,1.6806466574320014,,0.001126990642115971,,0.001126990642115971,1.0,3,1.0,3,1491.269398898041,1153.1639582112377,2122.650828490142,
14602652.02,4551416.66,14603402.02,4551416.66,14603402.02,4550666.66,14602652.02,4550666.66,3969694.1833468685,2.519085737624492e-07,2.519085737624492e-07,1545.6468859516756,344.9307834408042,658.7730805558589,0.0,0.0,0.0,0.6018157031023267,0.20060523436744224,,0.00038936170258045753,,0.00038936170258045753,1.0,3,1.0,3,515.2156286505585,344.9307834408042,658.7730805558589,
14602652.02,4550666.66,14603402.02,4550666.66,14603402.02,4549916.66,14602652.02,4549916.66,3969694.1833468685,1.0076342950497967e-06,5.038171475248984e-07,740.5435995493253,20.351382532350502,606.9593429477482,1.0,1.0,2.519085737624492e-07,0.5525915070577136,0.36839433803847577,,0.0007461971278855233,,0.0007461971278855233,4.0,8,2.0,6,493.69573303288354,20.351382532350502,1066.2954942980823,
14602652.02,4549916.66,14603402.02,4549916.66,14603402.02,4549166.66,14602652.02,4549166.66,3969694.1833468685,1.6374057294559196e-06,1.1335885819310212e-06,577.8005861347636,22.16919877738704,1172.6158331806344,0.6153846153846154,0.4444444444444444,2.519085737624492e-07,0.5466536620877226,0.5076069719385996,,0.0009460939902200507,,0.0009460939902200507,6.5,9,4.5,7,536.5291156965662,22.16919877738704,1172.6158331806344,
14602652.02,4549166.66,14603402.02,4549166.66,14603402.02,4548416.66,14602652.02,4548416.66,3969694.1833468685,1.6374057294559196e-06,1.1335885819310212e-06,632.6007804849139,6.196051019755606,1568.3892349752216,0.6153846153846154,0.4444444444444444,2.519085737624492e-07,0.655263160942719,0.7098684243546122,,0.0010358241424242845,,0.0010358241424242845,6.5,8,4.5,6,685.31751219199,217.9597792768991,1568.3892349752216,
14602652.02,4548416.66,14603402.02,4548416.66,14603402.02,4547666.66,14602652.02,4547666.66,3969694.1833468685,1.8893143032183687e-06,1.3854971556934704e-06,633.4082810882469,96.36624867875494,1043.5451238887413,0.5333333333333333,0.36363636363636365,2.519085737624492e-07,0.7580043298440727,0.8121474962615066,,0.0011967073252369858,,0.0011967073252369858,7.5,9,5.5,7,678.6517297374074,106.57747549662591,1059.3365523077723,
14602652.02,4547666.66,14603402.02,4547666.66,14603402.02,4546916.66,14602652.02,4546916.66,3969694.1833468685,1.763360016337144e-06,1.2595428688122458e-06,630.9237749350797,96.36624867875494,969.3349951897771,0.5714285714285714,0.4,2.519085737624492e-07,0.7019315694739601,0.7019315694739601,,0.0011125457580770147,,0.0011125457580770147,7.0,9,5.0,7,630.9237749350797,219.88866063751388,1059.3365523077723,
14602652.02,4546916.66,14603402.02,4546916.66,14603402.02,4546166.66,14602652.02,4546166.66,3969694.1833468685,1.3854971556934704e-06,8.81680008168572e-07,744.6365801005843,96.36624867875494,932.6830462339952,0.7272727272727273,0.5714285714285714,2.519085737624492e-07,0.7682355011438773,0.7042158760485543,,0.0010316918637546725,,0.0010316918637546725,5.5,8,3.5,6,682.583531758869,360.99075549259896,1029.049294912751,
14602652.02,4546166.66,14603402.02,4546166.66,14603402.02,4545416.66,14602652.02,4545416.66,3969694.1833468685,7.557257212873475e-07,7.557257212873475e-07,747.3636660306003,71.15120505974105,1145.709693712004,0.0,0.0,0.0,0.42211245262609653,0.25326747157565793,,0.0005648019455749317,,0.0005648019455749317,3.0,5,3.0,5,448.4181996183602,71.15120505974105,1145.709693712004,
14602652.02,4545416.66,14603402.02,4545416.66,14603402.02,4544666.66,14602652.02,4544666.66,3969694.1833468685,1.3854971556934704e-06,8.81680008168572e-07,680.8930820671827,118.49656796189434,1145.709693712004,0.7272727272727273,0.5714285714285714,2.519085737624492e-07,0.6423378030819467,0.5888096528251178,,0.0009433754285354424,,0.0009433754285354424,5.5,8,3.5,6,624.1519918949175,195.6801809023444,1145.709693712004,
14602652.02,4544666.66,14603402.02,4544666.66,14603402.02,4543916.66,14602652.02,4543916.66,3969694.1833468685,2.7709943113869408e-06,1.763360016337144e-06,522.4247893035415,64.62288271054952,1082.9549771177294,0.7272727272727273,0.5714285714285714,5.038171475248984e-07,0.7562809946070389,0.9243434378530475,,0.0014476361192876344,,0.0014476361192876344,11.0,13,7.0,9,638.5191869265507,64.62288271054952,1427.7033464517203,
14602652.02,4543916.66,14603402.02,4543916.66,14603402.02,4543166.66,14602652.02,4543166.66,3969694.1833468685,2.5190857376244915e-06,1.511451442574695e-06,572.9759240170658,118.49656796189434,1082.9549771177294,0.8,0.6666666666666666,5.038171475248984e-07,0.8270193983215549,1.0337742479019436,,0.0014433754781936047,,0.0014433754781936047,10.0,12,6.0,8,716.2199050213322,186.9930771875769,1427.7033464517203,
14602652.02,4543166.66,14603402.02,4543166.66,14603402.02,4542416.66,14602652.02,4542416.66,3969694.1833468685,1.3854971556934704e-06,1.3854971556934704e-06,614.8725144064384,20.05528067174851,953.1916743129151,0.0,0.0,0.0,0.5238124281895175,0.36012104438029324,,0.0008519041198242127,,0.0008519041198242127,5.5,8,5.5,8,422.7248536544264,20.05528067174851,953.1916743129151,
14602652.02,4542416.66,14603402.02,4542416.66,14603402.02,4541666.66,14602652.02,4541666.66,3969694.1833468685,1.6374057294559196e-06,1.1335885819310212e-06,675.6240924723558,38.20537128658644,1461.7192484763423,0.6153846153846154,0.4444444444444444,2.519085737624492e-07,0.7474231782352528,0.6940358083613062,,0.0011062707599726912,,0.0011062707599726912,6.5,9,4.5,7,627.3652287243303,108.70843495991535,1499.9246197629282,
14602652.02,4541666.66,14603402.02,4541666.66,14603402.02,4540916.66,14602652.02,4540916.66,3969694.1833468685,2.2671771638620423e-06,1.2595428688122458e-06,642.0454795233271,66.63909902586092,1461.7192484763423,0.8888888888888888,0.8,5.038171475248984e-07,0.9345812066709711,0.9345812066709711,,0.0014556308493361419,,0.0014556308493361419,9.0,13,5.0,9,642.0454795233271,66.63909902586092,1616.836695524575,
14602652.02,4540916.66,14603402.02,4540916.66,14603402.02,4540166.66,14602652.02,4540166.66,3969694.1833468685,1.511451442574695e-06,1.0076342950497967e-06,773.0451837847651,146.53983407684015,1144.9080476436475,0.6666666666666666,0.5,2.519085737624492e-07,0.9032416532433983,0.9032416532433983,,0.0011684202582069034,,0.0011684202582069034,6.0,8,4.0,6,773.0451837847651,157.5091749916533,1515.9500260805805,
14602652.02,4540166.66,14603402.02,4540166.66,14603402.02,4539416.66,14602652.02,4539416.66,3969694.1833468685,8.81680008168572e-07,8.81680008168572e-07,888.3825173683581,40.800955003645605,841.4403864095146,0.0,0.0,0.0,0.6958425794279196,0.3479212897139598,,0.0007832691051701505,,0.0007832691051701505,3.5,7,3.5,7,444.19125868417905,40.800955003645605,841.4403864095146,
14602652.02,4539416.66,14603402.02,4539416.66,14603402.02,4538666.66,14602652.02,4538666.66,3969694.1833468685,1.0076342950497967e-06,1.0076342950497967e-06,678.7369188676762,133.37292973736632,1147.2479509229638,0.0,0.0,0.0,0.4642008011262789,0.3094672007508526,,0.0006839185967675019,,0.0006839185967675019,4.0,6,4.0,6,452.4912792451175,133.37292973736632,1147.2479509229638,
14602652.02,4538666.66,14603402.02,4538666.66,14603402.02,4537916.66,14602652.02,4537916.66,3969694.1833468685,1.1335885819310212e-06,1.1335885819310212e-06,948.1304560062466,4.826912895996631,1147.2479509229638,0.0,0.0,0.0,1.0190409992286011,0.6550977852183864,,0.0010747898591097335,,0.0010747898591097335,4.5,7,4.5,7,609.5124360040156,4.826912895996631,1147.2479509229638,
14602652.02,4537916.66,14603402.02,4537916.66,14603402.02,4537166.66,14602652.02,4537166.66,3969694.1833468685,1.3854971556934704e-06,1.3854971556934704e-06,973.899180633519,323.998884396175,1390.570408604851,0.0,0.0,0.0,1.3141158074837758,0.9034546176450958,,0.0013493345446999418,,0.0013493345446999418,5.5,8,5.5,8,669.5556866855443,323.998884396175,1390.570408604851,
14602652.02,4537166.66,14603402.02,4537166.66,14603402.02,4536416.66,14602652.02,4536416.66,3969694.1833468685,1.2595428688122458e-06,1.2595428688122458e-06,877.528039993544,76.82046755259215,1070.5263194321685,0.0,0.0,0.0,0.9699178644608758,0.6927984746149114,,0.0011052841849566557,,0.0011052841849566557,5.0,7,5.0,7,626.8057428525315,76.82046755259215,1070.5263194321685,
14602652.02,4536416.66,14603402.02,4536416.66,14603402.02,4535666.66,14602652.02,4535666.66,3969694.1833468685,1.511451442574695e-06,1.0076342950497967e-06,783.6758264233736,143.19666734233064,1146.410577964364,0.6666666666666666,0.5,2.519085737624492e-07,0.9282545796551509,0.9282545796551509,,0.0011844879583585242,,0.0011844879583585242,6.0,8,4.0,6,783.6758264233736,388.5787531122085,1450.1731395585216,
14602652.02,4535666.66,14603402.02,4535666.66,14603402.02,4534916.66,14602652.02,4534916.66,3969694.1833468685,1.763360016337144e-06,1.2595428688122458e-06,584.2723502903934,143.19666734233064,1042.8624117900592,0.5714285714285714,0.4,2.519085737624492e-07,0.6019655784119677,0.7022931748139624,,0.0010302825011534098,,0.0010302825011534098,7.0,8,5.0,6,681.6510753387923,170.79592790785873,1346.624973384217,
14602652.02,4534916.66,14603402.02,4534916.66,14603402.02,4534166.66,14602652.02,4534166.66,3969694.1833468685,1.8893143032183687e-06,1.8893143032183687e-06,418.1509935314964,158.3718975474024,865.837462981691,0.0,0.0,0.0,0.3303470846536857,0.27528923721140475,,0.0007900186529840277,,0.0007900186529840277,7.5,9,7.5,9,348.459161276247,158.3718975474024,865.837462981691,
14602652.02,4534166.66,14603402.02,4534166.66,14603402.02,4533416.66,14602652.02,4533416.66,3969694.1833468685,1.6374057294559196e-06,1.6374057294559196e-06,352.2982370312948,87.35881427401081,813.9813625689507,0.0,0.0,0.0,0.20322505299883373,0.16512035556155238,,0.0005768551517922616,,0.0005768551517922616,6.5,8,6.5,8,286.242317587927,87.35881427401081,813.9813625689507,
14602652.02,4533416.66,14603402.02,4533416.66,14603402.02,4532666.66,14602652.02,4532666.66,3969694.1833468685,3.7786286064367375e-07,3.7786286064367375e-07,530.5821556770735,226.28534002577067,569.5878934898396,0.0,0.0,0.0,0.10637497912455623,0.07978123434341718,,0.00020048729115062605,,0.00020048729115062605,1.5,2,1.5,2,397.93661675780515,226.28534002577067,569.5878934898396,
14603402.02,4555166.66,14604152.02,4555166.66,14604152.02,4554416.66,14603402.02,4554416.66,3969694.1833468685,1.259542868812246e-07,1.259542868812246e-07,1348.688959731482,674.344479865741,674.344479865741,0.0,0.0,0.0,0.22910605025095557,0.11455302512547778,,0.00016987315614755945,,0.00016987315614755945,0.5,1,0.5,1,674.344479865741,674.344479865741,674.344479865741,
14603402.02,4554416.66,14604152.02,4554416.66,14604152.02,4553666.66,14603402.02,4553666.66,3969694.1833468685,2.519085737624492e-07,2.519085737624492e-07,2145.1392205878406,998.9495369655677,1146.1896836222727,0.0,0.0,0.0,1.1591881044661627,0.5795940522330814,,0.0005403789615801747,,0.0005403789615801747,1.0,2,1.0,2,1072.5696102939203,998.9495369655677,1146.1896836222727,
14603402.02,4553666.66,14604152.02,4553666.66,14604152.02,4552916.66,14603402.02,4552916.66,3969694.1833468685,3.7786286064367375e-07,3.7786286064367375e-07,2486.38688045505,223.38494789307668,2168.420021680305,0.0,0.0,0.0,2.3359934419759836,0.8759975407409938,,0.0009395132593156452,,0.0009395132593156452,1.5,4,1.5,4,932.3950801706437,223.38494789307668,2168.420021680305,
14603402.02,4552916.66,14604152.02,4552916.66,14604152.02,4552166.66,14603402.02,4552166.66,3969694.1833468685,1.259542868812246e-07,1.259542868812246e-07,6730.90640419076,1159.8073686059493,2205.645833489431,0.0,0.0,0.0,5.706371691304851,1.4265929228262126,,0.0008477865162041148,,0.0008477865162041148,0.5,2,0.5,2,1682.72660104769,1159.8073686059493,2205.645833489431,
14603402.02,4552166.66,14604152.02,4552166.66,14604152.02,4551416.66,14603402.02,4551416.66,3969694.1833468685,7.557257212873475e-07,7.557257212873475e-07,1003.1214237765165,22.83716527182536,1515.7369309023627,0.0,0.0,0.0,0.760450965009387,0.45627057900563217,,0.0007580846615222989,,0.0007580846615222989,3.0,5,3.0,5,601.8728542659098,22.83716527182536,1515.7369309023627,
14603402.02,4551416.66,14604152.02,4551416.66,14604152.02,4550666.66,14603402.02,4550666.66,3969694.1833468685,8.81680008168572e-07,8.81680008168572e-07,758.569326286167,190.98538826090515,794.5434818667297,0.0,0.0,0.0,0.5073428548190739,0.35513999837335175,,0.0006688154097964159,,0.0006688154097964159,3.5,5,3.5,5,530.9985284003169,190.98538826090515,794.5434818667297,
14603402.02,4550666.66,14604152.02,4550666.66,14604152.02,4549916.66,14603402.02,4549916.66,3969694.1833468685,1.3854971556934704e-06,1.3854971556934704e-06,434.65194123933327,36.20768212674564,891.3462947229079,0.0,0.0,0.0,0.2617513231840739,0.20566175393034378,,0.0006022090283037417,,0.0006022090283037417,5.5,7,5.5,7,341.5122395451904,36.20768212674564,891.3462947229079,
14603402.02,4549916.66,14604152.02,4549916.66,14604152.02,4549166.66,14603402.02,4549166.66,3969694.1833468685,2.6450400245057164e-06,1.6374057294559196e-06,481.8612050711776,7.663870570360778,1576.871971992244,0.7619047619047619,0.6153846153846154,5.038171475248984e-07,0.6141524277185784,0.6448600491045072,,0.0012745421736698216,,0.0012745421736698216,10.5,14,6.5,10,505.95426532473647,7.663870570360778,1576.871971992244,
14603402.02,4549166.66,14604152.02,4549166.66,14604152.02,4548416.66,14603402.02,4548416.66,3969694.1833468685,3.2748114589118393e-06,2.2671771638620423e-06,523.4129224123932,7.000938136015877,2235.1768250592813,0.6153846153846154,0.4444444444444444,5.038171475248984e-07,0.8971709081441008,0.9719351504894427,,0.0017140786360586384,,0.0017140786360586384,13.0,16,9.0,12,567.0306659467593,7.000938136015877,2235.1768250592813,
14603402.02,4548416.66,14604152.02,4548416.66,14604152.02,4547666.66,14603402.02,4547666.66,3969694.1833468685,3.2748114589118393e-06,1.763360016337144e-06,537.4237989626796,7.0413918838595535,1980.5457370835736,0.9230769230769231,0.8571428571428571,7.557257212873475e-07,0.9458452572342998,1.024665695337158,,0.0017599616151349157,,0.0017599616151349157,13.0,18,7.0,12,582.2091155429029,53.87534143437879,1980.5457370835736,
14603402.02,4547666.66,14604152.02,4547666.66,14604152.02,4546916.66,14603402.02,4546916.66,3969694.1833468685,2.2671771638620423e-06,1.2595428688122458e-06,619.6149295392217,74.82335413737586,1101.604307645157,0.8888888888888888,0.8,5.038171475248984e-07,0.8704206894995293,0.8704206894995293,,0.0014047768186393119,,0.0014047768186393119,9.0,13,5.0,9,619.6149295392217,74.82335413737586,1183.467984784175,
14603402.02,4546916.66,14604152.02,4546916.66,14604152.02,4546166.66,14603402.02,4546166.66,3969694.1833468685,2.2671771638620423e-06,7.557257212873475e-07,582.877661180887,19.372923741562786,1191.2556422128557,1.3333333333333333,2.0,7.557257212873475e-07,0.7702652068163427,1.1553978102245142,,0.001321486922754624,,0.001321486922754624,9.0,12,3.0,6,874.3164917713306,19.372923741562786,1529.310334667319,
14603402.02,4546166.66,14604152.02,4546166.66,14604152.02,4545416.66,14603402.02,4545416.66,3969694.1833468685,8.81680008168572e-07,3.7786286064367375e-07,1074.9551858074935,192.98804798655297,1191.2556422128557,1.1428571428571428,1.3333333333333333,2.519085737624492e-07,1.018806510888622,1.1886075960367255,,0.0009477664970035998,,0.0009477664970035998,3.5,5,1.5,3,1254.1143834420757,873.8593231414555,1504.2401369853656,
14603402.02,4545416.66,14604152.02,4545416.66,14604152.02,4544666.66,14603402.02,4544666.66,3969694.1833468685,1.3854971556934704e-06,8.81680008168572e-07,781.2745464136423,2.334916558684842,1373.7194809284679,0.7272727272727273,0.5714285714285714,2.519085737624492e-07,0.8456934936926825,0.6644734593299648,,0.0010824536618718075,,0.0010824536618718075,5.5,9,3.5,7,613.8585721821474,2.334916558684842,1373.7194809284679,
14603402.02,4544666.66,14604152.02,4544666.66,14604152.02,4543916.66,14603402.02,4543916.66,3969694.1833468685,2.7709943113869408e-06,1.763360016337144e-06,601.5936913557422,47.1954314396479,866.3525627120111,0.7272727272727273,0.5714285714285714,5.038171475248984e-07,1.0028643216321649,1.0028643216321649,,0.0016670126965130326,,0.0016670126965130326,11.0,15,7.0,11,601.5936913557422,144.2189831324129,1010.293956292288,
14603402.02,4543916.66,14604152.02,4543916.66,14604152.02,4543166.66,14603402.02,4543166.66,3969694.1833468685,3.526720032674288e-06,2.5190857376244915e-06,493.50040365767165,9.324304100532826,1278.6510212631126,0.5714285714285714,0.4,5.038171475248984e-07,0.8589067369591025,0.9249764859559565,,0.0017404377597123582,,0.0017404377597123582,14.0,17,10.0,13,531.4619731698002,20.46815605411118,1278.6510212631126,
14603402.02,4543166.66,14604152.02,4543166.66,14604152.02,4542416.66,14603402.02,4542416.66,3969694.1833468685,1.763360016337144e-06,1.763360016337144e-06,911.89900394917,136.20688698585664,1169.710216020638,0.0,0.0,0.0,1.4663392908812876,0.9331250032880921,,0.001608006242501634,,0.001608006242501634,7.0,11,7.0,11,580.2993661494719,136.20688698585664,1169.710216020638,
14603402.02,4542416.66,14604152.02,4542416.66,14604152.02,4541666.66,14603402.02,4541666.66,3969694.1833468685,2.393131450743267e-06,1.8893143032183687e-06,612.178016544742,74.84187606391383,1461.7192484763423,0.42105263157894735,0.26666666666666666,2.519085737624492e-07,0.8968545467234361,0.8520118193872643,,0.001465022464846854,,0.001465022464846854,9.5,12,7.5,10,581.5691157175049,74.84187606391383,1620.0271795604215,
14603402.02,4541666.66,14604152.02,4541666.66,14604152.02,4540916.66,14603402.02,4540916.66,3969694.1833468685,1.8893143032183687e-06,8.81680008168572e-07,839.5588889227545,146.53983407684015,1142.7492785997524,1.0666666666666667,1.1428571428571428,5.038171475248984e-07,1.331700432226255,1.4268218916709874,,0.0015861906172358817,,0.0015861906172358817,7.5,11,3.5,7,899.5273809886655,200.24243618175083,1849.2838308418468,
14603402.02,4540916.66,14604152.02,4540916.66,14604152.02,4540166.66,14603402.02,4540166.66,3969694.1833468685,2.0152685900995935e-06,1.0076342950497967e-06,643.3928167781326,119.30142558980833,1096.5160374642587,1.0,1.0,5.038171475248984e-07,0.8342291321447695,0.953404722451165,,0.0012966093347486732,,0.0012966093347486732,8.0,11,4.0,7,735.3060763178657,166.86799135609112,1843.030891404314,
14603402.02,4540166.66,14604152.02,4540166.66,14604152.02,4539416.66,14603402.02,4539416.66,3969694.1833468685,1.2595428688122458e-06,7.557257212873475e-07,655.1434209447835,146.53983407684015,746.5148539400539,0.8,0.6666666666666666,2.519085737624492e-07,0.5406120499254207,0.6757650624067758,,0.0008251812239002614,,0.0008251812239002614,5.0,6,3.0,4,818.9292761809794,543.0157562915224,1281.8521661562195,
14603402.02,4539416.66,14604152.02,4539416.66,14604152.02,4538666.66,14603402.02,4538666.66,3969694.1833468685,8.81680008168572e-07,8.81680008168572e-07,827.3170891870897,133.82460857053064,1053.8768073955775,0.0,0.0,0.0,0.6034690257156697,0.3520235983341407,,0.0007294289379524725,,0.0007294289379524725,3.5,6,3.5,6,482.6016353591356,133.82460857053064,1053.8768073955775,
14603402.02,4538666.66,14604152.02,4538666.66,14604152.02,4537916.66,14603402.02,4537916.66,3969694.1833468685,6.297714344061229e-07,6.297714344061229e-07,1071.2707990039676,491.40567059527575,935.7170747291738,0.0,0.0,0.0,0.7227390019191818,0.4517118761994886,,0.0006746557477261219,,0.0006746557477261219,2.5,4,2.5,4,669.5442493774797,491.40567059527575,935.7170747291738,
14603402.02,4537916.66,14604152.02,4537916.66,14604152.02,4537166.66,14603402.02,4537166.66,3969694.1833468685,8.81680008168572e-07,8.81680008168572e-07,592.1638245783572,67.98686983390115,935.7170747291738,0.0,0.0,0.0,0.30916814401876436,0.21641770081313508,,0.0005220990056913788,,0.0005220990056913788,3.5,5,3.5,5,414.51467720485005,67.98686983390115,935.7170747291738,
14603402.02,4537166.66,14604152.02,4537166.66,14604152.02,4536416.66,14603402.02,4536416.66,3969694.1833468685,8.81680008168572e-07,8.81680008168572e-07,782.1197230431364,59.67020304250566,1048.9144813850323,0.0,0.0,0.0,0.539333589747882,0.269666794873941,,0.0006895793238014739,,0.0006895793238014739,3.5,7,3.5,7,391.0598615215682,59.67020304250566,1048.9144813850323,
14603402.02,4536416.66,14604152.02,4536416.66,14604152.02,4535666.66,14603402.02,4535666.66,3969694.1833468685,1.1335885819310212e-06,6.297714344061229e-07,719.3849386924886,143.19666734233064,1048.9144813850323,0.8888888888888888,0.8,2.519085737624492e-07,0.5866487435855182,0.659979836533708,,0.0008154865525149528,,0.0008154865525149528,4.5,6,2.5,4,809.3080560290497,185.0003628686157,1221.1474088788138,
14603402.02,4535666.66,14604152.02,4535666.66,14604152.02,4534916.66,14603402.02,4534916.66,3969694.1833468685,1.8893143032183687e-06,1.3854971556934704e-06,484.75394620176206,64.68869832212073,911.9310631585821,0.5333333333333333,0.36363636363636365,2.519085737624492e-07,0.4439631445867374,0.41621544805006633,,0.0009158525641005367,,0.0009158525641005367,7.5,10,5.5,8,454.45682456415193,64.68869832212073,1055.1277305009107,
14603402.02,4534916.66,14604152.02,4534916.66,14604152.02,4534166.66,14603402.02,4534166.66,3969694.1833468685,1.763360016337144e-06,1.763360016337144e-06,518.8980451628667,47.48045283115736,1208.2166606182907,0.0,0.0,0.0,0.474793820849907,0.3323556745949349,,0.0009150040653957048,,0.0009150040653957048,7.0,10,7.0,10,363.2286316140067,47.48045283115736,1208.2166606182907,
14603402.02,4534166.66,14604152.02,4534166.66,14604152.02,4533416.66,14603402.02,4533416.66,3969694.1833468685,1.2595428688122458e-06,1.2595428688122458e-06,355.1509750652217,56.26448874788447,894.4668611920173,0.0,0.0,0.0,0.15886893204382188,0.13239077670318491,,0.0004473278779951157,,0.0004473278779951157,5.0,6,5.0,6,295.95914588768477,56.26448874788447,894.4668611920173,
14603402.02,4533416.66,14604152.02,4533416.66,14604152.02,4532666.66,14603402.02,4532666.66,3969694.1833468685,1.259542868812246e-07,1.259542868812246e-07,525.29521705965,262.647608529825,262.647608529825,0.0,0.0,0.0,0.03475520434588019,0.017377602172940095,,6.616318446686628e-05,,6.616318446686628e-05,0.5,1,0.5,1,262.647608529825,262.647608529825,262.647608529825,
14604152.02,4555166.66,14604902.02,4555166.66,14604902.02,4554416.66,14604152.02,4554416.66,3969694.1833468685,1.259542868812246e-07,1.259542868812246e-07,395.40675716347056,197.70337858173528,197.70337858173528,0.0,0.0,0.0,0.019692512368637335,0.009846256184318667,,4.980317612654247e-05,,4.980317612654247e-05,0.5,1,0.5,1,197.70337858173528,197.70337858173528,197.70337858173528,
14604152.02,4554416.66,14604902.02,4554416.66,14604902.02,4553666.66,14604152.02,4553666.66,3969694.1833468685,1.259542868812246e-07,1.259542868812246e-07,1959.5916632035885,979.7958316017942,979.7958316017942,0.0,0.0,0.0,0.48366439694599894,0.24183219847299947,,0.0002468189705172008,,0.0002468189705172008,0.5,1,0.5,1,979.7958316017942,979.7958316017942,979.7958316017942,
14604152.02,4553666.66,14604902.02,4553666.66,14604902.02,4552916.66,14604152.02,4552916.66,3969694.1833468685,2.519085737624492e-07,2.519085737624492e-07,1774.471611429517,154.25707343310611,1620.2145379964109,0.0,0.0,0.0,0.7931969956221012,0.3965984978110506,,0.0004470046128171645,,0.0004470046128171645,1.0,2,1.0,2,887.2358057147585,154.25707343310611,1620.2145379964109,
14604152.02,4552916.66,14604902.02,4552916.66,14604902.02,4552166.66,14604152.02,4552166.66,3969694.1833468685,1.259542868812246e-07,1.259542868812246e-07,4965.239510390121,835.8053018502624,1646.814453344798,0.0,0.0,0.0,3.1052270347376676,0.7763067586844169,,0.0006253932017256683,,0.0006253932017256683,0.5,2,0.5,2,1241.3098775975302,835.8053018502624,1646.814453344798,
14604152.02,4552166.66,14604902.02,4552166.66,14604902.02,4551416.66,14604152.02,4551416.66,3969694.1833468685,1.0076342950497967e-06,1.0076342950497967e-06,595.056085598663,17.625562568448846,1197.9934099927432,0.0,0.0,0.0,0.3567949858640918,0.28543598869127346,,0.0005995989193273003,,0.0005995989193273003,4.0,5,4.0,5,476.0448684789304,17.625562568448846,1197.9934099927432,
14604152.02,4551416.66,14604902.02,4551416.66,14604902.02,4550666.66,14604152.02,4550666.66,3969694.1833468685,1.0076342950497967e-06,1.0076342950497967e-06,681.1628949662012,190.98538826090515,861.6559182108309,0.0,0.0,0.0,0.46752507175507385,0.3740200574040591,,0.0006863630934833468,,0.0006863630934833468,4.0,5,4.0,5,544.9303159729609,190.98538826090515,861.6559182108309,
14604152.02,4550666.66,14604902.02,4550666.66,14604902.02,4549916.66,14604152.02,4549916.66,3969694.1833468685,2.0152685900995935e-06,1.511451442574695e-06,484.0627315539068,87.78836482039839,891.3462947229079,0.5,0.3333333333333333,2.519085737624492e-07,0.472211142233382,0.472211142233382,,0.0009755164185383997,,0.0009755164185383997,8.0,10,6.0,8,484.0627315539068,190.98538826090515,891.3462947229079,
14604152.02,4549916.66,14604902.02,4549916.66,14604902.02,4549166.66,14604152.02,4549166.66,3969694.1833468685,3.2748114589118393e-06,1.763360016337144e-06,438.30647318327635,124.88276030349955,732.2160652682202,0.9230769230769231,0.8571428571428571,7.557257212873475e-07,0.6291324274105882,0.8178721556337646,,0.001435371060895828,,0.001435371060895828,13.0,16,7.0,10,569.7984151382592,184.35104884446093,897.2331105563247,
14604152.02,4549166.66,14604902.02,4549166.66,14604902.02,4548416.66,14604152.02,4548416.66,3969694.1833468685,3.2748114589118393e-06,1.763360016337144e-06,513.0896761904785,23.497440406656352,1985.8863138565298,0.9230769230769231,0.8571428571428571,7.557257212873475e-07,0.8621301912700021,1.2452991651677807,,0.0016802719510379438,,0.0016802719510379438,13.0,15,7.0,9,741.1295322751355,23.497440406656352,1985.8863138565298,
14604152.02,4548416.66,14604902.02,4548416.66,14604902.02,4547666.66,14604152.02,4547666.66,3969694.1833468685,2.7709943113869408e-06,1.763360016337144e-06,672.56027139041,84.73369220131465,2250.262795799572,0.7272727272727273,0.5714285714285714,5.038171475248984e-07,1.2534241368147698,1.2534241368147698,,0.001863660686087683,,0.001863660686087683,11.0,15,7.0,11,672.56027139041,84.73369220131465,2250.262795799572,
14604152.02,4547666.66,14604902.02,4547666.66,14604902.02,4546916.66,14604152.02,4546916.66,3969694.1833468685,2.141222876980818e-06,1.1335885819310212e-06,889.7619011651934,32.42131668904538,1914.5911154645573,0.9411764705882353,0.8888888888888888,5.038171475248984e-07,1.695155277888405,1.440881986205144,,0.0019051785378408576,,0.0019051785378408576,8.5,14,4.5,10,756.2976159904144,40.67460023872176,1914.5911154645573,
14604152.02,4546916.66,14604902.02,4546916.66,14604902.02,4546166.66,14604152.02,4546166.66,3969694.1833468685,2.2671771638620423e-06,7.557257212873475e-07,804.4262972367274,192.98804798655297,1191.2556422128557,1.3333333333333333,2.0,7.557257212873475e-07,1.4670941236747244,2.2006411855120867,,0.001823776931105208,,0.001823776931105208,9.0,12,3.0,6,1206.639445855091,233.55489290131916,2305.0649530727333,
14604152.02,4546166.66,14604902.02,4546166.66,14604902.02,4545416.66,14604152.02,4545416.66,3969694.1833468685,2.0152685900995935e-06,5.038171475248984e-07,854.7733522068077,126.2930334134796,1408.5732620315227,1.5,3.0,7.557257212873475e-07,1.4724307715348677,2.3558892344557885,,0.0017225978883565164,,0.0017225978883565164,8.0,11,2.0,5,1367.6373635308923,361.7480643551464,2244.3767411661847,
14604152.02,4545416.66,14604902.02,4545416.66,14604902.02,4544666.66,14604152.02,4544666.66,3969694.1833468685,2.2671771638620423e-06,1.2595428688122458e-06,565.0337693066188,22.444228890469606,1668.0210586273242,0.8888888888888888,0.8,5.038171475248984e-07,0.7238261466501826,0.6514435319851644,,0.0012810316585828594,,0.0012810316585828594,9.0,14,5.0,10,508.53039237595686,22.444228890469606,1758.642893772707,
14604152.02,4544666.66,14604902.02,4544666.66,14604902.02,4543916.66,14604152.02,4543916.66,3969694.1833468685,2.2671771638620423e-06,1.763360016337144e-06,805.1246135979812,47.1954314396479,1011.0446225745379,0.4444444444444444,0.2857142857142857,2.519085737624492e-07,1.4696423757945474,1.2024346711046294,,0.0018253601380125938,,0.0018253601380125938,9.0,13,7.0,11,658.73832021653,168.528942055409,1901.8887702355476,
14604152.02,4543916.66,14604902.02,4543916.66,14604902.02,4543166.66,14604152.02,4543166.66,3969694.1833468685,3.02290288514939e-06,2.5190857376244915e-06,700.4227902784445,47.1954314396479,1278.6510212631126,0.3333333333333333,0.2,2.519085737624492e-07,1.4830122296055195,1.2711533396618737,,0.0021173100735570956,,0.0021173100735570956,12.0,16,10.0,14,600.3623916672381,125.70572840241175,1710.1273844539542,
14604152.02,4543166.66,14604902.02,4543166.66,14604902.02,4542416.66,14604152.02,4542416.66,3969694.1833468685,2.0152685900995935e-06,2.0152685900995935e-06,942.8854779496506,84.25022147927629,1485.353371832378,0.0,0.0,0.0,1.791640329893207,1.1944268865954715,,0.0019001674877729736,,0.0019001674877729736,8.0,12,8.0,12,628.5903186331004,84.25022147927629,1485.353371832378,
14604152.02,4542416.66,14604902.02,4542416.66,14604902.02,4541666.66,14604152.02,4541666.66,3969694.1833468685,2.5190857376244915e-06,2.0152685900995935e-06,675.0294739771296,158.30793108408045,1164.021656070695,0.4,0.25,2.519085737624492e-07,1.1478586754853417,0.9565488962377847,,0.0017004571203719499,,0.0017004571203719499,10.0,14,8.0,12,562.5245616476079,218.4244169525603,1553.096021744937,
14604152.02,4541666.66,14604902.02,4541666.66,14604902.02,4540916.66,14604152.02,4540916.66,3969694.1833468685,3.02290288514939e-06,2.0152685900995935e-06,623.4284432585877,140.31212868419402,948.8453736111703,0.6666666666666666,0.5,5.038171475248984e-07,1.174890576188846,1.174890576188846,,0.0018845636398105773,,0.0018845636398105773,12.0,16,8.0,12,623.4284432585877,140.31212868419402,1382.7262229697096,
14604152.02,4540916.66,14604902.02,4540916.66,14604902.02,4540166.66,14604152.02,4540166.66,3969694.1833468685,2.2671771638620423e-06,1.763360016337144e-06,591.7751021123563,146.53983407684015,846.5550719449475,0.4444444444444444,0.2857142857142857,2.519085737624492e-07,0.7939603903350376,0.714564351301534,,0.0013416589976512627,,0.0013416589976512627,9.0,12,7.0,10,532.5975919011207,157.33431135619387,1119.0597906271323,
14604152.02,4540166.66,14604902.02,4540166.66,14604902.02,4539416.66,14604152.02,4539416.66,3969694.1833468685,1.0076342950497967e-06,1.0076342950497967e-06,997.1232280459792,194.05917417266176,938.6901211604127,0.0,0.0,0.0,1.0018451658868823,0.5724829519353613,,0.0010047355609698878,,0.0010047355609698878,4.0,7,4.0,7,569.7847017405595,194.05917417266176,938.6901211604127,
14604152.02,4539416.66,14604902.02,4539416.66,14604902.02,4538666.66,14604152.02,4538666.66,3969694.1833468685,2.519085737624492e-07,2.519085737624492e-07,1593.819709773702,1593.819709773702,1593.819709773702,0.0,0.0,0.0,0.6399135928202462,0.6399135928202462,,0.00040149684992357395,,0.00040149684992357395,1.0,1,1.0,1,1593.819709773702,1593.819709773702,1593.819709773702,
14604152.02,4538666.66,14604902.02,4538666.66,14604902.02,4537916.66,14604152.02,4537916.66,3969694.1833468685,3.7786286064367375e-07,3.7786286064367375e-07,1803.442324349461,541.7591337080687,1419.2437899097586,0.0,0.0,0.0,1.2289627615015177,0.6144813807507589,,0.0006814538756845634,,0.0006814538756845634,1.5,3,1.5,3,901.7211621747305,541.7591337080687,1419.2437899097586,
14604152.02,4537916.66,14604902.02,4537916.66,14604902.02,4537166.66,14604152.02,4537166.66,3969694.1833468685,7.557257212873475e-07,7.557257212873475e-07,787.2596524778547,541.7591337080687,622.7556570209152,0.0,0.0,0.0,0.4683819950309232,0.3512864962731924,,0.0005949523687092533,,0.0005949523687092533,3.0,4,3.0,4,590.4447393583911,541.7591337080687,622.7556570209152,
14604152.02,4537166.66,14604902.02,4537166.66,14604902.02,4536416.66,14604152.02,4536416.66,3969694.1833468685,6.297714344061229e-07,6.297714344061229e-07,472.89413348381777,4.200426696329203,622.7556570209152,0.0,0.0,0.0,0.14083506887101582,0.08802191804438489,,0.00029781521676634445,,0.00029781521676634445,2.5,4,2.5,4,295.5588334273861,4.200426696329203,622.7556570209152,
14604152.02,4536416.66,14604902.02,4536416.66,14604902.02,4535666.66,14604152.02,4535666.66,3969694.1833468685,6.297714344061229e-07,6.297714344061229e-07,465.0490312116441,2.253092775835453,622.7556570209152,0.0,0.0,0.0,0.1362010468830057,0.08512565430187856,,0.00029287459545533493,,0.00029287459545533493,2.5,4,2.5,4,290.65564450727754,2.253092775835453,622.7556570209152,
14604152.02,4535666.66,14604902.02,4535666.66,14604902.02,4534916.66,14604152.02,4534916.66,3969694.1833468685,6.297714344061229e-07,6.297714344061229e-07,729.160226402466,170.79592790785873,795.6008589365613,0.0,0.0,0.0,0.3348334980045226,0.20927093625282664,,0.00045920428169337436,,0.00045920428169337436,2.5,4,2.5,4,455.72514150154126,170.79592790785873,795.6008589365613,
14604152.02,4534916.66,14604902.02,4534916.66,14604902.02,4534166.66,14604152.02,4534166.66,3969694.1833468685,1.1335885819310212e-06,1.1335885819310212e-06,521.5958491868582,0.5684186731287725,1208.2166606182907,0.0,0.0,0.0,0.3084066373768174,0.2775659736391357,,0.0005912750990208375,,0.0005912750990208375,4.5,5,4.5,5,469.43626426817247,0.5684186731287725,1208.2166606182907,
14604152.02,4534166.66,14604902.02,4534166.66,14604902.02,4533416.66,14604152.02,4533416.66,3969694.1833468685,6.297714344061229e-07,6.297714344061229e-07,732.0101777920332,18.87882605481471,1195.5380051297411,0.0,0.0,0.0,0.3374560329099178,0.21091002056869865,,0.0004609990996679698,,0.0004609990996679698,2.5,4,2.5,4,457.50636112002076,18.87882605481471,1195.5380051297411,
14604152.02,4533416.66,14604902.02,4533416.66,14604902.02,4532666.66,14604152.02,4532666.66,3969694.1833468685,1.259542868812246e-07,1.259542868812246e-07,748.5437687798144,374.2718843899072,374.2718843899072,0.0,0.0,0.0,0.07057442562322037,0.03528721281161019,,9.428229659604578e-05,,9.428229659604578e-05,0.5,1,0.5,1,374.2718843899072,374.2718843899072,374.2718843899072,
14604902.02,4555166.66,14605652.02,4555166.66,14605652.02,4554416.66,14604902.02,4554416.66,3969694.1833468685,0.0,0.0,0.0,0.0,0.0,0.0,0.0,0.0,0.0,0.0,,0.0,,0.0,0.0,0,0.0,0,0.0,0.0,0.0,
14604902.02,4554416.66,14605652.02,4554416.66,14605652.02,4553666.66,14604902.02,4553666.66,3969694.1833468685,1.259542868812246e-07,1.259542868812246e-07,1045.530482979348,522.765241489674,522.765241489674,0.0,0.0,0.0,0.13768491228175697,0.06884245614087849,,0.0001316890463962461,,0.0001316890463962461,0.5,1,0.5,1,522.765241489674,522.765241489674,522.765241489674,
14604902.02,4553666.66,14605652.02,4553666.66,14605652.02,4552916.66,14604902.02,4552916.66,3969694.1833468685,1.259542868812246e-07,1.259542868812246e-07,1815.6997043657543,907.8498521828772,907.8498521828772,0.0,0.0,0.0,0.4152417370416137,0.20762086852080686,,0.00022869516145383888,,0.00022869516145383888,0.5,1,0.5,1,907.8498521828772,907.8498521828772,907.8498521828772,
14604902.02,4552916.66,14605652.02,4552916.66,14605652.02,4552166.66,14604902.02,4552166.66,3969694.1833468685,1.259542868812246e-07,1.259542868812246e-07,125.49645718962603,62.748228594813014,62.748228594813014,0.0,0.0,0.0,0.0019836995042612168,0.0009918497521306084,,1.5806816771439475e-05,,1.5806816771439475e-05,0.5,1,0.5,1,62.748228594813014,62.748228594813014,62.748228594813014,
14604902.02,4552166.66,14605652.02,4552166.66,14605652.02,4551416.66,14604902.02,4551416.66,3969694.1833468685,2.519085737624492e-07,2.519085737624492e-07,861.6559182108309,861.6559182108309,861.6559182108309,0.0,0.0,0.0,0.1870297526954044,0.1870297526954044,,0.00021705851343046395,,0.00021705851343046395,1.0,1,1.0,1,861.6559182108309,861.6559182108309,861.6559182108309,
14604902.02,4551416.66,14605652.02,4551416.66,14605652.02,4550666.66,14604902.02,4550666.66,3969694.1833468685,6.297714344061229e-07,6.297714344061229e-07,587.6412796004208,144.26090800391324,861.6559182108309,0.0,0.0,0.0,0.21747410350844523,0.181228419590371,,0.00037007969157020653,,0.00037007969157020653,2.5,3,2.5,3,489.70106633368397,144.26090800391324,861.6559182108309,
14604902.02,4550666.66,14605652.02,4550666.66,14605652.02,4549916.66,14604902.02,4549916.66,3969694.1833468685,1.2595428688122458e-06,7.557257212873475e-07,511.0774717130829,218.17734042719368,788.7481003347182,0.8,0.6666666666666666,2.519085737624492e-07,0.32899282668724106,0.32899282668724106,,0.0006437239849068059,,0.0006437239849068059,5.0,7,3.0,5,511.0774717130829,220.5245611894202,788.7481003347182,
14604902.02,4549916.66,14605652.02,4549916.66,14605652.02,4549166.66,14604902.02,4549166.66,3969694.1833468685,2.7709943113869408e-06,1.2595428688122458e-06,353.6433019429265,29.331332830784387,775.963188884423,1.0909090909090908,1.2,7.557257212873475e-07,0.3465504826218618,0.47650691360506,,0.0009799435779439436,,0.0009799435779439436,11.0,14,5.0,8,486.25954017152395,29.331332830784387,1070.757326306582,
14604902.02,4549166.66,14605652.02,4549166.66,14605652.02,4548416.66,14604902.02,4548416.66,3969694.1833468685,3.2748114589118393e-06,1.763360016337144e-06,435.9975898316118,55.399444898172604,986.4220015320859,0.9230769230769231,0.8571428571428571,7.557257212873475e-07,0.6225216765496955,0.8092781795146041,,0.001427809903238506,,0.001427809903238506,13.0,16,7.0,10,566.7968667810953,55.399444898172604,1336.4582419236426,
14604902.02,4548416.66,14605652.02,4548416.66,14605652.02,4547666.66,14604902.02,4547666.66,3969694.1833468685,2.0152685900995935e-06,1.511451442574695e-06,681.7791250669372,58.296807990807,2058.524332173897,0.5,0.3333333333333333,2.519085737624492e-07,0.9367427391802642,0.8326602126046793,,0.0013739680561329808,,0.0013739680561329808,8.0,11,6.0,9,606.0258889483887,58.296807990807,2058.524332173897,
14604902.02,4547666.66,14605652.02,4547666.66,14605652.02,4546916.66,14604902.02,4546916.66,3969694.1833468685,2.2671771638620423e-06,1.2595428688122458e-06,765.7291379982596,52.08325278392644,2250.6089169698057,0.8888888888888888,0.8,5.038171475248984e-07,1.3293391811272715,1.3293391811272715,,0.0017360436153734207,,0.0017360436153734207,9.0,13,5.0,9,765.7291379982596,52.08325278392644,2250.6089169698057,
14604902.02,4546916.66,14605652.02,4546916.66,14605652.02,4546166.66,14604902.02,4546166.66,3969694.1833468685,2.2671771638620423e-06,7.557257212873475e-07,860.5251213974033,192.98804798655297,1874.0324428669835,1.3333333333333333,2.0,7.557257212873475e-07,1.6788525899456672,2.1585247585015725,,0.0019509629041618046,,0.0019509629041618046,9.0,13,3.0,7,1106.3894417966615,248.91393085203865,1874.0324428669835,
14604902.02,4546166.66,14605652.02,4546166.66,14605652.02,4545416.66,14604902.02,4545416.66,3969694.1833468685,1.8893143032183687e-06,8.81680008168572e-07,859.5926066172714,13.29497194235776,1130.0863680126479,1.0666666666666667,1.1428571428571428,5.038171475248984e-07,1.3960132982991629,1.4957285338919601,,0.0016240406066227715,,0.0016240406066227715,7.5,11,3.5,7,920.9920785185051,13.29497194235776,1812.544162768089,
14604902.02,4545416.66,14605652.02,4545416.66,14605652.02,4544666.66,14604902.02,4544666.66,3969694.1833468685,1.6374057294559196e-06,1.1335885819310212e-06,929.1529669952372,25.60831231765864,1571.190865201996,0.6153846153846154,0.4444444444444444,2.519085737624492e-07,1.4136136879348122,1.020943219064031,,0.0015214003916989682,,0.0015214003916989682,6.5,11,4.5,9,671.0549206076713,111.35845181642058,1571.190865201996,
14604902.02,4544666.66,14605652.02,4544666.66,14605652.02,4543916.66,14604902.02,4543916.66,3969694.1833468685,2.2671771638620423e-06,1.763360016337144e-06,664.4667828123004,47.1954314396479,1001.6290389052994,0.4444444444444444,0.2857142857142857,2.519085737624492e-07,1.0009952317783228,0.7507464238337422,,0.001506463916136927,,0.001506463916136927,9.0,14,7.0,12,498.3500871092253,83.04796382108667,1737.3756993213033,
14604902.02,4543916.66,14605652.02,4543916.66,14605652.02,4543166.66,14604902.02,4543166.66,3969694.1833468685,1.6374057294559196e-06,1.1335885819310212e-06,890.041916362801,47.1954314396479,1142.4957231068374,0.6153846153846154,0.4444444444444444,2.519085737624492e-07,1.297111249863768,1.2044604463020703,,0.0014573597333083766,,0.0014573597333083766,6.5,9,4.5,7,826.467493765458,247.05782435404112,1630.156151529323,
14604902.02,4543166.66,14605652.02,4543166.66,14605652.02,4542416.66,14604902.02,4542416.66,3969694.1833468685,1.8893143032183687e-06,1.8893143032183687e-06,803.8407210358245,218.4438604586047,1485.353371832378,0.0,0.0,0.0,1.2207991502961575,0.9155993627221183,,0.0015187077717623498,,0.0015187077717623498,7.5,10,7.5,10,602.8805407768684,218.4438604586047,1485.353371832378,
14604902.02,4542416.66,14605652.02,4542416.66,14605652.02,4541666.66,14604902.02,4541666.66,3969694.1833468685,1.6374057294559196e-06,1.6374057294559196e-06,824.0295951480838,1.5666689908245786,1183.6656958687365,0.0,0.0,0.0,1.1118390548660015,0.8029948729587789,,0.0013492707803367142,,0.0013492707803367142,6.5,9,6.5,9,595.1324853847271,1.5666689908245786,1183.6656958687365,
14604902.02,4541666.66,14605652.02,4541666.66,14605652.02,4540916.66,14604902.02,4540916.66,3969694.1833468685,1.8893143032183687e-06,1.8893143032183687e-06,577.385608850826,38.15958431202823,846.5550719449475,0.0,0.0,0.0,0.6298485334964198,0.5248737779136832,,0.001090862889274312,,0.001090862889274312,7.5,9,7.5,9,481.154674042355,38.15958431202823,846.5550719449475,
14604902.02,4540916.66,14605652.02,4540916.66,14605652.02,4540166.66,14604902.02,4540166.66,3969694.1833468685,1.2595428688122458e-06,1.2595428688122458e-06,755.0759662360814,215.41351219489528,917.6304486006254,0.0,0.0,0.0,0.7181154119870569,0.5129395799907549,,0.0009510505486841725,,0.0009510505486841725,5.0,7,5.0,7,539.3399758829153,215.41351219489528,917.6304486006254,
14604902.02,4540166.66,14605652.02,4540166.66,14605652.02,4539416.66,14604902.02,4539416.66,3969694.1833468685,8.81680008168572e-07,8.81680008168572e-07,877.4363209459804,91.31810185563002,1272.0681607775323,0.0,0.0,0.0,0.6788005866818195,0.39596700889772807,,0.0007736180626190537,,0.0007736180626190537,3.5,6,3.5,6,511.8378538851552,91.31810185563002,1272.0681607775323,
14604902.02,4539416.66,14605652.02,4539416.66,14605652.02,4538666.66,14604902.02,4538666.66,3969694.1833468685,3.7786286064367375e-07,3.7786286064367375e-07,1783.9957886293057,1082.1739731702564,1593.819709773702,0.0,0.0,0.0,1.2026018227796322,0.9019513670847241,,0.0006741057520677361,,0.0006741057520677361,1.5,2,1.5,2,1337.9968414719792,1082.1739731702564,1593.819709773702,
14604902.02,4538666.66,14605652.02,4538666.66,14605652.02,4537916.66,14604902.02,4537916.66,3969694.1833468685,1.259542868812246e-07,1.259542868812246e-07,2352.450437360999,1176.2252186804994,1176.2252186804994,0.0,0.0,0.0,0.6970339281367756,0.3485169640683878,,0.00029630121726122947,,0.00029630121726122947,0.5,1,0.5,1,1176.2252186804994,1176.2252186804994,1176.2252186804994,
14604902.02,4537916.66,14605652.02,4537916.66,14605652.02,4537166.66,14604902.02,4537166.66,3969694.1833468685,3.7786286064367375e-07,3.7786286064367375e-07,875.1595158085979,266.586443541532,527.6288281472612,0.0,0.0,0.0,0.2894067437197147,0.14470337185985735,,0.00033069027816296924,,0.00033069027816296924,1.5,3,1.5,3,437.57975790429896,266.586443541532,527.6288281472612,
14604902.02,4537166.66,14605652.02,4537166.66,14605652.02,4536416.66,14604902.02,4536416.66,3969694.1833468685,6.297714344061229e-07,6.297714344061229e-07,779.7959365164185,571.6917465580941,755.0424377120368,0.0,0.0,0.0,0.3829524860872542,0.3191270717393785,,0.0004910932054840108,,0.0004910932054840108,2.5,3,2.5,3,649.8299470970154,571.6917465580941,755.0424377120368,
14604902.02,4536416.66,14605652.02,4536416.66,14605652.02,4535666.66,14604902.02,4535666.66,3969694.1833468685,6.297714344061229e-07,6.297714344061229e-07,585.5641180022204,86.11220027259893,755.0424377120368,0.0,0.0,0.0,0.21593939007326127,0.1799494917277177,,0.00036877155453101453,,0.00036877155453101453,2.5,3,2.5,3,487.97009833518365,86.11220027259893,755.0424377120368,
14604902.02,4535666.66,14605652.02,4535666.66,14605652.02,4534916.66,14604902.02,4534916.66,3969694.1833468685,5.038171475248984e-07,5.038171475248984e-07,804.8433846681032,396.8308761165539,761.6555903640519,0.0,0.0,0.0,0.32635908154409415,0.21757272102939607,,0.00040549389826776826,,0.00040549389826776826,2.0,3,2.0,3,536.5622564454021,396.8308761165539,761.6555903640519,
14604902.02,4534916.66,14605652.02,4534916.66,14605652.02,4534166.66,14604902.02,4534166.66,3969694.1833468685,3.7786286064367375e-07,3.7786286064367375e-07,1153.0240715651269,761.6555903640519,967.8805169836382,0.0,0.0,0.0,0.502355262724953,0.37676644704371476,,0.0004356849740726148,,0.0004356849740726148,1.5,2,1.5,2,864.7680536738451,761.6555903640519,967.8805169836382,
14604902.02,4534166.66,14605652.02,4534166.66,14605652.02,4533416.66,14604902.02,4533416.66,3969694.1833468685,2.519085737624492e-07,2.519085737624492e-07,1657.0522054292,758.1968188460587,898.8553865831415,0.0,0.0,0.0,0.6916961067269822,0.3458480533634911,,0.00041742565771959073,,0.00041742565771959073,1.0,2,1.0,2,828.5261027146,758.1968188460587,898.8553865831415,
14604902.02,4533416.66,14605652.02,4533416.66,14605652.02,4532666.66,14604902.02,4532666.66,3969694.1833468685,0.0,0.0,0.0,0.0,0.0,0.0,0.0,0.0,0.0,0.0,,0.0,,0.0,0.0,0,0.0,0,0.0,0.0,0.0,
14605652.02,4555166.66,14606402.02,4555166.66,14606402.02,4554416.66,14605652.02,4554416.66,3969694.1833468685,0.0,0.0,0.0,0.0,0.0,0.0,0.0,0.0,0.0,0.0,,0.0,,0.0,0.0,0,0.0,0,0.0,0.0,0.0,
14605652.02,4554416.66,14606402.02,4554416.66,14606402.02,4553666.66,14605652.02,4553666.66,3969694.1833468685,0.0,0.0,0.0,0.0,0.0,0.0,0.0,0.0,0.0,0.0,,0.0,,0.0,0.0,0,0.0,0,0.0,0.0,0.0,
14605652.02,4553666.66,14606402.02,4553666.66,14606402.02,4552916.66,14605652.02,4552916.66,3969694.1833468685,0.0,0.0,0.0,0.0,0.0,0.0,0.0,0.0,0.0,0.0,,0.0,,0.0,0.0,0,0.0,0,0.0,0.0,0.0,
14605652.02,4552916.66,14606402.02,4552916.66,14606402.02,4552166.66,14605652.02,4552166.66,3969694.1833468685,2.519085737624492e-07,2.519085737624492e-07,474.5461621888851,474.5461621888851,474.5461621888851,0.0,0.0,0.0,0.0567283144865173,0.0567283144865173,,0.00011954224690144592,,0.00011954224690144592,1.0,1,1.0,1,474.5461621888851,474.5461621888851,474.5461621888851,
14605652.02,4552166.66,14606402.02,4552166.66,14606402.02,4551416.66,14605652.02,4551416.66,3969694.1833468685,3.7786286064367375e-07,3.7786286064367375e-07,516.0321790491678,299.5021063848666,474.5461621888851,0.0,0.0,0.0,0.10062080257894927,0.07546560193421196,,0.00019498939535970698,,0.00019498939535970698,1.5,2,1.5,2,387.02413428687584,299.5021063848666,474.5461621888851,
14605652.02,4551416.66,14606402.02,4551416.66,14606402.02,4550666.66,14605652.02,4550666.66,3969694.1833468685,2.519085737624492e-07,2.519085737624492e-07,436.073689960297,35.49059685736678,400.5830931029302,0.0,0.0,0.0,0.047903000657663806,0.023951500328831903,,0.00010985070129322686,,0.00010985070129322686,1.0,2,1.0,2,218.0368449801485,35.49059685736678,400.5830931029302,
14605652.02,4550666.66,14606402.02,4550666.66,14606402.02,4549916.66,14605652.02,4549916.66,3969694.1833468685,1.259542868812246e-07,1.259542868812246e-07,147.6120570226101,73.80602851130504,73.80602851130504,0.0,0.0,0.0,0.0027444581839394504,0.0013722290919697252,,1.8592371377353512e-05,,1.8592371377353512e-05,0.5,1,0.5,1,73.80602851130504,73.80602851130504,73.80602851130504,
14605652.02,4549916.66,14606402.02,4549916.66,14606402.02,4549166.66,14605652.02,4549166.66,3969694.1833468685,7.557257212873475e-07,2.519085737624492e-07,331.7635756510117,162.07248042111885,377.8506951039921,1.3333333333333333,2.0,2.519085737624492e-07,0.08318051596303054,0.12477077394454582,,0.0002507222675057303,,0.0002507222675057303,3.0,4,1.0,2,497.64536347651756,442.79883516191813,552.491891791117,
14605652.02,4549166.66,14606402.02,4549166.66,14606402.02,4548416.66,14605652.02,4548416.66,3969694.1833468685,3.7786286064367375e-07,3.7786286064367375e-07,1054.7053905743976,350.93458351407253,668.2998584535858,0.0,0.0,0.0,0.4203359539281259,0.21016797696406295,,0.00039853399601874503,,0.00039853399601874503,1.5,3,1.5,3,527.3526952871988,350.93458351407253,668.2998584535858,
14605652.02,4548416.66,14606402.02,4548416.66,14606402.02,4547666.66,14605652.02,4547666.66,3969694.1833468685,7.557257212873475e-07,7.557257212873475e-07,1001.1871809444766,237.5227215285428,1184.8891543068337,0.0,0.0,0.0,0.7575211527572436,0.4545126916543462,,0.0007566229044629107,,0.0007566229044629107,3.0,5,3.0,5,600.712308566686,237.5227215285428,1184.8891543068337,
14605652.02,4547666.66,14606402.02,4547666.66,14606402.02,4546916.66,14605652.02,4546916.66,3969694.1833468685,6.297714344061229e-07,6.297714344061229e-07,1556.4970015157996,423.15057779903594,2076.652063005031,0.0,0.0,0.0,1.5257364949490262,0.9535853093431413,,0.0009802373492934344,,0.0009802373492934344,2.5,4,2.5,4,972.8106259473748,423.15057779903594,2076.652063005031,
14605652.02,4546916.66,14606402.02,4546916.66,14606402.02,4546166.66,14605652.02,4546166.66,3969694.1833468685,1.1335885819310212e-06,6.297714344061229e-07,1032.1065829847512,41.946167534799606,2250.8548446115296,0.8888888888888888,0.8,2.519085737624492e-07,1.2075484338293687,0.9056613253720267,,0.001169984237807356,,0.001169984237807356,4.5,8,2.5,6,774.0799372385635,41.946167534799606,2250.8548446115296,
14605652.02,4546166.66,14606402.02,4546166.66,14606402.02,4545416.66,14605652.02,4545416.66,3969694.1833468685,8.81680008168572e-07,8.81680008168572e-07,1428.9474485288022,19.213778025267363,1791.7401513530046,0.0,0.0,0.0,1.8002943066193728,1.0501716788613007,,0.0012598743980913344,,0.0012598743980913344,3.5,6,3.5,6,833.5526783084679,19.213778025267363,1791.7401513530046,
14605652.02,4545416.66,14606402.02,4545416.66,14606402.02,4544666.66,14605652.02,4544666.66,3969694.1833468685,8.81680008168572e-07,8.81680008168572e-07,795.4268202829928,160.7433873750924,923.3461470981467,0.0,0.0,0.0,0.5578423148511327,0.3904896203957929,,0.0007013119254046104,,0.0007013119254046104,3.5,5,3.5,5,556.798774198095,160.7433873750924,923.3461470981467,
14605652.02,4544666.66,14606402.02,4544666.66,14606402.02,4543916.66,14605652.02,4543916.66,3969694.1833468685,8.81680008168572e-07,8.81680008168572e-07,1085.4946426263573,247.05782435404112,1256.6429029117253,0.0,0.0,0.0,1.038882336175284,0.7272176353226987,,0.0009570589253777478,,0.0009570589253777478,3.5,5,3.5,5,759.84624983845,247.05782435404112,1256.6429029117253,
14605652.02,4543916.66,14606402.02,4543916.66,14606402.02,4543166.66,14605652.02,4543166.66,3969694.1833468685,6.297714344061229e-07,6.297714344061229e-07,1353.1356753496707,135.4238864079025,1338.8003925094902,0.0,0.0,0.0,1.1530964800670769,0.5765482400335384,,0.00085216619521106,,0.00085216619521106,2.5,5,2.5,5,676.5678376748353,135.4238864079025,1338.8003925094902,
14605652.02,4543166.66,14606402.02,4543166.66,14606402.02,4542416.66,14605652.02,4542416.66,3969694.1833468685,6.297714344061229e-07,6.297714344061229e-07,714.6174555533231,27.354104111359423,1064.6437194975463,0.0,0.0,0.0,0.3216104844573635,0.16080524222868176,,0.00045004566003547006,,0.00045004566003547006,2.5,5,2.5,5,357.30872777666156,27.354104111359423,1064.6437194975463,
14605652.02,4542416.66,14606402.02,4542416.66,14606402.02,4541666.66,14605652.02,4541666.66,3969694.1833468685,1.0076342950497967e-06,1.0076342950497967e-06,619.249436972101,227.25628449111505,755.7054554825014,0.0,0.0,0.0,0.38639738728383227,0.30911790982706583,,0.0006239769698833665,,0.0006239769698833665,4.0,5,4.0,5,495.3995495776808,227.25628449111505,755.7054554825014,
14605652.02,4541666.66,14606402.02,4541666.66,14606402.02,4540916.66,14605652.02,4540916.66,3969694.1833468685,1.2595428688122458e-06,1.2595428688122458e-06,500.1948778227037,215.41351219489528,755.7054554825014,0.0,0.0,0.0,0.3151312220090578,0.3151312220090578,,0.000630016891377999,,0.000630016891377999,5.0,5,5.0,5,500.1948778227037,215.41351219489528,755.7054554825014,
14605652.02,4540916.66,14606402.02,4540916.66,14606402.02,4540166.66,14605652.02,4540166.66,3969694.1833468685,1.1335885819310212e-06,1.1335885819310212e-06,703.8150855756013,108.09518771310711,1398.6296266484494,0.0,0.0,0.0,0.5615295368162829,0.3609832736676104,,0.0007978367447993062,,0.0007978367447993062,4.5,7,4.5,7,452.45255501288653,108.09518771310711,1398.6296266484494,
14605652.02,4540166.66,14606402.02,4540166.66,14606402.02,4539416.66,14605652.02,4539416.66,3969694.1833468685,1.1335885819310212e-06,6.297714344061229e-07,594.5769859754045,64.86396005244363,1798.2840589163666,0.8888888888888888,0.8,2.519085737624492e-07,0.4007482671602001,0.6011224007403002,,0.0006740056823806794,,0.0006740056823806794,4.5,5,2.5,3,891.8654789631067,310.7827245911178,1982.8118446305086,
14605652.02,4539416.66,14606402.02,4539416.66,14606402.02,4538666.66,14605652.02,4538666.66,3969694.1833468685,1.0076342950497967e-06,5.038171475248984e-07,650.6386979632384,64.86396005244363,1532.5348645291617,1.0,1.0,2.519085737624492e-07,0.4265625468714429,0.5687500624952572,,0.0006556058657543053,,0.0006556058657543053,4.0,5,2.0,3,867.5182639509845,310.7827245911178,1909.7701995941418,
14605652.02,4538666.66,14606402.02,4538666.66,14606402.02,4537916.66,14605652.02,4537916.66,3969694.1833468685,5.038171475248984e-07,5.038171475248984e-07,533.8630829391907,130.77250964044418,563.9588811701276,0.0,0.0,0.0,0.1435928200821979,0.07179641004109895,,0.0002689693756152713,,0.0002689693756152713,2.0,4,2.0,4,266.93154146959535,130.77250964044418,563.9588811701276,
14605652.02,4537916.66,14606402.02,4537916.66,14606402.02,4537166.66,14605652.02,4537166.66,3969694.1833468685,5.038171475248984e-07,5.038171475248984e-07,666.6632798157752,209.56232661047042,851.3865592358231,0.0,0.0,0.0,0.2239164571009937,0.14927763806732913,,0.000335876391996377,,0.000335876391996377,2.0,3,2.0,3,444.44218654385014,209.56232661047042,851.3865592358231,
14605652.02,4537166.66,14606402.02,4537166.66,14606402.02,4536416.66,14605652.02,4536416.66,3969694.1833468685,6.297714344061229e-07,6.297714344061229e-07,689.1672551562522,116.48914094277076,851.3865592358231,0.0,0.0,0.0,0.29911089094221416,0.24925907578517847,,0.00043401785082548345,,0.00043401785082548345,2.5,3,2.5,3,574.3060459635435,116.48914094277076,851.3865592358231,
14605652.02,4536416.66,14606402.02,4536416.66,14606402.02,4535666.66,14605652.02,4535666.66,3969694.1833468685,3.7786286064367375e-07,3.7786286064367375e-07,904.262862397446,601.3518558841323,755.0424377120368,0.0,0.0,0.0,0.30897518292775245,0.23173138719581435,,0.00034168735195933567,,0.00034168735195933567,1.5,2,1.5,2,678.1971467980845,601.3518558841323,755.0424377120368,
14605652.02,4535666.66,14606402.02,4535666.66,14606402.02,4534916.66,14605652.02,4534916.66,3969694.1833468685,2.519085737624492e-07,2.519085737624492e-07,875.4542299059909,360.29538027069896,515.158849635292,0.0,0.0,0.0,0.19306779647547537,0.09653389823773768,,0.00022053442644992145,,0.00022053442644992145,1.0,2,1.0,2,437.72711495299546,360.29538027069896,515.158849635292,
14605652.02,4534916.66,14606402.02,4534916.66,14606402.02,4534166.66,14605652.02,4534166.66,3969694.1833468685,1.259542868812246e-07,1.259542868812246e-07,1300.2140594790774,650.1070297395387,650.1070297395387,0.0,0.0,0.0,0.21293285104417606,0.10646642552208803,,0.00016376753465462932,,0.00016376753465462932,0.5,1,0.5,1,650.1070297395387,650.1070297395387,650.1070297395387,
14605652.02,4534166.66,14606402.02,4534166.66,14606402.02,4533416.66,14605652.02,4533416.66,3969694.1833468685,1.259542868812246e-07,1.259542868812246e-07,493.8443349902387,246.92216749511934,246.92216749511934,0.0,0.0,0.0,0.030718012010226534,0.015359006005113267,,6.220181104402809e-05,,6.220181104402809e-05,0.5,1,0.5,1,246.92216749511934,246.92216749511934,246.92216749511934,
14605652.02,4533416.66,14606402.02,4533416.66,14606402.02,4532666.66,14605652.02,4532666.66,3969694.1833468685,0.0,0.0,0.0,0.0,0.0,0.0,0.0,0.0,0.0,0.0,,0.0,,0.0,0.0,0,0.0,0,0.0,0.0,0.0,
14606402.02,4555166.66,14607152.02,4555166.66,14607152.02,4554416.66,14606402.02,4554416.66,3969694.1833468685,0.0,0.0,0.0,0.0,0.0,0.0,0.0,0.0,0.0,0.0,,0.0,,0.0,0.0,0,0.0,0,0.0,0.0,0.0,
14606402.02,4554416.66,14607152.02,4554416.66,14607152.02,4553666.66,14606402.02,4553666.66,3969694.1833468685,0.0,0.0,0.0,0.0,0.0,0.0,0.0,0.0,0.0,0.0,,0.0,,0.0,0.0,0,0.0,0,0.0,0.0,0.0,
14606402.02,4553666.66,14607152.02,4553666.66,14607152.02,4552916.66,14606402.02,4552916.66,3969694.1833468685,1.259542868812246e-07,1.259542868812246e-07,544.5600296633195,272.28001483165974,272.28001483165974,0.0,0.0,0.0,0.037351192838851924,0.018675596419425962,,6.858967020026191e-05,,6.858967020026191e-05,0.5,1,0.5,1,272.28001483165974,272.28001483165974,272.28001483165974,
14606402.02,4552916.66,14607152.02,4552916.66,14607152.02,4552166.66,14606402.02,4552166.66,3969694.1833468685,2.519085737624492e-07,2.519085737624492e-07,474.5461621888851,474.5461621888851,474.5461621888851,0.0,0.0,0.0,0.0567283144865173,0.0567283144865173,,0.00011954224690144592,,0.00011954224690144592,1.0,1,1.0,1,474.5461621888851,474.5461621888851,474.5461621888851,
14606402.02,4552166.66,14607152.02,4552166.66,14607152.02,4551416.66,14606402.02,4551416.66,3969694.1833468685,2.519085737624492e-07,2.519085737624492e-07,474.5461621888851,474.5461621888851,474.5461621888851,0.0,0.0,0.0,0.0567283144865173,0.0567283144865173,,0.00011954224690144592,,0.00011954224690144592,1.0,1,1.0,1,474.5461621888851,474.5461621888851,474.5461621888851,
14606402.02,4551416.66,14607152.02,4551416.66,14607152.02,4550666.66,14606402.02,4550666.66,3969694.1833468685,1.259542868812246e-07,1.259542868812246e-07,352.8223182512138,176.4111591256069,176.4111591256069,0.0,0.0,0.0,0.015679241587220717,0.007839620793610358,,4.44394834911121e-05,,4.44394834911121e-05,0.5,1,0.5,1,176.4111591256069,176.4111591256069,176.4111591256069,
14606402.02,4550666.66,14607152.02,4550666.66,14607152.02,4549916.66,14606402.02,4549916.66,3969694.1833468685,0.0,0.0,0.0,0.0,0.0,0.0,0.0,0.0,0.0,0.0,,0.0,,0.0,0.0,0,0.0,0,0.0,0.0,0.0,
14606402.02,4549916.66,14607152.02,4549916.66,14607152.02,4549166.66,14606402.02,4549166.66,3969694.1833468685,0.0,0.0,0.0,0.0,0.0,0.0,0.0,0.0,0.0,0.0,,0.0,,0.0,0.0,0,0.0,0,0.0,0.0,0.0,
14606402.02,4549166.66,14607152.02,4549166.66,14607152.02,4548416.66,14606402.02,4548416.66,3969694.1833468685,0.0,0.0,0.0,0.0,0.0,0.0,0.0,0.0,0.0,0.0,,0.0,,0.0,0.0,0,0.0,0,0.0,0.0,0.0,
14606402.02,4548416.66,14607152.02,4548416.66,14607152.02,4547666.66,14606402.02,4547666.66,3969694.1833468685,3.7786286064367375e-07,3.7786286064367375e-07,892.8846526966103,627.4160791598782,711.9108998850372,0.0,0.0,0.0,0.30124852174972333,0.2259363913122925,,0.00033738794909277423,,0.00033738794909277423,1.5,2,1.5,2,669.6634895224577,627.4160791598782,711.9108998850372,
14606402.02,4547666.66,14607152.02,4547666.66,14607152.02,4546916.66,14606402.02,4546916.66,3969694.1833468685,3.7786286064367375e-07,3.7786286064367375e-07,1999.0115037465723,53.74279829819724,1370.0502783668392,0.0,0.0,0.0,1.5099577477056605,0.5662341553896227,,0.0007553522052652918,,0.0007553522052652918,1.5,4,1.5,4,749.6293139049646,53.74279829819724,1370.0502783668392,
14606402.02,4546916.66,14607152.02,4546916.66,14607152.02,4546166.66,14606402.02,4546166.66,3969694.1833468685,1.259542868812246e-07,1.259542868812246e-07,7368.101120186186,1550.5105030424854,2133.540057050607,0.0,0.0,0.0,6.837921463199172,1.709480365799793,,0.000928043922261803,,0.000928043922261803,0.5,2,0.5,2,1842.0252800465464,1550.5105030424854,2133.540057050607,
14606402.02,4546166.66,14607152.02,4546166.66,14607152.02,4545416.66,14606402.02,4545416.66,3969694.1833468685,2.519085737624492e-07,2.519085737624492e-07,3205.7881256202672,420.3071142077522,2227.796786536576,0.0,0.0,0.0,2.5888839370752867,0.8629613123584289,,0.0008075655145095967,,0.0008075655145095967,1.0,3,1.0,3,1068.5960418734223,420.3071142077522,2227.796786536576,
14606402.02,4545416.66,14607152.02,4545416.66,14607152.02,4544666.66,14606402.02,4544666.66,3969694.1833468685,5.038171475248984e-07,5.038171475248984e-07,2101.1380507150543,723.6120728037308,1692.4341397356598,0.0,0.0,0.0,2.22424242486132,1.11212121243066,,0.0010585893792672838,,0.0010585893792672838,2.0,4,2.0,4,1050.5690253575272,723.6120728037308,1692.4341397356598,
14606402.02,4544666.66,14607152.02,4544666.66,14607152.02,4543916.66,14606402.02,4543916.66,3969694.1833468685,3.7786286064367375e-07,3.7786286064367375e-07,1691.2418634954302,723.6120728037308,1813.2507224394144,0.0,0.0,0.0,1.080800777867968,0.810600583400976,,0.0006390574885807209,,0.0006390574885807209,1.5,2,1.5,2,1268.4313976215726,723.6120728037308,1813.2507224394144,
14606402.02,4543916.66,14607152.02,4543916.66,14607152.02,4543166.66,14606402.02,4543166.66,3969694.1833468685,1.259542868812246e-07,1.259542868812246e-07,4322.455673444066,2161.227836722033,2161.227836722033,0.0,0.0,0.0,2.353282417480399,1.1766412087401994,,0.0005444318219243507,,0.0005444318219243507,0.5,1,0.5,1,2161.227836722033,2161.227836722033,2161.227836722033,
14606402.02,4543166.66,14607152.02,4543166.66,14607152.02,4542416.66,14606402.02,4542416.66,3969694.1833468685,2.519085737624492e-07,2.519085737624492e-07,1502.4869312712965,217.3713210321328,1285.1156102391637,0.0,0.0,0.0,0.5686752869052891,0.28433764345264456,,0.0003784893399532713,,0.0003784893399532713,1.0,2,1.0,2,751.2434656356482,217.3713210321328,1285.1156102391637,
14606402.02,4542416.66,14607152.02,4542416.66,14607152.02,4541666.66,14606402.02,4541666.66,3969694.1833468685,3.7786286064367375e-07,3.7786286064367375e-07,320.648930478802,82.95967216707498,398.01372355112807,0.0,0.0,0.0,0.03885024835736156,0.029137686268021174,,0.00012116132213305461,,0.00012116132213305461,1.5,2,1.5,2,240.48669785910153,82.95967216707498,398.01372355112807,
14606402.02,4541666.66,14607152.02,4541666.66,14607152.02,4540916.66,14606402.02,4540916.66,3969694.1833468685,5.038171475248984e-07,5.038171475248984e-07,427.1454185589245,54.04509865014424,402.2320149165767,0.0,0.0,0.0,0.09192305511154093,0.06128203674102729,,0.00021520318635668612,,0.00021520318635668612,2.0,3,2.0,3,284.76361237261636,54.04509865014424,402.2320149165767,
14606402.02,4540916.66,14607152.02,4540916.66,14607152.02,4540166.66,14606402.02,4540166.66,3969694.1833468685,6.297714344061229e-07,6.297714344061229e-07,1015.546283797147,29.36026092530463,960.7539170781447,0.0,0.0,0.0,0.6495048528301698,0.3247524264150849,,0.0006395620398527369,,0.0006395620398527369,2.5,5,2.5,5,507.7731418985735,29.36026092530463,960.7539170781447,
14606402.02,4540166.66,14607152.02,4540166.66,14607152.02,4539416.66,14606402.02,4539416.66,3969694.1833468685,1.511451442574695e-06,5.038171475248984e-07,737.7956036621441,64.86396005244363,1334.0676008466403,1.3333333333333333,2.0,5.038171475248984e-07,0.8227470343686526,1.234120551552979,,0.0011151422294804157,,0.0011151422294804157,6.0,8,2.0,4,1106.6934054932162,310.7827245911178,2104.9270777045895,
14606402.02,4539416.66,14607152.02,4539416.66,14607152.02,4538666.66,14606402.02,4538666.66,3969694.1833468685,1.511451442574695e-06,5.038171475248984e-07,814.7125982847634,64.86396005244363,1146.5311068615408,1.3333333333333333,2.0,5.038171475248984e-07,1.0032358974982207,1.504853846247331,,0.0012313985319612837,,0.0012313985319612837,6.0,8,2.0,4,1222.0688974271452,310.7827245911178,2183.40978869765,
14606402.02,4538666.66,14607152.02,4538666.66,14607152.02,4537916.66,14606402.02,4537916.66,3969694.1833468685,1.511451442574695e-06,5.038171475248984e-07,550.2629833897519,64.86396005244363,1332.8240042377683,1.3333333333333333,2.0,5.038171475248984e-07,0.4576514011974199,0.68647710179613,,0.0008316957800398959,,0.0008316957800398959,6.0,8,2.0,4,825.3944750846279,125.0836560350014,1579.178660541589,
14606402.02,4537916.66,14607152.02,4537916.66,14607152.02,4537166.66,14606402.02,4537166.66,3969694.1833468685,2.519085737624492e-07,2.519085737624492e-07,1682.744284897266,820.6678731958988,862.0764117013671,0.0,0.0,0.0,0.7133114536211077,0.35665572681055385,,0.0004238977128153827,,0.0004238977128153827,1.0,2,1.0,2,841.372142448633,820.6678731958988,862.0764117013671,
14606402.02,4537166.66,14607152.02,4537166.66,14607152.02,4536416.66,14606402.02,4536416.66,3969694.1833468685,3.7786286064367375e-07,3.7786286064367375e-07,658.86297137895,136.90789783260183,851.3865592358231,0.0,0.0,0.0,0.16403042463902354,0.12302281847926765,,0.00024895984713744097,,0.00024895984713744097,1.5,2,1.5,2,494.1472285342125,136.90789783260183,851.3865592358231,
14606402.02,4536416.66,14607152.02,4536416.66,14607152.02,4535666.66,14606402.02,4535666.66,3969694.1833468685,1.259542868812246e-07,1.259542868812246e-07,1149.4889246464945,574.7444623232473,574.7444623232473,0.0,0.0,0.0,0.16642652139653474,0.08321326069826737,,0.0001447830577817149,,0.0001447830577817149,0.5,1,0.5,1,574.7444623232473,574.7444623232473,574.7444623232473,
14606402.02,4535666.66,14607152.02,4535666.66,14607152.02,4534916.66,14606402.02,4534916.66,3969694.1833468685,0.0,0.0,0.0,0.0,0.0,0.0,0.0,0.0,0.0,0.0,,0.0,,0.0,0.0,0,0.0,0,0.0,0.0,0.0,
14606402.02,4534916.66,14607152.02,4534916.66,14607152.02,4534166.66,14606402.02,4534166.66,3969694.1833468685,0.0,0.0,0.0,0.0,0.0,0.0,0.0,0.0,0.0,0.0,,0.0,,0.0,0.0,0,0.0,0,0.0,0.0,0.0,
14606402.02,4534166.66,14607152.02,4534166.66,14607152.02,4533416.66,14606402.02,4533416.66,3969694.1833468685,0.0,0.0,0.0,0.0,0.0,0.0,0.0,0.0,0.0,0.0,,0.0,,0.0,0.0,0,0.0,0,0.0,0.0,0.0,
14606402.02,4533416.66,14607152.02,4533416.66,14607152.02,4532666.66,14606402.02,4532666.66,3969694.1833468685,0.0,0.0,0.0,0.0,0.0,0.0,0.0,0.0,0.0,0.0,,0.0,,0.0,0.0,0,0.0,0,0.0,0.0,0.0,
14607152.02,4555166.66,14607902.02,4555166.66,14607902.02,4554416.66,14607152.02,4554416.66,3969694.1833468685,0.0,0.0,0.0,0.0,0.0,0.0,0.0,0.0,0.0,0.0,,0.0,,0.0,0.0,0,0.0,0,0.0,0.0,0.0,
14607152.02,4554416.66,14607902.02,4554416.66,14607902.02,4553666.66,14607152.02,4553666.66,3969694.1833468685,0.0,0.0,0.0,0.0,0.0,0.0,0.0,0.0,0.0,0.0,,0.0,,0.0,0.0,0,0.0,0,0.0,0.0,0.0,
14607152.02,4553666.66,14607902.02,4553666.66,14607902.02,4552916.66,14607152.02,4552916.66,3969694.1833468685,0.0,0.0,0.0,0.0,0.0,0.0,0.0,0.0,0.0,0.0,,0.0,,0.0,0.0,0,0.0,0,0.0,0.0,0.0,
14607152.02,4552916.66,14607902.02,4552916.66,14607902.02,4552166.66,14607152.02,4552166.66,3969694.1833468685,1.259542868812246e-07,1.259542868812246e-07,922.7750257794162,461.3875128897081,461.3875128897081,0.0,0.0,0.0,0.10725180692436702,0.05362590346218351,,0.00011622747032385,,0.00011622747032385,0.5,1,0.5,1,461.3875128897081,461.3875128897081,461.3875128897081,
14607152.02,4552166.66,14607902.02,4552166.66,14607902.02,4551416.66,14607152.02,4551416.66,3969694.1833468685,2.519085737624492e-07,2.519085737624492e-07,474.5461621888851,474.5461621888851,474.5461621888851,0.0,0.0,0.0,0.0567283144865173,0.0567283144865173,,0.00011954224690144592,,0.00011954224690144592,1.0,1,1.0,1,474.5461621888851,474.5461621888851,474.5461621888851,
14607152.02,4551416.66,14607902.02,4551416.66,14607902.02,4550666.66,14607152.02,4550666.66,3969694.1833468685,0.0,0.0,0.0,0.0,0.0,0.0,0.0,0.0,0.0,0.0,,0.0,,0.0,0.0,0,0.0,0,0.0,0.0,0.0,
14607152.02,4550666.66,14607902.02,4550666.66,14607902.02,4549916.66,14607152.02,4549916.66,3969694.1833468685,1.259542868812246e-07,1.259542868812246e-07,303.6701062684645,151.83505313423225,151.83505313423225,0.0,0.0,0.0,0.011614941753945535,0.005807470876972767,,3.8248551682190135e-05,,3.8248551682190135e-05,0.5,1,0.5,1,151.83505313423225,151.83505313423225,151.83505313423225,
14607152.02,4549916.66,14607902.02,4549916.66,14607902.02,4549166.66,14607152.02,4549166.66,3969694.1833468685,2.519085737624492e-07,2.519085737624492e-07,700.0913037089161,700.0913037089161,700.0913037089161,0.0,0.0,0.0,0.12346740350553168,0.12346740350553168,,0.0001763590018208067,,0.0001763590018208067,1.0,1,1.0,1,700.0913037089161,700.0913037089161,700.0913037089161,
14607152.02,4549166.66,14607902.02,4549166.66,14607902.02,4548416.66,14607152.02,4548416.66,3969694.1833468685,3.7786286064367375e-07,3.7786286064367375e-07,649.391614182013,273.9961175641033,700.0913037089161,0.0,0.0,0.0,0.15934834615435353,0.11951125961576516,,0.0002453809730128283,,0.0002453809730128283,1.5,2,1.5,2,487.04371063650973,273.9961175641033,700.0913037089161,
14607152.02,4548416.66,14607902.02,4548416.66,14607902.02,4547666.66,14607152.02,4547666.66,3969694.1833468685,2.519085737624492e-07,2.519085737624492e-07,824.6846065104238,267.0929863227541,557.5916201876697,0.0,0.0,0.0,0.1713242050403623,0.08566210252018115,,0.00020774512302988745,,0.00020774512302988745,1.0,2,1.0,2,412.3423032552119,267.0929863227541,557.5916201876697,
14607152.02,4547666.66,14607902.02,4547666.66,14607902.02,4546916.66,14607152.02,4546916.66,3969694.1833468685,5.038171475248984e-07,5.038171475248984e-07,1252.2916095495211,128.86354109569925,1966.5889659735712,0.0,0.0,0.0,0.790103319256671,0.5267355461711141,,0.0006309259865926035,,0.0006309259865926035,2.0,3,2.0,3,834.8610730330141,128.86354109569925,1966.5889659735712,
14607152.02,4546916.66,14607902.02,4546916.66,14607902.02,4546166.66,14607152.02,4546166.66,3969694.1833468685,3.7786286064367375e-07,3.7786286064367375e-07,2389.9636166608707,4.43165149489654,1894.4672240078962,0.0,0.0,0.0,2.158324731760681,0.8093717744102552,,0.0009030784890257771,,0.0009030784890257771,1.5,4,1.5,4,896.2363562478265,4.43165149489654,1894.4672240078962,
14607152.02,4546166.66,14607902.02,4546166.66,14607902.02,4545416.66,14607152.02,4545416.66,3969694.1833468685,1.259542868812246e-07,1.259542868812246e-07,6797.930432972744,1231.577950843374,2167.3872656429976,0.0,0.0,0.0,5.820581641452233,1.4551454103630583,,0.0008562284799532562,,0.0008562284799532562,0.5,2,0.5,2,1699.482608243186,1231.577950843374,2167.3872656429976,
14607152.02,4545416.66,14607902.02,4545416.66,14607902.02,4544666.66,14607152.02,4544666.66,3969694.1833468685,0.0,0.0,0.0,2225.39177549208,2225.39177549208,0.0,0.0,0.0,0.0,1.2475440992919071,,0.0005605952682268944,,0.0005605952682268944,0.0,1,0.0,1,2225.39177549208,2225.39177549208,2225.39177549208,
14607152.02,4544666.66,14607902.02,4544666.66,14607902.02,4543916.66,14607152.02,4543916.66,3969694.1833468685,1.259542868812246e-07,1.259542868812246e-07,7260.797973447476,238.41501424764533,1774.5521957632047,0.0,0.0,0.0,6.64020763014686,1.1067012716911433,,0.0009145286309342174,,0.0009145286309342174,0.5,3,0.5,3,1210.1329955745794,238.41501424764533,1774.5521957632047,
14607152.02,4543916.66,14607902.02,4543916.66,14607902.02,4543166.66,14607152.02,4543166.66,3969694.1833468685,2.519085737624492e-07,2.519085737624492e-07,2371.6769922437506,657.6166793310119,1714.0603129127385,0.0,0.0,0.0,1.4169483833628778,0.7084741916814389,,0.0005974457685413385,,0.0005974457685413385,1.0,2,1.0,2,1185.8384961218753,657.6166793310119,1714.0603129127385,
14607152.02,4543166.66,14607902.02,4543166.66,14607902.02,4542416.66,14607152.02,4542416.66,3969694.1833468685,2.519085737624492e-07,2.519085737624492e-07,1756.9243876245282,639.5208642082692,1117.403523416259,0.0,0.0,0.0,0.7775871795815117,0.38879358979075584,,0.0004425843166949593,,0.0004425843166949593,1.0,2,1.0,2,878.4621938122641,639.5208642082692,1117.403523416259,
14607152.02,4542416.66,14607902.02,4542416.66,14607902.02,4541666.66,14607152.02,4541666.66,3969694.1833468685,2.519085737624492e-07,2.519085737624492e-07,1086.1925842714936,286.4837478339073,799.7088364375865,0.0,0.0,0.0,0.29720534520663716,0.14860267260331858,,0.0002736212247351808,,0.0002736212247351808,1.0,2,1.0,2,543.0962921357468,286.4837478339073,799.7088364375865,
14607152.02,4541666.66,14607902.02,4541666.66,14607902.02,4540916.66,14607152.02,4540916.66,3969694.1833468685,6.297714344061229e-07,6.297714344061229e-07,945.8163896552572,398.01372355112807,1103.4733471255765,0.0,0.0,0.0,0.5633737774393809,0.4694781478661508,,0.0005956481443980118,,0.0005956481443980118,2.5,3,2.5,3,788.1803247127144,398.01372355112807,1103.4733471255765,
14607152.02,4540916.66,14607902.02,4540916.66,14607902.02,4540166.66,14607152.02,4540166.66,3969694.1833468685,5.038171475248984e-07,5.038171475248984e-07,1528.3412863648116,106.02018575816543,2019.466086754331,0.0,0.0,0.0,1.176829740389674,0.588414870194837,,0.0007700045473408531,,0.0007700045473408531,2.0,4,2.0,4,764.1706431824058,106.02018575816543,2019.466086754331,
14607152.02,4540166.66,14607902.02,4540166.66,14607902.02,4539416.66,14607152.02,4539416.66,3969694.1833468685,1.3854971556934704e-06,3.7786286064367375e-07,855.1097610071349,64.86396005244363,1950.7450987366692,1.4545454545454546,2.6666666666666665,5.038171475248984e-07,1.0130931207256242,1.3930030409977332,,0.0011847521416811088,,0.0011847521416811088,5.5,8,1.5,4,1175.7759213848105,310.7827245911178,2291.10700325134,
14607152.02,4539416.66,14607902.02,4539416.66,14607902.02,4538666.66,14607152.02,4538666.66,3969694.1833468685,1.3854971556934704e-06,3.7786286064367375e-07,914.4392552395058,64.86396005244363,1398.7753670151844,1.4545454545454546,2.6666666666666665,5.038171475248984e-07,1.1585515460283848,1.5930083757890294,,0.0012669529871887908,,0.0012669529871887908,5.5,8,1.5,4,1257.3539759543205,93.42862759054427,2295.7712224582015,
14607152.02,4538666.66,14607902.02,4538666.66,14607902.02,4537916.66,14607152.02,4537916.66,3969694.1833468685,6.297714344061229e-07,1.259542868812246e-07,1434.6806532273981,351.1766434451734,1533.4508699682046,1.6,4.0,2.519085737624492e-07,1.29626394482712,1.6203299310339003,,0.000903520892897732,,0.000903520892897732,2.5,4,0.5,2,1793.3508165342478,1702.074119655117,1884.6275134133782,
14607152.02,4537916.66,14607902.02,4537916.66,14607902.02,4537166.66,14607152.02,4537166.66,3969694.1833468685,2.519085737624492e-07,2.519085737624492e-07,906.7162448174821,5.1352847612180454,901.5809600562641,0.0,0.0,0.0,0.2071026912009556,0.1035513456004778,,0.0002284095960392156,,0.0002284095960392156,1.0,2,1.0,2,453.35812240874105,5.1352847612180454,901.5809600562641,
14607152.02,4537166.66,14607902.02,4537166.66,14607902.02,4536416.66,14607152.02,4536416.66,3969694.1833468685,0.0,0.0,0.0,0.0,0.0,0.0,0.0,0.0,0.0,0.0,,0.0,,0.0,0.0,0,0.0,0,0.0,0.0,0.0,
14607152.02,4536416.66,14607902.02,4536416.66,14607902.02,4535666.66,14607152.02,4535666.66,3969694.1833468685,0.0,0.0,0.0,0.0,0.0,0.0,0.0,0.0,0.0,0.0,,0.0,,0.0,0.0,0,0.0,0,0.0,0.0,0.0,
14607152.02,4535666.66,14607902.02,4535666.66,14607902.02,4534916.66,14607152.02,4534916.66,3969694.1833468685,0.0,0.0,0.0,0.0,0.0,0.0,0.0,0.0,0.0,0.0,,0.0,,0.0,0.0,0,0.0,0,0.0,0.0,0.0,
14607152.02,4534916.66,14607902.02,4534916.66,14607902.02,4534166.66,14607152.02,4534166.66,3969694.1833468685,0.0,0.0,0.0,0.0,0.0,0.0,0.0,0.0,0.0,0.0,,0.0,,0.0,0.0,0,0.0,0,0.0,0.0,0.0,
14607152.02,4534166.66,14607902.02,4534166.66,14607902.02,4533416.66,14607152.02,4533416.66,3969694.1833468685,0.0,0.0,0.0,0.0,0.0,0.0,0.0,0.0,0.0,0.0,,0.0,,0.0,0.0,0,0.0,0,0.0,0.0,0.0,
14607152.02,4533416.66,14607902.02,4533416.66,14607902.02,4532666.66,14607152.02,4532666.66,3969694.1833468685,0.0,0.0,0.0,0.0,0.0,0.0,0.0,0.0,0.0,0.0,,0.0,,0.0,0.0,0,0.0,0,0.0,0.0,0.0,
14607902.02,4555166.66,14608652.02,4555166.66,14608652.02,4554416.66,14607902.02,4554416.66,3969694.1833468685,0.0,0.0,0.0,0.0,0.0,0.0,0.0,0.0,0.0,0.0,,0.0,,0.0,0.0,0,0.0,0,0.0,0.0,0.0,
14607902.02,4554416.66,14608652.02,4554416.66,14608652.02,4553666.66,14607902.02,4553666.66,3969694.1833468685,0.0,0.0,0.0,0.0,0.0,0.0,0.0,0.0,0.0,0.0,,0.0,,0.0,0.0,0,0.0,0,0.0,0.0,0.0,
14607902.02,4553666.66,14608652.02,4553666.66,14608652.02,4552916.66,14607902.02,4552916.66,3969694.1833468685,0.0,0.0,0.0,0.0,0.0,0.0,0.0,0.0,0.0,0.0,,0.0,,0.0,0.0,0,0.0,0,0.0,0.0,0.0,
14607902.02,4552916.66,14608652.02,4552916.66,14608652.02,4552166.66,14607902.02,4552166.66,3969694.1833468685,0.0,0.0,0.0,0.0,0.0,0.0,0.0,0.0,0.0,0.0,,0.0,,0.0,0.0,0,0.0,0,0.0,0.0,0.0,
14607902.02,4552166.66,14608652.02,4552166.66,14608652.02,4551416.66,14607902.02,4551416.66,3969694.1833468685,0.0,0.0,0.0,0.0,0.0,0.0,0.0,0.0,0.0,0.0,,0.0,,0.0,0.0,0,0.0,0,0.0,0.0,0.0,
14607902.02,4551416.66,14608652.02,4551416.66,14608652.02,4550666.66,14607902.02,4550666.66,3969694.1833468685,0.0,0.0,0.0,0.0,0.0,0.0,0.0,0.0,0.0,0.0,,0.0,,0.0,0.0,0,0.0,0,0.0,0.0,0.0,
14607902.02,4550666.66,14608652.02,4550666.66,14608652.02,4549916.66,14607902.02,4549916.66,3969694.1833468685,2.519085737624492e-07,2.519085737624492e-07,642.8482464579663,287.94057078564316,354.9076756723232,0.0,0.0,0.0,0.1041021924831665,0.05205109624158325,,0.0001619389849109177,,0.0001619389849109177,1.0,2,1.0,2,321.42412322898315,287.94057078564316,354.9076756723232,
14607902.02,4549916.66,14608652.02,4549916.66,14608652.02,4549166.66,14607902.02,4549166.66,3969694.1833468685,3.7786286064367375e-07,3.7786286064367375e-07,520.5486356411772,80.73164975284955,700.0913037089161,0.0,0.0,0.0,0.10238983264931284,0.07679237448698463,,0.0001966959965675366,,0.0001966959965675366,1.5,2,1.5,2,390.41147673088284,80.73164975284955,700.0913037089161,
14607902.02,4549166.66,14608652.02,4549166.66,14608652.02,4548416.66,14607902.02,4548416.66,3969694.1833468685,3.7786286064367375e-07,3.7786286064367375e-07,987.1319436386187,700.0913037089161,780.606611749012,0.0,0.0,0.0,0.3682007085984937,0.27615053144887025,,0.0003730005000560382,,0.0003730005000560382,1.5,2,1.5,2,740.348957728964,700.0913037089161,780.606611749012,
14607902.02,4548416.66,14608652.02,4548416.66,14608652.02,4547666.66,14607902.02,4547666.66,3969694.1833468685,5.038171475248984e-07,5.038171475248984e-07,818.048603508335,281.4105424677608,986.9411491917217,0.0,0.0,0.0,0.3371562074022177,0.2247708049348118,,0.00041214691395629585,,0.00041214691395629585,2.0,3,2.0,3,545.3657356722233,281.4105424677608,986.9411491917217,
14607902.02,4547666.66,14608652.02,4547666.66,14608652.02,4546916.66,14607902.02,4546916.66,3969694.1833468685,7.557257212873475e-07,7.557257212873475e-07,1007.4166155046602,409.1307120297713,1157.2084850548658,0.0,0.0,0.0,0.7669771450801335,0.5752328588101001,,0.0007613306483891177,,0.0007613306483891177,3.0,4,3.0,4,755.5624616284952,409.1307120297713,1157.2084850548658,
14607902.02,4546916.66,14608652.02,4546916.66,14608652.02,4546166.66,14607902.02,4546166.66,3969694.1833468685,5.038171475248984e-07,5.038171475248984e-07,1202.4177569657909,409.1307120297713,1219.0340806529005,0.0,0.0,0.0,0.7284230953265401,0.48561539688436006,,0.0006057986844477913,,0.0006057986844477913,2.0,3,2.0,3,801.6118379771939,409.1307120297713,1219.0340806529005,
14607902.02,4546166.66,14608652.02,4546166.66,14608652.02,4545416.66,14607902.02,4545416.66,3969694.1833468685,3.7786286064367375e-07,3.7786286064367375e-07,1900.6325789340144,109.58074130249932,1502.55112872118,0.0,0.0,0.0,1.3649933848530345,0.5118725193198879,,0.0007181784633085698,,0.0007181784633085698,1.5,4,1.5,4,712.7372171002554,109.58074130249932,1502.55112872118,
14607902.02,4545416.66,14608652.02,4545416.66,14608652.02,4544666.66,14607902.02,4544666.66,3969694.1833468685,0.0,0.0,0.0,2209.210522997054,2209.210522997054,0.0,0.0,0.0,0.0,1.2294677900870563,,0.0005565190719891822,,0.0005565190719891822,0.0,1,0.0,1,2209.210522997054,2209.210522997054,2209.210522997054,
14607902.02,4544666.66,14608652.02,4544666.66,14608652.02,4543916.66,14607902.02,4543916.66,3969694.1833468685,1.259542868812246e-07,1.259542868812246e-07,5516.272689477784,618.5589879659069,2139.5773567729852,0.0,0.0,0.0,3.8326962958924216,0.9581740739731054,,0.0006947981928455492,,0.0006947981928455492,0.5,2,0.5,2,1379.068172369446,618.5589879659069,2139.5773567729852,
14607902.02,4543916.66,14608652.02,4543916.66,14608652.02,4543166.66,14607902.02,4543166.66,3969694.1833468685,3.7786286064367375e-07,3.7786286064367375e-07,2477.529156781417,165.38343989408307,1340.875775498099,0.0,0.0,0.0,2.3193791911422257,0.8697671966783348,,0.0009361662545095351,,0.0009361662545095351,1.5,4,1.5,4,929.0734337930314,165.38343989408307,1340.875775498099,
14607902.02,4543166.66,14608652.02,4543166.66,14608652.02,4542416.66,14607902.02,4542416.66,3969694.1833468685,6.297714344061229e-07,6.297714344061229e-07,1271.8559296774524,40.0873768139667,1600.5411999684075,0.0,0.0,0.0,1.0187292969831971,0.6367058106144983,,0.0008009785331909023,,0.0008009785331909023,2.5,4,2.5,4,794.9099560484078,40.0873768139667,1600.5411999684075,
14607902.02,4542416.66,14608652.02,4542416.66,14608652.02,4541666.66,14607902.02,4541666.66,3969694.1833468685,5.038171475248984e-07,5.038171475248984e-07,956.2661072398205,66.25717951849485,899.2020983454046,0.0,0.0,0.0,0.4607130048917909,0.23035650244589545,,0.0004817832624243049,,0.0004817832624243049,2.0,4,2.0,4,478.13305361991024,66.25717951849485,899.2020983454046,
14607902.02,4541666.66,14608652.02,4541666.66,14608652.02,4540916.66,14607902.02,4540916.66,3969694.1833468685,5.038171475248984e-07,5.038171475248984e-07,1096.437297487974,284.8278066507531,1044.9928848637562,0.0,0.0,0.0,0.6056762520226043,0.40378416801506956,,0.0005524039116602995,,0.0005524039116602995,2.0,3,2.0,3,730.9581983253161,284.8278066507531,1044.9928848637562,
14607902.02,4540916.66,14608652.02,4540916.66,14608652.02,4540166.66,14607902.02,4540166.66,3969694.1833468685,2.519085737624492e-07,2.519085737624492e-07,2417.4281256462923,735.5107159220057,1681.9174097242865,0.0,0.0,0.0,1.4721433119915237,0.7360716559957619,,0.0006089708713047882,,0.0006089708713047882,1.0,2,1.0,2,1208.7140628231462,735.5107159220057,1681.9174097242865,
14607902.02,4540166.66,14608652.02,4540166.66,14608652.02,4539416.66,14607902.02,4539416.66,3969694.1833468685,0.0,0.0,0.0,514.81520461575,2006.3547860705432,0.0,0.0,0.0,0.0,0.8006029971530575,,0.0006351043365664714,,0.0006351043365664714,0.0,2,0.0,2,1260.5849953431466,514.81520461575,2006.3547860705432,
14607902.02,4539416.66,14608652.02,4539416.66,14608652.02,4538666.66,14607902.02,4538666.66,3969694.1833468685,6.297714344061229e-07,1.259542868812246e-07,1349.9319098453177,90.53220038923271,1776.7870014485504,1.6,4.0,2.519085737624492e-07,1.1476426627921141,1.4345533284901428,,0.0008501485552138827,,0.0008501485552138827,2.5,4,0.5,2,1687.4148873066472,1507.510572775512,1867.3192018377824,
14607902.02,4538666.66,14608652.02,4538666.66,14608652.02,4537916.66,14607902.02,4537916.66,3969694.1833468685,1.259542868812246e-07,1.259542868812246e-07,3943.0588243130524,367.4120210368564,1604.1173911196697,0.0,0.0,0.0,1.9583010899450042,0.48957527248625105,,0.0004966451623470703,,0.0004966451623470703,0.5,2,0.5,2,985.7647060782631,367.4120210368564,1604.1173911196697,
14607902.02,4537916.66,14608652.02,4537916.66,14608652.02,4537166.66,14607902.02,4537166.66,3969694.1833468685,1.259542868812246e-07,1.259542868812246e-07,1627.4983345586177,813.7491672793088,813.7491672793088,0.0,0.0,0.0,0.3336215217916232,0.1668107608958116,,0.00020499039212971135,,0.00020499039212971135,0.5,1,0.5,1,813.7491672793088,813.7491672793088,813.7491672793088,
14607902.02,4537166.66,14608652.02,4537166.66,14608652.02,4536416.66,14607902.02,4536416.66,3969694.1833468685,0.0,0.0,0.0,0.0,0.0,0.0,0.0,0.0,0.0,0.0,,0.0,,0.0,0.0,0,0.0,0,0.0,0.0,0.0,
14607902.02,4536416.66,14608652.02,4536416.66,14608652.02,4535666.66,14607902.02,4535666.66,3969694.1833468685,0.0,0.0,0.0,0.0,0.0,0.0,0.0,0.0,0.0,0.0,,0.0,,0.0,0.0,0,0.0,0,0.0,0.0,0.0,
14607902.02,4535666.66,14608652.02,4535666.66,14608652.02,4534916.66,14607902.02,4534916.66,3969694.1833468685,0.0,0.0,0.0,0.0,0.0,0.0,0.0,0.0,0.0,0.0,,0.0,,0.0,0.0,0,0.0,0,0.0,0.0,0.0,
14607902.02,4534916.66,14608652.02,4534916.66,14608652.02,4534166.66,14607902.02,4534166.66,3969694.1833468685,0.0,0.0,0.0,0.0,0.0,0.0,0.0,0.0,0.0,0.0,,0.0,,0.0,0.0,0,0.0,0,0.0,0.0,0.0,
14607902.02,4534166.66,14608652.02,4534166.66,14608652.02,4533416.66,14607902.02,4533416.66,3969694.1833468685,0.0,0.0,0.0,0.0,0.0,0.0,0.0,0.0,0.0,0.0,,0.0,,0.0,0.0,0,0.0,0,0.0,0.0,0.0,
14607902.02,4533416.66,14608652.02,4533416.66,14608652.02,4532666.66,14607902.02,4532666.66,3969694.1833468685,0.0,0.0,0.0,0.0,0.0,0.0,0.0,0.0,0.0,0.0,,0.0,,0.0,0.0,0,0.0,0,0.0,0.0,0.0,
14608652.02,4555166.66,14609402.02,4555166.66,14609402.02,4554416.66,14608652.02,4554416.66,3969694.1833468685,0.0,0.0,0.0,0.0,0.0,0.0,0.0,0.0,0.0,0.0,,0.0,,0.0,0.0,0,0.0,0,0.0,0.0,0.0,
14608652.02,4554416.66,14609402.02,4554416.66,14609402.02,4553666.66,14608652.02,4553666.66,3969694.1833468685,0.0,0.0,0.0,0.0,0.0,0.0,0.0,0.0,0.0,0.0,,0.0,,0.0,0.0,0,0.0,0,0.0,0.0,0.0,
14608652.02,4553666.66,14609402.02,4553666.66,14609402.02,4552916.66,14608652.02,4552916.66,3969694.1833468685,0.0,0.0,0.0,0.0,0.0,0.0,0.0,0.0,0.0,0.0,,0.0,,0.0,0.0,0,0.0,0,0.0,0.0,0.0,
14608652.02,4552916.66,14609402.02,4552916.66,14609402.02,4552166.66,14608652.02,4552166.66,3969694.1833468685,0.0,0.0,0.0,0.0,0.0,0.0,0.0,0.0,0.0,0.0,,0.0,,0.0,0.0,0,0.0,0,0.0,0.0,0.0,
14608652.02,4552166.66,14609402.02,4552166.66,14609402.02,4551416.66,14608652.02,4551416.66,3969694.1833468685,0.0,0.0,0.0,0.0,0.0,0.0,0.0,0.0,0.0,0.0,,0.0,,0.0,0.0,0,0.0,0,0.0,0.0,0.0,
14608652.02,4551416.66,14609402.02,4551416.66,14609402.02,4550666.66,14608652.02,4550666.66,3969694.1833468685,1.259542868812246e-07,1.259542868812246e-07,933.2028550230461,466.60142751152307,466.60142751152307,0.0,0.0,0.0,0.10968950357391659,0.054844751786958294,,0.00011754090011995058,,0.00011754090011995058,0.5,1,0.5,1,466.60142751152307,466.60142751152307,466.60142751152307,
14608652.02,4550666.66,14609402.02,4550666.66,14609402.02,4549916.66,14608652.02,4549916.66,3969694.1833468685,2.519085737624492e-07,2.519085737624492e-07,500.32457911451223,500.32457911451223,500.32457911451223,0.0,0.0,0.0,0.06305893424139385,0.06305893424139385,,0.00012603605114303444,,0.00012603605114303444,1.0,1,1.0,1,500.32457911451223,500.32457911451223,500.32457911451223,
14608652.02,4549916.66,14609402.02,4549916.66,14609402.02,4549166.66,14608652.02,4549166.66,3969694.1833468685,3.7786286064367375e-07,3.7786286064367375e-07,635.5889187171271,453.0587989611784,500.32457911451223,0.0,0.0,0.0,0.1526464967845766,0.11448487258843246,,0.00024016544701987308,,0.00024016544701987308,1.5,2,1.5,2,476.6916890378453,453.0587989611784,500.32457911451223,
14608652.02,4549166.66,14609402.02,4549166.66,14609402.02,4548416.66,14608652.02,4548416.66,3969694.1833468685,3.7786286064367375e-07,3.7786286064367375e-07,1117.434023793551,689.2098864986046,986.9411491917217,0.0,0.0,0.0,0.471821785203122,0.3538663389023415,,0.0004222368168112021,,0.0004222368168112021,1.5,2,1.5,2,838.0755178451632,689.2098864986046,986.9411491917217,
14608652.02,4548416.66,14609402.02,4548416.66,14609402.02,4547666.66,14608652.02,4547666.66,3969694.1833468685,3.7786286064367375e-07,3.7786286064367375e-07,712.0097363466872,81.07345532830905,986.9411491917217,0.0,0.0,0.0,0.19156054896339408,0.14367041172254558,,0.00026904203578210714,,0.00026904203578210714,1.5,2,1.5,2,534.0073022600154,81.07345532830905,986.9411491917217,
14608652.02,4547666.66,14609402.02,4547666.66,14609402.02,4546916.66,14608652.02,4546916.66,3969694.1833468685,7.557257212873475e-07,7.557257212873475e-07,799.0860146925164,31.447060466880377,1081.0986324956218,0.0,0.0,0.0,0.48255993740465947,0.28953596244279567,,0.0006038898548241339,,0.0006038898548241339,3.0,5,3.0,5,479.4516088155098,31.447060466880377,1081.0986324956218,
14608652.02,4546916.66,14609402.02,4546916.66,14609402.02,4546166.66,14608652.02,4546166.66,3969694.1833468685,6.297714344061229e-07,6.297714344061229e-07,999.1626932156738,80.06287234293454,1543.1369223368079,0.0,0.0,0.0,0.6287172521387435,0.39294828258671466,,0.0006292441225115197,,0.0006292441225115197,2.5,4,2.5,4,624.4766832597961,80.06287234293454,1543.1369223368079,
14608652.02,4546166.66,14609402.02,4546166.66,14609402.02,4545416.66,14608652.02,4545416.66,3969694.1833468685,3.7786286064367375e-07,3.7786286064367375e-07,1571.697613109659,193.13583554440217,1504.356860784626,0.0,0.0,0.0,0.9334094540899622,0.4667047270449811,,0.0005938861561564497,,0.0005938861561564497,1.5,3,1.5,3,785.8488065548295,193.13583554440217,1504.356860784626,
14608652.02,4545416.66,14609402.02,4545416.66,14609402.02,4544666.66,14608652.02,4544666.66,3969694.1833468685,2.519085737624492e-07,2.519085737624492e-07,2566.0929666264733,756.0439377074962,1810.0490289189772,0.0,0.0,0.0,1.658775918052748,0.829387959026374,,0.000646420819364727,,0.000646420819364727,1.0,2,1.0,2,1283.0464833132366,756.0439377074962,1810.0490289189772,
14608652.02,4544666.66,14609402.02,4544666.66,14609402.02,4543916.66,14608652.02,4543916.66,3969694.1833468685,8.81680008168572e-07,3.7786286064367375e-07,833.9239691233239,58.10787843908199,2108.259591445719,1.1428571428571428,1.3333333333333333,2.519085737624492e-07,0.6131460106386017,0.715337012411702,,0.0007352540919086202,,0.0007352540919086202,3.5,5,1.5,3,972.9112973105445,149.50958170996955,2257.977110971109,
14608652.02,4543916.66,14609402.02,4543916.66,14609402.02,4543166.66,14608652.02,4543166.66,3969694.1833468685,1.2595428688122458e-06,7.557257212873475e-07,997.2193005353896,58.10787843908199,1791.0490594123648,0.8,0.6666666666666666,2.519085737624492e-07,1.252547787600441,1.252547787600441,,0.0012560404586312859,,0.0012560404586312859,5.0,7,3.0,5,997.2193005353896,140.54686102467582,2074.61671119263,
14608652.02,4543166.66,14609402.02,4543166.66,14609402.02,4542416.66,14608652.02,4542416.66,3969694.1833468685,1.0076342950497967e-06,5.038171475248984e-07,937.5345451688189,34.83689147315111,1674.4135763908084,1.0,1.0,2.519085737624492e-07,0.8856813475176462,0.8856813475176462,,0.0009446919605060146,,0.0009446919605060146,4.0,6,2.0,4,937.5345451688189,487.97621228462395,1674.4135763908084,
14608652.02,4542416.66,14609402.02,4542416.66,14609402.02,4541666.66,14608652.02,4541666.66,3969694.1833468685,6.297714344061229e-07,6.297714344061229e-07,1002.0795643406475,90.92101975504652,999.1217799740454,0.0,0.0,0.0,0.6323934583435132,0.39524591146469573,,0.0006310810846238723,,0.0006310810846238723,2.5,4,2.5,4,626.2997277129047,90.92101975504652,999.1217799740454,
14608652.02,4541666.66,14609402.02,4541666.66,14609402.02,4540916.66,14608652.02,4540916.66,3969694.1833468685,3.7786286064367375e-07,3.7786286064367375e-07,1515.875383823082,407.25937548880967,874.468135093774,0.0,0.0,0.0,0.8682828222337108,0.3256060583376415,,0.0005727930089107167,,0.0005727930089107167,1.5,4,1.5,4,568.4532689336557,407.25937548880967,874.468135093774,
14608652.02,4540916.66,14609402.02,4540916.66,14609402.02,4540166.66,14608652.02,4540166.66,3969694.1833468685,1.259542868812246e-07,1.259542868812246e-07,2968.3299617256816,644.3117448817136,839.8532359811272,0.0,0.0,0.0,1.109781050469964,0.277445262617491,,0.00037387388355733086,,0.00037387388355733086,0.5,2,0.5,2,742.0824904314204,644.3117448817136,839.8532359811272,
14608652.02,4540166.66,14609402.02,4540166.66,14609402.02,4539416.66,14608652.02,4539416.66,3969694.1833468685,0.0,0.0,0.0,0.0,0.0,0.0,0.0,0.0,0.0,0.0,,0.0,,0.0,0.0,0,0.0,0,0.0,0.0,0.0,
14608652.02,4539416.66,14609402.02,4539416.66,14609402.02,4538666.66,14608652.02,4538666.66,3969694.1833468685,1.259542868812246e-07,1.259542868812246e-07,1997.6798499072863,998.8399249536432,998.8399249536432,0.0,0.0,0.0,0.5026488941474326,0.2513244470737163,,0.000251616340912064,,0.000251616340912064,0.5,1,0.5,1,998.8399249536432,998.8399249536432,998.8399249536432,
14608652.02,4538666.66,14609402.02,4538666.66,14609402.02,4537916.66,14608652.02,4537916.66,3969694.1833468685,1.259542868812246e-07,1.259542868812246e-07,1896.5371168777513,948.2685584388756,948.2685584388756,0.0,0.0,0.0,0.4530390591275282,0.2265195295637641,,0.00023887698010011083,,0.00023887698010011083,0.5,1,0.5,1,948.2685584388756,948.2685584388756,948.2685584388756,
14608652.02,4537916.66,14609402.02,4537916.66,14609402.02,4537166.66,14608652.02,4537166.66,3969694.1833468685,1.259542868812246e-07,1.259542868812246e-07,871.6105682857885,435.80528414289427,435.80528414289427,0.0,0.0,0.0,0.09568809934207127,0.047844049671035636,,0.0001097830875665754,,0.0001097830875665754,0.5,1,0.5,1,435.80528414289427,435.80528414289427,435.80528414289427,
14608652.02,4537166.66,14609402.02,4537166.66,14609402.02,4536416.66,14608652.02,4536416.66,3969694.1833468685,0.0,0.0,0.0,0.0,0.0,0.0,0.0,0.0,0.0,0.0,,0.0,,0.0,0.0,0,0.0,0,0.0,0.0,0.0,
14608652.02,4536416.66,14609402.02,4536416.66,14609402.02,4535666.66,14608652.02,4535666.66,3969694.1833468685,0.0,0.0,0.0,0.0,0.0,0.0,0.0,0.0,0.0,0.0,,0.0,,0.0,0.0,0,0.0,0,0.0,0.0,0.0,
14608652.02,4535666.66,14609402.02,4535666.66,14609402.02,4534916.66,14608652.02,4534916.66,3969694.1833468685,0.0,0.0,0.0,0.0,0.0,0.0,0.0,0.0,0.0,0.0,,0.0,,0.0,0.0,0,0.0,0,0.0,0.0,0.0,
14608652.02,4534916.66,14609402.02,4534916.66,14609402.02,4534166.66,14608652.02,4534166.66,3969694.1833468685,0.0,0.0,0.0,0.0,0.0,0.0,0.0,0.0,0.0,0.0,,0.0,,0.0,0.0,0,0.0,0,0.0,0.0,0.0,
14608652.02,4534166.66,14609402.02,4534166.66,14609402.02,4533416.66,14608652.02,4533416.66,3969694.1833468685,0.0,0.0,0.0,0.0,0.0,0.0,0.0,0.0,0.0,0.0,,0.0,,0.0,0.0,0,0.0,0,0.0,0.0,0.0,
14608652.02,4533416.66,14609402.02,4533416.66,14609402.02,4532666.66,14608652.02,4532666.66,3969694.1833468685,0.0,0.0,0.0,0.0,0.0,0.0,0.0,0.0,0.0,0.0,,0.0,,0.0,0.0,0,0.0,0,0.0,0.0,0.0,
14609402.02,4555166.66,14610152.02,4555166.66,14610152.02,4554416.66,14609402.02,4554416.66,3969694.1833468685,0.0,0.0,0.0,0.0,0.0,0.0,0.0,0.0,0.0,0.0,,0.0,,0.0,0.0,0,0.0,0,0.0,0.0,0.0,
14609402.02,4554416.66,14610152.02,4554416.66,14610152.02,4553666.66,14609402.02,4553666.66,3969694.1833468685,0.0,0.0,0.0,0.0,0.0,0.0,0.0,0.0,0.0,0.0,,0.0,,0.0,0.0,0,0.0,0,0.0,0.0,0.0,
14609402.02,4553666.66,14610152.02,4553666.66,14610152.02,4552916.66,14609402.02,4552916.66,3969694.1833468685,0.0,0.0,0.0,0.0,0.0,0.0,0.0,0.0,0.0,0.0,,0.0,,0.0,0.0,0,0.0,0,0.0,0.0,0.0,
14609402.02,4552916.66,14610152.02,4552916.66,14610152.02,4552166.66,14609402.02,4552166.66,3969694.1833468685,0.0,0.0,0.0,0.0,0.0,0.0,0.0,0.0,0.0,0.0,,0.0,,0.0,0.0,0,0.0,0,0.0,0.0,0.0,
14609402.02,4552166.66,14610152.02,4552166.66,14610152.02,4551416.66,14609402.02,4551416.66,3969694.1833468685,0.0,0.0,0.0,0.0,0.0,0.0,0.0,0.0,0.0,0.0,,0.0,,0.0,0.0,0,0.0,0,0.0,0.0,0.0,
14609402.02,4551416.66,14610152.02,4551416.66,14610152.02,4550666.66,14609402.02,4550666.66,3969694.1833468685,1.259542868812246e-07,1.259542868812246e-07,788.5734213464286,394.2867106732143,394.2867106732143,0.0,0.0,0.0,0.0783244265342537,0.03916221326712685,,9.932420293917686e-05,,9.932420293917686e-05,0.5,1,0.5,1,394.2867106732143,394.2867106732143,394.2867106732143,
14609402.02,4550666.66,14610152.02,4550666.66,14610152.02,4549916.66,14609402.02,4549916.66,3969694.1833468685,2.519085737624492e-07,2.519085737624492e-07,500.32457911451223,500.32457911451223,500.32457911451223,0.0,0.0,0.0,0.06305893424139385,0.06305893424139385,,0.00012603605114303444,,0.00012603605114303444,1.0,1,1.0,1,500.32457911451223,500.32457911451223,500.32457911451223,
14609402.02,4549916.66,14610152.02,4549916.66,14610152.02,4549166.66,14609402.02,4549166.66,3969694.1833468685,2.519085737624492e-07,2.519085737624492e-07,500.32457911451223,500.32457911451223,500.32457911451223,0.0,0.0,0.0,0.06305893424139385,0.06305893424139385,,0.00012603605114303444,,0.00012603605114303444,1.0,1,1.0,1,500.32457911451223,500.32457911451223,500.32457911451223,
14609402.02,4549166.66,14610152.02,4549166.66,14610152.02,4548416.66,14609402.02,4548416.66,3969694.1833468685,0.0,0.0,0.0,0.0,0.0,0.0,0.0,0.0,0.0,0.0,,0.0,,0.0,0.0,0,0.0,0,0.0,0.0,0.0,
14609402.02,4548416.66,14610152.02,4548416.66,14610152.02,4547666.66,14609402.02,4547666.66,3969694.1833468685,6.297714344061229e-07,6.297714344061229e-07,325.68816345530865,170.9121416330886,417.49297942302485,0.0,0.0,0.0,0.06680160669546926,0.05566800557955773,,0.00020510910186834552,,0.00020510910186834552,2.5,3,2.5,3,271.4068028794239,170.9121416330886,417.49297942302485,
14609402.02,4547666.66,14610152.02,4547666.66,14610152.02,4546916.66,14609402.02,4546916.66,3969694.1833468685,6.297714344061229e-07,6.297714344061229e-07,761.3206783986918,170.9121416330886,1259.2808667995457,0.0,0.0,0.0,0.36502130175980774,0.22813831359987982,,0.0004794580156781867,,0.0004794580156781867,2.5,4,2.5,4,475.82542399918236,170.9121416330886,1259.2808667995457,
14609402.02,4546916.66,14610152.02,4546916.66,14610152.02,4546166.66,14609402.02,4546166.66,3969694.1833468685,6.297714344061229e-07,6.297714344061229e-07,1164.7321178526606,170.9121416330886,2209.177278681821,0.0,0.0,0.0,0.854348498713437,0.5339678116958981,,0.0007335150165589515,,0.0007335150165589515,2.5,4,2.5,4,727.9575736579129,170.9121416330886,2209.177278681821,
14609402.02,4546166.66,14610152.02,4546166.66,14610152.02,4545416.66,14609402.02,4545416.66,3969694.1833468685,2.519085737624492e-07,2.519085737624492e-07,3854.150002004305,756.0439377074962,2134.728777619655,0.0,0.0,0.0,3.7419689154558267,1.2473229718186087,,0.000970893430071445,,0.000970893430071445,1.0,3,1.0,3,1284.7166673347683,756.0439377074962,2134.728777619655,
14609402.02,4545416.66,14610152.02,4545416.66,14610152.02,4544666.66,14609402.02,4544666.66,3969694.1833468685,2.519085737624492e-07,2.519085737624492e-07,2505.296723054052,52.10392974980075,1697.1488555967549,0.0,0.0,0.0,1.5811071031304518,0.5270357010434839,,0.0006311057243562838,,0.0006311057243562838,1.0,3,1.0,3,835.098907684684,52.10392974980075,1697.1488555967549,
14609402.02,4544666.66,14610152.02,4544666.66,14610152.02,4543916.66,14609402.02,4543916.66,3969694.1833468685,1.0076342950497967e-06,5.038171475248984e-07,1064.9911597923672,58.10787843908199,1432.3077326736588,1.0,1.0,2.519085737624492e-07,1.1428650349882987,1.1428650349882987,,0.0010731216165316471,,0.0010731216165316471,4.0,6,2.0,4,1064.9911597923672,435.78776609015995,1880.6219411550949,
14609402.02,4543916.66,14610152.02,4543916.66,14610152.02,4543166.66,14609402.02,4543166.66,3969694.1833468685,1.1335885819310212e-06,6.297714344061229e-07,1042.8174324262336,58.10787843908199,1209.0045552271717,0.8888888888888888,0.8,2.519085737624492e-07,1.2327415317540573,1.1094673785786515,,0.0011821259344370026,,0.0011821259344370026,4.5,7,2.5,5,938.5356891836102,162.30157147035294,2252.558627441888,
14609402.02,4543166.66,14610152.02,4543166.66,14610152.02,4542416.66,14609402.02,4542416.66,3969694.1833468685,1.1335885819310212e-06,6.297714344061229e-07,933.8383900254511,58.10787843908199,1485.5039679160038,0.8888888888888888,0.8,2.519085737624492e-07,0.9885506144393774,0.8896955529954397,,0.001058588536301699,,0.001058588536301699,4.5,7,2.5,5,840.454551022906,85.21959161638775,1894.7682323388124,
14609402.02,4542416.66,14610152.02,4542416.66,14610152.02,4541666.66,14609402.02,4541666.66,3969694.1833468685,5.038171475248984e-07,5.038171475248984e-07,1205.0521171326257,575.5943010235618,926.4037060272539,0.0,0.0,0.0,0.7316183755905893,0.4877455837270595,,0.0006071259202725991,,0.0006071259202725991,2.0,3,2.0,3,803.3680780884171,575.5943010235618,926.4037060272539,
14609402.02,4541666.66,14610152.02,4541666.66,14610152.02,4540916.66,14609402.02,4540916.66,3969694.1833468685,2.519085737624492e-07,2.519085737624492e-07,1482.1087422729952,1482.1087422729952,1482.1087422729952,0.0,0.0,0.0,0.553354042519728,0.553354042519728,,0.0003733558994268476,,0.0003733558994268476,1.0,1,1.0,1,1482.1087422729952,1482.1087422729952,1482.1087422729952,
14609402.02,4540916.66,14610152.02,4540916.66,14610152.02,4540166.66,14609402.02,4540166.66,3969694.1833468685,2.519085737624492e-07,2.519085737624492e-07,1482.1087422729952,1482.1087422729952,1482.1087422729952,0.0,0.0,0.0,0.553354042519728,0.553354042519728,,0.0003733558994268476,,0.0003733558994268476,1.0,1,1.0,1,1482.1087422729952,1482.1087422729952,1482.1087422729952,
14609402.02,4540166.66,14610152.02,4540166.66,14610152.02,4539416.66,14609402.02,4539416.66,3969694.1833468685,1.259542868812246e-07,1.259542868812246e-07,570.9349620985585,285.46748104927923,285.46748104927923,0.0,0.0,0.0,0.04105690714336818,0.02052845357168409,,7.191170600668291e-05,,7.191170600668291e-05,0.5,1,0.5,1,285.46748104927923,285.46748104927923,285.46748104927923,
14609402.02,4539416.66,14610152.02,4539416.66,14610152.02,4538666.66,14609402.02,4538666.66,3969694.1833468685,1.259542868812246e-07,1.259542868812246e-07,83.3742284631973,41.68711423159865,41.68711423159865,0.0,0.0,0.0,0.0008755412445868533,0.0004377706222934267,,1.0501341490354313e-05,,1.0501341490354313e-05,0.5,1,0.5,1,41.68711423159865,41.68711423159865,41.68711423159865,
14609402.02,4538666.66,14610152.02,4538666.66,14610152.02,4537916.66,14609402.02,4537916.66,3969694.1833468685,1.259542868812246e-07,1.259542868812246e-07,431.02573593976,215.51286796988,215.51286796988,0.0,0.0,0.0,0.023400188586539555,0.011700094293269778,,5.428953919774748e-05,,5.428953919774748e-05,0.5,1,0.5,1,215.51286796988,215.51286796988,215.51286796988,
14609402.02,4537916.66,14610152.02,4537916.66,14610152.02,4537166.66,14609402.02,4537166.66,3969694.1833468685,0.0,0.0,0.0,0.0,0.0,0.0,0.0,0.0,0.0,0.0,,0.0,,0.0,0.0,0,0.0,0,0.0,0.0,0.0,
14609402.02,4537166.66,14610152.02,4537166.66,14610152.02,4536416.66,14609402.02,4536416.66,3969694.1833468685,0.0,0.0,0.0,0.0,0.0,0.0,0.0,0.0,0.0,0.0,,0.0,,0.0,0.0,0,0.0,0,0.0,0.0,0.0,
14609402.02,4536416.66,14610152.02,4536416.66,14610152.02,4535666.66,14609402.02,4535666.66,3969694.1833468685,0.0,0.0,0.0,0.0,0.0,0.0,0.0,0.0,0.0,0.0,,0.0,,0.0,0.0,0,0.0,0,0.0,0.0,0.0,
14609402.02,4535666.66,14610152.02,4535666.66,14610152.02,4534916.66,14609402.02,4534916.66,3969694.1833468685,0.0,0.0,0.0,0.0,0.0,0.0,0.0,0.0,0.0,0.0,,0.0,,0.0,0.0,0,0.0,0,0.0,0.0,0.0,
14609402.02,4534916.66,14610152.02,4534916.66,14610152.02,4534166.66,14609402.02,4534166.66,3969694.1833468685,0.0,0.0,0.0,0.0,0.0,0.0,0.0,0.0,0.0,0.0,,0.0,,0.0,0.0,0,0.0,0,0.0,0.0,0.0,
14609402.02,4534166.66,14610152.02,4534166.66,14610152.02,4533416.66,14609402.02,4533416.66,3969694.1833468685,0.0,0.0,0.0,0.0,0.0,0.0,0.0,0.0,0.0,0.0,,0.0,,0.0,0.0,0,0.0,0,0.0,0.0,0.0,
14609402.02,4533416.66,14610152.02,4533416.66,14610152.02,4532666.66,14609402.02,4532666.66,3969694.1833468685,0.0,0.0,0.0,0.0,0.0,0.0,0.0,0.0,0.0,0.0,,0.0,,0.0,0.0,0,0.0,0,0.0,0.0,0.0,
14610152.02,4555166.66,14610902.02,4555166.66,14610902.02,4554416.66,14610152.02,4554416.66,3969694.1833468685,0.0,0.0,0.0,0.0,0.0,0.0,0.0,0.0,0.0,0.0,,0.0,,0.0,0.0,0,0.0,0,0.0,0.0,0.0,
14610152.02,4554416.66,14610902.02,4554416.66,14610902.02,4553666.66,14610152.02,4553666.66,3969694.1833468685,0.0,0.0,0.0,0.0,0.0,0.0,0.0,0.0,0.0,0.0,,0.0,,0.0,0.0,0,0.0,0,0.0,0.0,0.0,
14610152.02,4553666.66,14610902.02,4553666.66,14610902.02,4552916.66,14610152.02,4552916.66,3969694.1833468685,0.0,0.0,0.0,0.0,0.0,0.0,0.0,0.0,0.0,0.0,,0.0,,0.0,0.0,0,0.0,0,0.0,0.0,0.0,
14610152.02,4552916.66,14610902.02,4552916.66,14610902.02,4552166.66,14610152.02,4552166.66,3969694.1833468685,0.0,0.0,0.0,0.0,0.0,0.0,0.0,0.0,0.0,0.0,,0.0,,0.0,0.0,0,0.0,0,0.0,0.0,0.0,
14610152.02,4552166.66,14610902.02,4552166.66,14610902.02,4551416.66,14610152.02,4551416.66,3969694.1833468685,0.0,0.0,0.0,0.0,0.0,0.0,0.0,0.0,0.0,0.0,,0.0,,0.0,0.0,0,0.0,0,0.0,0.0,0.0,
14610152.02,4551416.66,14610902.02,4551416.66,14610902.02,4550666.66,14610152.02,4550666.66,3969694.1833468685,0.0,0.0,0.0,0.0,0.0,0.0,0.0,0.0,0.0,0.0,,0.0,,0.0,0.0,0,0.0,0,0.0,0.0,0.0,
14610152.02,4550666.66,14610902.02,4550666.66,14610902.02,4549916.66,14610152.02,4549916.66,3969694.1833468685,1.259542868812246e-07,1.259542868812246e-07,270.3011070855825,135.15055354279124,135.15055354279124,0.0,0.0,0.0,0.00920255882659606,0.00460127941329803,,3.404558318617006e-05,,3.404558318617006e-05,0.5,1,0.5,1,135.15055354279124,135.15055354279124,135.15055354279124,
14610152.02,4549916.66,14610902.02,4549916.66,14610902.02,4549166.66,14610152.02,4549166.66,3969694.1833468685,0.0,0.0,0.0,0.0,0.0,0.0,0.0,0.0,0.0,0.0,,0.0,,0.0,0.0,0,0.0,0,0.0,0.0,0.0,
14610152.02,4549166.66,14610902.02,4549166.66,14610902.02,4548416.66,14610152.02,4548416.66,3969694.1833468685,0.0,0.0,0.0,0.0,0.0,0.0,0.0,0.0,0.0,0.0,,0.0,,0.0,0.0,0,0.0,0,0.0,0.0,0.0,
14610152.02,4548416.66,14610902.02,4548416.66,14610902.02,4547666.66,14610152.02,4547666.66,3969694.1833468685,6.297714344061229e-07,6.297714344061229e-07,284.39432999733145,170.9121416330886,314.25839577808193,0.0,0.0,0.0,0.05093599859274337,0.042446665493952804,,0.00017910342513938768,,0.00017910342513938768,2.5,3,2.5,3,236.9952749977762,170.9121416330886,314.25839577808193,
14610152.02,4547666.66,14610902.02,4547666.66,14610902.02,4546916.66,14610152.02,4546916.66,3969694.1833468685,6.297714344061229e-07,6.297714344061229e-07,591.2025816876967,170.9121416330886,573.0976227545136,0.0,0.0,0.0,0.22011802197538252,0.13757376373461408,,0.0003723224978940638,,0.0003723224978940638,2.5,4,2.5,4,369.50161355481043,170.9121416330886,573.0976227545136,
14610152.02,4546916.66,14610902.02,4546916.66,14610902.02,4546166.66,14610152.02,4546166.66,3969694.1833468685,1.0076342950497967e-06,5.038171475248984e-07,1016.8255081950073,170.9121416330886,1699.0528071110166,1.0,1.0,2.519085737624492e-07,1.0418274722052467,1.0418274722052467,,0.0010245882541387273,,0.0010245882541387273,4.0,6,2.0,4,1016.8255081950073,170.9121416330886,1983.2512349349768,
14610152.02,4546166.66,14610902.02,4546166.66,14610902.02,4545416.66,14610152.02,4545416.66,3969694.1833468685,7.557257212873475e-07,2.519085737624492e-07,1738.1954345144159,756.0439377074962,1519.6396639152836,1.3333333333333333,2.0,2.519085737624492e-07,2.2832917819524323,2.2832917819524323,,0.0013135989984867813,,0.0013135989984867813,3.0,5,1.0,3,1738.1954345144159,756.0439377074962,2321.0419778260416,
14610152.02,4545416.66,14610902.02,4545416.66,14610902.02,4544666.66,14610152.02,4544666.66,3969694.1833468685,6.297714344061229e-07,1.259542868812246e-07,1910.8790554117236,302.9380448929239,1958.952490625334,1.6,4.0,2.519085737624492e-07,2.2995844237380516,1.9163203531150428,,0.0012034170437032585,,0.0012034170437032585,2.5,5,0.5,3,1592.399212843103,665.9108394205174,2261.890535518258,
14610152.02,4544666.66,14610902.02,4544666.66,14610902.02,4543916.66,14610152.02,4543916.66,3969694.1833468685,8.81680008168572e-07,3.7786286064367375e-07,831.7831506331328,58.10787843908199,1770.1087741257081,1.1428571428571428,1.3333333333333333,2.519085737624492e-07,0.6100019603597112,0.5337517153147473,,0.000733366575044701,,0.000733366575044701,3.5,6,1.5,4,727.8102568039911,141.72423542794886,1770.1087741257081,
14610152.02,4543916.66,14610902.02,4543916.66,14610902.02,4543166.66,14610152.02,4543166.66,3969694.1833468685,8.81680008168572e-07,3.7786286064367375e-07,1001.7098179092055,58.10787843908199,1705.5296541954442,1.1428571428571428,1.3333333333333333,2.519085737624492e-07,0.8846976102763567,1.0321472119890829,,0.0008831875204367271,,0.0008831875204367271,3.5,5,1.5,3,1168.6614542274065,511.24719925055484,2061.8348140369967,
14610152.02,4543166.66,14610902.02,4543166.66,14610902.02,4542416.66,14610152.02,4542416.66,3969694.1833468685,2.519085737624492e-07,2.519085737624492e-07,2166.6340292139703,178.189783433476,1988.4442457804944,0.0,0.0,0.0,1.1825351777073603,0.5912675888536801,,0.0005457936881644799,,0.0005457936881644799,1.0,2,1.0,2,1083.3170146069851,178.189783433476,1988.4442457804944,
14610152.02,4542416.66,14610902.02,4542416.66,14610902.02,4541666.66,14610152.02,4541666.66,3969694.1833468685,3.7786286064367375e-07,3.7786286064367375e-07,1439.212232875665,3.4516916678100933,1278.1243539342481,0.0,0.0,0.0,0.7826793786590662,0.3913396893295331,,0.000543824851387768,,0.000543824851387768,1.5,3,1.5,3,719.6061164378325,3.4516916678100933,1278.1243539342481,
14610152.02,4541666.66,14610902.02,4541666.66,14610902.02,4540916.66,14610152.02,4540916.66,3969694.1833468685,2.519085737624492e-07,2.519085737624492e-07,1482.1087422729952,1482.1087422729952,1482.1087422729952,0.0,0.0,0.0,0.553354042519728,0.553354042519728,,0.0003733558994268476,,0.0003733558994268476,1.0,1,1.0,1,1482.1087422729952,1482.1087422729952,1482.1087422729952,
14610152.02,4540916.66,14610902.02,4540916.66,14610902.02,4540166.66,14610152.02,4540166.66,3969694.1833468685,1.259542868812246e-07,1.259542868812246e-07,2240.6407857706704,1120.3203928853352,1120.3203928853352,0.0,0.0,0.0,0.6323498610951214,0.3161749305475607,,0.0002822183123287315,,0.0002822183123287315,0.5,1,0.5,1,1120.3203928853352,1120.3203928853352,1120.3203928853352,
14610152.02,4540166.66,14610902.02,4540166.66,14610902.02,4539416.66,14610152.02,4539416.66,3969694.1833468685,1.259542868812246e-07,1.259542868812246e-07,855.2417884979527,427.62089424897636,427.62089424897636,0.0,0.0,0.0,0.0921278167801452,0.0460639083900726,,0.00010772136958128273,,0.00010772136958128273,0.5,1,0.5,1,427.62089424897636,427.62089424897636,427.62089424897636,
14610152.02,4539416.66,14610902.02,4539416.66,14610902.02,4538666.66,14610152.02,4538666.66,3969694.1833468685,0.0,0.0,0.0,0.0,0.0,0.0,0.0,0.0,0.0,0.0,,0.0,,0.0,0.0,0,0.0,0,0.0,0.0,0.0,
14610152.02,4538666.66,14610902.02,4538666.66,14610902.02,4537916.66,14610152.02,4537916.66,3969694.1833468685,0.0,0.0,0.0,0.0,0.0,0.0,0.0,0.0,0.0,0.0,,0.0,,0.0,0.0,0,0.0,0,0.0,0.0,0.0,
14610152.02,4537916.66,14610902.02,4537916.66,14610902.02,4537166.66,14610152.02,4537166.66,3969694.1833468685,0.0,0.0,0.0,0.0,0.0,0.0,0.0,0.0,0.0,0.0,,0.0,,0.0,0.0,0,0.0,0,0.0,0.0,0.0,
14610152.02,4537166.66,14610902.02,4537166.66,14610902.02,4536416.66,14610152.02,4536416.66,3969694.1833468685,0.0,0.0,0.0,0.0,0.0,0.0,0.0,0.0,0.0,0.0,,0.0,,0.0,0.0,0,0.0,0,0.0,0.0,0.0,
14610152.02,4536416.66,14610902.02,4536416.66,14610902.02,4535666.66,14610152.02,4535666.66,3969694.1833468685,0.0,0.0,0.0,0.0,0.0,0.0,0.0,0.0,0.0,0.0,,0.0,,0.0,0.0,0,0.0,0,0.0,0.0,0.0,
14610152.02,4535666.66,14610902.02,4535666.66,14610902.02,4534916.66,14610152.02,4534916.66,3969694.1833468685,0.0,0.0,0.0,0.0,0.0,0.0,0.0,0.0,0.0,0.0,,0.0,,0.0,0.0,0,0.0,0,0.0,0.0,0.0,
14610152.02,4534916.66,14610902.02,4534916.66,14610902.02,4534166.66,14610152.02,4534166.66,3969694.1833468685,0.0,0.0,0.0,0.0,0.0,0.0,0.0,0.0,0.0,0.0,,0.0,,0.0,0.0,0,0.0,0,0.0,0.0,0.0,
14610152.02,4534166.66,14610902.02,4534166.66,14610902.02,4533416.66,14610152.02,4533416.66,3969694.1833468685,0.0,0.0,0.0,0.0,0.0,0.0,0.0,0.0,0.0,0.0,,0.0,,0.0,0.0,0,0.0,0,0.0,0.0,0.0,
14610152.02,4533416.66,14610902.02,4533416.66,14610902.02,4532666.66,14610152.02,4532666.66,3969694.1833468685,0.0,0.0,0.0,0.0,0.0,0.0,0.0,0.0,0.0,0.0,,0.0,,0.0,0.0,0,0.0,0,0.0,0.0,0.0,
14610902.02,4555166.66,14611652.02,4555166.66,14611652.02,4554416.66,14610902.02,4554416.66,3969694.1833468685,0.0,0.0,0.0,0.0,0.0,0.0,0.0,0.0,0.0,0.0,,0.0,,0.0,0.0,0,0.0,0,0.0,0.0,0.0,
14610902.02,4554416.66,14611652.02,4554416.66,14611652.02,4553666.66,14610902.02,4553666.66,3969694.1833468685,0.0,0.0,0.0,0.0,0.0,0.0,0.0,0.0,0.0,0.0,,0.0,,0.0,0.0,0,0.0,0,0.0,0.0,0.0,
14610902.02,4553666.66,14611652.02,4553666.66,14611652.02,4552916.66,14610902.02,4552916.66,3969694.1833468685,0.0,0.0,0.0,0.0,0.0,0.0,0.0,0.0,0.0,0.0,,0.0,,0.0,0.0,0,0.0,0,0.0,0.0,0.0,
14610902.02,4552916.66,14611652.02,4552916.66,14611652.02,4552166.66,14610902.02,4552166.66,3969694.1833468685,0.0,0.0,0.0,0.0,0.0,0.0,0.0,0.0,0.0,0.0,,0.0,,0.0,0.0,0,0.0,0,0.0,0.0,0.0,
14610902.02,4552166.66,14611652.02,4552166.66,14611652.02,4551416.66,14610902.02,4551416.66,3969694.1833468685,0.0,0.0,0.0,0.0,0.0,0.0,0.0,0.0,0.0,0.0,,0.0,,0.0,0.0,0,0.0,0,0.0,0.0,0.0,
14610902.02,4551416.66,14611652.02,4551416.66,14611652.02,4550666.66,14610902.02,4550666.66,3969694.1833468685,0.0,0.0,0.0,0.0,0.0,0.0,0.0,0.0,0.0,0.0,,0.0,,0.0,0.0,0,0.0,0,0.0,0.0,0.0,
14610902.02,4550666.66,14611652.02,4550666.66,14611652.02,4549916.66,14610902.02,4549916.66,3969694.1833468685,0.0,0.0,0.0,0.0,0.0,0.0,0.0,0.0,0.0,0.0,,0.0,,0.0,0.0,0,0.0,0,0.0,0.0,0.0,
14610902.02,4549916.66,14611652.02,4549916.66,14611652.02,4549166.66,14610902.02,4549166.66,3969694.1833468685,0.0,0.0,0.0,0.0,0.0,0.0,0.0,0.0,0.0,0.0,,0.0,,0.0,0.0,0,0.0,0,0.0,0.0,0.0,
14610902.02,4549166.66,14611652.02,4549166.66,14611652.02,4548416.66,14610902.02,4548416.66,3969694.1833468685,1.259542868812246e-07,1.259542868812246e-07,66.87311960290616,33.43655980145308,33.43655980145308,0.0,0.0,0.0,0.0005632693500906178,0.0002816346750453089,,8.422956091106886e-06,,8.422956091106886e-06,0.5,1,0.5,1,33.43655980145308,33.43655980145308,33.43655980145308,
14610902.02,4548416.66,14611652.02,4548416.66,14611652.02,4547666.66,14610902.02,4547666.66,3969694.1833468685,8.81680008168572e-07,3.7786286064367375e-07,272.4822915650734,26.73135496449958,642.7300005040452,1.1428571428571428,1.3333333333333333,2.519085737624492e-07,0.06546174220373974,0.11455804885654455,,0.00024024218905288516,,0.00024024218905288516,3.5,4,1.5,2,476.84401023887847,284.2266650092126,669.4613554685443,
14610902.02,4547666.66,14611652.02,4547666.66,14611652.02,4546916.66,14610902.02,4546916.66,3969694.1833468685,1.2595428688122458e-06,7.557257212873475e-07,456.30744115435044,26.73135496449958,1201.0405700102629,0.8,0.6666666666666666,2.519085737624492e-07,0.2622575836273648,0.327821979534206,,0.0005747387834919256,,0.0005747387834919256,5.0,6,3.0,4,570.3843014429381,127.30148910324986,1258.9590736177997,
14610902.02,4546916.66,14611652.02,4546916.66,14611652.02,4546166.66,14610902.02,4546166.66,3969694.1833468685,1.2595428688122458e-06,2.519085737624492e-07,776.4110426476765,26.73135496449958,1657.2838321111833,1.6,4.0,5.038171475248984e-07,0.7592702098742233,1.2654503497903722,,0.0009779229920339613,,0.0009779229920339613,5.0,7,1.0,3,1294.018404412794,632.0739199438464,1983.3581601445742,
14610902.02,4546166.66,14611652.02,4546166.66,14611652.02,4545416.66,14610902.02,4545416.66,3969694.1833468685,5.038171475248984e-07,0.0,2108.7896247216954,803.3947472448341,1308.3765821705201,2.0,0.0,2.519085737624492e-07,2.2404716715908766,2.2404716715908766,,0.0010624443734573853,,0.0010624443734573853,2.0,4,0.0,2,2108.7896247216954,2024.2739524698568,2193.305296973534,
14610902.02,4545416.66,14611652.02,4545416.66,14611652.02,4544666.66,14610902.02,4544666.66,3969694.1833468685,5.038171475248984e-07,0.0,1732.629294379254,374.1953796709124,1448.271614707996,2.0,0.0,2.519085737624492e-07,1.5124612290461865,1.5124612290461865,,0.000872928348812233,,0.000872928348812233,2.0,4,0.0,2,1732.629294379254,1595.0745848959386,1870.1840038625692,
14610902.02,4544666.66,14611652.02,4544666.66,14611652.02,4543916.66,14610902.02,4543916.66,3969694.1833468685,0.0,0.0,0.0,672.6297173724753,1214.266409159901,0.0,0.0,0.0,0.0,0.4484447450963483,,0.00047532531207266076,,0.00047532531207266076,0.0,2,0.0,2,943.4480632661882,672.6297173724753,1214.266409159901,
14610902.02,4543916.66,14611652.02,4543916.66,14611652.02,4543166.66,14610902.02,4543166.66,3969694.1833468685,0.0,0.0,0.0,1258.4939065914464,1258.4939065914464,0.0,0.0,0.0,0.0,0.39897454055074966,,0.0003170254050981842,,0.0003170254050981842,0.0,1,0.0,1,1258.4939065914464,1258.4939065914464,1258.4939065914464,
14610902.02,4543166.66,14611652.02,4543166.66,14611652.02,4542416.66,14610902.02,4542416.66,3969694.1833468685,1.259542868812246e-07,1.259542868812246e-07,2717.3393973687826,1358.6696986843913,1358.6696986843913,0.0,0.0,0.0,0.9300380658374934,0.4650190329187467,,0.00034226054600984155,,0.00034226054600984155,0.5,1,0.5,1,1358.6696986843913,1358.6696986843913,1358.6696986843913,
14610902.02,4542416.66,14611652.02,4542416.66,14611652.02,4541666.66,14610902.02,4541666.66,3969694.1833468685,1.259542868812246e-07,1.259542868812246e-07,1820.8473023864583,910.4236511932291,910.4236511932291,0.0,0.0,0.0,0.4175995360696451,0.20879976803482256,,0.00022934352349168784,,0.00022934352349168784,0.5,1,0.5,1,910.4236511932291,910.4236511932291,910.4236511932291,
14610902.02,4541666.66,14611652.02,4541666.66,14611652.02,4540916.66,14610902.02,4540916.66,3969694.1833468685,2.519085737624492e-07,2.519085737624492e-07,589.3950298204421,123.69916432985286,465.69586549058926,0.0,0.0,0.0,0.08750963805583548,0.04375481902791774,,0.00014847366134474377,,0.00014847366134474377,1.0,2,1.0,2,294.69751491022106,123.69916432985286,465.69586549058926,
14610902.02,4540916.66,14611652.02,4540916.66,14611652.02,4540166.66,14610902.02,4540166.66,3969694.1833468685,1.259542868812246e-07,1.259542868812246e-07,945.1091623931785,472.55458119658925,472.55458119658925,0.0,0.0,0.0,0.1125063150439523,0.05625315752197615,,0.00011904055057414427,,0.00011904055057414427,0.5,1,0.5,1,472.55458119658925,472.55458119658925,472.55458119658925,
14610902.02,4540166.66,14611652.02,4540166.66,14611652.02,4539416.66,14610902.02,4539416.66,3969694.1833468685,1.259542868812246e-07,1.259542868812246e-07,82.07917034776887,41.03958517388443,41.03958517388443,0.0,0.0,0.0,0.0008485527969938065,0.00042427639849690324,,1.0338223368955781e-05,,1.0338223368955781e-05,0.5,1,0.5,1,41.03958517388443,41.03958517388443,41.03958517388443,
14610902.02,4539416.66,14611652.02,4539416.66,14611652.02,4538666.66,14610902.02,4538666.66,3969694.1833468685,0.0,0.0,0.0,0.0,0.0,0.0,0.0,0.0,0.0,0.0,,0.0,,0.0,0.0,0,0.0,0,0.0,0.0,0.0,
14610902.02,4538666.66,14611652.02,4538666.66,14611652.02,4537916.66,14610902.02,4537916.66,3969694.1833468685,0.0,0.0,0.0,0.0,0.0,0.0,0.0,0.0,0.0,0.0,,0.0,,0.0,0.0,0,0.0,0,0.0,0.0,0.0,
14610902.02,4537916.66,14611652.02,4537916.66,14611652.02,4537166.66,14610902.02,4537166.66,3969694.1833468685,0.0,0.0,0.0,0.0,0.0,0.0,0.0,0.0,0.0,0.0,,0.0,,0.0,0.0,0,0.0,0,0.0,0.0,0.0,
14610902.02,4537166.66,14611652.02,4537166.66,14611652.02,4536416.66,14610902.02,4536416.66,3969694.1833468685,0.0,0.0,0.0,0.0,0.0,0.0,0.0,0.0,0.0,0.0,,0.0,,0.0,0.0,0,0.0,0,0.0,0.0,0.0,
14610902.02,4536416.66,14611652.02,4536416.66,14611652.02,4535666.66,14610902.02,4535666.66,3969694.1833468685,0.0,0.0,0.0,0.0,0.0,0.0,0.0,0.0,0.0,0.0,,0.0,,0.0,0.0,0,0.0,0,0.0,0.0,0.0,
14610902.02,4535666.66,14611652.02,4535666.66,14611652.02,4534916.66,14610902.02,4534916.66,3969694.1833468685,0.0,0.0,0.0,0.0,0.0,0.0,0.0,0.0,0.0,0.0,,0.0,,0.0,0.0,0,0.0,0,0.0,0.0,0.0,
14610902.02,4534916.66,14611652.02,4534916.66,14611652.02,4534166.66,14610902.02,4534166.66,3969694.1833468685,0.0,0.0,0.0,0.0,0.0,0.0,0.0,0.0,0.0,0.0,,0.0,,0.0,0.0,0,0.0,0,0.0,0.0,0.0,
14610902.02,4534166.66,14611652.02,4534166.66,14611652.02,4533416.66,14610902.02,4533416.66,3969694.1833468685,0.0,0.0,0.0,0.0,0.0,0.0,0.0,0.0,0.0,0.0,,0.0,,0.0,0.0,0,0.0,0,0.0,0.0,0.0,
14610902.02,4533416.66,14611652.02,4533416.66,14611652.02,4532666.66,14610902.02,4532666.66,3969694.1833468685,0.0,0.0,0.0,0.0,0.0,0.0,0.0,0.0,0.0,0.0,,0.0,,0.0,0.0,0,0.0,0,0.0,0.0,0.0,
14611652.02,4555166.66,14612402.02,4555166.66,14612402.02,4554416.66,14611652.02,4554416.66,3969694.1833468685,0.0,0.0,0.0,0.0,0.0,0.0,0.0,0.0,0.0,0.0,,0.0,,0.0,0.0,0,0.0,0,0.0,0.0,0.0,
14611652.02,4554416.66,14612402.02,4554416.66,14612402.02,4553666.66,14611652.02,4553666.66,3969694.1833468685,0.0,0.0,0.0,0.0,0.0,0.0,0.0,0.0,0.0,0.0,,0.0,,0.0,0.0,0,0.0,0,0.0,0.0,0.0,
14611652.02,4553666.66,14612402.02,4553666.66,14612402.02,4552916.66,14611652.02,4552916.66,3969694.1833468685,0.0,0.0,0.0,0.0,0.0,0.0,0.0,0.0,0.0,0.0,,0.0,,0.0,0.0,0,0.0,0,0.0,0.0,0.0,
14611652.02,4552916.66,14612402.02,4552916.66,14612402.02,4552166.66,14611652.02,4552166.66,3969694.1833468685,0.0,0.0,0.0,0.0,0.0,0.0,0.0,0.0,0.0,0.0,,0.0,,0.0,0.0,0,0.0,0,0.0,0.0,0.0,
14611652.02,4552166.66,14612402.02,4552166.66,14612402.02,4551416.66,14611652.02,4551416.66,3969694.1833468685,0.0,0.0,0.0,0.0,0.0,0.0,0.0,0.0,0.0,0.0,,0.0,,0.0,0.0,0,0.0,0,0.0,0.0,0.0,
14611652.02,4551416.66,14612402.02,4551416.66,14612402.02,4550666.66,14611652.02,4550666.66,3969694.1833468685,0.0,0.0,0.0,0.0,0.0,0.0,0.0,0.0,0.0,0.0,,0.0,,0.0,0.0,0,0.0,0,0.0,0.0,0.0,
14611652.02,4550666.66,14612402.02,4550666.66,14612402.02,4549916.66,14611652.02,4549916.66,3969694.1833468685,0.0,0.0,0.0,0.0,0.0,0.0,0.0,0.0,0.0,0.0,,0.0,,0.0,0.0,0,0.0,0,0.0,0.0,0.0,
14611652.02,4549916.66,14612402.02,4549916.66,14612402.02,4549166.66,14611652.02,4549166.66,3969694.1833468685,0.0,0.0,0.0,0.0,0.0,0.0,0.0,0.0,0.0,0.0,,0.0,,0.0,0.0,0,0.0,0,0.0,0.0,0.0,
14611652.02,4549166.66,14612402.02,4549166.66,14612402.02,4548416.66,14611652.02,4548416.66,3969694.1833468685,0.0,0.0,0.0,0.0,0.0,0.0,0.0,0.0,0.0,0.0,,0.0,,0.0,0.0,0,0.0,0,0.0,0.0,0.0,
14611652.02,4548416.66,14612402.02,4548416.66,14612402.02,4547666.66,14611652.02,4547666.66,3969694.1833468685,8.81680008168572e-07,3.7786286064367375e-07,271.53805609212424,26.73135496449958,642.7300005040452,1.1428571428571428,1.3333333333333333,2.519085737624492e-07,0.06500883789855005,0.11376546632246258,,0.00023940967551338226,,0.00023940967551338226,3.5,4,1.5,2,475.19159816121737,280.9218408538904,669.4613554685443,
14611652.02,4547666.66,14612402.02,4547666.66,14612402.02,4546916.66,14611652.02,4546916.66,3969694.1833468685,8.81680008168572e-07,3.7786286064367375e-07,456.54308440523477,26.73135496449958,870.5209363422408,1.1428571428571428,1.3333333333333333,2.519085737624492e-07,0.18376996413834695,0.3215974372421072,,0.00040252491038771245,,0.00040252491038771245,3.5,4,1.5,2,798.9503977091608,669.4613554685443,928.4394399497772,
14611652.02,4546916.66,14612402.02,4546916.66,14612402.02,4546166.66,14611652.02,4546166.66,3969694.1833468685,7.557257212873475e-07,2.519085737624492e-07,621.1212451710749,26.73135496449958,1383.1862367481574,1.3333333333333333,2.0,2.519085737624492e-07,0.291552636085637,0.43732895412845546,,0.00046939730101380593,,0.00046939730101380593,3.0,4,1.0,2,931.6818677566123,422.2589951575302,1441.1047403556943,
14611652.02,4546166.66,14612402.02,4546166.66,14612402.02,4545416.66,14611652.02,4545416.66,3969694.1833468685,5.038171475248984e-07,0.0,1257.7285776585256,22.136033200272763,1231.3326230071973,2.0,0.0,2.519085737624492e-07,0.7969788613415285,0.7969788613415285,,0.000633665224356466,,0.000633665224356466,2.0,4,0.0,2,1257.7285776585256,1243.0152384252995,1272.4419168917518,
14611652.02,4545416.66,14612402.02,4545416.66,14612402.02,4544666.66,14611652.02,4544666.66,3969694.1833468685,0.0,0.0,0.0,1026.1207863287348,1026.1207863287348,0.0,0.0,0.0,0.0,0.2652405499025559,,0.00025848862379207444,,0.00025848862379207444,0.0,1,0.0,1,1026.1207863287348,1026.1207863287348,1026.1207863287348,
14611652.02,4544666.66,14612402.02,4544666.66,14612402.02,4543916.66,14611652.02,4543916.66,3969694.1833468685,0.0,0.0,0.0,476.2561719682975,476.2561719682975,0.0,0.0,0.0,0.0,0.05713788792331191,,0.00011997301302609755,,0.00011997301302609755,0.0,1,0.0,1,476.2561719682975,476.2561719682975,476.2561719682975,
14611652.02,4543916.66,14612402.02,4543916.66,14612402.02,4543166.66,14611652.02,4543166.66,3969694.1833468685,0.0,0.0,0.0,0.0,0.0,0.0,0.0,0.0,0.0,0.0,,0.0,,0.0,0.0,0,0.0,0,0.0,0.0,0.0,
14611652.02,4543166.66,14612402.02,4543166.66,14612402.02,4542416.66,14611652.02,4542416.66,3969694.1833468685,1.259542868812246e-07,1.259542868812246e-07,1028.189235110246,514.094617555123,514.094617555123,0.0,0.0,0.0,0.1331554843231381,0.06657774216156905,,0.0001295048418872628,,0.0001295048418872628,0.5,1,0.5,1,514.094617555123,514.094617555123,514.094617555123,
14611652.02,4542416.66,14612402.02,4542416.66,14612402.02,4541666.66,14611652.02,4541666.66,3969694.1833468685,1.259542868812246e-07,1.259542868812246e-07,671.7310962105726,335.8655481052863,335.8655481052863,0.0,0.0,0.0,0.056833429072340964,0.028416714536170482,,8.460741119914593e-05,,8.460741119914593e-05,0.5,1,0.5,1,335.8655481052863,335.8655481052863,335.8655481052863,
14611652.02,4541666.66,14612402.02,4541666.66,14612402.02,4540916.66,14611652.02,4540916.66,3969694.1833468685,0.0,0.0,0.0,0.0,0.0,0.0,0.0,0.0,0.0,0.0,,0.0,,0.0,0.0,0,0.0,0,0.0,0.0,0.0,
14611652.02,4540916.66,14612402.02,4540916.66,14612402.02,4540166.66,14611652.02,4540166.66,3969694.1833468685,0.0,0.0,0.0,0.0,0.0,0.0,0.0,0.0,0.0,0.0,,0.0,,0.0,0.0,0,0.0,0,0.0,0.0,0.0,
14611652.02,4540166.66,14612402.02,4540166.66,14612402.02,4539416.66,14611652.02,4539416.66,3969694.1833468685,0.0,0.0,0.0,0.0,0.0,0.0,0.0,0.0,0.0,0.0,,0.0,,0.0,0.0,0,0.0,0,0.0,0.0,0.0,
14611652.02,4539416.66,14612402.02,4539416.66,14612402.02,4538666.66,14611652.02,4538666.66,3969694.1833468685,0.0,0.0,0.0,0.0,0.0,0.0,0.0,0.0,0.0,0.0,,0.0,,0.0,0.0,0,0.0,0,0.0,0.0,0.0,
14611652.02,4538666.66,14612402.02,4538666.66,14612402.02,4537916.66,14611652.02,4537916.66,3969694.1833468685,0.0,0.0,0.0,0.0,0.0,0.0,0.0,0.0,0.0,0.0,,0.0,,0.0,0.0,0,0.0,0,0.0,0.0,0.0,
14611652.02,4537916.66,14612402.02,4537916.66,14612402.02,4537166.66,14611652.02,4537166.66,3969694.1833468685,0.0,0.0,0.0,0.0,0.0,0.0,0.0,0.0,0.0,0.0,,0.0,,0.0,0.0,0,0.0,0,0.0,0.0,0.0,
14611652.02,4537166.66,14612402.02,4537166.66,14612402.02,4536416.66,14611652.02,4536416.66,3969694.1833468685,0.0,0.0,0.0,0.0,0.0,0.0,0.0,0.0,0.0,0.0,,0.0,,0.0,0.0,0,0.0,0,0.0,0.0,0.0,
14611652.02,4536416.66,14612402.02,4536416.66,14612402.02,4535666.66,14611652.02,4535666.66,3969694.1833468685,0.0,0.0,0.0,0.0,0.0,0.0,0.0,0.0,0.0,0.0,,0.0,,0.0,0.0,0,0.0,0,0.0,0.0,0.0,
14611652.02,4535666.66,14612402.02,4535666.66,14612402.02,4534916.66,14611652.02,4534916.66,3969694.1833468685,0.0,0.0,0.0,0.0,0.0,0.0,0.0,0.0,0.0,0.0,,0.0,,0.0,0.0,0,0.0,0,0.0,0.0,0.0,
14611652.02,4534916.66,14612402.02,4534916.66,14612402.02,4534166.66,14611652.02,4534166.66,3969694.1833468685,0.0,0.0,0.0,0.0,0.0,0.0,0.0,0.0,0.0,0.0,,0.0,,0.0,0.0,0,0.0,0,0.0,0.0,0.0,
14611652.02,4534166.66,14612402.02,4534166.66,14612402.02,4533416.66,14611652.02,4533416.66,3969694.1833468685,0.0,0.0,0.0,0.0,0.0,0.0,0.0,0.0,0.0,0.0,,0.0,,0.0,0.0,0,0.0,0,0.0,0.0,0.0,
14611652.02,4533416.66,14612402.02,4533416.66,14612402.02,4532666.66,14611652.02,4532666.66,3969694.1833468685,0.0,0.0,0.0,0.0,0.0,0.0,0.0,0.0,0.0,0.0,,0.0,,0.0,0.0,0,0.0,0,0.0,0.0,0.0,
